K,graph,case,U_over_t,beta,mean_energy,mean_volume,probability_zero_volume,mean_active_sites,energy_volume_covariance,d_mean_volume_d_beta
4,complete,no_hopping,,0.0,7.200000000000005,0.17556365302394775,0.638095238095238,3.428571428571424,-0.3457815551323411,0.3457815551323411
4,complete,no_hopping,,0.001,7.196299213674192,0.17590947698394693,0.637394223308028,3.429599332284708,-0.34586612286000185,0.34586612286000185
4,complete,no_hopping,,0.0010232929922807535,7.196213060644938,0.1759175332636184,0.6373778931008368,3.4296232593235794,-0.3458680753915031,0.3458680753915031
4,complete,no_hopping,,0.0010471285480508996,7.196124903179974,0.1759257772452225,0.6373611824453277,3.429647742944811,-0.3458700725879045,0.3458700725879045
4,complete,no_hopping,,0.001071519305237606,7.196034694699602,0.1759342133030962,0.6373440824765134,3.429672796077524,-0.34587211545115726,0.34587211545115726
4,complete,no_hopping,,0.0010964781961431851,7.1959423875443305,0.17594284591357132,0.6373265841227703,3.4296984319503414,-0.34587420500475086,0.34587420500475086
4,complete,no_hopping,,0.001122018454301963,7.195847932949932,0.17595167965735314,0.6373086781010113,3.4297246640982753,-0.345876342294116,0.345876342294116
4,complete,no_hopping,,0.0011481536214968829,7.1957512810220035,0.17596071922195686,0.6372903549117575,3.4297515063697683,-0.34587852838704913,0.34587852838704913
4,complete,no_hopping,,0.001174897554939529,7.195652380709862,0.17596996940420132,0.6372716048340903,3.4297789729339567,-0.3458807643741444,0.3458807643741444
4,complete,no_hopping,,0.001202264434617413,7.195551179779907,0.17597943511275926,0.6372524179204841,3.4298070782879715,-0.3458830513692148,0.3458830513692148
4,complete,no_hopping,,0.0012302687708123812,7.195447624788376,0.17598912137076972,0.6372327839915201,3.429835837264565,-0.345885390509746,0.345885390509746
4,complete,no_hopping,,0.0012589254117941675,7.195341661053466,0.17599903331850875,0.6372126926304792,3.4298652650397736,-0.345887782957331,0.345887782957331
4,complete,no_hopping,,0.0012882495516931337,7.195233232626767,0.1760091762161257,0.6371921331778004,3.429895377140845,-0.34589022989812135,0.34589022989812135
4,complete,no_hopping,,0.0013182567385564075,7.195122282264162,0.1760195554464406,0.6371710947254204,3.429926189454281,-0.34589273254328456,0.34589273254328456
4,complete,no_hopping,,0.0013489628825916532,7.195008751395955,0.17603017651780795,0.637149566110973,3.429957718234117,-0.3458952921294556,0.3458952921294556
4,complete,no_hopping,,0.0013803842646028853,7.19489258009636,0.1760410450670488,0.6371275359118544,3.429989980110348,-0.34589790991920477,0.34589790991920477
4,complete,no_hopping,,0.001412537544622754,7.194773707052341,0.1760521668624505,0.6371049924391569,3.430022992097571,-0.34590058720151595,0.34590058720151595
4,complete,no_hopping,,0.001445439770745928,7.194652069531654,0.17606354780683559,0.6370819237314453,3.4300567716038186,-0.3459033252922451,0.3459033252922451
4,complete,no_hopping,,0.0014791083881682072,7.194527603350239,0.17607519394070456,0.6370583175484072,3.4300913364395647,-0.3459061255346091,0.3459061255346091
4,complete,no_hopping,,0.0015135612484362087,7.194400242838843,0.176087111445451,0.6370341613643419,3.4301267048269715,-0.3459089892996654,0.3459089892996654
4,complete,no_hopping,,0.0015488166189124811,7.194269920808881,0.176099306646651,0.6370094423614933,3.4301628954093406,-0.34591191798679144,0.34591191798679144
4,complete,no_hopping,,0.001584893192461114,7.194136568517539,0.1761117860174326,0.6369841474232473,3.4301999272607393,-0.34591491302418387,0.34591491302418387
4,complete,no_hopping,,0.0016218100973589297,7.194000115632096,0.1761245561819209,0.6369582631271454,3.4302378198958894,-0.34591797586935025,0.34591797586935025
4,complete,no_hopping,,0.0016595869074375613,7.193860490193381,0.17613762391876567,0.6369317757377545,3.430276593280257,-0.3459211080095981,0.3459211080095981
4,complete,no_hopping,,0.0016982436524617442,7.193717618578471,0.17615099616475163,0.6369046711993558,3.430316267840365,-0.34592431096254117,0.34592431096254117
4,complete,no_hopping,,0.0017378008287493763,7.193571425462541,0.176164680018491,0.6368769351284752,3.4303568644743523,-0.3459275862765949,0.3459275862765949
4,complete,no_hopping,,0.0017782794100389228,7.193421833779801,0.1761786827442069,0.6368485528062265,3.430398404562759,-0.3459309355314887,0.3459309355314887
4,complete,no_hopping,,0.0018197008586099826,7.193268764683578,0.17619301177560096,0.6368195091704858,3.4304409099795548,-0.34593436033876157,0.34593436033876157
4,complete,no_hopping,,0.0018620871366628676,7.193112137505559,0.17620767471981394,0.6367897888078781,3.430484403103414,-0.3459378623422765,0.3459378623422765
4,complete,no_hopping,,0.0019054607179632482,7.192951869713989,0.17622267936147878,0.6367593759455804,3.430528906829263,-0.34594144321872067,0.34594144321872067
4,complete,no_hopping,,0.0019498445997580456,7.192787876871043,0.17623803366686822,0.6367282544429229,3.4305744445800403,-0.34594510467811745,0.34594510467811745
4,complete,no_hopping,,0.001995262314968879,7.192620072589213,0.17625374578813927,0.6366964077828081,3.430621040318773,-0.3459488484643285,0.3459488484643285
4,complete,no_hopping,,0.0020417379446695297,7.192448368486658,0.17626982406767996,0.6366638190629172,3.430668718560881,-0.3459526763555738,0.3459526763555738
4,complete,no_hopping,,0.0020892961308540386,7.19227267414161,0.17628627704255273,0.636630470986719,3.430717504386777,-0.3459565901649121,0.3459565901649121
4,complete,no_hopping,,0.0021379620895022326,7.192092897045769,0.1763031134490481,0.6365963458542633,3.4307674234547383,-0.3459605917407733,0.3459605917407733
4,complete,no_hopping,,0.002187761623949552,7.1919089425565685,0.17632034222733967,0.6365614255527597,3.430818502014092,-0.34596468296742977,0.34596468296742977
4,complete,no_hopping,,0.00223872113856834,7.1917207138484995,0.17633797252625136,0.6365256915469406,3.4308707669186393,-0.34596886576550934,0.34596886576550934
4,complete,no_hopping,,0.0022908676527677724,7.191528111863208,0.17635601370813758,0.6364891248691906,3.430924245640404,-0.3459731420924853,0.3459731420924853
4,complete,no_hopping,,0.0023442288153199225,7.191331035258616,0.17637447535387313,0.6364517061094511,3.430978966283739,-0.3459775139431577,0.3459775139431577
4,complete,no_hopping,,0.00239883291901949,7.191129380356806,0.17639336726796603,0.6364134154048899,3.431034957599645,-0.3459819833501451,0.3459819833501451
4,complete,no_hopping,,0.002454708915685031,7.190923041090741,0.17641269948378482,0.6363742324293193,3.4310922490004865,-0.3459865523843356,0.3459865523843356
4,complete,no_hopping,,0.0025118864315095794,7.190711908949923,0.17643248226891298,0.6363341363823803,3.4311508705749865,-0.3459912231553792,0.3459912231553792
4,complete,no_hopping,,0.0025703957827688645,7.1904958729246475,0.1764527261306265,0.6362931059784629,3.4312108531035896,-0.3459959978121211,0.3459959978121211
4,complete,no_hopping,,0.0026302679918953813,7.190274819449235,0.17647344182150043,0.6362511194353703,3.431272228074112,-0.3460008785430626,0.3460008785430626
4,complete,no_hopping,,0.0026915348039269166,7.190048632343813,0.1764946403451479,0.6362081544627174,3.431335027697819,-0.3460058675767882,0.3460058675767882
4,complete,no_hopping,,0.002754228703338166,7.189817192754913,0.17651633296209232,0.6361641882500647,3.431399284925737,-0.3460109671823819,0.3460109671823819
4,complete,no_hopping,,0.002818382931264455,7.1895803790947665,0.17653853119577934,0.6361191974547611,3.4314650334654537,-0.3460161796698472,0.3460161796698472
4,complete,no_hopping,,0.0028840315031266055,7.189338066979151,0.17656124683872867,0.6360731581895097,3.4315323077981805,-0.3460215073904833,0.3460215073904833
4,complete,no_hopping,,0.002951209226666387,7.18909012916401,0.17658449195883055,0.636026046009644,3.431601143196242,-0.34602695273726947,0.34602695273726947
4,complete,no_hopping,,0.003019951720402016,7.188836435480579,0.17660827890579064,0.6359778359001071,3.4316715757409537,-0.34603251814521785,0.34603251814521785
4,complete,no_hopping,,0.003090295432513592,7.188576852769041,0.17663262031772625,0.635928502262114,3.431743642340837,-0.3460382060916989,0.3460382060916989
4,complete,no_hopping,,0.0031622776601683794,7.1883112448108974,0.17665752912791602,0.6358780188995212,3.4318173807502954,-0.3460440190967604,0.3460440190967604
4,complete,no_hopping,,0.003235936569296281,7.188039472259662,0.17668301857171112,0.6358263590048544,3.4318928295886533,-0.34604995972341224,0.34604995972341224
4,complete,no_hopping,,0.003311311214825911,7.187761392570163,0.17670910219360686,0.6357734951450275,3.431970028359602,-0.3460560305778926,0.3460560305778926
4,complete,no_hopping,,0.0033884415613920273,7.187476859926243,0.1767357938544801,0.6357193992467242,3.4320490174711407,-0.3460622343098885,0.3460622343098885
4,complete,no_hopping,,0.0034673685045253167,7.187185725166888,0.1767631077389984,0.6356640425814243,3.432129838255821,-0.34606857361274235,0.34606857361274235
4,complete,no_hopping,,0.0035481338923357532,7.186887835710729,0.17679105836320227,0.6356073957500952,3.4322125329915507,-0.3460750512236155,0.3460750512236155
4,complete,no_hopping,,0.003630780547701014,7.186583035478976,0.17681966058226606,0.6355494286675109,3.4322971449227615,-0.3460816699236261,0.3460816699236261
4,complete,no_hopping,,0.003715352290971728,7.186271164816563,0.17684892959844162,0.6354901105462188,3.4323837182820967,-0.34608843253793464,0.34608843253793464
4,complete,no_hopping,,0.0038018939632056127,7.185952060411674,0.17687888096918827,0.6354294098801145,3.4324722983125033,-0.3460953419357998,0.3460953419357998
4,complete,no_hopping,,0.003890451449942805,7.185625555213457,0.17690953061549325,0.6353672944276485,3.4325629312898243,-0.34610240103057055,0.34610240103057055
4,complete,no_hopping,,0.003981071705534973,7.185291478348029,0.17694089483039088,0.6353037311946222,3.4326556645458854,-0.346109612779663,0.346109612779663
4,complete,no_hopping,,0.004073802778041126,7.184949655032621,0.17697299028767866,0.6352386864165931,3.4327505464920587,-0.3461169801844579,0.3461169801844579
4,complete,no_hopping,,0.004168693834703355,7.184599906487877,0.1770058340508406,0.6351721255408662,3.432847626643315,-0.3461245062901528,0.3461245062901528
4,complete,no_hopping,,0.004265795188015926,7.184242049848283,0.1770394435821791,0.635104013208058,3.432946955642799,-0.3461321941855493,0.3461321941855493
4,complete,no_hopping,,0.004365158322401661,7.183875898070657,0.17707383675216376,0.6350343132332313,3.4330485852869455,-0.346140047002796,0.346140047002796
4,complete,no_hopping,,0.0044668359215096305,7.183501259840734,0.17710903184899887,0.6349629885865924,3.433152568551076,-0.34614806791705033,0.34614806791705033
4,complete,no_hopping,,0.004570881896148752,7.183117939477643,0.17714504758841518,0.6348900013737304,3.433258959615572,-0.34615626014605927,0.34615626014605927
4,complete,no_hopping,,0.004677351412871981,7.18272573683652,0.17718190312369428,0.6348153128153923,3.433367813892578,-0.3461646269496945,0.3461646269496945
4,complete,no_hopping,,0.004786300923226385,7.1823244472088525,0.17721961805592787,0.6347388832267886,3.4334791880532687,-0.3461731716293748,0.3461731716293748
4,complete,no_hopping,,0.004897788193684461,7.181913861220878,0.17725821244451945,0.6346606719964174,3.433593140055703,-0.34618189752743267,0.34618189752743267
4,complete,no_hopping,,0.005011872336272725,7.181493764729763,0.17729770681793125,0.6345806375643791,3.433709729173208,-0.34619080802636215,0.34619080802636215
4,complete,no_hopping,,0.005128613839913648,7.181063938717548,0.1773381221846864,0.6344987374002004,3.433829016023389,-0.34619990654798294,0.34619990654798294
4,complete,no_hopping,,0.005248074602497723,7.180624159182969,0.17737948004463056,0.6344149279801199,3.4339510625977523,-0.3462091965525166,0.3462091965525166
4,complete,no_hopping,,0.005370317963702527,7.180174197030939,0.17742180240045613,0.6343291647638625,3.4340759322918935,-0.346218681537525,0.346218681537525
4,complete,no_hopping,,0.005495408738576248,7.179713817959678,0.17746511176949986,0.6342414021708516,3.4342036899363233,-0.3462283650367457,0.3462283650367457
4,complete,no_hopping,,0.005623413251903491,7.179242782345616,0.17750943119581938,0.6341515935558727,3.4343344018279462,-0.3462382506188225,0.3462382506188225
4,complete,no_hopping,,0.005754399373371567,7.178760845125774,0.17755478426255109,0.6340596911841716,3.434468135762137,-0.34624834188587217,0.34624834188587217
4,complete,no_hopping,,0.00588843655355589,7.17826775567778,0.17760119510456263,0.6339656462059511,3.4346049610655083,-0.34625864247194715,0.34625864247194715
4,complete,no_hopping,,0.0060255958607435805,7.177763257697367,0.17764868842140027,0.6338694086303006,3.4347449486293096,-0.3462691560413217,0.3462691560413217
4,complete,no_hopping,,0.006165950018614822,7.177247089073398,0.1776972894905442,0.6337709272984817,3.434888170943529,-0.3462798862866554,0.3462798862866554
4,complete,no_hopping,,0.00630957344480193,7.176718981760243,0.17774702418097438,0.6336701498566165,3.4350347021316336,-0.3462908369269705,0.3462908369269705
4,complete,no_hopping,,0.006456542290346556,7.176178661647651,0.17779791896705574,0.6335670227277197,3.43518461798606,-0.34630201170546415,0.34630201170546415
4,complete,no_hopping,,0.006606934480075964,7.175625848427845,0.17785000094275155,0.633461491083084,3.4353379960043404,-0.3463134143871355,0.3463134143871355
4,complete,no_hopping,,0.006760829753919818,7.1750602554600444,0.17790329783617145,0.6333534988129953,3.4354949154260357,-0.3463250487562324,0.3463250487562324
4,complete,no_hopping,,0.006918309709189363,7.174481589632178,0.17795783802446208,0.6332429884967598,3.4356554572702875,-0.3463369186134856,0.3463369186134856
4,complete,no_hopping,,0.00707945784384138,7.173889551219765,0.178013650549047,0.6331299013720263,3.4358197043741954,-0.34634902777311094,0.34634902777311094
4,complete,no_hopping,,0.007244359600749898,7.173283833742109,0.17807076513122835,0.6330141773034136,3.4359877414318873,-0.3463613800596276,0.3463613800596276
4,complete,no_hopping,,0.007413102413009177,7.172664123815445,0.1781292121881534,0.6328957547503737,3.4361596550343743,-0.3463739793043906,0.3463739793043906
4,complete,no_hopping,,0.007585775750291836,7.172030101003311,0.1781890228491584,0.6327745707343237,3.436335533710165,-0.34638682934190035,0.34638682934190035
4,complete,no_hopping,,0.00776247116628692,7.171381437663819,0.17825022897249693,0.632650560805011,3.436515467966657,-0.3463999340058279,0.3463999340058279
4,complete,no_hopping,,0.007943282347242814,7.170717798794108,0.1783128631624613,0.6325236590060795,3.4366995503323094,-0.3464132971247824,0.3464132971247824
4,complete,no_hopping,,0.008128305161640995,7.170038841871489,0.1783769587869085,0.632393797839847,3.4368878753996337,-0.34642692251774587,0.34642692251774587
4,complete,no_hopping,,0.008317637711026709,7.169344216691729,0.17844254999519735,0.6322609082312551,3.4370805398689894,-0.34644081398923443,0.34644081398923443
4,complete,no_hopping,,0.008511380382023767,7.168633565204058,0.1785096717365463,0.6321249194909734,3.4372776425931653,-0.34645497532409175,0.34645497532409175
4,complete,no_hopping,,0.008709635899560805,7.167906521343037,0.1785783597788272,0.6319857592776548,3.43747928462284,-0.3464694102819762,0.3464694102819762
4,complete,no_hopping,,0.008912509381337459,7.167162710857158,0.178648650727796,0.6318433535593034,3.4376855692528507,-0.346484122591441,0.346484122591441
4,complete,no_hopping,,0.009120108393559097,7.166401751134233,0.17872058204677774,0.6316976265737465,3.4378966020692894,-0.34649911594364924,0.34649911594364924
4,complete,no_hopping,,0.009332543007969905,7.165623251023446,0.17879419207681538,0.6315485007881888,3.4381124909975265,-0.34651439398569917,0.34651439398569917
4,complete,no_hopping,,0.009549925860214359,7.16482681065397,0.1788695200572884,0.631395896857818,3.438333346351,-0.34652996031347527,0.34652996031347527
4,complete,no_hopping,,0.009772372209558112,7.164012021250357,0.17894660614701877,0.6312397335834629,3.4385592808809644,-0.3465458184641025,0.3465458184641025
4,complete,no_hopping,,0.01,7.1631784649443055,0.17902549144587077,0.6310799278682571,3.4387904098270594,-0.3465619719078934,0.3465619719078934
4,complete,no_hopping,,0.010232929922807542,7.162325714583065,0.17910621801685525,0.6309163946733004,3.439026850968806,-0.34657842403979155,0.34657842403979155
4,complete,no_hopping,,0.010471285480508996,7.161453333534299,0.17918882890875606,0.6307490469722971,3.4392687246779885,-0.3465951781703204,0.3465951781703204
4,complete,no_hopping,,0.010715193052376065,7.160560875487389,0.17927336817928466,0.6305777957051341,3.4395161539719226,-0.3466122375159637,0.3466122375159637
4,complete,no_hopping,,0.01096478196143185,7.159647884251166,0.17935988091877417,0.6304025497303998,3.439769264567638,-0.34662960518895525,0.34662960518895525
4,complete,no_hopping,,0.011220184543019636,7.158713893547922,0.1794484132744316,0.630223215776793,3.4400281849369962,-0.3466472841864615,0.3466472841864615
4,complete,no_hopping,,0.01148153621496883,7.157758426803956,0.17953901247515602,0.6300396983934172,3.4402930463626804,-0.3466652773791542,0.3466652773791542
4,complete,no_hopping,,0.011748975549395297,7.156780996936228,0.1796317268569335,0.629851899898924,3.4405639829951875,-0.3466835874990529,0.3466835874990529
4,complete,no_hopping,,0.012022644346174132,7.155781106135439,0.17972660588882927,0.6296597203294924,3.4408411319106347,-0.3467022171267147,0.3467022171267147
4,complete,no_hopping,,0.012302687708123818,7.15475824564527,0.17982370019958097,0.6294630573856053,3.441124633169616,-0.34672116867762937,0.34672116867762937
4,complete,no_hopping,,0.012589254117941675,7.153711895537882,0.1799230616048149,0.6292618063776042,3.4414146298768915,-0.3467404443878619,0.3467404443878619
4,complete,no_hopping,,0.012882495516931342,7.152641524485621,0.18002474313489425,0.629055860170005,3.4417112682420705,-0.3467600462988669,0.3467600462988669
4,complete,no_hopping,,0.013182567385564075,7.151546589528908,0.18012879906341323,0.6288451091245223,3.4420146976412154,-0.34677997624142876,0.34677997624142876
4,complete,no_hopping,,0.01348962882591654,7.150426535840273,0.1802352849363542,0.6286294410418098,3.442325070679351,-0.346800235818703,0.346800235818703
4,complete,no_hopping,,0.013803842646028852,7.149280796484515,0.1803442576019196,0.6284087411018536,3.442642543253944,-0.34682082638829614,0.34682082638829614
4,complete,no_hopping,,0.014125375446227547,7.148108792175054,0.18045577524105333,0.628182891803028,3.4429672746192796,-0.3468417490433464,0.3468417490433464
4,complete,no_hopping,,0.014454397707459272,7.146909931026327,0.18056989739867116,0.6279517728997429,3.4432994274517967,-0.346863004592568,0.346863004592568
4,complete,no_hopping,,0.014791083881682071,7.145683608302389,0.18068668501560536,0.6277152613387013,3.443639167916305,-0.34688459353915646,0.34688459353915646
4,complete,no_hopping,,0.01513561248436208,7.144429206161499,0.18080620046129245,0.6274732311936977,3.443986665733135,-0.34690651605857425,0.34690651605857425
4,complete,no_hopping,,0.01548816618912481,7.1431460933969975,0.18092850756720508,0.6272255535989457,3.4443420942462026,-0.3469287719750964,0.3469287719750964
4,complete,no_hopping,,0.015848931924611134,7.141833625174049,0.181053671661056,0.626972096680919,3.4447056304919452,-0.3469513607370711,0.3469513607370711
4,complete,no_hopping,,0.0162181009735893,7.140491142762839,0.18118175960178376,0.6267127254886425,3.445077455269158,-0.34697428139088804,0.34697428139088804
4,complete,no_hopping,,0.016595869074375606,7.139117973267593,0.18131283981533589,0.6264473019224364,3.445457753209692,-0.34699753255347565,0.34699753255347565
4,complete,no_hopping,,0.016982436524617443,7.137713429351954,0.1814469823312698,0.6261756846610589,3.445846712850046,-0.34702111238337574,0.34702111238337574
4,complete,no_hopping,,0.017378008287493755,7.136276808960546,0.18158425882018472,0.6258977290872424,3.4462445267037207,-0.3470450185502635,0.3470450185502635
4,complete,no_hopping,,0.01778279410038923,7.134807395036598,0.18172474263200114,0.6256132872115595,3.446651391334476,-0.34706924820281226,0.34706924820281226
4,complete,no_hopping,,0.018197008586099836,7.1333044552360345,0.1818685088351076,0.625322207594621,3.4470675074303383,-0.3470937979349097,0.3470937979349097
4,complete,no_hopping,,0.018620871366628676,7.131767241637711,0.18201563425638786,0.6250243352675565,3.447493079878417,-0.3471186637500522,0.3471186637500522
4,complete,no_hopping,,0.019054607179632473,7.130194990450085,0.1821661975221484,0.6247195116507462,3.44792831784044,-0.34714384102389306,0.34714384102389306
4,complete,no_hopping,,0.019498445997580455,7.1285869217142865,0.18232027909996137,0.6244075744707894,3.4483734348290476,-0.34716932446482796,0.34716932446482796
4,complete,no_hopping,,0.0199526231496888,7.126942239003588,0.18247796134144068,0.6240883576756561,3.4488286487847417,-0.34719510807250975,0.34719510807250975
4,complete,no_hopping,,0.020417379446695295,7.125260129119576,0.18263932852596873,0.6237616913480138,3.4492941821535457,-0.3472211850942444,0.3472211850942444
4,complete,no_hopping,,0.020892961308540396,7.123539761784814,0.1828044669053914,0.6234274016166796,3.449770261965224,-0.34724754797911606,0.34724754797911606
4,complete,no_hopping,,0.021379620895022326,7.12178028933237,0.18297346474969509,0.6230853105661882,3.450257119912141,-0.3472741883297512,0.3472741883297512
4,complete,no_hopping,,0.02187761623949553,7.119980846392019,0.18314641239368726,0.6227352361444247,3.450754992428602,-0.3473010968516057,0.3473010968516057
4,complete,no_hopping,,0.0223872113856834,7.118140549573549,0.18332340228469524,0.6223769920683105,3.4512641207707535,-0.3473282632996805,0.3473282632996805
4,complete,no_hopping,,0.022908676527677734,7.116258497147051,0.18350452903129863,0.6220103877275037,3.4517847510968678,-0.3473556764225102,0.3473556764225102
4,complete,no_hopping,,0.023442288153199226,7.114333768720482,0.18368988945311374,0.621635228086096,3.452317134548041,-0.3473833239033157,0.3473833239033157
4,complete,no_hopping,,0.02398832919019491,7.112365424914445,0.18387958263164628,0.6212513135822644,3.452861527329205,-0.3474111922981782,0.3474111922981782
4,complete,no_hopping,,0.02454708915685031,7.110352507034752,0.18407370996222683,0.6208584400258673,3.4534181907904222,-0.3474392669711259,0.3474392669711259
4,complete,no_hopping,,0.025118864315095808,7.10829403674239,0.18427237520704595,0.6204563984939525,3.4539873915083428,-0.34746753202592884,0.34746753202592884
4,complete,no_hopping,,0.025703957827688632,7.106189015721552,0.1844756845493029,0.6200449752241542,3.4545694013678347,-0.34749597023450474,0.34749597023450474
4,complete,no_hopping,,0.026302679918953815,7.104036425345781,0.18468374664848383,0.6196239515059512,3.455164497643601,-0.34752456296177037,0.34752456296177037
4,complete,no_hopping,,0.026915348039269153,7.101835226342297,0.18489667269678242,0.6191931035697839,3.4557729630818215,-0.3475532900867364,0.3475532900867364
4,complete,no_hopping,,0.02754228703338166,7.0995843584550355,0.185114576476677,0.6187522024739867,3.456395085981597,-0.3475821299197296,0.3475821299197296
4,complete,no_hopping,,0.028183829312644536,7.097282740106332,0.1853375744196758,0.6183010139895416,3.457031160276247,-0.3476110591154987,0.3476110591154987
4,complete,no_hopping,,0.028840315031266057,7.094929268057894,0.18556578566624277,0.6178392984826115,3.457681485614215,-0.3476400525820995,0.3476400525820995
4,complete,no_hopping,,0.029512092266663854,7.092522817070979,0.18579933212691543,0.6173668107948762,3.458346367439587,-0.3476690833852797,0.3476690833852797
4,complete,no_hopping,,0.03019951720402016,7.090062239566358,0.18603833854462243,0.6168833001216314,3.4590261170720504,-0.347698122648219,0.347698122648219
4,complete,no_hopping,,0.030902954325135904,7.0875463652843695,0.1862829325582111,0.6163885098876518,3.4597210517861847,-0.34772713944640876,0.34772713944640876
4,complete,no_hopping,,0.03162277660168379,7.084974000945262,0.18653324476719066,0.6158821776208244,3.4604314948899546,-0.347756100697415,0.347756100697415
4,complete,no_hopping,,0.03235936569296283,7.08234392991043,0.18678940879769793,0.6153640348235411,3.4611577758022554,-0.3477849710453451,0.3477849710453451
4,complete,no_hopping,,0.03311311214825911,7.079654911844802,0.18705156136968948,0.6148338068418612,3.4619002301294084,-0.34781371273975514,0.34781371273975514
4,complete,no_hopping,,0.033884415613920256,7.076905682380858,0.18731984236536126,0.6142912127324448,3.462659199740411,-0.34784228550875373,0.34784228550875373
4,complete,no_hopping,,0.034673685045253165,7.074094952784812,0.18759439489879606,0.6137359651272819,3.4634350328407564,-0.3478706464260536,0.3478706464260536
4,complete,no_hopping,,0.03548133892335755,7.071221409625321,0.1878753653868385,0.6131677700962171,3.4642280840447106,-0.34789874977170776,0.34789874977170776
4,complete,no_hopping,,0.03630780547701014,7.06828371444538,0.18816290362119067,0.6125863270073153,3.465038714445861,-0.34792654688624103,0.34792654688624103
4,complete,no_hopping,,0.03715352290971726,7.065280503437867,0.18845716284172312,0.6119913283850787,3.465867291685655,-0.34795398601790983,0.34795398601790983
4,complete,no_hopping,,0.038018939632056124,7.062210387125429,0.18875829981099027,0.6113824597665671,3.466714190019807,-0.347981012162793,0.347981012162793
4,complete,no_hopping,,0.03890451449942807,7.059071950045136,0.18906647488993908,0.6107593995554454,3.467579790382394,-0.34800756689737866,0.34800756689737866
4,complete,no_hopping,,0.039810717055349734,7.055863750438874,0.18938185211479044,0.6101218188740366,3.4684644804472486,-0.3480335882033727,0.3480335882033727
4,complete,no_hopping,,0.04073802778041128,7.052584319949911,0.1897045992750767,0.6094693814134088,3.4693686546866176,-0.34805901028436503,0.34805901028436503
4,complete,no_hopping,,0.04168693834703355,7.049232163326478,0.19003488799281176,0.6088017432815956,3.4702927144266584,-0.348083763374037,0.348083763374037
4,complete,no_hopping,,0.04265795188015928,7.045805758133148,0.1903728938027604,0.608118552849999,3.4712370678996236,-0.3481077735355276,0.3481077735355276
4,complete,no_hopping,,0.04365158322401661,7.042303554470917,0.1907187962337788,0.6074194505980914,3.4722021302923554,-0.34813096245165187,0.34813096245165187
4,complete,no_hopping,,0.04466835921509633,7.038723974706687,0.19107277889118343,0.6067040689564945,3.473188323790917,-0.3481532472055189,0.3481532472055189
4,complete,no_hopping,,0.04570881896148752,7.035065413213229,0.19143502954010763,0.6059720321485635,3.4741960776209133,-0.3481745400512304,0.3481745400512304
4,complete,no_hopping,,0.046773514128719815,7.031326236120557,0.19180574018979157,0.6052229560305928,3.475225828083266,-0.34819474817422025,0.34819474817422025
4,complete,no_hopping,,0.047863009232263824,7.027504781079641,0.19218510717875623,0.6044564479308001,3.47627801858508,-0.3482137734408526,0.3482137734408526
4,complete,no_hopping,,0.04897788193684462,7.023599357039766,0.19257333126078616,0.6036721064872198,3.4773530996652173,-0.34823151213682335,0.34823151213682335
4,complete,no_hopping,,0.05011872336272722,7.019608244040349,0.1929706176916619,0.6028695214847062,3.478451529014189,-0.34824785469396,0.34824785469396
4,complete,no_hopping,,0.05128613839913648,7.015529693018779,0.1933771763165543,0.6020482736912205,3.479573771488076,-0.3482626854049691,0.3482626854049691
4,complete,no_hopping,,0.05248074602497726,7.011361925635152,0.19379322165799392,0.6012079346936124,3.480720299115843,-0.34827588212564575,0.34827588212564575
4,complete,no_hopping,,0.05370317963702527,7.007103134115562,0.1942189730043211,0.6003480667331452,3.481891591099891,-0.348287315964128,0.348287315964128
4,complete,no_hopping,,0.054954087385762455,7.00275148111514,0.19465465449850386,0.5994682225409999,3.4830881338090904,-0.34829685095668084,0.34829685095668084
4,complete,no_hopping,,0.05623413251903491,6.998305099602237,0.19510049522720657,0.5985679451740356,3.484310420764082,-0.3483043437295119,0.3483043437295119
4,complete,no_hopping,,0.057543993733715694,6.993762092765576,0.19555672930997842,0.5976467678511314,3.485558952614159,-0.3483096431461745,0.3483096431461745
4,complete,no_hopping,,0.0588843655355589,6.989120533945606,0.19602359598841962,0.5967042137904142,3.486834237105266,-0.3483125899400068,0.3483125899400068
4,complete,no_hopping,,0.06025595860743578,6.984378466591943,0.19650133971516098,0.5957397960477544,3.488136789038601,-0.348313016331081,0.348313016331081
4,complete,no_hopping,,0.06165950018614822,6.9795339042486955,0.19699021024249605,0.5947530173569097,3.489467130219145,-0.34831074562721587,0.34831074562721587
4,complete,no_hopping,,0.06309573444801933,6.974584830569319,0.19749046271046714,0.5937433699717427,3.4908257893936576,-0.348305591808439,0.348305591808439
4,complete,no_hopping,,0.06456542290346556,6.9695291993631265,0.19800235773420702,0.5927103355109905,3.4922133021773476,-0.34829735909442694,0.34829735909442694
4,complete,no_hopping,,0.06606934480075961,6.964364934675311,0.1985261614903141,0.5916533848060631,3.493630210968698,-0.348285841494379,0.348285841494379
4,complete,no_hopping,,0.06760829753919818,6.9590899309026995,0.19906214580201392,0.5905719777524382,3.4950770648516687,-0.3482708223387787,0.3482708223387787
4,complete,no_hopping,,0.06918309709189366,6.953702052947373,0.19961058822285235,0.5894655631652175,3.4965544194846396,-0.3482520737925363,0.3482520737925363
4,complete,no_hopping,,0.0707945784384138,6.948199136410479,0.20017177211862808,0.5883335786394895,3.498062836975246,-0.34822935634895824,0.34822935634895824
4,complete,no_hopping,,0.07244359600749903,6.942578987828569,0.20074598674726593,0.587175450416185,3.4996028857404076,-0.34820241830405685,0.34820241830405685
4,complete,no_hopping,,0.07413102413009177,6.936839384955051,0.201333527336289,0.5859905932541539,3.5011751403507816,-0.348170995210652,0.348170995210652
4,complete,no_hopping,,0.0758577575029184,6.930978077089341,0.20193469515753693,0.584778410309256,3.502780181358623,-0.34813480931180707,0.34813480931180707
4,complete,no_hopping,,0.07762471166286919,6.924992785456361,0.20254979759874042,0.5835382930213383,3.504418595108361,-0.34809356895308885,0.34809356895308885
4,complete,no_hopping,,0.07943282347242818,6.918881203639246,0.203179148231534,0.5822696210099858,3.5060909735289267,-0.348046967973197,0.348046967973197
4,complete,no_hopping,,0.08128305161640995,6.912640998068323,0.2038230668754565,0.5809717619800654,3.507797913906763,-0.3479946850725504,0.3479946850725504
4,complete,no_hopping,,0.08317637711026708,6.906269808569163,0.20448187965745654,0.5796440716381017,3.5095400186387433,-0.3479363831593858,0.3479363831593858
4,complete,no_hopping,,0.08511380382023763,6.89976524897319,0.2051559190663799,0.5782858936206247,3.5113178949637955,-0.3478717086730325,0.3478717086730325
4,complete,no_hopping,,0.08709635899560805,6.8931249077939105,0.20584552400188294,0.5768965594357093,3.5131321546722645,-0.34780029088402564,0.34780029088402564
4,complete,no_hopping,,0.08912509381337455,6.886346348972314,0.20655103981716944,0.5754753884190087,3.514983413791889,-0.34772174117076804,0.34772174117076804
4,complete,no_hopping,,0.09120108393559097,6.879427112695009,0.2072728183549087,0.5740216877056841,3.5168722922492495,-0.3476356522725339,0.3476356522725339
4,complete,no_hopping,,0.0933254300796991,6.872364716288781,0.20801121797564506,0.572534752219703,3.5187994135055245,-0.3475415975186471,0.3475415975186471
4,complete,no_hopping,,0.09549925860214359,6.865156655195302,0.20876660357796256,0.5710138646821218,3.5207654041653176,-0.3474391300337394,0.3474391300337394
4,complete,no_hopping,,0.09772372209558107,6.857800404030133,0.20953934660961412,0.5694582956400424,3.522770893557317,-0.3473277819190963,0.3473277819190963
4,complete,no_hopping,,0.1,6.8502934177299535,0.21032982506877568,0.5678673035180468,3.5248165132854368,-0.34720706341018603,0.34720706341018603
4,complete,no_hopping,,0.10232929922807547,6.84263313279238,0.21113842349451997,0.5662401346940733,3.52690289674919,-0.3470764620105322,0.3470764620105322
4,complete,no_hopping,,0.10471285480508996,6.834816968612676,0.21196553294555615,0.5645760236017541,3.5290306786317984,-0.3469354416022816,0.3469354416022816
4,complete,no_hopping,,0.10715193052376071,6.826842328921815,0.21281155096621032,0.5628741928614296,3.5312004943546764,-0.34678344153387175,0.34678344153387175
4,complete,no_hopping,,0.1096478196143185,6.81870660333083,0.21367688153855352,0.561133853442171,3.533412979496829,-0.3466198756854084,0.3466198756854084
4,complete,no_hopping,,0.1122018454301963,6.81040716898583,0.21456193501952978,0.5593542048572573,3.535668769177606,-0.34644413151249687,0.34644413151249687
4,complete,no_hopping,,0.1148153621496883,6.801941392338978,0.2154671280618378,0.5575344353957575,3.5379684974013057,-0.346255569069414,0.346255569069414
4,complete,no_hopping,,0.11748975549395291,6.793306631040365,0.2163928835172751,0.5556737223929868,3.540312796361998,-0.3460535200128232,0.3460535200128232
4,complete,no_hopping,,0.12022644346174131,6.78450023595594,0.21733963032114462,0.5537712325427744,3.542702295706975,-0.3458372865872681,0.3458372865872681
4,complete,no_hopping,,0.1230268770812381,6.77551955331697,0.21830780335626354,0.5518261222546923,3.545137621757159,-0.3456061405941071,0.3456061405941071
4,complete,no_hopping,,0.12589254117941676,6.766361927006428,0.2192978432950149,0.5498375380594809,3.547619396682703,-0.34535932234567546,0.34535932234567546
4,complete,no_hopping,,0.12882495516931336,6.757024700987906,0.22031019641779748,0.5478046170662155,3.5501482376321407,-0.3450960396068048,0.3450960396068048
4,complete,no_hopping,,0.13182567385564073,6.747505221882808,0.22134531440614186,0.5457264874748248,3.5527247558132267,-0.34481546652614825,0.34481546652614825
4,complete,no_hopping,,0.13489628825916533,6.737800841701664,0.22240365410865479,0.5436022691478603,3.5553495555237506,-0.3445167425600688,0.3445167425600688
4,complete,no_hopping,,0.13803842646028852,6.727908920735439,0.22348567727786536,0.54143107424556,3.5580232331303954,-0.3441989713922158,0.3441989713922158
4,complete,no_hopping,,0.1412537544622754,6.717826830612985,0.22459185027594247,0.5392120079284856,3.5607463759939093,-0.3438612198523703,0.3438612198523703
4,complete,no_hopping,,0.1445439770745928,6.707551957530592,0.22572264374714857,0.5369441691321974,3.5635195613386355,-0.34350251683847577,0.34350251683847577
4,complete,no_hopping,,0.1479108388168207,6.697081705660061,0.226878532254792,0.5346266514186794,3.5663433550645465,-0.3431218522463546,0.3431218522463546
4,complete,no_hopping,,0.15135612484362088,6.6864135007412475,0.22805999388033518,0.5322585439094062,3.5692183104999105,-0.3427181759119968,0.3427181759119968
4,complete,no_hopping,,0.1548816618912481,6.675544793865621,0.2292675097822,0.5298389323051712,3.5721449670926626,-0.34229039657193305,0.34229039657193305
4,complete,no_hopping,,0.15848931924611143,6.664473065456995,0.23050156371171823,0.5273668999980361,3.575123849038646,-0.34183738084776216,0.34183738084776216
4,complete,no_hopping,,0.16218100973589297,6.653195829455758,0.23176264148355255,0.5248415292809313,3.5781554638447988,-0.3413579522615018,0.3413579522615018
4,complete,no_hopping,,0.16595869074375613,6.641710637712897,0.23305123039781905,0.5222619026607068,3.58124030082547,-0.3408508902891574,0.3408508902891574
4,complete,no_hopping,,0.16982436524617442,6.630015084599968,0.234367818611026,0.5196271042805717,3.584378829530035,-0.34031492946050546,0.34031492946050546
4,complete,no_hopping,,0.17378008287493762,6.618106811841151,0.23571289445285315,0.5169362214581372,3.5875714981000737,-0.33974875851397,0.33974875851397
4,complete,no_hopping,,0.1778279410038923,6.605983513573437,0.23708694568569014,0.5141883463453939,3.590818731554296,-0.33915101961618865,0.33915101961618865
4,complete,no_hopping,,0.18197008586099844,6.593642941640587,0.2384904587037643,0.5113825777171944,3.594120929999729,-0.3385203076566967,0.3385203076566967
4,complete,no_hopping,,0.18620871366628675,6.5810829111266615,0.23992391766860216,0.508518022894924,3.59747846676747,-0.337855169629119,0.337855169629119
4,complete,no_hopping,,0.19054607179632482,6.568301306134292,0.2413878035774938,0.5055937998122149,3.6008916864716243,-0.33715410411113145,0.33715410411113145
4,complete,no_hopping,,0.19498445997580455,6.555296085812765,0.24288259326155698,0.5026090392296841,3.604360902990128,-0.3364155608564141,0.3364155608564141
4,complete,no_hopping,,0.19952623149688808,6.542065290640436,0.24440875830995953,0.4995628871057132,3.60788639736621,-0.3356379405129253,0.3356379405129253
4,complete,no_hopping,,0.20417379446695297,6.528607048965685,0.2459667639168012,0.49645450713043526,3.6114684156295764,-0.33481959448275433,0.33481959448275433
4,complete,no_hopping,,0.20892961308540386,6.5149195838099745,0.24755706764714658,0.493283083430017,3.6151071665364216,-0.3339588249399841,0.3339588249399841
4,complete,no_hopping,,0.21379620895022325,6.501001219935867,0.24918011811870835,0.4900478234483783,3.618802819227863,-0.3330538850241105,0.3330538850241105
4,complete,no_hopping,,0.21877616239495518,6.486850391182255,0.2508363535956748,0.48674796101337897,3.622555500806257,-0.33210297922757626,0.33210297922757626
4,complete,no_hopping,,0.223872113856834,6.472465648068255,0.2525262004912615,0.4833827595943789,3.626365293829639,-0.33110426399734605,0.33110426399734605
4,complete,no_hopping,,0.22908676527677724,6.457845665665877,0.254250071775613,0.4799515157578912,3.630232233724464,-0.33005584857133075,0.33005584857133075
4,complete,no_hopping,,0.23442288153199228,6.442989251741059,0.256008365285819,0.47645356282776097,3.6341563061173887,-0.3289557960718723,0.3289557960718723
4,complete,no_hopping,,0.239883291901949,6.427895355160865,0.2578014619349438,0.47288827475601103,3.6381374440873677,-0.3278021248794212,0.3278021248794212
4,complete,no_hopping,,0.2454708915685031,6.412563074563559,0.25962972381717236,0.4692550702099555,3.6421755253395047,-0.32659281031074494,0.32659281031074494
4,complete,no_hopping,,0.25118864315095796,6.396991667286592,0.26149349220640977,0.46555341688077,3.646270369303054,-0.32532578662697387,0.32532578662697387
4,complete,no_hopping,,0.25703957827688645,6.381180558545786,0.2633930854459708,0.46178283601796444,3.6504217341561316,-0.32399894939780616,0.32399894939780616
4,complete,no_hopping,,0.26302679918953814,6.3651293508569,0.26532879672733545,0.45794290719349084,3.6546293137808163,-0.32261015824894357,0.32261015824894357
4,complete,no_hopping,,0.26915348039269166,6.348837833688891,0.267300891756377,0.4540332732983135,3.6588927346525635,-0.3211572400207632,0.3211572400207632
4,complete,no_hopping,,0.2754228703338166,6.332305993335311,0.26930960630592254,0.4500536457732175,3.663211552669195,-0.3196379923665502,0.3196379923665502
4,complete,no_hopping,,0.2818382931264455,6.315534022987979,0.27135514365408414,0.44600381007446754,3.6675852499251174,-0.31805018781926364,0.31805018781926364
4,complete,no_hopping,,0.28840315031266056,6.2985223329938895,0.27343767190841584,0.4418836313735677,3.672013231437802,-0.31639157835581866,0.31639157835581866
4,complete,no_hopping,,0.2951209226666387,6.281271561273262,0.27555732121667015,0.4376930604888364,3.676494821834375,-0.3146599004878823,0.3146599004878823
4,complete,no_hopping,,0.3019951720402016,6.263782583872757,0.27771418086573646,0.4334321400448272,3.681029262007398,-0.3128528809077289,0.3128528809077289
4,complete,no_hopping,,0.30902954325135923,6.24605652562456,0.27990829627123903,0.4291010108536797,3.6856157057502372,-0.3109682427170464,0.3109682427170464
4,complete,no_hopping,,0.31622776601683794,6.228094770877316,0.2821396658612819,0.42469991851044264,3.6902532163837,-0.3090037122654361,0.3090037122654361
4,complete,no_hopping,,0.32359365692962844,6.209898974260735,0.2844082378589097,0.4202292201919917,3.694940763387064,-0.3069570266237238,0.3069570266237238
4,complete,no_hopping,,0.3311311214825911,6.191471071440763,0.2867139069690919,0.41568939164675534,3.6996772190482274,-0.30482594171528676,0.30482594171528676
4,complete,no_hopping,,0.33884415613920277,6.172813289816834,0.2890565109773375,0.41108103435955856,3.7044613551494137,-0.30260824112585727,0.30260824112585727
4,complete,no_hopping,,0.34673685045253166,6.153928159107471,0.2914358272684772,0.4064048828730338,3.7092918397064656,-0.3003017456090822,0.3003017456090822
4,complete,no_hopping,,0.3548133892335757,6.134818521764455,0.2938515692757171,0.4016618122437582,3.7141672337817444,-0.2979043233013736,0.2979043233013736
4,complete,no_hopping,,0.3630780547701014,6.115487543149486,0.2963033828716766,0.3968528456078812,3.719085988392604,-0.29541390065471584,0.29541390065471584
4,complete,no_hopping,,0.3715352290971724,6.095938721401237,0.29879084271494033,0.39197916182733994,3.724046441539338,-0.2928284740911622,0.2928284740911622
4,complete,no_hopping,,0.38018939632056126,6.07617589691321,0.30131344856745224,0.3870421031839696,3.7290468153786063,-0.29014612237609927,0.29014612237609927
4,complete,no_hopping,,0.3890451449942805,6.056203261336797,0.30387062160009043,0.3820431830847022,3.734085213570546,-0.28736501970086237,0.28736501970086237
4,complete,no_hopping,,0.3981071705534973,6.036025366015999,0.30646170070576134,0.376984093736966,3.7391596188298446,-0.28448344945697523,0.28448344945697523
4,complete,no_hopping,,0.4073802778041126,6.0156471297534955,0.3090859388414853,0.3718667137489849,3.7442678907132962,-0.28149981867574514,0.28149981867574514
4,complete,no_hopping,,0.41686938347033553,5.995073845800581,0.3117424994230903,0.3666931156053445,3.7494077636784966,-0.27841267309714524,0.27841267309714524
4,complete,no_hopping,,0.42657951880159256,5.974311187956103,0.31443045279834964,0.3614655729636599,3.754576845450301,-0.2752207128213371,0.2752207128213371
4,complete,no_hopping,,0.4365158322401661,5.953365215653022,0.317148772826578,0.3561865677137688,3.759772615733921,-0.2719228084846821,0.2719228084846821
4,complete,no_hopping,,0.44668359215096304,5.932242377904182,0.3198963335949186,0.3508587967364304,3.7649924253151,-0.26851801788975727,0.26851801788975727
4,complete,no_hopping,,0.4570881896148752,5.910949515973363,0.32267190630367715,0.34548517829422914,3.77023349558973,-0.26500560300590426,0.26500560300590426
4,complete,no_hopping,,0.4677351412871981,5.889493864631805,0.3254741563551128,0.3400688579832998,3.775492918566479,-0.2613850472429493,0.2613850472429493
4,complete,no_hopping,,0.47863009232263853,5.867883051856166,0.3283016406820379,0.33461321417067963,3.7807676573873517,-0.2576560728866353,0.2576560728866353
4,complete,no_hopping,,0.48977881936844614,5.846125096820164,0.33115280535431924,0.3291218628386542,3.7860545474116534,-0.2538186585695341,0.2538186585695341
4,complete,no_hopping,,0.5011872336272725,5.824228406030141,0.33402598350294177,0.3235986617545123,3.791350297909333,-0.24987305663656456,0.24987305663656456
4,complete,no_hopping,,0.5128613839913648,5.802201767453734,0.33691939360254225,0.3180477138817073,3.7966514944094136,-0.24581981024934185,0.24581981024934185
4,complete,no_hopping,,0.5248074602497729,5.780054342492132,0.33983113815429217,0.31247336994676017,3.8019546017483776,-0.24165977005931683,0.24165977005931683
4,complete,no_hopping,,0.5370317963702527,5.757795655649111,0.34275920281158634,0.3068802300752885,3.8072559678623845,-0.23739411026590163,0.23739411026590163
4,complete,no_hopping,,0.5495408738576248,5.735435581755376,0.3457014559911169,0.3012731444105718,3.812551828364411,-0.23302434386292337,0.23302434386292337
4,complete,no_hopping,,0.5623413251903491,5.712984330614359,0.34865564901158114,0.295657212629108,3.8178383119451715,-0.22855233686546605,0.22855233686546605
4,complete,no_hopping,,0.5754399373371573,5.690452428945675,0.35161941680137304,0.29003778226971894,3.82311144663244,-0.2239803212993856,0.2239803212993856
4,complete,no_hopping,,0.588843655355589,5.667850699516116,0.35459027921510017,0.28442044579625286,3.828367166938968,-0.21931090672838205,0.21931090672838205
4,complete,no_hopping,,0.6025595860743581,5.645190237363796,0.35756564299665267,0.2788110363185545,3.8336013219234752,-0.21454709008858686,0.21454709008858686
4,complete,no_hopping,,0.6165950018614822,5.622482383040947,0.36054280442369513,0.2732156219026064,3.8388096841825154,-0.20969226359878412,0.20969226359878412
4,complete,no_hopping,,0.6309573444801936,5.599738692823285,0.3635189526649234,0.26764049840825493,3.8439879597835658,-0.2047502205159537,0.2047502205159537
4,complete,no_hopping,,0.6456542290346556,5.5769709058602785,0.3664911738771242,0.26209218080210006,3.849131799140884,-0.19972515851134576,0.19972515851134576
4,complete,no_hopping,,0.6606934480075958,5.554190908269694,0.3694564560640394,0.25657739290370213,3.854236808826197,-0.194621680451887,0.194621680451887
4,complete,no_hopping,,0.6760829753919819,5.531410694212793,0.3724116947132173,0.2511030555353654,3.8592985642956976,-0.18944479238590484,0.18944479238590484
4,complete,no_hopping,,0.6918309709189363,5.508642324021826,0.37535369922052914,0.24567627305932008,3.8643126235034857,-0.18419989855111796,0.18419989855111796
4,complete,no_hopping,,0.707945784384138,5.485897879490142,0.37827920010479427,0.24030431830096902,3.869274541359575,-0.17889279324658514,0.17889279324658514
4,complete,no_hopping,,0.7244359600749899,5.46318941647578,0.38118485700709787,0.23499461587299864,3.8741798849776496,-0.17352964943904525,0.17352964943904525
4,complete,no_hopping,,0.7413102413009177,5.440528915012369,0.38406726746097397,0.22975472393226365,3.87902424964489,-0.16811700400767027,0.16811700400767027
4,complete,no_hopping,,0.7585775750291835,5.417928227165114,0.3869229764107523,0.2245923144193179,3.883803275432674,-0.16266173956944652,0.16266173956944652
4,complete,no_hopping,,0.776247116628692,5.395399022914533,0.3897484864461257,0.21951515184896966,3.888512664353581,-0.15717106286974047,0.15717106286974047
4,complete,no_hopping,,0.7943282347242814,5.372952734395686,0.3925402687115958,0.21453107073904357,3.893148197957041,-0.1516524797690202,0.1516524797690202
4,complete,no_hopping,,0.8128305161640995,5.350600498864584,0.3952947744399375,0.20964795178321413,3.897705755243349,-0.14611376690569466,0.14611376690569466
4,complete,no_hopping,,0.8317637711026709,5.328353100806387,0.3980084470494927,0.20487369689207496,3.9021813307639204,-0.14056294016696613,0.14056294016696613
4,complete,no_hopping,,0.8511380382023768,5.306220913639808,0.4006777347360193,0.2002162032440287,3.9065710527650443,-0.13500822015210034,0.13500822015210034
4,complete,no_hopping,,0.8709635899560805,5.284213841509417,0.4032991034812707,0.19568333650383796,3.9108712012229514,-0.129457994866077,0.129457994866077
4,complete,no_hopping,,0.8912509381337459,5.262341261689793,0.40586905039259547,0.19128290338118345,3.915078225610639,-0.12392077993349959,0.12392077993349959
4,complete,no_hopping,,0.9120108393559097,5.240611968153419,0.4083841172808709,0.18702262371413672,3.9191887622310273,-0.1184051766730323,0.1184051766730323
4,complete,no_hopping,,0.9332543007969915,5.21903411687622,0.4108409043781704,0.18291010227246307,3.923199650947794,-0.11291982841928982,0.11291982841928982
4,complete,no_hopping,,0.9549925860214359,5.19761517346979,0.41323608409190826,0.1789528004829166,3.927107951144357,-0.10747337552098157,0.10747337552098157
4,complete,no_hopping,,0.9772372209558111,5.176361863738434,0.4155664146889821,0.17515800828274888,3.9309109567428813,-0.10207440948047664,0.10207440948047664
4,complete,no_hopping,,1.0,5.155280127760239,0.41782875380173917,0.17153281630830153,3.9346062101199824,-0.09673142672880974,0.09673142672880974
4,complete,no_hopping,,1.0232929922807548,5.134375078085421,0.42002007164759264,0.16808408862255683,3.938191514762723,-0.09145278255124412,0.09145278255124412
4,complete,no_hopping,,1.0471285480508996,5.113650962631571,0.422137463855812,0.16481843617873496,3.941664946518647,-0.08624664569046425,0.08624664569046425
4,complete,no_hopping,,1.071519305237607,5.09311113283483,0.4241781637985355,0.16174219120640834,3.945024863306284,-0.08112095415710296,0.08112095415710296
4,complete,no_hopping,,1.096478196143185,5.072758017588175,0.4261395543282935,0.15886138269220623,3.948269913167915,-0.07608337276964061,0.07608337276964061
4,complete,no_hopping,,1.1220184543019642,5.052593103464531,0.42801917883134766,0.15618171310903942,3.9513990405637975,-0.0711412529283697,0.0711412529283697
4,complete,no_hopping,,1.1481536214968828,5.032616921682727,0.429814751514762,0.15370853652628266,3.954411490826909,-0.06630159510029365,0.06630159510029365
4,complete,no_hopping,,1.1748975549395304,5.012829042230963,0.4315241668552715,0.15144683820861088,3.95730681271851,-0.06157101445491353,0.06157101445491353
4,complete,no_hopping,,1.2022644346174132,4.993228075514799,0.43314550814946867,0.14940121578381718,3.960084859047332,-0.05695571004465272,0.05695571004465272
4,complete,no_hopping,,1.2302687708123812,4.973811681847192,0.4346770551174265,0.14757586203027062,3.962745785338783,-0.052461437869685934,0.052461437869685934
4,complete,no_hopping,,1.2589254117941675,4.954576589046992,0.43611729052533943,0.14597454930341827,3.9652900465641014,-0.048093488106052185,0.048093488106052185
4,complete,no_hopping,,1.2882495516931336,4.935518618360912,0.43746490580683534,0.1446006155884293,3.9677183919631096,-0.043856666709343184,0.043856666709343184
4,complete,no_hopping,,1.3182567385564075,4.916632718873513,0.4387188056770296,0.1434569521335369,3.970031858017108,-0.03975528153593233,0.03975528153593233
4,complete,no_hopping,,1.3489628825916533,4.897913010520134,0.4398781117477703,0.14254599258652714,3.9722317596500654,-0.035793133050358694,0.035793133050358694
4,complete,no_hopping,,1.3803842646028852,4.879352835770696,0.44094216516664236,0.14186970352602987,3.9743196797565536,-0.03197350961361556,0.03197350961361556
4,complete,no_hopping,,1.412537544622754,4.860944820006034,0.44191052831575917,0.14142957625055488,3.9762974571730605,-0.028299187273185478,0.028299187273185478
4,complete,no_hopping,,1.4454397707459279,4.8426809405656925,0.4427829856189175,0.14122661966246733,3.978167173224917,-0.024772433904558078,0.024772433904558078
4,complete,no_hopping,,1.4791083881682072,4.824552604402483,0.4435595435169585,0.14126135406220755,3.979931136994523,-0.02139501748532835,0.02139501748532835
4,complete,no_hopping,,1.5135612484362087,4.806550734237382,0.4442404296809386,0.14153380565075355,3.9815918694666803,-0.018168218219785537,0.018168218219785537
4,complete,no_hopping,,1.5488166189124812,4.788665863064086,0.4448260915406212,0.14204350152666098,3.983152086714564,-0.015092844173904219,0.015092844173904219
4,complete,no_hopping,,1.584893192461114,4.770888236804496,0.44531719421167304,0.14278946495862835,3.984614682294251,-0.012169250029061551,0.012169250029061551
4,complete,no_hopping,,1.6218100973589298,4.753207924864153,0.4457146179084777,0.1437702107163559,3.9859827090174016,-0.009397358519189325,0.009397358519189325
4,complete,no_hopping,,1.6595869074375613,4.735614938273529,0.4460194549305254,0.14498374025222968,3.9872593602707114,-0.006776684079262907,0.006776684079262907
4,complete,no_hopping,,1.6982436524617444,4.718099355028092,0.4462330063086885,0.14642753654477786,3.988447951047285,-0.0043063582051865446,0.0043063582051865446
4,complete,no_hopping,,1.7378008287493762,4.7006514521514955,0.4463567781932052,0.14809855844252498,3.9895518988491823,-0.001985156005429367,0.001985156005429367
4,complete,no_hopping,,1.7782794100389228,4.683261843899943,0.4463924780577961,0.14999323438440326,3.9905747046129876,0.00018847658615328555,-0.00018847658615328555
4,complete,no_hopping,,1.8197008586099843,4.665921625398648,0.44634201078390495,0.15210745542058876,3.9915199338010368,0.0022163954689284893,-0.0022163954689284893
4,complete,no_hopping,,1.8620871366628675,4.648622520851083,0.4462074746756777,0.15443656751571333,3.9923911977909,0.004100731430952909,-0.004100731430952909
4,complete,no_hopping,,1.9054607179632483,4.631357035286753,0.4459911574399232,0.1569753631848427,3.993192135684692,0.005843864110120833,-0.005843864110120833
4,complete,no_hopping,,1.9498445997580456,4.614118608612272,0.44569553214615154,0.15971807259097193,3.9939263966486243,0.007448397343760682,-0.007448397343760682
4,complete,no_hopping,,1.9952623149688808,4.596901770505187,0.4453232531600782,0.16265835432031062,3.9945976228821003,0.008917136352881272,-0.008917136352881272
4,complete,no_hopping,,2.0417379446695296,4.579702294441987,0.44487715202003125,0.16578928614706773,3.995209433304791,0.010253067160458151,-0.010253067160458151
4,complete,no_hopping,,2.089296130854041,4.562517348885316,0.4443602332000148,0.1691033562009648,3.995765408039722,0.011459338585459555,-0.011459338585459555
4,complete,no_hopping,,2.1379620895022327,4.545345643377693,0.4437756696764152,0.172592455055824,3.996269073761166,0.012539247084994098,-0.012539247084994098
4,complete,no_hopping,,2.1877616239495516,4.5281875670083656,0.4431267981882191,0.17624786936312561,3.9967238899673294,0.01349622463667366,-0.01349622463667366
4,complete,no_hopping,,2.23872113856834,4.511045316448645,0.44241711405418505,0.18006027775650169,3.9971332362302427,0.01433382976147013,-0.01433382976147013
4,complete,no_hopping,,2.2908676527677723,4.493923010502606,0.44165026538579716,0.18401974984701508,3.997500400468373,0.015055741685042756,-0.015055741685042756
4,complete,no_hopping,,2.344228815319923,4.47682678791181,0.44083004651332325,0.188115749209401,3.9978285682815047,0.015665757523909862,-0.015665757523909862
4,complete,no_hopping,,2.39883291901949,4.459764885002779,0.43996039042541063,0.19233714132029828,3.998120813381916,0.01616779226394871,-0.01616779226394871
4,complete,no_hopping,,2.454708915685031,4.442747689694494,0.4390453600118493,0.1966722074444183,3.9983800891506776,0.016565881175508057,-0.016565881175508057
4,complete,no_hopping,,2.5118864315095797,4.425787768410934,0.4380891378960755,0.20110866546724498,3.998609221343063,0.016864184185938935,-0.016864184185938935
4,complete,no_hopping,,2.570395782768865,4.408899862589848,0.437096014650123,0.20563369863686518,3.998810901961443,0.017066991611420113,-0.017066991611420113
4,complete,no_hopping,,2.6302679918953813,4.392100851762075,0.43607037520143666,0.21023399309748322,3.998987684308596,0.017178730541585363,-0.017178730541585363
4,complete,no_hopping,,2.691534803926917,4.375409680608544,0.43501668326930665,0.214895784968628,3.9991419792276512,0.017203971079303493,-0.017203971079303493
4,complete,no_hopping,,2.7542287033381663,4.358847247994594,0.43393946370926684,0.2196049175445178,3.999276052527198,0.017147431570926353,-0.017147431570926353
4,complete,no_hopping,,2.818382931264455,4.3424362567329515,0.43284328269678923,0.2243469089571606,3.999392023581756,0.017013981926565558,-0.017013981926565558
4,complete,no_hopping,,2.8840315031266055,4.3262010237319375,0.43173272574624016,0.22910703036707242,3.9994918650874856,0.016808644132133344,-0.016808644132133344
4,complete,no_hopping,,2.951209226666387,4.310167251225244,0.43061237363625765,0.23387039442264793,3.999577403942335,0.016536589099655163,-0.016536589099655163
4,complete,no_hopping,,3.019951720402016,4.2943617609276306,0.4294867763959326,0.2386220533722731,3.9996503232075264,0.01620312909397903,-0.01620312909397903
4,complete,no_hopping,,3.090295432513592,4.2788121941767345,0.42836042559480925,0.24334710583472619,3.9997121650946346,0.015813705112456722,-0.015813705112456722
4,complete,no_hopping,,3.1622776601683795,4.263546682359059,0.4272377252696771,0.24803081084863632,3.9997643349094254,0.01537386877808955,-0.01537386877808955
4,complete,no_hopping,,3.2359365692962845,4.2485934931203255,0.42612296190837085,0.25265870744887287,3.999808105870522,0.01488925852974643,-0.01488925852974643
4,complete,no_hopping,,3.311311214825911,4.233980658967341,0.42502027399038744,0.25721673767611297,3.9998446247089756,0.014365570147284457,-0.014365570147284457
4,complete,no_hopping,,3.3884415613920273,4.2197355958179985,0.4239336216514043,0.26169137063557324,3.999874917943545,0.013808521921725658,-0.013808521921725658
4,complete,no_hopping,,3.4673685045253166,4.205884719788126,0.4228667570890909,0.2660697250007139,3.9998998987175285,0.013223815057402888,-0.013223815057402888
4,complete,no_hopping,,3.548133892335757,4.192453070967976,0.42182319635699517,0.27033968722459917,3.999920374076134,0.012617090157012179,-0.012617090157012179
4,complete,no_hopping,,3.630780547701014,4.179463953095862,0.42080619319865875,0.27449002268780665,3.9999370525595026,0.011993880875877716,-0.011993880875877716
4,complete,no_hopping,,3.715352290971728,4.166938597857051,0.41981871555363454,0.2785104770856416,3.99995055198546,0.011359566022304257,-0.011359566022304257
4,complete,no_hopping,,3.801893963205613,4.154895862016874,0.4188634253203611,0.28239186554023565,3.9999614072986573,0.010719321513056101,-0.010719321513056101
4,complete,no_hopping,,3.890451449942805,4.143351964749172,0.4179426618889661,0.286126147210905,3.999970078368309,0.010078073657420417,-0.010078073657420417
4,complete,no_hopping,,3.981071705534973,4.1323202713787195,0.4170584298627492,0.289706483557616,3.999976957625457,0.00944045523403525,-0.00944045523403525
4,complete,no_hopping,,4.073802778041126,4.121811128368746,0.4162123912744017,0.2931272788712934,3.999982377441911,0.008810765741450233,-0.008810765741450233
4,complete,no_hopping,,4.168693834703355,4.111831752816579,0.4154058624771266,0.29638420219945405,3.999986617166787,0.008192937051521909,-0.008192937051521909
4,complete,no_hopping,,4.265795188015925,4.102386178047877,0.41463981575774744,0.29947419034183737,3.99998990975131,0.0075905054832337004,-0.0075905054832337004
4,complete,no_hopping,,4.365158322401661,4.093475255201663,0.41391488558503803,0.30239543214216147,3.9999924479088267,0.007006591057457934,-0.007006591057457934
4,complete,no_hopping,,4.46683592150963,4.085096709054749,0.4132313792780294,0.3051473348329612,3.9999943897728616,0.006443884406678979,-0.006443884406678979
4,complete,no_hopping,,4.570881896148752,4.077245244818236,0.4125892917619042,0.3077304736770528,3.9999958640318276,0.0059046415152170795,-0.0059046415152170795
4,complete,no_hopping,,4.677351412871981,4.069912701313212,0.4119883239780015,0.3101465265709058,3.999996974533669,0.005390686173044612,-0.005390686173044612
4,complete,no_hopping,,4.786300923226385,4.063088244846847,0.41142790443335187,0.3123981956167669,3.999997804366731,0.004903419755285299,-0.004903419755285299
4,complete,no_hopping,,4.897788193684462,4.056758597295812,0.4109072133163589,0.3144891179213734,3.9999984194344442,0.004443837703710374,-0.004443837703710374
4,complete,no_hopping,,5.011872336272725,4.050908291376581,0.41042520856988685,0.3164237680349175,3.9999988715504617,0.0040125518958920026,-0.0040125518958920026
4,complete,no_hopping,,5.1286138399136485,4.045519945840954,0.4099806533008052,0.3182073545054247,3.9999992010878547,0.0036098179479606696,-0.0036098179479606696
4,complete,no_hopping,,5.248074602497728,4.040574553363326,0.4095721439145089,0.3198457129966192,3.9999994392206624,0.003235566410962898,-0.003235566410962898
4,complete,no_hopping,,5.370317963702527,4.036051774156488,0.40919813839172614,0.3213451983111323,3.999999609799084,0.0028894367865899273,-0.0028894367865899273
4,complete,no_hopping,,5.4954087385762485,4.031930228826973,0.4088569841699049,0.3227125774882789,3.999999730900246,0.0025708133017776635,-0.0025708133017776635
4,complete,no_hopping,,5.623413251903491,4.0281877846172875,0.4085469451489939,0.32395492592075764,3.999999816096257,0.0022788614366178184,-0.0022788614366178184
4,complete,no_hopping,,5.754399373371572,4.02480182993547,0.40826622740798474,0.32507952817273755,3.9999998754793005,0.00201256428755614,-0.00201256428755614
4,complete,no_hopping,,5.88843655355589,4.021749532897347,0.4080130032902702,0.32609378489735064,3.9999999164809426,0.001770757960261271,-0.001770757960261271
4,complete,no_hopping,,6.025595860743581,4.019008080464008,0.4077854335895679,0.32700512695868433,3.9999999445195904,0.0015521653135819324,-0.0015521653135819324
4,complete,no_hopping,,6.165950018614822,4.016554895607612,0.4075816876407012,0.3278209375736248,3.999999963506257,0.0013554275109599612,-0.0013554275109599612
4,complete,no_hopping,,6.309573444801936,4.014367830755007,0.4073999611885663,0.3285484830126439,3.9999999762352108,0.0011791329701371644,-0.0011791329701371644
4,complete,no_hopping,,6.456542290346556,4.012425336514441,0.4072384919722468,0.32919485214345906,3.9999999846822223,0.001021843430963676,-0.001021843430963676
4,complete,no_hopping,,6.606934480075965,4.010706605371404,0.40709557301803445,0.32976690487304633,3.9999999902296395,0.0008821169790946826,-0.0008821169790946826
4,complete,no_hopping,,6.760829753919819,4.009191690631695,0.40696956368430254,0.3302712293453265,3.999999993834296,0.0007585279686563862,-0.0007585279686563862
4,complete,no_hopping,,6.918309709189363,4.007861601390588,0.4068588985423323,0.33071410758543246,3.999999996151312,0.0006496838759217916,-0.0006496838759217916
4,complete,no_hopping,,7.07945784384138,4.006698374713558,0.4067620942103472,0.331101489147015,3.9999999976242497,0.000554239189690442,-0.000554239189690442
4,complete,no_hopping,,7.244359600749899,4.005685126531037,0.40667775428344694,0.33143897221534985,3.9999999985501,0.0004709065012573621,-0.0004709065012573621
4,complete,no_hopping,,7.413102413009177,4.004806082982396,0.40660457252038923,0.3317317915438919,3.9999999991253716,0.000398464999337822,-0.000398464999337822
4,complete,no_hopping,,7.585775750291836,4.0040465941003,0.40654133446000446,0.3319848125527107,3.999999999478643,0.00033576660404222025,-0.00033576660404222025
4,complete,no_hopping,,7.76247116628692,4.003393131815668,0.40648691764608275,0.33220253089092217,3.999999999692975,0.0002817399907169005,-0.0002817399907169005
4,complete,no_hopping,,7.943282347242813,4.002833274293543,0.4064402906408532,0.33238907675831547,3.99999999982143,0.00023539276129791453,-0.00023539276129791453
4,complete,no_hopping,,8.128305161640995,4.002355678592495,0.406400511004322,0.33254822329093553,3.9999999998974523,0.00019581201906548884,-0.00019581201906548884
4,complete,no_hopping,,8.317637711026709,4.001950043581836,0.4063667224106218,0.33268339833809235,3.9999999999418696,0.00016216359455523133,-0.00016216359455523133
4,complete,no_hopping,,8.511380382023768,4.00160706496159,0.40633815106384175,0.33279769899146994,3.999999999967483,0.0001336901575206273,-0.0001336901575206273
4,complete,no_hopping,,8.709635899560805,4.001318384116409,0.40631410156517167,0.33289390826802157,3.999999999982057,0.00010970843304880518,-0.00010970843304880518
4,complete,no_hopping,,8.91250938133746,4.001076532403783,0.40629395237121474,0.3329745133950078,3.999999999990239,8.960572129979028e-05,-8.960572129979028e-05
4,complete,no_hopping,,9.120108393559097,4.000874872333834,0.40627715097039246,0.33304172519585995,3.9999999999947553,7.283590025330966e-05,-7.283590025330966e-05
4,complete,no_hopping,,9.332543007969914,4.000707536948462,0.4062632088910712,0.33309749812796685,3.99999999999723,5.891507018773723e-05,-5.891507018773723e-05
4,complete,no_hopping,,9.549925860214358,4.000569368554837,0.40625169664144695,0.3331435505765171,3.999999999998555,4.741697852428395e-05,-4.741697852428395e-05
4,complete,no_hopping,,9.772372209558112,4.000455857816253,0.4062422386679562,0.3331813850611686,3.99999999999926,3.796834375124902e-05,-3.796834375124902e-05
4,complete,no_hopping,,10.0,4.000363084054657,0.4062345084059363,0.33321230806357277,3.999999999999628,3.0244178582661263e-05,-3.0244178582661263e-05
4,complete,no_hopping,,10.232929922807536,4.000287657475917,0.40622822348381615,0.33323744923291276,3.9999999999998117,2.3963195215026545e-05,-2.3963195215026545e-05
4,complete,no_hopping,,10.471285480509007,4.000226663893165,0.406223141130436,0.33325777977311316,3.9999999999999094,1.8883359175214665e-05,-1.8883359175214665e-05
4,complete,no_hopping,,10.71519305237607,4.000177612396341,0.40621905382408746,0.33327412985867144,3.9999999999999587,1.4797644133812682e-05,-1.4797644133812682e-05
4,complete,no_hopping,,10.964781961431852,4.000138386299285,0.4062157852118625,0.33328720496599434,3.999999999999987,1.153002658393909e-05,-1.153002658393909e-05
4,complete,no_hopping,,11.220184543019629,4.000107197588754,0.4062131863187702,0.3332976010432062,3.999999999999992,8.931748128659933e-06,-8.931748128659933e-06
4,complete,no_hopping,,11.481536214968841,4.000082545004678,0.40621113205796944,0.3333058184737544,3.999999999999993,6.877862685383818e-06,-6.877862685383818e-06
4,complete,no_hopping,,11.748975549395302,4.00006317579709,0.4062095180463122,0.33331227481746983,3.9999999999999942,5.2640775178858235e-06,-5.2640775178858235e-06
4,complete,no_hopping,,12.02264434617413,4.00004805113268,0.406208257723263,0.33331731633721784,4.0,4.00388946220076e-06,-4.00388946220076e-06
4,complete,no_hopping,,12.30268770812381,4.00003631506306,0.4062072797660917,0.33332122833979594,4.000000000000002,3.0260117427349797e-06,-3.0260117427349797e-06
4,complete,no_hopping,,12.589254117941662,4.00002726691665,0.40620652579000377,0.3333242443766117,4.000000000000001,2.2720818240173912e-06,-2.2720818240173912e-06
4,complete,no_hopping,,12.88249551693135,4.000020336936967,0.4062059483185441,0.333326554362965,4.000000000000002,1.694636840188224e-06,-1.694636840188224e-06
4,complete,no_hopping,,13.182567385564074,4.000015064960224,0.4062055090071009,0.3333283116846589,4.000000000000002,1.25534037209718e-06,-1.25534037209718e-06
4,complete,no_hopping,,13.489628825916533,4.000011081904772,0.4062051771006164,0.33332963936764065,4.0,9.234422460036029e-07,-9.234422460036029e-07
4,complete,no_hopping,,13.803842646028839,4.000008093832659,0.4062049281055607,0.33333063539048363,4.0,6.744517904166969e-07,-6.744517904166969e-07
4,complete,no_hopping,,14.125375446227554,4.00000586833835,0.40620474265577466,0.333331377221273,4.000000000000004,4.8900449534095e-07,-4.8900449534095e-07
4,complete,no_hopping,,14.45439770745928,4.000004223020786,0.40620460555189936,0.3333319256601162,4.000000000000003,3.5190194846990153e-07,-3.5190194846990153e-07
4,complete,no_hopping,,14.791083881682072,4.000003015801339,0.4062045049545987,0.3333323280664149,3.9999999999999987,2.5130535141748567e-07,-2.5130535141748567e-07
4,complete,no_hopping,,15.135612484362072,4.000002136860604,0.4062044317126683,0.3333326210465651,3.999999999999999,1.7806378749263274e-07,-1.7806378749263274e-07
4,complete,no_hopping,,15.488166189124827,4.000001501980543,0.40620437880825166,0.33333283267320646,4.0000000000000036,1.2515955205572027e-07,-1.2515955205572027e-07
4,complete,no_hopping,,15.848931924611142,4.000001047094577,0.40620434090270013,0.33333298430183644,4.000000000000002,8.725409283982799e-08,-8.725409283982799e-08
4,complete,no_hopping,,16.218100973589298,4.000000723865627,0.40620431396809675,0.33333309204480904,4.000000000000002,6.031953936336265e-08,-6.031953936336265e-08
4,complete,no_hopping,,16.595869074375596,4.000000496129943,0.40620429499092864,0.33333316795669743,4.0000000000000036,4.134238995590067e-08,-4.134238995590067e-08
4,complete,no_hopping,,16.98243652461746,4.000000337063236,0.40620428173593076,0.3333332209789296,4.000000000000001,2.8087407288879263e-08,-2.8087407288879263e-08
4,complete,no_hopping,,17.378008287493763,4.000000226943004,0.40620427255963376,0.3333332576856733,3.9999999999999973,1.8911111565600436e-08,-1.8911111565600436e-08
4,complete,no_hopping,,17.78279410038923,4.000000151398155,0.4062042662644959,0.3333332828672888,3.9999999999999982,1.2615975375496191e-08,-1.2615975375496191e-08
4,complete,no_hopping,,18.197008586099827,4.000000100052865,0.4062042619859021,0.33333329998238476,3.999999999999999,8.337391665946825e-09,-8.337391665946825e-09
4,complete,no_hopping,,18.620871366628695,4.000000065485974,0.4062042591054503,0.33333331150468276,3.9999999999999982,5.456933571679201e-09,-5.456933571679201e-09
4,complete,no_hopping,,19.054607179632484,4.000000042440375,0.40620425718506475,0.33333331918654846,4.0000000000000036,3.5365499417849833e-09,-3.5365499417849833e-09
4,complete,no_hopping,,19.498445997580454,4.000000027228422,0.4062042559174563,0.3333333242571998,4.000000000000003,2.268937482341471e-09,-2.268937482341471e-09
4,complete,no_hopping,,19.952623149688787,4.0000000172892385,0.40620425508922564,0.33333332757026124,3.9999999999999982,1.4407071091682155e-09,-1.4407071091682155e-09
4,complete,no_hopping,,20.417379446695318,4.000000010862624,0.4062042545536973,0.333333329712466,4.0000000000000036,9.05179931010025e-10,-9.05179931010025e-10
4,complete,no_hopping,,20.892961308540407,4.000000006751374,0.4062042542111077,0.3333333310828828,4.000000000000003,5.625895305172435e-10,-5.625895305172435e-10
4,complete,no_hopping,,21.379620895022324,4.000000004149911,0.4062042539943271,0.33333333195003795,4.000000000000003,3.4581137953182406e-10,-3.4581137953182406e-10
4,complete,no_hopping,,21.87761623949552,4.000000002522097,0.4062042538586815,0.33333333249264185,3.9999999999999996,2.1016921536443078e-10,-2.1016921536443078e-10
4,complete,no_hopping,,22.387211385683422,4.000000001515126,0.4062042537747711,0.33333333282830074,4.000000000000002,1.2625411827116295e-10,-1.2625411827116295e-10
4,complete,no_hopping,,22.90867652767775,4.000000000899455,0.4062042537234676,0.3333333330335241,3.999999999999998,7.494804776797537e-11,-7.494804776797537e-11
4,complete,no_hopping,,23.442288153199225,4.000000000527517,0.4062042536924736,0.3333333331575039,4.000000000000002,4.395661612477397e-11,-4.395661612477397e-11
4,complete,no_hopping,,23.9883291901949,4.0000000003055565,0.4062042536739777,0.3333333332314899,3.9999999999999973,2.5462965069777965e-11,-2.5462965069777965e-11
4,complete,no_hopping,,24.547089156850287,4.000000000174754,0.4062042536630777,0.3333333332750912,4.0000000000000036,1.4562351324798328e-11,-1.4562351324798328e-11
4,complete,no_hopping,,25.11886431509582,4.000000000098652,0.4062042536567359,0.3333333333004584,4.0,8.22142354195421e-12,-8.22142354195421e-12
4,complete,no_hopping,,25.703957827688647,4.000000000054957,0.40620425365309487,0.33333333331502435,3.999999999999998,4.5774495305295204e-12,-4.5774495305295204e-12
4,complete,no_hopping,,26.302679918953814,4.000000000030201,0.4062042536510314,0.3333333333232768,4.0,2.516653552220305e-12,-2.516653552220305e-12
4,complete,no_hopping,,26.91534803926914,4.0000000000163665,0.4062042536498787,0.3333333333278883,4.000000000000003,1.3626877404249171e-12,-1.3626877404249171e-12
4,complete,no_hopping,,27.54228703338169,4.0000000000087415,0.40620425364924306,0.3333333333304293,4.000000000000002,7.30748794808278e-13,-7.30748794808278e-13
4,complete,no_hopping,,28.18382931264455,4.000000000004602,0.406204253648898,0.3333333333318093,4.0,3.859135233597044e-13,-3.859135233597044e-13
4,complete,no_hopping,,28.84031503126606,4.000000000002389,0.40620425364871326,0.33333333333254794,4.000000000000002,1.9872992140790302e-13,-1.9872992140790302e-13
4,complete,no_hopping,,29.51209226666384,4.00000000000122,0.40620425364861606,0.3333333333329376,4.000000000000003,1.0191847366058937e-13,-1.0191847366058937e-13
4,complete,no_hopping,,30.199517204020193,4.000000000000616,0.40620425364856505,0.33333333333313986,4.0,5.3290705182007514e-14,-5.3290705182007514e-14
4,complete,no_hopping,,30.90295432513592,4.000000000000304,0.40620425364854007,0.33333333333324333,4.000000000000002,2.2648549702353193e-14,-2.2648549702353193e-14
4,complete,no_hopping,,31.622776601683793,4.000000000000148,0.4062042536485259,0.33333333333329557,3.999999999999999,1.4654943925052066e-14,-1.4654943925052066e-14
4,complete,no_hopping,,32.35936569296281,4.000000000000069,0.40620425364851964,0.3333333333333213,4.000000000000002,5.773159728050814e-15,-5.773159728050814e-15
4,complete,no_hopping,,33.11311214825915,4.000000000000036,0.4062042536485161,0.33333333333333426,3.9999999999999982,2.6645352591003757e-15,-2.6645352591003757e-15
4,complete,no_hopping,,33.884415613920275,4.000000000000014,0.4062042536485152,0.3333333333333404,4.0000000000000036,4.440892098500626e-16,-4.440892098500626e-16
4,complete,no_hopping,,34.673685045253166,4.000000000000007,0.40620425364851437,0.3333333333333435,4.000000000000002,-1.5543122344752192e-15,1.5543122344752192e-15
4,complete,no_hopping,,35.481338923357534,4.000000000000001,0.4062042536485131,0.333333333333345,3.9999999999999982,1.5543122344752192e-15,-1.5543122344752192e-15
4,complete,no_hopping,,36.30780547701018,4.000000000000003,0.40620425364851365,0.3333333333333459,4.000000000000002,-1.1102230246251565e-15,1.1102230246251565e-15
4,complete,no_hopping,,37.15352290971728,4.000000000000002,0.4062042536485125,0.3333333333333465,3.9999999999999982,8.881784197001252e-16,-8.881784197001252e-16
4,complete,no_hopping,,38.018939632056124,4.000000000000001,0.4062042536485125,0.33333333333334697,4.0,4.440892098500626e-16,-4.440892098500626e-16
4,complete,no_hopping,,38.904514499428046,4.000000000000001,0.40620425364851237,0.33333333333334736,4.0,2.220446049250313e-16,-2.220446049250313e-16
4,complete,no_hopping,,39.81071705534978,4.000000000000001,0.4062042536485122,0.33333333333334775,4.000000000000001,2.220446049250313e-16,-2.220446049250313e-16
4,complete,no_hopping,,40.7380277804113,4.000000000000001,0.406204253648512,0.333333333333348,4.0,0.0,-0.0
4,complete,no_hopping,,41.68693834703355,4.000000000000001,0.4062042536485117,0.33333333333334836,4.0,2.220446049250313e-16,-2.220446049250313e-16
4,complete,no_hopping,,42.65795188015925,4.000000000000001,0.40620425364851154,0.3333333333333487,4.000000000000001,0.0,-0.0
4,complete,no_hopping,,43.65158322401656,4.000000000000002,0.40620425364851137,0.3333333333333491,4.000000000000001,0.0,-0.0
4,complete,no_hopping,,44.668359215096345,4.000000000000001,0.4062042536485111,0.33333333333334947,4.000000000000001,4.440892098500626e-16,-4.440892098500626e-16
4,complete,no_hopping,,45.708818961487516,4.000000000000001,0.4062042536485108,0.3333333333333498,4.0,2.220446049250313e-16,-2.220446049250313e-16
4,complete,no_hopping,,46.77351412871981,4.000000000000001,0.4062042536485106,0.3333333333333502,4.0,2.220446049250313e-16,-2.220446049250313e-16
4,complete,no_hopping,,47.863009232263806,4.000000000000002,0.40620425364851037,0.33333333333335063,4.000000000000001,0.0,-0.0
4,complete,no_hopping,,48.97788193684466,4.000000000000001,0.4062042536485102,0.333333333333351,4.000000000000001,0.0,-0.0
4,complete,no_hopping,,50.11872336272725,4.000000000000001,0.4062042536485099,0.33333333333335147,4.000000000000001,2.220446049250313e-16,-2.220446049250313e-16
4,complete,no_hopping,,51.28613839913648,4.000000000000002,0.40620425364850965,0.3333333333333519,4.000000000000001,2.220446049250313e-16,-2.220446049250313e-16
4,complete,no_hopping,,52.48074602497723,4.000000000000002,0.4062042536485094,0.33333333333335224,4.000000000000001,2.220446049250313e-16,-2.220446049250313e-16
4,complete,no_hopping,,53.70317963702533,4.000000000000001,0.4062042536485091,0.3333333333333527,4.0,2.220446049250313e-16,-2.220446049250313e-16
4,complete,no_hopping,,54.954087385762485,4.000000000000002,0.4062042536485089,0.3333333333333532,4.000000000000001,2.220446049250313e-16,-2.220446049250313e-16
4,complete,no_hopping,,56.23413251903491,4.000000000000001,0.40620425364850854,0.3333333333333536,4.000000000000001,4.440892098500626e-16,-4.440892098500626e-16
4,complete,no_hopping,,57.543993733715666,4.000000000000002,0.40620425364850826,0.33333333333335413,4.000000000000001,2.220446049250313e-16,-2.220446049250313e-16
4,complete,no_hopping,,58.884365535558956,4.000000000000001,0.406204253648508,0.33333333333335463,4.0,2.220446049250313e-16,-2.220446049250313e-16
4,complete,no_hopping,,60.25595860743581,4.000000000000001,0.40620425364850765,0.3333333333333551,4.0,2.220446049250313e-16,-2.220446049250313e-16
4,complete,no_hopping,,61.65950018614822,4.000000000000001,0.4062042536485073,0.33333333333335563,4.0,4.440892098500626e-16,-4.440892098500626e-16
4,complete,no_hopping,,63.0957344480193,4.000000000000001,0.40620425364850704,0.33333333333335613,4.0,2.220446049250313e-16,-2.220446049250313e-16
4,complete,no_hopping,,64.56542290346563,4.000000000000002,0.40620425364850676,0.33333333333335663,4.000000000000001,0.0,-0.0
4,complete,no_hopping,,66.06934480075964,4.000000000000001,0.4062042536485064,0.33333333333335724,4.0,2.220446049250313e-16,-2.220446049250313e-16
4,complete,no_hopping,,67.60829753919819,4.000000000000002,0.40620425364850604,0.3333333333333578,4.000000000000001,0.0,-0.0
4,complete,no_hopping,,69.18309709189363,4.000000000000001,0.40620425364850565,0.33333333333335835,4.0,4.440892098500626e-16,-4.440892098500626e-16
4,complete,no_hopping,,70.79457843841388,4.000000000000002,0.4062042536485054,0.3333333333333589,4.000000000000001,0.0,-0.0
4,complete,no_hopping,,72.44359600749905,4.000000000000001,0.40620425364850493,0.33333333333335946,4.0,4.440892098500626e-16,-4.440892098500626e-16
4,complete,no_hopping,,74.13102413009177,4.000000000000001,0.4062042536485046,0.3333333333333601,4.000000000000001,4.440892098500626e-16,-4.440892098500626e-16
4,complete,no_hopping,,75.85775750291836,4.000000000000001,0.4062042536485042,0.33333333333336074,4.000000000000001,4.440892098500626e-16,-4.440892098500626e-16
4,complete,no_hopping,,77.62471166286912,4.000000000000002,0.4062042536485039,0.3333333333333614,4.000000000000001,0.0,-0.0
4,complete,no_hopping,,79.43282347242821,4.000000000000001,0.40620425364850343,0.333333333333362,4.0,2.220446049250313e-16,-2.220446049250313e-16
4,complete,no_hopping,,81.28305161640995,4.000000000000002,0.4062042536485031,0.33333333333336274,4.000000000000001,0.0,-0.0
4,complete,no_hopping,,83.17637711026708,4.000000000000001,0.4062042536485026,0.33333333333336335,4.000000000000001,2.220446049250313e-16,-2.220446049250313e-16
4,complete,no_hopping,,85.11380382023759,4.000000000000001,0.40620425364850216,0.33333333333336407,4.0,2.220446049250313e-16,-2.220446049250313e-16
4,complete,no_hopping,,87.09635899560814,4.000000000000001,0.40620425364850177,0.3333333333333648,4.0,4.440892098500626e-16,-4.440892098500626e-16
4,complete,no_hopping,,89.12509381337459,4.000000000000001,0.40620425364850127,0.3333333333333655,4.000000000000001,2.220446049250313e-16,-2.220446049250313e-16
4,complete,no_hopping,,91.20108393559097,4.000000000000001,0.4062042536485008,0.3333333333333663,4.0,2.220446049250313e-16,-2.220446049250313e-16
4,complete,no_hopping,,93.32543007969905,4.000000000000001,0.4062042536485004,0.33333333333336707,4.0,2.220446049250313e-16,-2.220446049250313e-16
4,complete,no_hopping,,95.49925860214368,4.000000000000001,0.4062042536484999,0.33333333333336784,4.000000000000001,2.220446049250313e-16,-2.220446049250313e-16
4,complete,no_hopping,,97.72372209558111,4.0,0.4062042536484994,0.3333333333333686,4.0,6.661338147750939e-16,-6.661338147750939e-16
4,complete,no_hopping,,100.0,4.000000000000001,0.40620425364849894,0.33333333333336945,4.000000000000001,2.220446049250313e-16,-2.220446049250313e-16
4,complete,no_hopping,,102.32929922807536,4.000000000000001,0.4062042536484984,0.33333333333337034,4.0,2.220446049250313e-16,-2.220446049250313e-16
4,complete,no_hopping,,104.71285480509006,4.000000000000001,0.4062042536484978,0.3333333333333711,4.0,2.220446049250313e-16,-2.220446049250313e-16
4,complete,no_hopping,,107.1519305237607,4.000000000000001,0.4062042536484973,0.33333333333337206,4.000000000000001,4.440892098500626e-16,-4.440892098500626e-16
4,complete,no_hopping,,109.64781961431851,4.000000000000002,0.40620425364849677,0.33333333333337295,4.000000000000001,2.220446049250313e-16,-2.220446049250313e-16
4,complete,no_hopping,,112.2018454301963,4.000000000000001,0.40620425364849616,0.3333333333333739,4.0,4.440892098500626e-16,-4.440892098500626e-16
4,complete,no_hopping,,114.81536214968841,4.000000000000001,0.40620425364849566,0.33333333333337484,4.000000000000001,4.440892098500626e-16,-4.440892098500626e-16
4,complete,no_hopping,,117.48975549395303,4.000000000000002,0.40620425364849505,0.33333333333337584,4.000000000000001,2.220446049250313e-16,-2.220446049250313e-16
4,complete,no_hopping,,120.22644346174131,4.000000000000002,0.4062042536484945,0.3333333333333768,4.000000000000001,0.0,-0.0
4,complete,no_hopping,,123.02687708123811,4.000000000000001,0.40620425364849383,0.3333333333333777,4.0,2.220446049250313e-16,-2.220446049250313e-16
4,complete,no_hopping,,125.89254117941688,4.000000000000002,0.4062042536484932,0.33333333333337883,4.000000000000001,-2.220446049250313e-16,2.220446049250313e-16
4,complete,no_hopping,,128.82495516931348,4.000000000000002,0.40620425364849255,0.3333333333333799,4.000000000000001,2.220446049250313e-16,-2.220446049250313e-16
4,complete,no_hopping,,131.82567385564073,4.000000000000002,0.4062042536484919,0.333333333333381,4.000000000000001,0.0,-0.0
4,complete,no_hopping,,134.89628825916532,4.000000000000002,0.4062042536484912,0.33333333333338205,4.000000000000001,0.0,-0.0
4,complete,no_hopping,,138.03842646028838,4.000000000000001,0.4062042536484905,0.3333333333333832,4.0,2.220446049250313e-16,-2.220446049250313e-16
4,complete,no_hopping,,141.25375446227554,4.000000000000001,0.40620425364848983,0.3333333333333844,4.0,2.220446049250313e-16,-2.220446049250313e-16
4,complete,no_hopping,,144.5439770745928,4.000000000000002,0.4062042536484891,0.3333333333333856,4.000000000000001,0.0,-0.0
4,complete,no_hopping,,147.91083881682073,4.000000000000001,0.40620425364848833,0.3333333333333868,4.000000000000001,4.440892098500626e-16,-4.440892098500626e-16
4,complete,no_hopping,,151.3561248436207,4.000000000000002,0.4062042536484876,0.33333333333338805,4.000000000000001,-2.220446049250313e-16,2.220446049250313e-16
4,complete,no_hopping,,154.88166189124829,4.000000000000001,0.40620425364848683,0.33333333333338927,4.0,2.220446049250313e-16,-2.220446049250313e-16
4,complete,no_hopping,,158.48931924611142,4.000000000000001,0.406204253648486,0.33333333333339066,4.000000000000001,4.440892098500626e-16,-4.440892098500626e-16
4,complete,no_hopping,,162.18100973589299,4.000000000000001,0.40620425364848517,0.33333333333339193,4.0,4.440892098500626e-16,-4.440892098500626e-16
4,complete,no_hopping,,165.95869074375597,4.000000000000001,0.4062042536484844,0.3333333333333933,4.000000000000001,2.220446049250313e-16,-2.220446049250313e-16
4,complete,no_hopping,,169.8243652461746,4.000000000000001,0.4062042536484835,0.3333333333333947,4.0,4.440892098500626e-16,-4.440892098500626e-16
4,complete,no_hopping,,173.78008287493762,4.000000000000002,0.4062042536484826,0.33333333333339615,4.000000000000001,2.220446049250313e-16,-2.220446049250313e-16
4,complete,no_hopping,,177.82794100389228,4.000000000000001,0.40620425364848173,0.3333333333333976,4.000000000000001,4.440892098500626e-16,-4.440892098500626e-16
4,complete,no_hopping,,181.97008586099827,4.000000000000002,0.40620425364848084,0.33333333333339915,4.000000000000001,2.220446049250313e-16,-2.220446049250313e-16
4,complete,no_hopping,,186.20871366628694,4.000000000000002,0.40620425364847995,0.33333333333340065,4.000000000000001,0.0,-0.0
4,complete,no_hopping,,190.54607179632484,4.000000000000002,0.406204253648479,0.33333333333340226,4.000000000000001,0.0,-0.0
4,complete,no_hopping,,194.98445997580455,4.000000000000002,0.40620425364847795,0.33333333333340376,4.000000000000001,2.220446049250313e-16,-2.220446049250313e-16
4,complete,no_hopping,,199.52623149688787,4.000000000000001,0.40620425364847695,0.3333333333334054,4.0,2.220446049250313e-16,-2.220446049250313e-16
4,complete,no_hopping,,204.17379446695315,4.000000000000001,0.40620425364847595,0.33333333333340714,4.0,2.220446049250313e-16,-2.220446049250313e-16
4,complete,no_hopping,,208.92961308540407,4.000000000000001,0.4062042536484749,0.33333333333340887,4.0,4.440892098500626e-16,-4.440892098500626e-16
4,complete,no_hopping,,213.79620895022325,4.000000000000001,0.40620425364847385,0.33333333333341064,4.000000000000001,2.220446049250313e-16,-2.220446049250313e-16
4,complete,no_hopping,,218.77616239495518,4.000000000000002,0.40620425364847274,0.3333333333334124,4.000000000000001,0.0,-0.0
4,complete,no_hopping,,223.87211385683423,4.000000000000001,0.4062042536484716,0.33333333333341425,4.0,2.220446049250313e-16,-2.220446049250313e-16
4,complete,no_hopping,,229.08676527677747,4.000000000000001,0.40620425364847046,0.3333333333334161,4.000000000000001,4.440892098500626e-16,-4.440892098500626e-16
4,complete,no_hopping,,234.42288153199226,4.000000000000001,0.4062042536484693,0.3333333333334181,4.0,4.440892098500626e-16,-4.440892098500626e-16
4,complete,no_hopping,,239.88329190194898,4.000000000000002,0.40620425364846807,0.33333333333342,4.000000000000001,0.0,-0.0
4,complete,no_hopping,,245.47089156850285,4.000000000000001,0.40620425364846685,0.3333333333334221,4.000000000000001,4.440892098500626e-16,-4.440892098500626e-16
4,complete,no_hopping,,251.18864315095823,4.000000000000001,0.4062042536484656,0.3333333333334241,4.000000000000001,2.220446049250313e-16,-2.220446049250313e-16
4,complete,no_hopping,,257.03957827688646,4.000000000000001,0.4062042536484643,0.33333333333342624,4.000000000000001,2.220446049250313e-16,-2.220446049250313e-16
4,complete,no_hopping,,263.02679918953817,4.000000000000001,0.40620425364846297,0.3333333333334284,4.000000000000001,4.440892098500626e-16,-4.440892098500626e-16
4,complete,no_hopping,,269.1534803926914,4.000000000000001,0.40620425364846163,0.3333333333334306,4.000000000000001,2.220446049250313e-16,-2.220446049250313e-16
4,complete,no_hopping,,275.4228703338169,4.000000000000001,0.40620425364846025,0.33333333333343285,4.000000000000001,4.440892098500626e-16,-4.440892098500626e-16
4,complete,no_hopping,,281.8382931264455,4.000000000000002,0.40620425364845886,0.33333333333343523,4.000000000000001,2.220446049250313e-16,-2.220446049250313e-16
4,complete,no_hopping,,288.40315031266056,4.000000000000001,0.4062042536484574,0.3333333333334376,4.0,2.220446049250313e-16,-2.220446049250313e-16
4,complete,no_hopping,,295.1209226666384,4.000000000000001,0.40620425364845586,0.33333333333344,4.0,2.220446049250313e-16,-2.220446049250313e-16
4,complete,no_hopping,,301.9951720402019,4.000000000000002,0.4062042536484544,0.3333333333334425,4.000000000000001,0.0,-0.0
4,complete,no_hopping,,309.0295432513592,4.000000000000001,0.40620425364845286,0.33333333333344506,4.0,2.220446049250313e-16,-2.220446049250313e-16
4,complete,no_hopping,,316.22776601683796,4.000000000000002,0.4062042536484513,0.33333333333344767,4.000000000000001,0.0,-0.0
4,complete,no_hopping,,323.5936569296281,4.000000000000001,0.40620425364844964,0.3333333333334503,4.000000000000001,4.440892098500626e-16,-4.440892098500626e-16
4,complete,no_hopping,,331.1311214825914,4.000000000000001,0.406204253648448,0.33333333333345305,4.000000000000001,2.220446049250313e-16,-2.220446049250313e-16
4,complete,no_hopping,,338.84415613920277,4.000000000000002,0.4062042536484463,0.33333333333345583,4.000000000000001,2.220446049250313e-16,-2.220446049250313e-16
4,complete,no_hopping,,346.73685045253166,4.000000000000001,0.40620425364844454,0.3333333333334587,4.0,2.220446049250313e-16,-2.220446049250313e-16
4,complete,no_hopping,,354.8133892335753,4.000000000000001,0.4062042536484428,0.3333333333334616,4.000000000000001,2.220446049250313e-16,-2.220446049250313e-16
4,complete,no_hopping,,363.07805477010174,4.000000000000001,0.4062042536484409,0.3333333333334646,4.0,2.220446049250313e-16,-2.220446049250313e-16
4,complete,no_hopping,,371.53522909717276,4.000000000000001,0.40620425364843904,0.33333333333346765,4.0,2.220446049250313e-16,-2.220446049250313e-16
4,complete,no_hopping,,380.1893963205613,4.000000000000001,0.40620425364843715,0.33333333333347076,4.000000000000001,4.440892098500626e-16,-4.440892098500626e-16
4,complete,no_hopping,,389.04514499428046,4.000000000000001,0.40620425364843515,0.333333333333474,4.0,4.440892098500626e-16,-4.440892098500626e-16
4,complete,no_hopping,,398.1071705534977,4.000000000000001,0.4062042536484332,0.33333333333347726,4.000000000000001,4.440892098500626e-16,-4.440892098500626e-16
4,complete,no_hopping,,407.380277804113,4.000000000000001,0.40620425364843116,0.3333333333334806,4.0,4.440892098500626e-16,-4.440892098500626e-16
4,complete,no_hopping,,416.8693834703355,4.000000000000002,0.4062042536484291,0.333333333333484,4.000000000000001,0.0,-0.0
4,complete,no_hopping,,426.57951880159254,4.000000000000002,0.406204253648427,0.3333333333334876,4.000000000000001,0.0,-0.0
4,complete,no_hopping,,436.51583224016565,4.000000000000001,0.4062042536484248,0.33333333333349113,4.0,2.220446049250313e-16,-2.220446049250313e-16
4,complete,no_hopping,,446.6835921509635,4.000000000000001,0.4062042536484225,0.3333333333334948,4.0,4.440892098500626e-16,-4.440892098500626e-16
4,complete,no_hopping,,457.0881896148752,4.000000000000001,0.4062042536484202,0.33333333333349857,4.000000000000001,2.220446049250313e-16,-2.220446049250313e-16
4,complete,no_hopping,,467.73514128719813,4.000000000000001,0.40620425364841783,0.3333333333335024,4.0,4.440892098500626e-16,-4.440892098500626e-16
4,complete,no_hopping,,478.630092322638,4.000000000000002,0.4062042536484155,0.3333333333335064,4.000000000000001,2.220446049250313e-16,-2.220446049250313e-16
4,complete,no_hopping,,489.77881936844665,4.000000000000001,0.406204253648413,0.3333333333335104,4.000000000000001,4.440892098500626e-16,-4.440892098500626e-16
4,complete,no_hopping,,501.18723362727246,4.000000000000001,0.40620425364841045,0.33333333333351456,4.0,4.440892098500626e-16,-4.440892098500626e-16
4,complete,no_hopping,,512.8613839913648,4.000000000000002,0.40620425364840795,0.3333333333335188,4.000000000000001,2.220446049250313e-16,-2.220446049250313e-16
4,complete,no_hopping,,524.8074602497722,4.000000000000002,0.40620425364840534,0.3333333333335231,4.000000000000001,0.0,-0.0
4,complete,no_hopping,,537.0317963702532,4.000000000000001,0.4062042536484026,0.33333333333352744,4.0,0.0,-0.0
4,complete,no_hopping,,549.5408738576248,4.000000000000001,0.40620425364839985,0.33333333333353204,4.000000000000001,4.440892098500626e-16,-4.440892098500626e-16
4,complete,no_hopping,,562.341325190349,4.000000000000002,0.406204253648397,0.33333333333353665,4.000000000000001,2.220446049250313e-16,-2.220446049250313e-16
4,complete,no_hopping,,575.4399373371566,4.000000000000001,0.40620425364839413,0.33333333333354137,4.0,2.220446049250313e-16,-2.220446049250313e-16
4,complete,no_hopping,,588.8436553555896,4.000000000000001,0.4062042536483912,0.3333333333335462,4.000000000000001,4.440892098500626e-16,-4.440892098500626e-16
4,complete,no_hopping,,602.5595860743581,4.000000000000001,0.4062042536483882,0.3333333333335512,4.000000000000001,4.440892098500626e-16,-4.440892098500626e-16
4,complete,no_hopping,,616.5950018614822,4.000000000000001,0.4062042536483851,0.33333333333355625,4.0,4.440892098500626e-16,-4.440892098500626e-16
4,complete,no_hopping,,630.957344480193,4.000000000000002,0.406204253648382,0.33333333333356147,4.000000000000001,2.220446049250313e-16,-2.220446049250313e-16
4,complete,no_hopping,,645.6542290346563,4.000000000000001,0.40620425364837864,0.33333333333356674,4.000000000000001,2.220446049250313e-16,-2.220446049250313e-16
4,complete,no_hopping,,660.6934480075964,4.000000000000001,0.40620425364837537,0.33333333333357223,4.000000000000001,2.220446049250313e-16,-2.220446049250313e-16
4,complete,no_hopping,,676.0829753919819,4.000000000000001,0.406204253648372,0.3333333333335778,4.000000000000001,4.440892098500626e-16,-4.440892098500626e-16
4,complete,no_hopping,,691.8309709189363,4.000000000000001,0.4062042536483685,0.33333333333358345,4.0,4.440892098500626e-16,-4.440892098500626e-16
4,complete,no_hopping,,707.9457843841387,4.000000000000002,0.406204253648365,0.33333333333358933,4.000000000000002,2.220446049250313e-16,-2.220446049250313e-16
4,complete,no_hopping,,724.4359600749906,4.000000000000001,0.4062042536483613,0.3333333333335952,4.0,2.220446049250313e-16,-2.220446049250313e-16
4,complete,no_hopping,,741.3102413009177,4.000000000000002,0.4062042536483576,0.3333333333336014,4.000000000000001,4.440892098500626e-16,-4.440892098500626e-16
4,complete,no_hopping,,758.5775750291835,4.000000000000001,0.4062042536483538,0.3333333333336076,4.000000000000001,4.440892098500626e-16,-4.440892098500626e-16
4,complete,no_hopping,,776.2471166286912,4.000000000000001,0.4062042536483499,0.333333333333614,4.000000000000001,2.220446049250313e-16,-2.220446049250313e-16
4,complete,no_hopping,,794.3282347242822,4.000000000000001,0.40620425364834595,0.33333333333362053,4.000000000000001,2.220446049250313e-16,-2.220446049250313e-16
4,complete,no_hopping,,812.8305161640995,4.000000000000002,0.4062042536483419,0.33333333333362725,4.000000000000001,-2.220446049250313e-16,2.220446049250313e-16
4,complete,no_hopping,,831.7637711026708,4.000000000000001,0.4062042536483377,0.3333333333336341,4.000000000000001,4.440892098500626e-16,-4.440892098500626e-16
4,complete,no_hopping,,851.1380382023759,4.000000000000001,0.4062042536483334,0.33333333333364107,4.000000000000001,2.220446049250313e-16,-2.220446049250313e-16
4,complete,no_hopping,,870.9635899560815,4.000000000000001,0.40620425364832907,0.33333333333364823,4.000000000000001,2.220446049250313e-16,-2.220446049250313e-16
4,complete,no_hopping,,891.2509381337459,4.000000000000001,0.4062042536483246,0.33333333333365556,4.0,2.220446049250313e-16,-2.220446049250313e-16
4,complete,no_hopping,,912.0108393559096,4.000000000000001,0.40620425364831997,0.3333333333336631,4.0,2.220446049250313e-16,-2.220446049250313e-16
4,complete,no_hopping,,933.2543007969905,4.000000000000001,0.4062042536483153,0.33333333333367077,4.0,2.220446049250313e-16,-2.220446049250313e-16
4,complete,no_hopping,,954.9925860214369,4.000000000000001,0.40620425364831053,0.33333333333367865,4.000000000000001,2.220446049250313e-16,-2.220446049250313e-16
4,complete,no_hopping,,977.2372209558112,4.000000000000001,0.40620425364830565,0.33333333333368664,4.000000000000001,2.220446049250313e-16,-2.220446049250313e-16
4,complete,no_hopping,,1000.0,4.000000000000001,0.4062042536483006,0.3333333333336949,4.000000000000001,4.440892098500626e-16,-4.440892098500626e-16
4,complete,no_hopping,,inf,4.000000000000001,0.4062042536485209,0.33333333333333326,4.0,0.0,0.0
4,complete,free,0.0,0.0,-1.2965818894729505e-16,0.17556365302394783,0.6380952380952382,3.42857142857143,-3.9905903140417814e-17,3.9905903140417814e-17
4,complete,free,0.0,0.001,-0.02559988687309624,0.17556399880303147,0.6380945371478636,3.428572457592758,-0.000691553224443202,0.000691553224443202
4,complete,free,0.0,0.0010232929922807535,-0.026196179384761976,0.1755640150989756,0.6380945041134782,3.428572506099831,-0.000707661091610504,0.000707661091610504
4,complete,free,0.0,0.0010471285480508996,-0.026806360943117436,0.17556403216291225,0.6380944695222549,3.4285725568937346,-0.0007241441251067647,0.0007241441251067647
4,complete,free,0.0,0.001071519305237606,-0.027430755037715627,0.17556405003103456,0.6380944333008232,3.4285726100822997,-0.0007410110612404257,0.0007410110612404257
4,complete,free,0.0,0.0010964781961431851,-0.02806969269115202,0.17556406874124147,0.6380943953723561,3.428572665778437,-0.000758270839639255,0.000758270839639255
4,complete,free,0.0,0.001122018454301963,-0.028723512634391234,0.17556408833321757,0.6380943556564076,3.4285727241003894,-0.0007759326079757782,0.0007759326079757782
4,complete,free,0.0,0.0011481536214968829,-0.02939256148616636,0.17556410884851806,0.6380943140687383,3.428572785171971,-0.0007940057267978636,0.0007940057267978636
4,complete,free,0.0,0.001174897554939529,-0.0300771939365369,0.17556413033065627,0.63809427052114,3.42857284912284,-0.0008124997744755977,0.0008124997744755977
4,complete,free,0.0,0.001202264434617413,-0.030777772934731003,0.1755641528251959,0.6380942249212487,3.428572916088767,-0.0008314245522565728,0.0008314245522565728
4,complete,free,0.0,0.0012302687708123812,-0.0314946698813259,0.17556417637984822,0.6380941771723458,3.4285729862119285,-0.0008507900894433396,0.0008507900894433396
4,complete,free,0.0,0.0012589254117941675,-0.0322282648249155,0.17556420104457265,0.6380941271731565,3.4285730596412076,-0.0008706066486860817,0.0008706066486860817
4,complete,free,0.0,0.0012882495516931337,-0.032978946663319124,0.17556422687168272,0.6380940748176319,3.4285731365325076,-0.0008908847314011478,0.0008908847314011478
4,complete,free,0.0,0.0013182567385564075,-0.033747113349486484,0.17556425391595729,0.6380940199947286,3.428573217049087,-0.0009116350833106345,0.0009116350833106345
4,complete,free,0.0,0.0013489628825916532,-0.0345331721021638,0.17556428223475676,0.6380939625881659,3.428573301361904,-0.0009328687001117775,0.0009328687001117775
4,complete,free,0.0,0.0013803842646028853,-0.03533753962145957,0.17556431188814484,0.6380939024761877,3.428573389649987,-0.0009545968332772305,0.0009545968332772305
4,complete,free,0.0,0.001412537544622754,-0.03616064230941087,0.17556434293901493,0.6380938395312981,3.4285734821008007,-0.0009768309959862212,0.0009768309959862212
4,complete,free,0.0,0.001445439770745928,-0.03700291649565684,0.1755643754532248,0.6380937736199936,3.4285735789106595,-0.0009995829691958691,0.0009995829691958691
4,complete,free,0.0,0.0014791083881682072,-0.03786480866836663,0.17556440949973534,0.6380937046024806,3.428573680285137,-0.0010228648078485234,0.0010228648078485234
4,complete,free,0.0,0.0015135612484362087,-0.03874677571050036,0.1755644451507571,0.6380936323323756,3.428573786439502,-0.0010466888472239512,0.0010466888472239512
4,complete,free,0.0,0.0015488166189124811,-0.03964928514156967,0.17556448248190343,0.6380935566563996,3.428573897599185,-0.0010710677094358132,0.0010710677094358132
4,complete,free,0.0,0.001584893192461114,-0.04057281536498724,0.17556452157235075,0.6380934774140504,3.4285740140002487,-0.0010960143100773884,0.0010960143100773884
4,complete,free,0.0,0.0016218100973589297,-0.04151785592115447,0.17556456250500635,0.638093394437261,3.4285741358898854,-0.0011215418650214297,0.0011215418650214297
4,complete,free,0.0,0.0016595869074375613,-0.04248490774641283,0.1755646053666843,0.6380933075500469,3.4285742635269627,-0.0011476638973732323,0.0011476638973732323
4,complete,free,0.0,0.0016982436524617442,-0.04347448343799757,0.1755646502482896,0.638093216568129,3.4285743971825524,-0.00117439424458338,0.00117439424458338
4,complete,free,0.0,0.0017378008287493763,-0.04448710752512499,0.17556469724501048,0.6380931212985461,3.428574537140519,-0.0012017470657239848,0.0012017470657239848
4,complete,free,0.0,0.0017782794100389228,-0.045523316746352814,0.17556474645652068,0.6380930215392447,3.428574683698121,-0.0012297368489305911,0.0012297368489305911
4,complete,free,0.0,0.0018197008586099826,-0.046583660333360914,0.1755647979871906,0.6380929170786499,3.4285748371666402,-0.0012583784190142826,0.0012583784190142826
4,complete,free,0.0,0.0018620871366628676,-0.04766870030131135,0.17556485194630858,0.6380928076952166,3.4285749978720466,-0.0012876869452459142,0.0012876869452459142
4,complete,free,0.0,0.0019054607179632482,-0.04877901174590404,0.17556490844831224,0.6380926931569625,3.4285751661556887,-0.0013176779493189305,0.0013176779493189305
4,complete,free,0.0,0.0019498445997580456,-0.049915183147320956,0.17556496761303203,0.6380925732209736,3.4285753423750323,-0.001348367313493297,0.001348367313493297
4,complete,free,0.0,0.001995262314968879,-0.05107781668118331,0.17556502956594397,0.6380924476328899,3.4285755269043983,-0.0013797712889234148,0.0013797712889234148
4,complete,free,0.0,0.0020417379446695297,-0.05226752853669963,0.1755650944384366,0.638092316126366,3.428575720135776,-0.0014119065041769338,0.0014119065041769338
4,complete,free,0.0,0.0020892961308540386,-0.053484949242165354,0.17556516236808922,0.6380921784225089,3.428575922479657,-0.0014447899739436446,0.0014447899739436446
4,complete,free,0.0,0.0021379620895022326,-0.05473072399797744,0.17556523349896322,0.6380920342292827,3.428576134365897,-0.001478439107943758,0.001478439107943758
4,complete,free,0.0,0.002187761623949552,-0.056005513017329166,0.17556530798190784,0.6380918832408938,3.4285763562446436,-0.0015128717200377766,0.0015128717200377766
4,complete,free,0.0,0.00223872113856834,-0.057309991874774376,0.17556538597487983,0.6380917251371391,3.4285765885872856,-0.0015481060375399907,0.0015481060375399907
4,complete,free,0.0,0.0022908676527677724,-0.0586448518628151,0.17556546764327757,0.6380915595827298,3.428576831887455,-0.0015841607107446812,0.0015841607107446812
4,complete,free,0.0,0.0023442288153199225,-0.06001080035673698,0.17556555316029293,0.6380913862265805,3.4285770866620906,-0.0016210548226619128,0.0016210548226619128
4,complete,free,0.0,0.00239883291901949,-0.061408561187811773,0.17556564270727684,0.6380912047010638,3.4285773534525195,-0.0016588078989782321,0.0016588078989782321
4,complete,free,0.0,0.002454708915685031,-0.06283887502512454,0.17556573647412488,0.6380910146212332,3.4285776328256237,-0.0016974399182352901,0.0016974399182352901
4,complete,free,0.0,0.0025118864315095794,-0.06430249976617539,0.17556583465967865,0.6380908155840045,3.428577925375039,-0.0017369713222389598,0.0017369713222389598
4,complete,free,0.0,0.0025703957827688645,-0.06580021093645473,0.17556593747214796,0.638090607167306,3.428578231722427,-0.0017774230267015474,0.0017774230267015474
4,complete,free,0.0,0.0026302679918953813,-0.067332802098232,0.17556604512955115,0.6380903889291798,3.428578552518783,-0.0018188164321170618,0.0018188164321170618
4,complete,free,0.0,0.0026915348039269166,-0.06890108526870099,0.17556615786017787,0.6380901604068486,3.4285788884458412,-0.001861173434884589,0.001861173434884589
4,complete,free,0.0,0.002754228703338166,-0.07050589134774878,0.17556627590307228,0.6380899211157317,3.428579240217511,-0.0019045164386724146,0.0019045164386724146
4,complete,free,0.0,0.002818382931264455,-0.07214807055552819,0.1755663995085394,0.6380896705484225,3.4285796085814026,-0.0019488683660381818,0.0019488683660381818
4,complete,free,0.0,0.0028840315031266055,-0.07382849288005934,0.1755665289386757,0.6380894081736114,3.4285799943204216,-0.001994252670302867,0.001994252670302867
4,complete,free,0.0,0.002951209226666387,-0.07554804853509277,0.17556666446792424,0.6380891334349607,3.4285803982544354,-0.0020406933476871877,0.0020406933476871877
4,complete,free,0.0,0.003019951720402016,-0.077307648428437,0.17556680638365538,0.6380888457499241,3.4285808212420057,-0.00208821494971541,0.00208821494971541
4,complete,free,0.0,0.003090295432513592,-0.07910822464102074,0.1755669549867766,0.6380885445085177,3.428581264182246,-0.0021368425958873585,0.0021368425958873585
4,complete,free,0.0,0.0031622776601683794,-0.0809507309168642,0.17556711059236818,0.6380882290720229,3.428581728016701,-0.0021866019866331222,0.0021866019866331222
4,complete,free,0.0,0.003235936569296281,-0.08283614316427432,0.175567273530353,0.6380878987716383,3.4285822137313846,-0.0022375194165424293,0.0022375194165424293
4,complete,free,0.0,0.003311311214825911,-0.08476545996844463,0.17556744414619152,0.6380875529070584,3.428582722358853,-0.002289621787886451,0.002289621787886451
4,complete,free,0.0,0.0033884415613920273,-0.08673970311573972,0.175567622801617,0.6380871907449966,3.428583254980425,-0.0023429366244284763,0.0023429366244284763
4,complete,free,0.0,0.0034673685045253167,-0.08875991812991409,0.17556780987539894,0.638086811517627,3.4285838127284762,-0.0023974920855332326,0.0023974920855332326
4,complete,free,0.0,0.0035481338923357532,-0.0908271748205153,0.17556800576414588,0.6380864144209646,3.4285843967888487,-0.0024533169805781886,0.0024533169805781886
4,complete,free,0.0,0.003630780547701014,-0.0929425678437473,0.17556821088314445,0.638085998613156,3.4285850084033807,-0.0025104407836719043,0.0025104407836719043
4,complete,free,0.0,0.003715352290971728,-0.0951072172760383,0.17556842566723918,0.6380855632127063,3.428585648872556,-0.0025688936486871414,0.0025688936486871414
4,complete,free,0.0,0.0038018939632056127,-0.09732226920061536,0.1755686505717523,0.6380851072966074,3.428586319558274,-0.0026287064246084957,0.0026287064246084957
4,complete,free,0.0,0.003890451449942805,-0.09958889630733556,0.17556888607344684,0.6380846298983843,3.42858702188674,-0.0026899106712057544,0.0026899106712057544
4,complete,free,0.0,0.003981071705534973,-0.10190829850606291,0.1755691326715368,0.6380841300060548,3.4285877573515218,-0.0027525386750345444,0.0027525386750345444
4,complete,free,0.0,0.004073802778041126,-0.10428170355388974,0.17556939088874182,0.6380836065599844,3.4285885275167214,-0.0028166234657682476,0.0028166234657682476
4,complete,free,0.0,0.004168693834703355,-0.10671036769646457,0.17556966127239404,0.6380830584506457,3.4285893340203133,-0.0028821988328720585,0.0028821988328720585
4,complete,free,0.0,0.004265795188015926,-0.109195576323749,0.17556994439559545,0.6380824845162726,3.428590178577632,-0.002949299342613919,0.002949299342613919
4,complete,free,0.0,0.004365158322401661,-0.11173864464048394,0.17557024085843004,0.6380818835404007,3.4285910629850282,-0.0030179603554286553,0.0030179603554286553
4,complete,free,0.0,0.0044668359215096305,-0.11434091835166886,0.17557055128923263,0.6380812542492988,3.428591989123703,-0.0030882180436309185,0.0030882180436309185
4,complete,free,0.0,0.004570881896148752,-0.11700377436338212,0.17557087634591767,0.6380805953092711,3.4285929589637094,-0.003160109409484333,0.003160109409484333
4,complete,free,0.0,0.004677351412871981,-0.11972862149921706,0.17557121671736953,0.6380799053238416,3.4285939745681566,-0.0032336723036345445,0.0032336723036345445
4,complete,free,0.0,0.004786300923226385,-0.12251690123267994,0.17557157312489993,0.6380791828308008,3.428595038097614,-0.0033089454439046463,0.0033089454439046463
4,complete,free,0.0,0.004897788193684461,-0.12537008843586248,0.1755719463237701,0.6380784262991152,3.4285961518146992,-0.0033859684344603007,0.0033859684344603007
4,complete,free,0.0,0.005011872336272725,-0.12828969214469316,0.175572337104789,0.6380776341256924,3.4285973180889218,-0.0034647817853476724,0.0034647817853476724
4,complete,free,0.0,0.005128613839913648,-0.13127725634111756,0.17557274629598205,0.6380768046319956,3.428598539401717,-0.0035454269324084187,0.0035454269324084187
4,complete,free,0.0,0.005248074602497723,-0.134334360752527,0.1755731747643415,0.6380759360604955,3.4285998183517536,-0.003627946257570673,0.003627946257570673
4,complete,free,0.0,0.005370317963702527,-0.13746262166876103,0.17557362341765653,0.6380750265709633,3.428601157660458,-0.0037123831095267797,0.0037123831095267797
4,complete,free,0.0,0.005495408738576248,-0.14066369277703064,0.17557409320643017,0.6380740742365802,3.428602560177828,-0.003798781824791167,0.003798781824791167
4,complete,free,0.0,0.005623413251903491,-0.14393926601509893,0.17557458512588484,0.638073077039873,3.4286040288884982,-0.0038871877491470815,0.0038871877491470815
4,complete,free,0.0,0.005754399373371567,-0.14729107244304204,0.1755751002180649,0.6380720328684574,3.4286055669181175,-0.003977647259481611,0.003977647259481611
4,complete,free,0.0,0.00588843655355589,-0.15072088313396576,0.17557563957403258,0.6380709395105782,3.4286071775399956,-0.004070207786007477,0.004070207786007477
4,complete,free,0.0,0.0060255958607435805,-0.1542305100839833,0.1755762043361708,0.6380697946504461,3.428608864182099,-0.004164917834878289,0.004164917834878289
4,complete,free,0.0,0.006165950018614822,-0.15782180714182162,0.17557679570059237,0.6380685958633528,3.4286106304343438,-0.004261827011190905,0.004261827011190905
4,complete,free,0.0,0.00630957344480193,-0.16149667095841208,0.1755774149196606,0.6380673406105615,3.4286124800562647,-0.0043609860423761485,0.0043609860423761485
4,complete,free,0.0,0.006456542290346556,-0.1652570419567631,0.17557806330462994,0.6380660262339528,3.428614416985013,-0.004462446801982704,0.004462446801982704
4,complete,free,0.0,0.006606934480075964,-0.16910490532252517,0.17557874222840833,0.6380646499504272,3.4286164453437644,-0.004566262333838316,0.004566262333838316
4,complete,free,0.0,0.006760829753919818,-0.1730422920155348,0.17557945312844844,0.6380632088460412,3.4286185694505007,-0.004672486876601219,0.004672486876601219
4,complete,free,0.0,0.006918309709189363,-0.17707127980271267,0.175580197509775,0.6380616998698732,3.4286207938272124,-0.004781175888686599,0.004781175888686599
4,complete,free,0.0,0.00707945784384138,-0.18119399431263944,0.17558097694815225,0.6380601198275972,3.428623123209542,-0.004892386073567567,0.004892386073567567
4,complete,free,0.0,0.007244359600749898,-0.18541261011215662,0.1755817930934001,0.6380584653747717,3.4286255625568827,-0.005006175405444756,0.005006175405444756
4,complete,free,0.0,0.007413102413009177,-0.1897293518053135,0.17558264767286338,0.6380567330097936,3.4286281170629285,-0.005122603155275941,0.005122603155275941
4,complete,free,0.0,0.007585775750291836,-0.19414649515499047,0.17558354249504396,0.6380549190665424,3.4286307921667607,-0.005241729917159321,0.005241729917159321
4,complete,free,0.0,0.00776247116628692,-0.198666368227529,0.17558447945340167,0.6380530197066756,3.4286335935644323,-0.005363617635058701,0.005363617635058701
4,complete,free,0.0,0.007943282347242814,-0.20329135256066017,0.17558546053033092,0.6380510309115638,3.428636527221095,-0.00548832962985997,0.00548832962985997
4,complete,free,0.0,0.008128305161640995,-0.20802388435506153,0.17558648780132424,0.6380489484738533,3.428639599383716,-0.005615930626747319,0.005615930626747319
4,complete,free,0.0,0.008317637711026709,-0.2128664556898176,0.17558756343932716,0.6380467679886381,3.428642816594384,-0.005746486782882365,0.005746486782882365
4,complete,free,0.0,0.008511380382023767,-0.21782161576208087,0.17558868971929656,0.6380444848442159,3.428646185704232,-0.005880065715370954,0.005880065715370954
4,complete,free,0.0,0.008709635899560805,-0.22289197215119458,0.1755898690229703,0.6380420942124242,3.428649713888037,-0.006016736529499703,0.006016736529499703
4,complete,free,0.0,0.008912509381337459,-0.22808019210754812,0.1755911038438578,0.6380395910385198,3.4286534086594833,-0.006156569847219122,0.006156569847219122
4,complete,free,0.0,0.009120108393559097,-0.23338900386638725,0.1755923967924609,0.6380369700305956,3.4286572778871633,-0.006299637835853758,0.006299637835853758
4,complete,free,0.0,0.009332543007969905,-0.23882119798680865,0.17559375060173849,0.638034225648504,3.4286613298113107,-0.006446014237011535,0.006446014237011535
4,complete,free,0.0,0.009549925860214359,-0.2443796287161725,0.17559516813282225,0.6380313520922718,3.428665573061352,-0.006595774395661405,0.006595774395661405
4,complete,free,0.0,0.009772372209558112,-0.25006721538004806,0.17559665238099573,0.6380283432899732,3.428670016674233,-0.006748995289353937,0.006748995289353937
4,complete,free,0.0,0.01,-0.2558869437979118,0.17559820648195215,0.6380251928850508,3.428674670113653,-0.00690575555754528,0.00690575555754528
4,complete,free,0.0,0.010232929922807542,-0.26184186772469126,0.17559983371833837,0.6380218942230468,3.42867954329018,-0.007066135530989462,0.007066135530989462
4,complete,free,0.0,0.010471285480508996,-0.26793511031826894,0.17560153752660002,0.6380184403377258,3.4286846465822998,-0.00723021726115234,0.00723021726115234
4,complete,free,0.0,0.010715193052376065,-0.2741698656329931,0.1756033215041445,0.6380148239365578,3.428689990858469,-0.007398084549610169,0.007398084549610169
4,complete,free,0.0,0.01096478196143185,-0.2805494001392495,0.17560518941682932,0.6380110373855317,3.4286955875001905,-0.007569822977374574,0.007569822977374574
4,complete,free,0.0,0.011220184543019636,-0.28707705426906494,0.1756071452067976,0.6380070726932777,3.42870144842618,-0.007745519934092157,0.007745519934092157
4,complete,free,0.0,0.01148153621496883,-0.29375624398768857,0.17560919300067032,0.638002921494456,3.428707586117631,-0.007925264647062447,0.007925264647062447
4,complete,free,0.0,0.011748975549395297,-0.3005904623910609,0.1756113371181145,0.6379985750323878,3.4287140136447065,-0.00810914821000365,0.00810914821000365
4,complete,free,0.0,0.012022644346174132,-0.30758328132901414,0.17561358208080408,0.6379940241408918,3.428720744694219,-0.00829726361150037,0.00829726361150037
4,complete,free,0.0,0.012302687708123818,-0.31473835305396863,0.17561593262178785,0.6379892592252911,3.4287277935986418,-0.008489705763056,0.008489705763056
4,complete,free,0.0,0.012589254117941675,-0.322059411894907,0.1756183936952862,0.6379842702425559,3.4287351753664423,-0.008686571526663155,0.008686571526663155
4,complete,free,0.0,0.012882495516931342,-0.3295502759562275,0.17562097048693268,0.6379790466805385,3.4287429057138357,-0.008887959741808733,0.008887959741808733
4,complete,free,0.0,0.013182567385564075,-0.3372148488411135,0.17562366842448038,0.637973577536272,3.42875100109802,-0.009093971251808573,0.009093971251808573
4,complete,free,0.0,0.01348962882591654,-0.34505712139889927,0.1756264931889954,0.637967851293275,3.4287594787519495,-0.009304708929374385,0.009304708929374385
4,complete,free,0.0,0.013803842646028852,-0.35308117349588525,0.17562945072655592,0.6379618558978428,3.428768356720713,-0.009520277701290096,0.009520277701290096
4,complete,free,0.0,0.014125375446227547,-0.36129117580891507,0.17563254726047856,0.637955578734252,3.428777653899602,-0.009740784572082273,0.009740784572082273
4,complete,free,0.0,0.014454397707459272,-0.3696913916409567,0.17563578930409846,0.6379490065988601,3.4287873900739494,-0.009966338646547751,0.009966338646547751
4,complete,free,0.0,0.014791083881682071,-0.37828617875782905,0.1756391836741216,0.6379421256730331,3.4287975859607807,-0.010197051150994521,0.010197051150994521
4,complete,free,0.0,0.01513561248436208,-0.38707999124506026,0.17564273750457807,0.6379349214948615,3.428808263252412,-0.010433035453044692,0.010433035453044692
4,complete,free,0.0,0.01548816618912481,-0.3960773813838025,0.17564645826139913,0.6379273789296076,3.4288194446620275,-0.010674407079827697,0.010674407079827697
4,complete,free,0.0,0.015848931924611134,-0.40528300154451047,0.17565035375764457,0.6379194821388358,3.428831153971383,-0.01092128373439144,0.01092128373439144
4,complete,free,0.0,0.0162181009735893,-0.4147016060970456,0.17565443216940943,0.6379112145481683,3.4288434160806567,-0.011173785310130108,0.011173785310130108
4,complete,free,0.0,0.016595869074375606,-0.4243380533355979,0.17565870205243592,0.6379025588136071,3.428856257060615,-0.011432033903031907,0.011432033903031907
4,complete,free,0.0,0.016982436524617443,-0.43419730741677753,0.1756631723594615,0.6378934967863639,3.428869704207136,-0.011696153821510971,0.011696153821510971
4,complete,free,0.0,0.017378008287493755,-0.4442844403089211,0.17566785245833147,0.6378840094761437,3.4288837860982264,-0.011966271593596506,0.011966271593596506
4,complete,free,0.0,0.01778279410038923,-0.45460463375055743,0.17567275215090994,0.6378740770128066,3.4288985326536316,-0.012242515971215825,0.012242515971215825
4,complete,free,0.0,0.018197008586099836,-0.46516318121574074,0.17567788169281726,0.637863678606353,3.4289139751971356,-0.012525017931293833,0.012525017931293833
4,complete,free,0.0,0.018620871366628676,-0.4759654898836949,0.17568325181403172,0.6378527925051607,3.428930146521692,-0.01281391067338325,0.01281391067338325
4,complete,free,0.0,0.019054607179632473,-0.48701708261006676,0.1756888737403867,0.6378413959524064,3.4289470809574825,-0.013109329613494439,0.013109329613494439
4,complete,free,0.0,0.019498445997580455,-0.4983235998967112,0.17569475921599725,0.6378294651405926,3.428964814443025,-0.013411412373803791,0.013411412373803791
4,complete,free,0.0,0.0199526231496888,-0.509890801856772,0.17570092052665737,0.6378169751641241,3.428983384599494,-0.013720298767861433,0.013720298767861433
4,complete,free,0.0,0.020417379446695295,-0.5217245701714528,0.1757073705242392,0.6378038999698398,3.42900283080833,-0.014036130780920072,0.014036130780920072
4,complete,free,0.0,0.020892961308540396,-0.5338309100345644,0.1757141226521353,0.6377902123054302,3.429023194292319,-0.01435905254497126,0.01435905254497126
4,complete,free,0.0,0.021379620895022326,-0.5462159520806615,0.17572119097178435,0.6377758836656686,3.4290445182002616,-0.014689210308037215,0.014689210308037215
4,complete,free,0.0,0.02187761623949553,-0.5588859542921162,0.17572859019031534,0.6377608842363619,3.4290668476953767,-0.015026752397256857,0.015026752397256857
4,complete,free,0.0,0.0223872113856834,-0.5718473038802312,0.17573633568935687,0.6377451828359477,3.4290902300476045,-0.015371829175248347,0.015371829175248347
4,complete,free,0.0,0.022908676527677734,-0.585106519134922,0.1757444435550485,0.6377287468546511,3.4291147147299323,-0.015724592989224004,0.015724592989224004
4,complete,free,0.0,0.023442288153199226,-0.5986702512371967,0.17575293060929872,0.6377115421911126,3.4291403535189207,-0.01608519811227252,0.01608519811227252
4,complete,free,0.0,0.02398832919019491,-0.6125452860281789,0.17576181444233238,0.6376935331864053,3.4291672005996086,-0.0164538006761991,0.0164538006761991
4,complete,free,0.0,0.02454708915685031,-0.6267385457278031,0.1757711134465702,0.6376746825553476,3.429195312674904,-0.016830558595279155,0.016830558595279155
4,complete,free,0.0,0.025118864315095808,-0.6412570905959633,0.17578084685188453,0.6376549513150273,3.4292247490796925,-0.017215631480224453,0.017215631480224453
4,complete,free,0.0,0.025703957827688632,-0.6561081205281946,0.17579103476227703,0.6376342987104414,3.429255571899793,-0.017609180541631603,0.017609180541631603
4,complete,free,0.0,0.026302679918953815,-0.6712989765774411,0.1758016981940201,0.63761268213717,3.4292878460959657,-0.01801136848212978,0.01801136848212978
4,complete,free,0.0,0.026915348039269153,-0.686837142392811,0.17581285911530928,0.6375900570609833,3.4293216396331148,-0.018422359376392847,0.018422359376392847
4,complete,free,0.0,0.02754228703338166,-0.7027302455655342,0.1758245404874698,0.6375663769342982,3.4293570236148985,-0.01884231853814522,0.01884231853814522
4,complete,free,0.0,0.028183829312644536,-0.7189860588716666,0.1758367663077614,0.6375415931093972,3.4293940724239107,-0.019271412373213975,0.019271412373213975
4,complete,free,0.0,0.028840315031266057,-0.7356125014002709,0.17584956165382384,0.637515654748313,3.4294328638676177,-0.01970980821765414,0.01970980821765414
4,complete,free,0.0,0.029512092266663854,-0.752617639555064,0.17586295272980956,0.6374885087293017,3.4294734793302544,-0.020157674159886313,0.020157674159886313
4,complete,free,0.0,0.03019951720402016,-0.7700096879166133,0.1758769669142393,0.6374600995498132,3.429516003930825,-0.02061517884575348,0.02061517884575348
4,complete,free,0.0,0.030902954325135904,-0.7877970099513286,0.17589163280962586,0.6374303692258784,3.4295605266874207,-0.02108249126532033,0.02108249126532033
4,complete,free,0.0,0.03162277660168379,-0.8059881185525267,0.17590698029390214,0.6373992571878407,3.4296071406880544,-0.02155978052018584,0.02155978052018584
4,complete,free,0.0,0.03235936569296283,-0.8245916763978169,0.17592304057368902,0.6373667001723522,3.429655943268129,-0.02204721557001252,0.02204721557001252
4,complete,free,0.0,0.03311311214825911,-0.8436164961060855,0.17593984623943745,0.6373326321105701,3.4297070361947766,-0.022544964956901087,0.022544964956901087
4,complete,free,0.0,0.033884415613920256,-0.8630715401761658,0.17595743132247577,0.6372969840124885,3.429760525858216,-0.02305319650617596,0.02305319650617596
4,complete,free,0.0,0.034673685045253165,-0.8829659206881884,0.17597583135398642,0.6372596838473565,3.4298165234702704,-0.02357207700207392,0.02357207700207392
4,complete,free,0.0,0.03548133892335755,-0.903308898747344,0.17599508342593756,0.6372206564201329,3.429875145270251,-0.024101771836747804,0.024101771836747804
4,complete,free,0.0,0.03630780547701014,-0.9241098836485576,0.17601522625398502,0.6371798232439442,3.4299365127383066,-0.02464244463093246,0.02464244463093246
4,complete,free,0.0,0.03715352290971726,-0.9453784317391699,0.17603630024235606,0.6371371024085151,3.430000752816377,-0.02519425682454246,0.02519425682454246
4,complete,free,0.0,0.038018939632056124,-0.9671242449554315,0.1760583475507214,0.6370924084445743,3.4300679981369155,-0.025757367235387574,0.025757367235387574
4,complete,free,0.0,0.03890451449942807,-0.9893571690070478,0.1760814121630549,0.6370456521842288,3.430138387259424,-0.026331931584127916,0.026331931584127916
4,complete,free,0.0,0.039810717055349734,-1.0120871911825784,0.1761055399584664,0.6369967406173197,3.4302120649149157,-0.026918101983511106,0.026918101983511106
4,complete,free,0.0,0.04073802778041128,-1.0353244377468958,0.17613077878399205,0.6369455767438265,3.430289182258369,-0.02751602638986006,0.02751602638986006
4,complete,free,0.0,0.04168693834703355,-1.0590791709002718,0.17615717852931242,0.6368920594223422,3.4303698971292014,-0.028125848014706523,0.028125848014706523
4,complete,free,0.0,0.04265795188015928,-1.0833617852669941,0.17618479120335248,0.6368360832147365,3.4304543743197615,-0.02874770469441168,0.02874770469441168
4,complete,free,0.0,0.04365158322401661,-1.108182803879652,0.1762136710127159,0.6367775382270962,3.4305427858518356,-0.029381728215531477,0.029381728215531477
4,complete,free,0.0,0.04466835921509633,-1.1335528736235005,0.1762438744418785,0.6367163099470892,3.430635311261088,-0.030028043593641363,0.030028043593641363
4,complete,free,0.0,0.04570881896148752,-1.1594827601033872,0.176275460335061,0.6366522790779211,3.430732137889321,-0.030686768303282458,0.030686768303282458
4,complete,free,0.0,0.046773514128719815,-1.1859833418940102,0.17630848997967688,0.6365853213690941,3.4308334611844575,-0.03135801145663569,0.03135801145663569
4,complete,free,0.0,0.047863009232263824,-1.2130656041321661,0.17634302719123393,0.6365153074442039,3.43093948500795,-0.032041872928525145,0.032041872928525145
4,complete,free,0.0,0.04897788193684462,-1.2407406314079843,0.1763791383995495,0.6364421026260778,3.431050421949444,-0.03273844242528759,0.03273844242528759
4,complete,free,0.0,0.05011872336272722,-1.2690195999099678,0.1764168927361105,0.6363655667595727,3.4311664936483273,-0.033447798495087555,0.033447798495087555
4,complete,free,0.0,0.05128613839913648,-1.2979137687769124,0.1764563621223905,0.6362855540324283,3.4312879311217412,-0.03417000747722437,0.03417000747722437
4,complete,free,0.0,0.05248074602497726,-1.327434470607719,0.17649762135890418,0.6362019127946164,3.4314149750986513,-0.03490512238803539,0.03490512238803539
4,complete,free,0.0,0.05370317963702527,-1.3575931010783584,0.17654074821475,0.6361144853766894,3.431547876359326,-0.03565318174102128,0.03565318174102128
4,complete,free,0.0,0.054954087385762455,-1.3884011076132423,0.17658582351736182,0.6360231079076895,3.4316868960796447,-0.036414208298927886,0.036414208298927886
4,complete,free,0.0,0.05623413251903491,-1.419869977056623,0.17663293124215282,0.6359276101332715,3.431832306179407,-0.03718820775558712,0.03718820775558712
4,complete,free,0.0,0.057543993733715694,-1.452011222287895,0.17668215860169514,0.6358278152347436,3.431984389673811,-0.03797516734546624,0.03797516734546624
4,complete,free,0.0,0.0588843655355589,-1.4848363677230114,0.17673359613404416,0.6357235396498389,3.4321434410270735,-0.0387750543790662,0.0387750543790662
4,complete,free,0.0,0.06025595860743578,-1.5183569336430123,0.1767873377897636,0.6356145928960916,3.432309766507068,-0.039587814702471635,0.039587814702471635
4,complete,free,0.0,0.06165950018614822,-1.5525844192891487,0.17684348101716685,0.6355007773978233,3.4324836845397098,-0.04041337107966658,0.04041337107966658
4,complete,free,0.0,0.06309573444801933,-1.5875302846632706,0.1769021268452369,0.6353818883178137,3.4326655260616117,-0.04125162149648043,0.04125162149648043
4,complete,free,0.0,0.06456542290346556,-1.623205930971249,0.17696337996363204,0.6352577133948532,3.4328556348694494,-0.04210243738542663,0.04210243738542663
4,complete,free,0.0,0.06606934480075961,-1.6596226796467015,0.17702734879913024,0.6351280327885059,3.4330543679642136,-0.04296566177109867,0.04296566177109867
4,complete,free,0.0,0.06760829753919818,-1.6967917498922518,0.17709414558779973,0.6349926189325021,3.4332620958883466,-0.0438411073362735,0.0438411073362735
4,complete,free,0.0,0.06918309709189366,-1.734724234675698,0.17716388644212544,0.6348512363983407,3.4334792030536314,-0.044728554409433297,0.044728554409433297
4,complete,free,0.0,0.0707945784384138,-1.7734310751192865,0.1772366914122438,0.6347036417708009,3.4337060880573094,-0.04562774887504839,0.04562774887504839
4,complete,free,0.0,0.07244359600749903,-1.812923033221409,0.17731268454037907,0.6345495835372168,3.433943163983864,-0.0465384000086958,0.0465384000086958
4,complete,free,0.0,0.07413102413009177,-1.853210662852009,0.17739199390748955,0.6343888019925117,3.434190858689512,-0.04746017823987275,0.04746017823987275
4,complete,free,0.0,0.0758577575029184,-1.8943042789653242,0.1774747516710595,0.6342210291621464,3.4344496150662094,-0.04839271284630692,0.04839271284630692
4,complete,free,0.0,0.07762471166286919,-1.9362139249768957,0.17756109409289475,0.6340459887453014,3.4347198912817656,-0.04933558958454404,0.04933558958454404
4,complete,free,0.0,0.07943282347242818,-1.9789493382557286,0.1776511615556925,0.6338633960807856,3.4350021609922714,-0.05028834826274686,0.05028834826274686
4,complete,free,0.0,0.08128305161640995,-2.022519913687528,0.17774509856707613,0.6336729581383127,3.435296913522826,-0.051250480262831966,0.051250480262831966
4,complete,free,0.0,0.08317637711026708,-2.066934665270759,0.17784305374969556,0.6334743735379857,3.435604654012157,-0.052221426020469475,0.052221426020469475
4,complete,free,0.0,0.08511380382023763,-2.112202185714178,0.17794517981591434,0.6332673326009919,3.435925903516477,-0.05320057247293003,0.05320057247293003
4,complete,free,0.0,0.08709635899560805,-2.158330604012955,0.17805163352550984,0.6330515174346832,3.4362611990675203,-0.05418725048633938,0.05418725048633938
4,complete,free,0.0,0.08912509381337455,-2.205327540989551,0.1781625756247337,0.6328266020554051,3.436611093679422,-0.055180732275691424,0.055180732275691424
4,complete,free,0.0,0.09120108393559097,-2.253200062796535,0.17827817076499491,0.6325922525525786,3.4369761562986945,-0.05618022883277496,0.05618022883277496
4,complete,free,0.0,0.0933254300796991,-2.3019546323907205,0.17839858739934547,0.632348127297737,3.4373569716912855,-0.05718488737917449,0.05718488737917449
4,complete,free,0.0,0.09549925860214359,-2.351597059001731,0.1785239976548773,0.6320938772023482,3.4377541402603065,-0.05819378886361032,0.05819378886361032
4,complete,free,0.0,0.09772372209558107,-2.4021324456334368,0.1786545771790637,0.6318291460283927,3.4381682777877143,-0.05920594552510494,0.05920594552510494
4,complete,free,0.0,0.1,-2.4535651346540304,0.17879050495802454,0.6315535707558136,3.4386000150928924,-0.06022029854575289,0.06022029854575289
4,complete,free,0.0,0.10232929922807547,-2.50589865154903,0.17893196310463688,0.6312667820110377,3.4390499976008075,-0.06123571581931975,0.06123571581931975
4,complete,free,0.0,0.10471285480508996,-2.5591356469324364,0.17907913661437466,0.6309684045608576,3.439518884812106,-0.06225098986435068,0.06225098986435068
4,complete,free,0.0,0.10715193052376071,-2.6132778369336873,0.17923221308674026,0.6306580578760165,3.4400073496672907,-0.06326483591297527,0.06326483591297527
4,complete,free,0.0,0.1096478196143185,-2.668325942102411,0.17939138241013305,0.6303353567688509,3.440516077796893,-0.06427589020918018,0.06427589020918018
4,complete,free,0.0,0.1122018454301963,-2.72427962499918,0.17955683640802222,0.6299999121093216,3.4410457666494234,-0.06528270855282492,0.06528270855282492
4,complete,free,0.0,0.1148153621496883,-2.7811374266686597,0.1797287684443173,0.62965133162371,3.4415971244887573,-0.06628376512813827,0.06628376512813827
4,complete,free,0.0,0.11748975549395291,-2.838896702221139,0.17990737298589313,0.6292892207801146,3.4421708692525783,-0.06727745165782772,0.06727745165782772
4,complete,free,0.0,0.12022644346174131,-2.8975535557799392,0.18009284512031096,0.6289131837647217,3.442767727263561,-0.06826207692616548,0.06826207692616548
4,complete,free,0.0,0.1230268770812381,-2.957102775085021,0.1802853800269029,0.6285228245525779,3.4433884317850985,-0.06923586671638571,0.06923586671638571
4,complete,free,0.0,0.12589254117941676,-3.0175377660773193,0.18048517239953632,0.6281177480762716,3.444033721413563,-0.07019696420950816,0.07019696420950816
4,complete,free,0.0,0.12882495516931336,-3.0788504878233596,0.18069241581957313,0.6276975614955407,3.4447043382995575,-0.07114343089306197,0.07114343089306197
4,complete,free,0.0,0.13182567385564073,-3.141031388175623,0.18090730207777694,0.6272618755703543,3.4454010261909054,-0.07207324802915793,0.07207324802915793
4,complete,free,0.0,0.13489628825916533,-3.2040693406003253,0.18113002044419466,0.6268103061394265,3.4461245282909005,-0.07298431873179134,0.07298431873179134
4,complete,free,0.0,0.13803842646028852,-3.2679515826402223,0.18136075688537864,0.626342475705488,3.44687558492599,-0.07387447070312936,0.07387447070312936
4,complete,free,0.0,0.1412537544622754,-3.332663656515463,0.18159969322868696,0.6258580151278261,3.447654931018021,-0.0747414596776701,0.0747414596776701
4,complete,free,0.0,0.1445439770745928,-3.3981893523998674,0.1818470062738356,0.6253565654217831,3.4484632933572645,-0.07558297362155142,0.07558297362155142
4,complete,free,0.0,0.1479108388168207,-3.464510654942075,0.18210286685236135,0.6248377796638773,3.4493013876737213,-0.07639663773178129,0.07639663773178129
4,complete,free,0.0,0.15135612484362088,-3.5316076936311847,0.18236743883619624,0.6243013250001296,3.4501699155056427,-0.07718002027664994,0.07718002027664994
4,complete,free,0.0,0.1548816618912481,-3.5994586976325724,0.18264087809714488,0.6237468847539913,3.451069560865877,-0.0779306393141097,0.0779306393141097
4,complete,free,0.0,0.15848931924611143,-3.6680399557423424,0.18292333141971456,0.6231741606289285,3.4520009867085704,-0.07864597031914888,0.07864597031914888
4,complete,free,0.0,0.16218100973589297,-3.7373257821257275,0.183214935370438,0.622582874999308,3.452964831200696,-0.07932345474438363,0.07932345474438363
4,complete,free,0.0,0.16595869074375613,-3.807288488516563,0.18351581512758208,0.6219727732817386,3.453961703805285,-0.07996050952991085,0.07996050952991085
4,complete,free,0.0,0.16982436524617442,-3.8778983635591686,0.1838260832759296,0.6213436263773862,3.454992181185582,-0.08055453756903541,0.08055453756903541
4,complete,free,0.0,0.17378008287493762,-3.949123659971032,0.1841458385721389,0.6206952331741231,3.4560568029420797,-0.0811029391257998,0.0811029391257998
4,complete,free,0.0,0.1778279410038923,-4.020930590192561,0.18447516468705727,0.6200274230956442,3.457156067197077,-0.08160312418818294,0.08160312418818294
4,complete,free,0.0,0.18197008586099844,-4.093283331168973,0.1848141289322193,0.6193400586829039,3.458290426044512,-0.08205252572769695,0.08205252572769695
4,complete,free,0.0,0.18620871366628675,-4.166144038877631,0.18516278097866254,0.6186330381914346,3.4594602808856947,-0.08244861382162005,0.08244861382162005
4,complete,free,0.0,0.19054607179632482,-4.239472873171557,0.18552115157705215,0.617906298186362,3.4606659776749256,-0.08278891057886306,0.08278891057886306
4,complete,free,0.0,0.19498445997580455,-4.313228033455458,0.18588925128897024,0.6171598161151738,3.461907802101981,-0.08307100579416316,0.08307100579416316
4,complete,free,0.0,0.19952623149688808,-4.387365805645021,0.1862670692400326,0.6163936128366595,3.4631859747417937,-0.08329257323851047,0.08329257323851047
4,complete,free,0.0,0.20417379446695297,-4.461840620781831,0.18665457190626536,0.6156077550829043,3.4645006462046988,-0.08345138747646874,0.08345138747646874
4,complete,free,0.0,0.20892961308540386,-4.536605125586384,0.1870517019458501,0.6148023578298241,3.465851892323743,-0.08354534108387024,0.08354534108387024
4,complete,free,0.0,0.21379620895022325,-4.611610265130045,0.18745837708893995,0.6139775865505223,3.4672397094182976,-0.08357246212232528,0.08357246212232528
4,complete,free,0.0,0.21877616239495518,-4.68680537769426,0.18787448909872229,0.613133659324825,3.4686640096760164,-0.08353093171074,0.08353093171074
4,complete,free,0.0,0.223872113856834,-4.762138301762496,0.18829990281724318,0.6122708487775964,3.4701246166973316,-0.08341910151882603,0.08341910151882603
4,complete,free,0.0,0.22908676527677724,-4.83755549495911,0.18873445530968963,0.6113894838181512,3.471621261248835,-0.08323551099390969,0.08323551099390969
4,complete,free,0.0,0.23442288153199228,-4.913002164610537,0.18917795512083518,0.6104899511529618,3.473153577273227,-0.08297890412069453,0.08297890412069453
4,complete,free,0.0,0.239883291901949,-4.988422409460478,0.18963018165716844,0.6095726965443228,3.4747210982047396,-0.08264824550434857,0.08264824550434857
4,complete,free,0.0,0.2454708915685031,-5.063759371923636,0.19009088470783897,0.6086382257883303,3.4763232536392166,-0.0822427355609805,0.0822427355609805
4,complete,free,0.0,0.25118864315095796,-5.138955400115461,0.19055978411694197,0.6076871053868332,3.477959366408007,-0.08176182459642078,0.08176182459642078
4,complete,free,0.0,0.25703957827688645,-5.213952218749658,0.19103656961883564,0.6067199628896359,3.479628650103916,-0.08120522555495191,0.08120522555495191
4,complete,free,0.0,0.26302679918953814,-5.288691107856115,0.1915209008471165,0.6057374868854143,3.4813302071059504,-0.08057292522403459,0.08057292522403459
4,complete,free,0.0,0.26915348039269166,-5.363113088139481,0.1920124075265976,0.6047404266223871,3.4830630271472947,-0.07986519368999612,0.07986519368999612
4,complete,free,0.0,0.2754228703338166,-5.437159111678832,0.1925106898561121,0.6037295912428547,3.48482598646793,-0.0790825918526723,0.0790825918526723
4,complete,free,0.0,0.2818382931264455,-5.510770256563321,0.1930153190882529,0.602705848619178,3.486617847589533,-0.07822597682447663,0.07822597682447663
4,complete,free,0.0,0.28840315031266056,-5.583887923969997,0.19352583831024323,0.6016701237826397,3.488437259745778,-0.0772965050611818,0.0772965050611818
4,complete,free,0.0,0.2951209226666387,-5.656454036122377,0.19404176342805607,0.6006233969408329,3.490282759995995,-0.07629563309747245,0.07629563309747245
4,complete,free,0.0,0.3019951720402016,-5.728411233522554,0.19456258435367768,0.5995667010836963,3.49215277504424,-0.07522511578993218,0.07522511578993218
4,complete,free,0.0,0.30902954325135923,-5.799703069828393,0.1950877663930926,0.5985011191830231,3.4940456237795043,-0.07408700200304508,0.07408700200304508
4,complete,free,0.0,0.31622776601683794,-5.870274202752749,0.1956167518301773,0.5974277809950896,3.495959520545821,-0.07288362770914203,0.07288362770914203
4,complete,free,0.0,0.32359365692962844,-5.94007057939244,0.19614896169926996,0.5963478594809252,3.497892579143847,-0.07161760651104743,0.07161760651104743
4,complete,free,0.0,0.3311311214825911,-6.009039614453893,0.1966837977368042,0.5952625668635863,3.499842817557834,-0.07029181763459968,0.07029181763459968
4,complete,free,0.0,0.33884415613920277,-6.077130359926456,0.19722064450005633,0.5941731503465046,3.501808163394331,-0.06890939147767328,0.06890939147767328
4,complete,free,0.0,0.34673685045253166,-6.1442936648652,0.19775887163885206,0.5930808875214352,3.5037864600111814,-0.06747369284059057,0.06747369284059057
4,complete,free,0.0,0.3548133892335757,-6.210482324077343,0.19829783630402856,0.5919870814986838,3.505775473307793,-0.0659883020001184,0.0659883020001184
4,complete,free,0.0,0.3630780547701014,-6.275651214660732,0.1988368856745885,0.5908930557960506,3.5077728991403054,-0.06445699382390302,0.06445699382390302
4,complete,free,0.0,0.3715352290971724,-6.339757419513834,0.19937535958388802,0.5898001490261509,3.509776371318315,-0.062883715153631,0.062883715153631
4,complete,free,0.0,0.38018939632056126,-6.402760337121281,0.19991259322386085,0.5887097094244939,3.5117834701333197,-0.06127256071275311,0.06127256071275311
4,complete,free,0.0,0.3890451449942805,-6.4646217771131305,0.20044791990525845,0.5876230892627657,3.513791731363155,-0.0596277478172802,0.0596277478172802
4,complete,free,0.0,0.3981071705534973,-6.52530604129548,0.20098067385118631,0.5865416391931898,3.5157986556915044,-0.05795359018558166,0.05795359018558166
4,complete,free,0.0,0.4073802778041126,-6.584779990049184,0.2015101930008519,0.5854667025705736,3.5178017184771844,-0.05625447115489579,0.05625447115489579
4,complete,free,0.0,0.41686938347033553,-6.643013094188756,0.20203582180043375,0.5843996097986934,3.519798379804254,-0.05453481661799042,0.05453481661799042
4,complete,free,0.0,0.42657951880159256,-6.699977472560319,0.20255691395829473,0.5833416727470204,3.521786094741408,-0.0527990679931154,0.0527990679931154
4,complete,free,0.0,0.4365158322401661,-6.755647915830781,0.20307283514243568,0.5822941792824662,3.5237623237371634,-0.051051655534113394,0.051051655534113394
4,complete,free,0.0,0.44668359215096304,-6.81000189707726,0.20358296559903688,0.5812583879589068,3.525724543076535,-0.049296972275684414,0.049296972275684414
4,complete,free,0.0,0.4570881896148752,-6.863019569923579,0.2040867026722079,0.5802355229046803,3.527670255324825,-0.04753934889130096,0.04753934889130096
4,complete,free,0.0,0.4677351412871981,-6.914683755084322,0.2045834632065568,0.579226768945292,3.529596999684885,-0.04578302971949433,0.04578302971949433
4,complete,free,0.0,0.47863009232263853,-6.964979916268251,0.2050726858159273,0.5782332669950258,3.5315023621958743,-0.04403215018788442,0.04403215018788442
4,complete,free,0.0,0.48977881936844614,-7.013896126457456,0.205553833003532,0.5772561097474079,3.5333839857037033,-0.042290715835016535,0.042290715835016535
4,complete,free,0.0,0.5011872336272725,-7.061423025617942,0.20602639312074458,0.5762963376903739,3.535239579536368,-0.040562583098114,0.040562583098114
4,complete,free,0.0,0.5128613839913648,-7.107553770911905,0.20648988215392014,0.5753549354677707,3.537066928820824,-0.038851442001109904,0.038851442001109904
4,complete,free,0.0,0.5248074602497729,-7.152283980471352,0.20694384533074614,0.5744328286045005,3.538863903381935,-0.037160800843216046,0.037160800843216046
4,complete,free,0.0,0.5370317963702527,-7.195611671760763,0.2073878585397761,0.5735308806083218,3.540628466168446,-0.03549397295373402,0.03549397295373402
4,complete,free,0.0,0.5495408738576248,-7.237537195503734,0.20782152955887964,0.5726498904571441,3.542358681155464,-0.033854065545572576,0.033854065545572576
4,complete,free,0.0,0.5623413251903491,-7.278063166079303,0.2082444990903505,0.5717905904765911,3.5440527206777905,-0.03224397066786522,0.03224397066786522
4,complete,free,0.0,0.5754399373371573,-7.317194389208902,0.20865644160229602,0.5709536446088365,3.5457088721534187,-0.030666358228681245,0.030666358228681245
4,complete,free,0.0,0.588843655355589,-7.354937787660965,0.2090570659776767,0.5701396470702148,3.547325544161527,-0.02912367103162672,0.02912367103162672
4,complete,free,0.0,0.6025595860743581,-7.391302325597165,0.20944611597393376,0.5693491213919442,3.548901271844392,-0.02761812174656808,0.02761812174656808
4,complete,free,0.0,0.6165950018614822,-7.426298932077688,0.20982337049754177,0.5685825198354801,3.550434721607624,-0.026151691714240144,0.026151691714240144
4,complete,free,0.0,0.6309573444801936,-7.4599404241356355,0.2101886436990151,0.5678402231716255,3.5519246950981733,-0.024726131467875057,0.024726131467875057
4,complete,free,0.0,0.6456542290346556,-7.492241429724768,0.21054178489491304,0.5671225408104733,3.553370132444345,-0.023342962841845782,0.023342962841845782
4,complete,free,0.0,0.6606934480075958,-7.523218310743711,0.21088267832420182,0.5664297112676023,3.5547701147469413,-0.022003482528037965,0.022003482528037965
4,complete,free,0.0,0.6760829753919819,-7.552889086246201,0.21121124274696315,0.5657619029506714,3.5561238658151932,-0.020708766934670608,0.020708766934670608
4,complete,free,0.0,0.6918309709189363,-7.5812733558618515,0.21152743089390827,0.5651192152496097,3.557430753145865,-0.019459678199693187,0.019459678199693187
4,complete,free,0.0,0.707945784384138,-7.6083922233775665,0.21183122877545704,0.5645016799129436,3.5586902881481612,-0.018256871211326686,0.018256871211326686
4,complete,free,0.0,0.7244359600749899,-7.6342682203675745,0.2121226548593256,0.5639092626924473,3.559902125621559,-0.017100801491213513,0.017100801491213513
4,complete,free,0.0,0.7413102413009177,-7.658925229709875,0.21240175912561815,0.5633418652381419,3.561066062497886,-0.015991733801099084,0.015991733801099084
4,complete,free,0.0,0.7585775750291835,-7.682388408790196,0.21266862200839798,0.5627993272257049,3.562182035863061,-0.01492975134099117,0.01492975134099117
4,complete,free,0.0,0.776247116628692,-7.704684112170902,0.21292335323260117,0.5622814286984968,3.5632501202780777,-0.013914765415535602,0.013914765415535602
4,complete,free,0.0,0.7943282347242814,-7.725839813491279,0.21316609055503605,0.5617878926066989,3.564270524422781,-0.012946525454913704,0.012946525454913704
4,complete,free,0.0,0.8128305161640995,-7.74588402636789,0.2133969984180184,0.561318387526298,3.5652435870898036,-0.012024629286981003,0.012024629286981003
4,complete,free,0.0,0.8317637711026709,-7.7648462240763365,0.213616266524045,0.5608725305410205,3.5661697725600603,-0.011148533568140273,0.011148533568140273
4,complete,free,0.0,0.8511380382023768,-7.782756757821199,0.21382410833973642,0.5604498902705288,3.567049665394709,-0.010317564290933667,0.010317564290933667
4,complete,free,0.0,0.8709635899560805,-7.799646773434736,0.21402075953715005,0.5600499900284752,3.5678839646822635,-0.009530927296838021,0.009530927296838021
4,complete,free,0.0,0.8912509381337459,-7.8155481263883155,0.21420647638047477,0.5596723110941105,3.5686734777829274,-0.008787718732498506,0.008787718732498506
4,complete,free,0.0,0.9120108393559097,-7.830493295051449,0.21438153406606136,0.5593162960812459,3.56941911361557,-0.00808693539669103,0.00808693539669103
4,complete,free,0.0,0.9332543007969915,-7.844515292190327,0.21454622502374396,0.5589813523883028,3.57012187553587,-0.007427484933491435,0.007427484933491435
4,complete,free,0.0,0.9549925860214359,-7.857647574759425,0.21470085718744453,0.5586668557130814,3.5707828538568736,-0.0068081958343428894,0.0068081958343428894
4,complete,free,0.0,0.9772372209558111,-7.869923952105551,0.2148457522431485,0.5583721536156767,3.571403218066036,-0.00622782721776205,0.00622782721776205
4,complete,free,0.0,1.0,-7.881378492770533,0.21498124386244802,0.5580965691126815,3.571984208794741,-0.005685078360635476,0.005685078360635476
4,complete,free,0.0,1.0232929922807548,-7.892045430146762,0.2151076759300074,0.5578394042855143,3.572527129598311,-0.0051785979590099895,0.0051785979590099895
4,complete,free,0.0,1.0471285480508996,-7.901959067306386,0.21522540077346042,0.5575999438853606,3.573033338605921,-0.004706993099443668,0.004706993099443668
4,complete,free,0.0,1.071519305237607,-7.911153681388747,0.21533477740439955,0.5573774589168887,3.5735042401006214,-0.004268837924277902,0.004268837924277902
4,complete,free,0.0,1.096478196143185,-7.919663427991071,0.21543616977927274,0.5571712101826108,3.573941276090261,-0.0038626819755429587,0.0038626819755429587
4,complete,free,0.0,1.1220184543019642,-7.92752224606142,0.2155299450890928,0.556980451769559,3.57434591792984,-0.003487058203244242,0.003487058203244242
4,complete,free,0.0,1.1481536214968828,-7.93476376384023,0.2156164720869244,0.5568044344598101,3.5747196580551117,-0.003140490624139236,0.003140490624139236
4,complete,free,0.0,1.1748975549395304,-7.9414212064366785,0.2156961194621067,0.5566424090464736,3.575064001886022,-0.0028215016171075913,0.0028215016171075913
4,complete,free,0.0,1.2022644346174132,-7.9475273056549165,0.21576925427006,0.556493629536913,3.5753804599564956,-0.002528618841340924,0.002528618841340924
4,complete,free,0.0,1.2302687708123812,-7.953114212705257,0.2158362404263506,0.5563573562254164,3.5756705403246247,-0.0022603817632764756,0.0022603817632764756
4,complete,free,0.0,1.2589254117941675,-7.958213414443469,0.21589743727338045,0.5562328586181136,3.5759357413141903,-0.0020153477782920426,0.0020153477782920426
4,complete,free,0.0,1.2882495516931336,-7.9628556537772415,0.21595319822767003,0.556119418193812,3.576177544634592,-0.0017920979133363435,0.0017920979133363435
4,complete,free,0.0,1.3182567385564075,-7.967070854863547,0.216003869515173,0.5560163309854842,3.5763974089221917,-0.0015892420971850285,0.0015892420971850285
4,complete,free,0.0,1.3489628825916533,-7.970888053691964,0.21604978900141938,0.5559229099685008,3.576596763741048,-0.0014054239858889428,0.0014054239858889428
4,complete,free,0.0,1.3803842646028852,-7.974335334609086,0.2160912851225289,0.5558384872432093,3.5767770040761033,-0.0012393253323241815,0.0012393253323241815
4,complete,free,0.0,1.412537544622754,-7.977439773287276,0.21612867592227036,0.5557624160012969,3.576939485345996,-0.0010896698904252489,0.0010896698904252489
4,complete,free,0.0,1.4454397707459279,-7.980227386578244,0.21616226819937923,0.5556940722673114,3.5770855189570807,-0.0009552268470491843,0.0009552268470491843
4,complete,free,0.0,1.4791083881682072,-7.982723089619933,0.21619235676829646,0.5556328564088793,3.5772163684139047,-0.000834813776906973,0.000834813776906973
4,complete,free,0.0,1.5135612484362087,-7.984950660483936,0.2162192238353748,0.555578194411453,3.577333245995261,-0.0007272991192199818,0.0007272991192199818
4,complete,free,0.0,1.5488166189124812,-7.986932712563738,0.21624313849143215,0.5555295389157803,3.5774373099987122,-0.0006316041780012327,0.0006316041780012327
4,complete,free,0.0,1.584893192461114,-7.988690674810897,0.2162643563203358,0.5554863700187778,3.577529662550216,-0.0005467046516314245,0.0005467046516314245
4,complete,free,0.0,1.6218100973589298,-7.990244779831037,0.21628311912209724,0.5554481958408971,3.577611347969456,-0.00047163170111885755,0.00047163170111885755
4,complete,free,0.0,1.6595869074375613,-7.991614059754528,0.21629965474776913,0.5554145528655393,3.5776833516757285,-0.0004054725704316642,0.0004054725704316642
4,complete,free,0.0,1.6982436524617444,-7.99281634970088,0.216314177042294,0.5553850060583585,3.5777465996137656,-0.00034737077611946,0.00034737077611946
4,complete,free,0.0,1.7378008287493762,-7.993868298563591,0.21632688589035956,0.5553591487765961,3.577801958173859,-0.00029652588721229556,0.00029652588721229556
4,complete,free,0.0,1.7782794100389228,-7.9947853867541925,0.21633796735931987,0.5553366024805186,3.577850234576141,-0.0002521929199654771,0.0002521929199654771
4,complete,free,0.0,1.8197008586099843,-7.995581950463801,0.21634759393233255,0.5553170162609632,3.577892177684891,-0.0002136813752802169,0.0002136813752802169
4,complete,free,0.0,1.8620871366628675,-7.9962712119290185,0.21635592482409655,0.555300066198535,3.577928479215549,-0.00018035394932458537,0.00018035394932458537
4,complete,free,0.0,1.9054607179632483,-7.996865315126325,0.21636310637090156,0.5552854545713157,3.5779597752942216,-0.00015162495057685632,0.00015162495057685632
4,complete,free,0.0,1.9498445997580456,-7.997375366269677,0.216369272486224,0.5552729089289976,3.5779866483277303,-0.00012695845804389094,0.00012695845804389094
4,complete,free,0.0,1.9952623149688808,-7.997811478447224,0.21637454517273572,0.555262181052031,3.578009629140899,-0.00010586625698261187,0.00010586625698261187
4,complete,free,0.0,2.0417379446695296,-7.998182819707527,0.21637903508139997,0.5552530458147978,3.5780291993371813,-8.79055891007674e-05,8.79055891007674e-05
4,complete,free,0.0,2.089296130854041,-7.9984976638936605,0.2163828421082934,0.5552452999718815,3.5780457938389776,-7.267675428446196e-05,7.267675428446196e-05
4,complete,free,0.0,2.1379620895022327,-7.9987634435234956,0.2163860560198991,0.5552387608862963,3.5780598035647544,-5.9820600572635385e-05,5.9820600572635385e-05
4,complete,free,0.0,2.1877616239495516,-7.99898680402721,0.2163887570978705,0.5552332652179992,3.5780715782014596,-4.9015938061280906e-05,4.9015938061280906e-05
4,complete,free,0.0,2.23872113856834,-7.999173658677567,0.21639101679466302,0.5552286675902051,3.5780814290328156,-3.997691080148691e-05,3.997691080148691e-05
4,complete,free,0.0,2.2908676527677723,-7.9993292435832615,0.21639289839192163,0.5552248392500332,3.5780896317865283,-3.245035892929238e-05,3.245035892929238e-05
4,complete,free,0.0,2.344228815319923,-7.999458172159768,0.21639445765415127,0.55522166673871,3.5780964294663677,-2.6213200631897138e-05,2.6213200631897138e-05
4,complete,free,0.0,2.39883291901949,-7.999564488543841,0.21639574347086143,0.5552190505851593,3.5781020351383246,-2.1069861055433847e-05,2.1069861055433847e-05
4,complete,free,0.0,2.454708915685031,-7.999651719476725,0.21639679848117271,0.5552169040352675,3.5781066346437234,-1.6849771921734202e-05,1.6849771921734202e-05
4,complete,free,0.0,2.5118864315095797,-7.999722924242414,0.2163976596756583,0.5552151518274261,3.578110389215653,-1.3404962779128837e-05,1.3404962779128837e-05
4,complete,free,0.0,2.570395782768865,-7.999780742314316,0.21639835897104368,0.5552137290232859,3.5781134379790895,-1.0607761125269732e-05,1.0607761125269732e-05
4,complete,free,0.0,2.6302679918953813,-7.9998274384289765,0.21639892375422584,0.5552125799009202,3.578115900318757,-8.348615572195683e-06,8.348615572195683e-06
4,complete,free,0.0,2.691534803926917,-7.999864944872231,0.21639937739290271,0.5552116569159105,3.578117878102538,-6.534052771511867e-06,6.534052771511867e-06
4,complete,free,0.0,2.7542287033381663,-7.999894900827021,0.2163997397109028,0.5552109197342472,3.5781194577518156,-5.084775724695234e-06,5.084775724695234e-06
4,complete,free,0.0,2.818382931264455,-7.9999186886932385,0.21640002742706835,0.5552103343393797,3.5781207121535337,-3.933907952946569e-06,3.933907952946569e-06
4,complete,free,0.0,2.8840315031266055,-7.999937467345847,0.2164002545572315,0.5552098722143554,3.5781217024117877,-3.0253854068629238e-06,3.0253854068629238e-06
4,complete,free,0.0,2.951209226666387,-7.999952202348997,0.2164004327794666,0.5552095095986765,3.578122479439571,-2.3124953256736802e-06,2.3124953256736802e-06
4,complete,free,0.0,3.019951720402016,-7.999963693189014,0.2164005717633438,0.5552092268183895,3.578123085393878,-1.7565591383661427e-06,1.7565591383661427e-06
4,complete,free,0.0,3.090295432513592,-7.999972597627391,0.21640067946439634,0.5552090076869612,3.5781235549591948,-1.325754528824774e-06,1.325754528824774e-06
4,complete,free,0.0,3.1622776601683795,-7.9999794533071835,0.21640076238539743,0.5552088389736823,3.578123916486474,-9.94070294524363e-07,9.94070294524363e-07
4,complete,free,0.0,3.2359365692962845,-7.999984696771405,0.2164008258063523,0.5552087099357139,3.578124192995733,-7.403863426791446e-07,7.403863426791446e-07
4,complete,free,0.0,3.311311214825911,-7.999988680070563,0.21640087398534805,0.5552086119094419,3.5781244030516515,-5.476702864548599e-07,5.476702864548599e-07
4,complete,free,0.0,3.3884415613920273,-7.999991685149375,0.21640091033254702,0.5552085379564585,3.5781245615221193,-4.0228144904119745e-07,4.0228144904119745e-07
4,complete,free,0.0,3.4673685045253166,-7.9999939362092185,0.21640093755970574,0.5552084825593541,3.5781246802300886,-2.933727911713646e-07,2.933727911713646e-07
4,complete,free,0.0,3.548133892335757,-7.99999561024496,0.21640095780761343,0.5552084413624186,3.578124768509171,-2.123811493337513e-07,2.123811493337513e-07
4,complete,free,0.0,3.630780547701014,-7.999996845952087,0.2164009727538238,0.5552084109524588,3.578124833673337,-1.525963009285647e-07,1.525963009285647e-07
4,complete,free,0.0,3.715352290971728,-7.999997751193543,0.21640098370296504,0.5552083886750431,3.5781248814106394,-1.0879973055821779e-07,1.0879973055821779e-07
4,complete,free,0.0,3.801893963205613,-7.9999984092066425,0.2164009916618131,0.5552083724817571,3.5781249161105277,-7.696433779180722e-08,7.696433779180722e-08
4,complete,free,0.0,3.890451449942805,-7.999998883718733,0.21640099740116703,0.5552083608043141,3.5781249411336153,-5.400692071333424e-08,5.400692071333424e-08
4,complete,free,0.0,3.981071705534973,-7.999999223126851,0.2164010015064015,0.5552083524516941,3.578124959032085,-3.758598166037075e-08,3.758598166037075e-08
4,complete,free,0.0,4.073802778041126,-7.999999463882809,0.21640100441841134,0.5552083465268406,3.578124971728197,-2.593794334870836e-08,2.593794334870836e-08
4,complete,free,0.0,4.168693834703355,-7.9999996332103525,0.21640100646647456,0.5552083423597954,3.5781249806575777,-1.774568980650315e-08,1.774568980650315e-08
4,complete,free,0.0,4.265795188015925,-7.999999751266237,0.21640100789439332,0.5552083394545158,3.578124986883183,-1.2034014451600683e-08,1.2034014451600683e-08
4,complete,free,0.0,4.365158322401661,-7.999999832843489,0.21640100888109257,0.5552083374469488,3.578124991185108,-8.087218672514496e-09,8.087218672514496e-09
4,complete,free,0.0,4.46683592150963,-7.9999998887010095,0.21640100955670488,0.5552083360723304,3.5781249941307163,-5.384769297123171e-09,5.384769297123171e-09
4,complete,free,0.0,4.570881896148752,-7.999999926591757,0.21640101001500398,0.5552083351398632,3.5781249961288624,-3.5515719254419764e-09,3.5515719254419764e-09
4,complete,free,0.0,4.677351412871981,-7.999999952050033,0.2164010103229288,0.5552083345133515,3.578124997471388,-2.319872516309829e-09,2.319872516309829e-09
4,complete,free,0.0,4.786300923226385,-7.99999996898844,0.21640101052780364,0.5552083340965079,3.578124998364625,-1.5003729370022256e-09,1.5003729370022256e-09
4,complete,free,0.0,4.897788193684462,-7.999999980145891,0.2164010106627561,0.5552083338219296,3.578124998953006,-9.60563406593451e-10,9.60563406593451e-10
4,complete,free,0.0,5.011872336272725,-7.999999987420422,0.21640101075074358,0.5552083336429082,3.5781249993366244,-6.086144921368941e-10,6.086144921368941e-10
4,complete,free,0.0,5.1286138399136485,-7.99999999211384,0.21640101080751184,0.5552083335274057,3.5781249995841273,-3.815421312225453e-10,3.815421312225453e-10
4,complete,free,0.0,5.248074602497728,-7.999999995109643,0.2164010108437469,0.5552083334536813,3.5781249997421103,-2.366002949116819e-10,2.366002949116819e-10
4,complete,free,0.0,5.370317963702527,-7.999999997000958,0.21640101086662283,0.5552083334071373,3.578124999841849,-1.4509748957891588e-10,1.4509748957891588e-10
4,complete,free,0.0,5.4954087385762485,-7.999999998181648,0.21640101088090366,0.5552083333780808,3.5781249999041105,-8.797429451590233e-11,8.797429451590233e-11
4,complete,free,0.0,5.623413251903491,-7.999999998910292,0.2164010108897168,0.5552083333601497,3.5781249999425357,-5.272071668116496e-11,5.272071668116496e-11
4,complete,free,0.0,5.754399373371572,-7.999999999354698,0.21640101089509203,0.5552083333492128,3.578124999965971,-3.121924940785448e-11,3.121924940785448e-11
4,complete,free,0.0,5.88843655355589,-7.999999999622504,0.2164010108983312,0.5552083333426223,3.578124999980094,-1.8262724665873975e-11,1.8262724665873975e-11
4,complete,free,0.0,6.025595860743581,-7.999999999781898,0.2164010109002592,0.5552083333386992,3.578124999988499,-1.0552891893667038e-11,1.0552891893667038e-11
4,complete,free,0.0,6.165950018614822,-7.999999999875598,0.2164010109013925,0.5552083333363939,3.5781249999934404,-6.018519016492974e-12,6.018519016492974e-12
4,complete,free,0.0,6.309573444801936,-7.9999999999299645,0.21640101090205002,0.5552083333350557,3.5781249999963074,-3.3884006711559778e-12,3.3884006711559778e-12
4,complete,free,0.0,6.456542290346556,-7.999999999961088,0.21640101090242664,0.5552083333342899,3.578124999997949,-1.8831602943691905e-12,1.8831602943691905e-12
4,complete,free,0.0,6.606934480075965,-7.9999999999786775,0.21640101090263927,0.5552083333338569,3.5781249999988765,-1.0325074129013956e-12,1.0325074129013956e-12
4,complete,free,0.0,6.760829753919819,-7.999999999988477,0.2164010109027579,0.5552083333336153,3.578124999999393,-5.579980921766037e-13,5.579980921766037e-13
4,complete,free,0.0,6.918309709189363,-7.999999999993866,0.216401010902823,0.555208333333483,3.5781249999996767,-2.964295475749168e-13,2.964295475749168e-13
4,complete,free,0.0,7.07945784384138,-7.999999999996776,0.21640101090285827,0.5552083333334112,3.5781249999998312,-1.5654144647214707e-13,1.5654144647214707e-13
4,complete,free,0.0,7.244359600749899,-7.999999999998331,0.21640101090287714,0.5552083333333729,3.578124999999914,-8.08242361927114e-14,8.08242361927114e-14
4,complete,free,0.0,7.413102413009177,-7.999999999999157,0.21640101090288705,0.5552083333333533,3.5781249999999565,-3.9745984281580604e-14,3.9745984281580604e-14
4,complete,free,0.0,7.585775750291836,-7.9999999999995755,0.21640101090289213,0.5552083333333425,3.5781249999999787,-2.042810365310288e-14,2.042810365310288e-14
4,complete,free,0.0,7.76247116628692,-7.999999999999794,0.21640101090289485,0.5552083333333375,3.5781249999999902,-8.881784197001252e-15,8.881784197001252e-15
4,complete,free,0.0,7.943282347242813,-7.9999999999999005,0.21640101090289604,0.5552083333333344,3.5781249999999956,-4.218847493575595e-15,4.218847493575595e-15
4,complete,free,0.0,8.128305161640995,-7.999999999999949,0.2164010109028967,0.5552083333333333,3.578124999999999,-2.886579864025407e-15,2.886579864025407e-15
4,complete,free,0.0,8.317637711026709,-7.999999999999974,0.21640101090289696,0.5552083333333319,3.5781250000000013,-1.7763568394002505e-15,1.7763568394002505e-15
4,complete,free,0.0,8.511380382023768,-7.999999999999984,0.21640101090289737,0.5552083333333333,3.5781250000000027,-8.881784197001252e-16,8.881784197001252e-16
4,complete,free,0.0,8.709635899560805,-7.999999999999991,0.2164010109028971,0.5552083333333314,3.5781250000000027,-1.9984014443252818e-15,1.9984014443252818e-15
4,complete,free,0.0,8.91250938133746,-7.999999999999995,0.2164010109028973,0.5552083333333316,3.578125,-8.881784197001252e-16,8.881784197001252e-16
4,complete,free,0.0,9.120108393559097,-7.999999999999995,0.2164010109028973,0.5552083333333317,3.578124999999999,-8.881784197001252e-16,8.881784197001252e-16
4,complete,free,0.0,9.332543007969914,-7.999999999999997,0.2164010109028974,0.5552083333333319,3.578125000000001,-4.440892098500626e-16,4.440892098500626e-16
4,complete,free,0.0,9.549925860214358,-7.999999999999998,0.21640101090289737,0.5552083333333319,3.578125000000001,-4.440892098500626e-16,4.440892098500626e-16
4,complete,free,0.0,9.772372209558112,-7.999999999999999,0.2164010109028974,0.5552083333333317,3.578125000000001,0.0,-0.0
4,complete,free,0.0,10.0,-7.999999999999999,0.21640101090289743,0.5552083333333319,3.5781250000000013,-2.220446049250313e-16,2.220446049250313e-16
4,complete,free,0.0,10.232929922807536,-7.999999999999999,0.21640101090289746,0.5552083333333317,3.5781250000000018,-4.440892098500626e-16,4.440892098500626e-16
4,complete,free,0.0,10.471285480509007,-7.999999999999999,0.21640101090289743,0.5552083333333316,3.5781250000000018,-4.440892098500626e-16,4.440892098500626e-16
4,complete,free,0.0,10.71519305237607,-7.999999999999998,0.21640101090289748,0.5552083333333315,3.578125000000001,-2.220446049250313e-16,2.220446049250313e-16
4,complete,free,0.0,10.964781961431852,-7.999999999999998,0.21640101090289746,0.5552083333333316,3.5781250000000018,-6.661338147750939e-16,6.661338147750939e-16
4,complete,free,0.0,11.220184543019629,-7.999999999999998,0.2164010109028975,0.5552083333333315,3.578125000000001,-2.220446049250313e-16,2.220446049250313e-16
4,complete,free,0.0,11.481536214968841,-7.999999999999998,0.21640101090289754,0.5552083333333315,3.5781250000000013,0.0,-0.0
4,complete,free,0.0,11.748975549395302,-7.999999999999998,0.21640101090289757,0.5552083333333314,3.5781250000000013,-2.220446049250313e-16,2.220446049250313e-16
4,complete,free,0.0,12.02264434617413,-7.999999999999999,0.2164010109028976,0.5552083333333315,3.5781250000000018,0.0,-0.0
4,complete,free,0.0,12.30268770812381,-7.999999999999999,0.2164010109028976,0.5552083333333314,3.5781250000000018,-2.220446049250313e-16,2.220446049250313e-16
4,complete,free,0.0,12.589254117941662,-7.999999999999998,0.21640101090289762,0.5552083333333314,3.5781250000000018,-2.220446049250313e-16,2.220446049250313e-16
4,complete,free,0.0,12.88249551693135,-7.999999999999999,0.21640101090289762,0.5552083333333314,3.5781250000000018,-4.440892098500626e-16,4.440892098500626e-16
4,complete,free,0.0,13.182567385564074,-7.999999999999998,0.21640101090289765,0.5552083333333313,3.5781250000000018,-4.440892098500626e-16,4.440892098500626e-16
4,complete,free,0.0,13.489628825916533,-7.999999999999999,0.21640101090289773,0.5552083333333313,3.5781250000000018,4.440892098500626e-16,-4.440892098500626e-16
4,complete,free,0.0,13.803842646028839,-7.999999999999999,0.21640101090289776,0.5552083333333313,3.5781250000000018,2.220446049250313e-16,-2.220446049250313e-16
4,complete,free,0.0,14.125375446227554,-7.999999999999998,0.21640101090289773,0.5552083333333313,3.5781250000000018,-2.220446049250313e-16,2.220446049250313e-16
4,complete,free,0.0,14.45439770745928,-8.0,0.21640101090289773,0.5552083333333312,3.5781250000000018,0.0,-0.0
4,complete,free,0.0,14.791083881682072,-7.999999999999999,0.2164010109028977,0.5552083333333311,3.5781250000000018,-6.661338147750939e-16,6.661338147750939e-16
4,complete,free,0.0,15.135612484362072,-8.0,0.2164010109028978,0.5552083333333311,3.5781250000000018,2.220446049250313e-16,-2.220446049250313e-16
4,complete,free,0.0,15.488166189124827,-7.999999999999998,0.21640101090289782,0.5552083333333311,3.5781250000000018,-4.440892098500626e-16,4.440892098500626e-16
4,complete,free,0.0,15.848931924611142,-7.999999999999998,0.2164010109028978,0.5552083333333309,3.5781250000000018,-6.661338147750939e-16,6.661338147750939e-16
4,complete,free,0.0,16.218100973589298,-7.999999999999999,0.21640101090289784,0.5552083333333309,3.5781250000000018,-2.220446049250313e-16,2.220446049250313e-16
4,complete,free,0.0,16.595869074375596,-7.999999999999998,0.2164010109028979,0.5552083333333308,3.5781250000000018,0.0,-0.0
4,complete,free,0.0,16.98243652461746,-7.999999999999998,0.2164010109028979,0.5552083333333309,3.578125000000002,-4.440892098500626e-16,4.440892098500626e-16
4,complete,free,0.0,17.378008287493763,-7.999999999999998,0.21640101090289798,0.5552083333333308,3.5781250000000027,0.0,-0.0
4,complete,free,0.0,17.78279410038923,-8.0,0.21640101090289798,0.5552083333333308,3.5781250000000027,0.0,-0.0
4,complete,free,0.0,18.197008586099827,-7.999999999999998,0.21640101090289798,0.5552083333333305,3.5781250000000018,-4.440892098500626e-16,4.440892098500626e-16
4,complete,free,0.0,18.620871366628695,-7.999999999999998,0.216401010902898,0.5552083333333304,3.5781250000000027,-2.220446049250313e-16,2.220446049250313e-16
4,complete,free,0.0,19.054607179632484,-7.999999999999998,0.21640101090289804,0.5552083333333305,3.578125000000002,-4.440892098500626e-16,4.440892098500626e-16
4,complete,free,0.0,19.498445997580454,-7.999999999999999,0.21640101090289812,0.5552083333333305,3.5781250000000027,-2.220446049250313e-16,2.220446049250313e-16
4,complete,free,0.0,19.952623149688787,-7.999999999999998,0.21640101090289815,0.5552083333333305,3.5781250000000027,-4.440892098500626e-16,4.440892098500626e-16
4,complete,free,0.0,20.417379446695318,-7.999999999999998,0.2164010109028981,0.5552083333333302,3.5781250000000018,-6.661338147750939e-16,6.661338147750939e-16
4,complete,free,0.0,20.892961308540407,-8.0,0.21640101090289818,0.5552083333333303,3.5781250000000027,0.0,-0.0
4,complete,free,0.0,21.379620895022324,-8.0,0.21640101090289823,0.5552083333333302,3.578125000000003,-2.220446049250313e-16,2.220446049250313e-16
4,complete,free,0.0,21.87761623949552,-7.999999999999999,0.21640101090289823,0.5552083333333302,3.578125000000003,0.0,-0.0
4,complete,free,0.0,22.387211385683422,-7.999999999999998,0.2164010109028983,0.55520833333333,3.5781250000000027,-4.440892098500626e-16,4.440892098500626e-16
4,complete,free,0.0,22.90867652767775,-8.0,0.2164010109028983,0.55520833333333,3.5781250000000027,-2.220446049250313e-16,2.220446049250313e-16
4,complete,free,0.0,23.442288153199225,-8.0,0.21640101090289837,0.55520833333333,3.5781250000000027,0.0,-0.0
4,complete,free,0.0,23.9883291901949,-8.0,0.21640101090289848,0.5552083333333299,3.578125000000003,4.440892098500626e-16,-4.440892098500626e-16
4,complete,free,0.0,24.547089156850287,-7.999999999999999,0.2164010109028984,0.5552083333333298,3.5781250000000027,-4.440892098500626e-16,4.440892098500626e-16
4,complete,free,0.0,25.11886431509582,-7.999999999999998,0.2164010109028985,0.5552083333333295,3.5781250000000027,-2.220446049250313e-16,2.220446049250313e-16
4,complete,free,0.0,25.703957827688647,-8.0,0.21640101090289854,0.5552083333333294,3.5781250000000036,0.0,-0.0
4,complete,free,0.0,26.302679918953814,-7.999999999999999,0.21640101090289854,0.5552083333333294,3.5781250000000036,-4.440892098500626e-16,4.440892098500626e-16
4,complete,free,0.0,26.91534803926914,-7.999999999999999,0.21640101090289865,0.5552083333333294,3.578125000000004,0.0,-0.0
4,complete,free,0.0,27.54228703338169,-7.999999999999998,0.21640101090289862,0.5552083333333292,3.5781250000000036,-6.661338147750939e-16,6.661338147750939e-16
4,complete,free,0.0,28.18382931264455,-7.999999999999998,0.21640101090289868,0.5552083333333292,3.5781250000000036,-6.661338147750939e-16,6.661338147750939e-16
4,complete,free,0.0,28.84031503126606,-7.999999999999999,0.21640101090289873,0.5552083333333291,3.5781250000000036,0.0,-0.0
4,complete,free,0.0,29.51209226666384,-7.999999999999998,0.2164010109028988,0.555208333333329,3.5781250000000036,-4.440892098500626e-16,4.440892098500626e-16
4,complete,free,0.0,30.199517204020193,-7.999999999999999,0.2164010109028988,0.5552083333333288,3.5781250000000036,-4.440892098500626e-16,4.440892098500626e-16
4,complete,free,0.0,30.90295432513592,-7.999999999999998,0.21640101090289887,0.5552083333333286,3.5781250000000036,-4.440892098500626e-16,4.440892098500626e-16
4,complete,free,0.0,31.622776601683793,-7.999999999999998,0.21640101090289895,0.5552083333333288,3.5781250000000036,-2.220446049250313e-16,2.220446049250313e-16
4,complete,free,0.0,32.35936569296281,-7.999999999999998,0.216401010902899,0.5552083333333286,3.578125000000004,-2.220446049250313e-16,2.220446049250313e-16
4,complete,free,0.0,33.11311214825915,-7.999999999999999,0.2164010109028991,0.5552083333333285,3.578125000000004,2.220446049250313e-16,-2.220446049250313e-16
4,complete,free,0.0,33.884415613920275,-8.0,0.21640101090289912,0.5552083333333284,3.5781250000000044,0.0,-0.0
4,complete,free,0.0,34.673685045253166,-7.999999999999998,0.21640101090289918,0.5552083333333283,3.5781250000000044,-2.220446049250313e-16,2.220446049250313e-16
4,complete,free,0.0,35.481338923357534,-7.999999999999999,0.2164010109028992,0.5552083333333282,3.5781250000000044,-2.220446049250313e-16,2.220446049250313e-16
4,complete,free,0.0,36.30780547701018,-7.999999999999999,0.21640101090289923,0.5552083333333281,3.5781250000000044,-4.440892098500626e-16,4.440892098500626e-16
4,complete,free,0.0,37.15352290971728,-8.0,0.21640101090289932,0.555208333333328,3.5781250000000044,0.0,-0.0
4,complete,free,0.0,38.018939632056124,-8.0,0.2164010109028994,0.5552083333333278,3.5781250000000053,-2.220446049250313e-16,2.220446049250313e-16
4,complete,free,0.0,38.904514499428046,-8.0,0.21640101090289948,0.5552083333333276,3.5781250000000053,0.0,-0.0
4,complete,free,0.0,39.81071705534978,-7.999999999999999,0.2164010109028995,0.5552083333333275,3.578125000000005,-2.220446049250313e-16,2.220446049250313e-16
4,complete,free,0.0,40.7380277804113,-7.999999999999998,0.21640101090289954,0.5552083333333275,3.578125000000005,-8.881784197001252e-16,8.881784197001252e-16
4,complete,free,0.0,41.68693834703355,-8.0,0.21640101090289962,0.5552083333333273,3.5781250000000053,-2.220446049250313e-16,2.220446049250313e-16
4,complete,free,0.0,42.65795188015925,-7.999999999999997,0.2164010109028997,0.5552083333333272,3.5781250000000053,-6.661338147750939e-16,6.661338147750939e-16
4,complete,free,0.0,43.65158322401656,-7.999999999999998,0.2164010109028998,0.555208333333327,3.5781250000000053,-2.220446049250313e-16,2.220446049250313e-16
4,complete,free,0.0,44.668359215096345,-8.0,0.21640101090289987,0.555208333333327,3.578125000000006,0.0,-0.0
4,complete,free,0.0,45.708818961487516,-7.999999999999999,0.21640101090289995,0.5552083333333265,3.5781250000000058,0.0,-0.0
4,complete,free,0.0,46.77351412871981,-7.999999999999998,0.21640101090289998,0.5552083333333265,3.5781250000000053,-6.661338147750939e-16,6.661338147750939e-16
4,complete,free,0.0,47.863009232263806,-7.999999999999998,0.21640101090290007,0.5552083333333263,3.578125000000006,-6.661338147750939e-16,6.661338147750939e-16
4,complete,free,0.0,48.97788193684466,-7.999999999999998,0.21640101090290015,0.5552083333333262,3.5781250000000053,-4.440892098500626e-16,4.440892098500626e-16
4,complete,free,0.0,50.11872336272725,-7.999999999999999,0.21640101090290026,0.5552083333333262,3.5781250000000067,-2.220446049250313e-16,2.220446049250313e-16
4,complete,free,0.0,51.28613839913648,-7.999999999999999,0.21640101090290034,0.5552083333333259,3.5781250000000067,-2.220446049250313e-16,2.220446049250313e-16
4,complete,free,0.0,52.48074602497723,-8.0,0.21640101090290045,0.5552083333333259,3.578125000000007,2.220446049250313e-16,-2.220446049250313e-16
4,complete,free,0.0,53.70317963702533,-7.999999999999998,0.2164010109029005,0.5552083333333255,3.578125000000007,-6.661338147750939e-16,6.661338147750939e-16
4,complete,free,0.0,54.954087385762485,-7.999999999999997,0.2164010109029006,0.5552083333333254,3.5781250000000067,-6.661338147750939e-16,6.661338147750939e-16
4,complete,free,0.0,56.23413251903491,-8.0,0.21640101090290073,0.5552083333333252,3.578125000000007,2.220446049250313e-16,-2.220446049250313e-16
4,complete,free,0.0,57.543993733715666,-7.999999999999999,0.21640101090290076,0.555208333333325,3.578125000000007,-2.220446049250313e-16,2.220446049250313e-16
4,complete,free,0.0,58.884365535558956,-7.999999999999999,0.21640101090290093,0.555208333333325,3.5781250000000075,2.220446049250313e-16,-2.220446049250313e-16
4,complete,free,0.0,60.25595860743581,-7.999999999999998,0.21640101090290095,0.5552083333333246,3.578125000000007,-2.220446049250313e-16,2.220446049250313e-16
4,complete,free,0.0,61.65950018614822,-7.999999999999998,0.21640101090290104,0.5552083333333244,3.578125000000008,-6.661338147750939e-16,6.661338147750939e-16
4,complete,free,0.0,63.0957344480193,-8.0,0.21640101090290118,0.5552083333333243,3.578125000000008,2.220446049250313e-16,-2.220446049250313e-16
4,complete,free,0.0,64.56542290346563,-8.0,0.21640101090290126,0.555208333333324,3.578125000000008,0.0,-0.0
4,complete,free,0.0,66.06934480075964,-7.999999999999998,0.21640101090290137,0.5552083333333238,3.5781250000000084,-2.220446049250313e-16,2.220446049250313e-16
4,complete,free,0.0,67.60829753919819,-7.999999999999998,0.21640101090290145,0.5552083333333235,3.578125000000008,-4.440892098500626e-16,4.440892098500626e-16
4,complete,free,0.0,69.18309709189363,-8.0,0.2164010109029016,0.5552083333333233,3.578125000000009,0.0,-0.0
4,complete,free,0.0,70.79457843841388,-8.0,0.21640101090290176,0.5552083333333233,3.578125000000009,2.220446049250313e-16,-2.220446049250313e-16
4,complete,free,0.0,72.44359600749905,-7.999999999999998,0.21640101090290176,0.5552083333333228,3.578125000000009,-8.881784197001252e-16,8.881784197001252e-16
4,complete,free,0.0,74.13102413009177,-7.999999999999999,0.21640101090290195,0.5552083333333226,3.5781250000000093,0.0,-0.0
4,complete,free,0.0,75.85775750291836,-7.999999999999998,0.21640101090290204,0.5552083333333223,3.5781250000000098,-4.440892098500626e-16,4.440892098500626e-16
4,complete,free,0.0,77.62471166286912,-7.999999999999998,0.21640101090290217,0.5552083333333222,3.5781250000000093,-2.220446049250313e-16,2.220446049250313e-16
4,complete,free,0.0,79.43282347242821,-7.999999999999999,0.2164010109029023,0.5552083333333219,3.5781250000000098,-2.220446049250313e-16,2.220446049250313e-16
4,complete,free,0.0,81.28305161640995,-7.999999999999999,0.21640101090290245,0.5552083333333216,3.5781250000000107,-2.220446049250313e-16,2.220446049250313e-16
4,complete,free,0.0,83.17637711026708,-7.999999999999998,0.2164010109029026,0.5552083333333212,3.5781250000000098,0.0,-0.0
4,complete,free,0.0,85.11380382023759,-7.999999999999999,0.21640101090290273,0.555208333333321,3.57812500000001,2.220446049250313e-16,-2.220446049250313e-16
4,complete,free,0.0,87.09635899560814,-7.999999999999998,0.21640101090290287,0.5552083333333208,3.5781250000000107,-4.440892098500626e-16,4.440892098500626e-16
4,complete,free,0.0,89.12509381337459,-7.999999999999998,0.21640101090290295,0.5552083333333204,3.5781250000000107,-6.661338147750939e-16,6.661338147750939e-16
4,complete,free,0.0,91.20108393559097,-8.0,0.21640101090290315,0.5552083333333203,3.5781250000000115,0.0,-0.0
4,complete,free,0.0,93.32543007969905,-7.999999999999998,0.21640101090290326,0.55520833333332,3.5781250000000115,-6.661338147750939e-16,6.661338147750939e-16
4,complete,free,0.0,95.49925860214368,-8.0,0.21640101090290345,0.5552083333333196,3.578125000000012,0.0,-0.0
4,complete,free,0.0,97.72372209558111,-7.999999999999999,0.21640101090290365,0.5552083333333193,3.5781250000000124,4.440892098500626e-16,-4.440892098500626e-16
4,complete,free,0.0,100.0,-7.999999999999999,0.21640101090290376,0.555208333333319,3.5781250000000124,-2.220446049250313e-16,2.220446049250313e-16
4,complete,free,0.0,102.32929922807536,-7.999999999999999,0.21640101090290395,0.5552083333333185,3.5781250000000124,2.220446049250313e-16,-2.220446049250313e-16
4,complete,free,0.0,104.71285480509006,-7.999999999999999,0.21640101090290406,0.5552083333333183,3.578125000000013,-4.440892098500626e-16,4.440892098500626e-16
4,complete,free,0.0,107.1519305237607,-7.999999999999998,0.21640101090290428,0.555208333333318,3.5781250000000138,-4.440892098500626e-16,4.440892098500626e-16
4,complete,free,0.0,109.64781961431851,-8.0,0.2164010109029045,0.5552083333333176,3.5781250000000133,6.661338147750939e-16,-6.661338147750939e-16
4,complete,free,0.0,112.2018454301963,-8.0,0.21640101090290462,0.5552083333333173,3.578125000000014,-2.220446049250313e-16,2.220446049250313e-16
4,complete,free,0.0,114.81536214968841,-7.999999999999999,0.21640101090290478,0.5552083333333169,3.578125000000014,-4.440892098500626e-16,4.440892098500626e-16
4,complete,free,0.0,117.48975549395303,-7.999999999999999,0.216401010902905,0.5552083333333165,3.578125000000015,0.0,-0.0
4,complete,free,0.0,120.22644346174131,-7.999999999999999,0.2164010109029052,0.5552083333333161,3.578125000000014,2.220446049250313e-16,-2.220446049250313e-16
4,complete,free,0.0,123.02687708123811,-8.0,0.2164010109029054,0.5552083333333158,3.5781250000000155,0.0,-0.0
4,complete,free,0.0,125.89254117941688,-7.999999999999998,0.21640101090290556,0.5552083333333153,3.578125000000015,-6.661338147750939e-16,6.661338147750939e-16
4,complete,free,0.0,128.82495516931348,-7.999999999999998,0.21640101090290587,0.5552083333333149,3.5781250000000164,2.220446049250313e-16,-2.220446049250313e-16
4,complete,free,0.0,131.82567385564073,-8.0,0.21640101090290603,0.5552083333333144,3.578125000000017,2.220446049250313e-16,-2.220446049250313e-16
4,complete,free,0.0,134.89628825916532,-7.999999999999998,0.21640101090290617,0.555208333333314,3.578125000000017,-6.661338147750939e-16,6.661338147750939e-16
4,complete,free,0.0,138.03842646028838,-7.999999999999998,0.21640101090290645,0.5552083333333135,3.578125000000017,-2.220446049250313e-16,2.220446049250313e-16
4,complete,free,0.0,141.25375446227554,-7.999999999999999,0.21640101090290667,0.5552083333333131,3.5781250000000173,0.0,-0.0
4,complete,free,0.0,144.5439770745928,-7.999999999999998,0.2164010109029069,0.5552083333333127,3.5781250000000178,-2.220446049250313e-16,2.220446049250313e-16
4,complete,free,0.0,147.91083881682073,-7.999999999999999,0.21640101090290717,0.5552083333333121,3.578125000000018,2.220446049250313e-16,-2.220446049250313e-16
4,complete,free,0.0,151.3561248436207,-7.999999999999998,0.2164010109029074,0.5552083333333117,3.5781250000000187,-2.220446049250313e-16,2.220446049250313e-16
4,complete,free,0.0,154.88166189124829,-8.0,0.21640101090290761,0.5552083333333112,3.5781250000000195,-2.220446049250313e-16,2.220446049250313e-16
4,complete,free,0.0,158.48931924611142,-7.999999999999999,0.21640101090290792,0.5552083333333108,3.5781250000000195,2.220446049250313e-16,-2.220446049250313e-16
4,complete,free,0.0,162.18100973589299,-7.999999999999999,0.21640101090290817,0.5552083333333101,3.5781250000000204,0.0,-0.0
4,complete,free,0.0,165.95869074375597,-7.999999999999998,0.2164010109029084,0.5552083333333095,3.57812500000002,-2.220446049250313e-16,2.220446049250313e-16
4,complete,free,0.0,169.8243652461746,-7.999999999999999,0.21640101090290867,0.5552083333333091,3.5781250000000213,-4.440892098500626e-16,4.440892098500626e-16
4,complete,free,0.0,173.78008287493762,-7.999999999999999,0.216401010902909,0.5552083333333085,3.5781250000000213,0.0,-0.0
4,complete,free,0.0,177.82794100389228,-7.999999999999999,0.21640101090290922,0.5552083333333078,3.578125000000022,0.0,-0.0
4,complete,free,0.0,181.97008586099827,-7.999999999999999,0.2164010109029095,0.5552083333333073,3.5781250000000226,-4.440892098500626e-16,4.440892098500626e-16
4,complete,free,0.0,186.20871366628694,-8.0,0.21640101090290983,0.5552083333333068,3.578125000000023,-2.220446049250313e-16,2.220446049250313e-16
4,complete,free,0.0,190.54607179632484,-7.999999999999998,0.2164010109029101,0.5552083333333061,3.578125000000024,-6.661338147750939e-16,6.661338147750939e-16
4,complete,free,0.0,194.98445997580455,-7.999999999999999,0.21640101090291045,0.5552083333333054,3.578125000000024,-4.440892098500626e-16,4.440892098500626e-16
4,complete,free,0.0,199.52623149688787,-7.999999999999998,0.2164010109029108,0.5552083333333049,3.5781250000000258,-2.220446049250313e-16,2.220446049250313e-16
4,complete,free,0.0,204.17379446695315,-7.999999999999999,0.21640101090291114,0.5552083333333041,3.578125000000025,2.220446049250313e-16,-2.220446049250313e-16
4,complete,free,0.0,208.92961308540407,-7.999999999999999,0.21640101090291142,0.5552083333333034,3.5781250000000258,-2.220446049250313e-16,2.220446049250313e-16
4,complete,free,0.0,213.79620895022325,-7.999999999999998,0.21640101090291175,0.5552083333333028,3.578125000000026,-4.440892098500626e-16,4.440892098500626e-16
4,complete,free,0.0,218.77616239495518,-7.999999999999998,0.21640101090291208,0.555208333333302,3.5781250000000266,-4.440892098500626e-16,4.440892098500626e-16
4,complete,free,0.0,223.87211385683423,-7.999999999999998,0.2164010109029125,0.5552083333333014,3.578125000000028,-2.220446049250313e-16,2.220446049250313e-16
4,complete,free,0.0,229.08676527677747,-8.0,0.21640101090291286,0.5552083333333007,3.578125000000029,0.0,-0.0
4,complete,free,0.0,234.42288153199226,-8.0,0.21640101090291328,0.5552083333332998,3.5781250000000293,4.440892098500626e-16,-4.440892098500626e-16
4,complete,free,0.0,239.88329190194898,-8.0,0.21640101090291364,0.555208333333299,3.5781250000000293,2.220446049250313e-16,-2.220446049250313e-16
4,complete,free,0.0,245.47089156850285,-8.0,0.216401010902914,0.5552083333332983,3.5781250000000306,-2.220446049250313e-16,2.220446049250313e-16
4,complete,free,0.0,251.18864315095823,-7.999999999999997,0.2164010109029144,0.5552083333332974,3.578125000000031,-6.661338147750939e-16,6.661338147750939e-16
4,complete,free,0.0,257.03957827688646,-7.999999999999999,0.21640101090291483,0.5552083333332967,3.578125000000032,0.0,-0.0
4,complete,free,0.0,263.02679918953817,-7.999999999999998,0.21640101090291522,0.5552083333332958,3.578125000000032,-6.661338147750939e-16,6.661338147750939e-16
4,complete,free,0.0,269.1534803926914,-8.0,0.21640101090291564,0.5552083333332949,3.5781250000000333,0.0,-0.0
4,complete,free,0.0,275.4228703338169,-7.999999999999998,0.21640101090291608,0.555208333333294,3.5781250000000338,-4.440892098500626e-16,4.440892098500626e-16
4,complete,free,0.0,281.8382931264455,-8.0,0.21640101090291658,0.5552083333332931,3.5781250000000355,0.0,-0.0
4,complete,free,0.0,288.40315031266056,-7.999999999999999,0.21640101090291702,0.5552083333332921,3.5781250000000355,-2.220446049250313e-16,2.220446049250313e-16
4,complete,free,0.0,295.1209226666384,-7.999999999999998,0.21640101090291747,0.5552083333332911,3.578125000000036,-4.440892098500626e-16,4.440892098500626e-16
4,complete,free,0.0,301.9951720402019,-7.999999999999999,0.216401010902918,0.5552083333332902,3.5781250000000373,0.0,-0.0
4,complete,free,0.0,309.0295432513592,-7.999999999999998,0.2164010109029185,0.5552083333332892,3.578125000000039,-2.220446049250313e-16,2.220446049250313e-16
4,complete,free,0.0,316.22776601683796,-8.0,0.21640101090291897,0.5552083333332881,3.578125000000039,0.0,-0.0
4,complete,free,0.0,323.5936569296281,-8.0,0.21640101090291955,0.555208333333287,3.57812500000004,4.440892098500626e-16,-4.440892098500626e-16
4,complete,free,0.0,331.1311214825914,-8.0,0.21640101090292002,0.5552083333332861,3.5781250000000413,0.0,-0.0
4,complete,free,0.0,338.84415613920277,-7.999999999999998,0.21640101090292058,0.5552083333332851,3.5781250000000417,-4.440892098500626e-16,4.440892098500626e-16
4,complete,free,0.0,346.73685045253166,-8.0,0.21640101090292116,0.5552083333332839,3.578125000000043,4.440892098500626e-16,-4.440892098500626e-16
4,complete,free,0.0,354.8133892335753,-7.999999999999999,0.21640101090292171,0.5552083333332826,3.5781250000000435,0.0,-0.0
4,complete,free,0.0,363.07805477010174,-7.999999999999998,0.21640101090292227,0.5552083333332815,3.5781250000000444,-6.661338147750939e-16,6.661338147750939e-16
4,complete,free,0.0,371.53522909717276,-7.999999999999998,0.21640101090292285,0.5552083333332803,3.578125000000046,-4.440892098500626e-16,4.440892098500626e-16
4,complete,free,0.0,380.1893963205613,-7.999999999999998,0.21640101090292344,0.555208333333279,3.578125000000047,-6.661338147750939e-16,6.661338147750939e-16
4,complete,free,0.0,389.04514499428046,-8.0,0.2164010109029241,0.5552083333332779,3.5781250000000484,-2.220446049250313e-16,2.220446049250313e-16
4,complete,free,0.0,398.1071705534977,-7.999999999999999,0.21640101090292474,0.5552083333332766,3.578125000000049,-2.220446049250313e-16,2.220446049250313e-16
4,complete,free,0.0,407.380277804113,-7.999999999999999,0.21640101090292543,0.5552083333332752,3.5781250000000506,2.220446049250313e-16,-2.220446049250313e-16
4,complete,free,0.0,416.8693834703355,-8.0,0.21640101090292604,0.5552083333332738,3.5781250000000515,-2.220446049250313e-16,2.220446049250313e-16
4,complete,free,0.0,426.57951880159254,-7.999999999999999,0.21640101090292674,0.5552083333332725,3.5781250000000533,-2.220446049250313e-16,2.220446049250313e-16
4,complete,free,0.0,436.51583224016565,-7.999999999999998,0.21640101090292746,0.555208333333271,3.5781250000000533,0.0,-0.0
4,complete,free,0.0,446.6835921509635,-7.999999999999998,0.21640101090292813,0.5552083333332696,3.578125000000055,-4.440892098500626e-16,4.440892098500626e-16
4,complete,free,0.0,457.0881896148752,-8.0,0.2164010109029289,0.555208333333268,3.5781250000000564,0.0,-0.0
4,complete,free,0.0,467.73514128719813,-8.0,0.21640101090292968,0.5552083333332666,3.5781250000000577,4.440892098500626e-16,-4.440892098500626e-16
4,complete,free,0.0,478.630092322638,-7.999999999999998,0.21640101090293037,0.5552083333332651,3.5781250000000586,-6.661338147750939e-16,6.661338147750939e-16
4,complete,free,0.0,489.77881936844665,-8.0,0.21640101090293118,0.5552083333332636,3.578125000000061,-2.220446049250313e-16,2.220446049250313e-16
4,complete,free,0.0,501.18723362727246,-7.999999999999998,0.21640101090293204,0.5552083333332619,3.578125000000062,0.0,-0.0
4,complete,free,0.0,512.8613839913648,-7.999999999999999,0.21640101090293282,0.5552083333332603,3.578125000000063,-2.220446049250313e-16,2.220446049250313e-16
4,complete,free,0.0,524.8074602497722,-8.0,0.2164010109029337,0.5552083333332586,3.5781250000000653,2.220446049250313e-16,-2.220446049250313e-16
4,complete,free,0.0,537.0317963702532,-7.999999999999998,0.21640101090293454,0.5552083333332567,3.578125000000066,-2.220446049250313e-16,2.220446049250313e-16
4,complete,free,0.0,549.5408738576248,-7.999999999999999,0.21640101090293543,0.555208333333255,3.578125000000068,0.0,-0.0
4,complete,free,0.0,562.341325190349,-7.999999999999998,0.21640101090293629,0.555208333333253,3.5781250000000693,-4.440892098500626e-16,4.440892098500626e-16
4,complete,free,0.0,575.4399373371566,-8.0,0.2164010109029372,0.5552083333332513,3.578125000000072,-2.220446049250313e-16,2.220446049250313e-16
4,complete,free,0.0,588.8436553555896,-7.999999999999998,0.21640101090293815,0.5552083333332494,3.578125000000072,-4.440892098500626e-16,4.440892098500626e-16
4,complete,free,0.0,602.5595860743581,-7.999999999999998,0.21640101090293912,0.5552083333332474,3.5781250000000746,-4.440892098500626e-16,4.440892098500626e-16
4,complete,free,0.0,616.5950018614822,-7.999999999999998,0.21640101090294012,0.5552083333332455,3.578125000000076,-4.440892098500626e-16,4.440892098500626e-16
4,complete,free,0.0,630.957344480193,-8.0,0.21640101090294114,0.5552083333332435,3.578125000000078,0.0,-0.0
4,complete,free,0.0,645.6542290346563,-7.999999999999999,0.21640101090294217,0.5552083333332413,3.57812500000008,0.0,-0.0
4,complete,free,0.0,660.6934480075964,-7.999999999999998,0.21640101090294317,0.5552083333332392,3.5781250000000813,-8.881784197001252e-16,8.881784197001252e-16
4,complete,free,0.0,676.0829753919819,-7.999999999999999,0.21640101090294434,0.555208333333237,3.578125000000084,-2.220446049250313e-16,2.220446049250313e-16
4,complete,free,0.0,691.8309709189363,-7.999999999999998,0.21640101090294542,0.5552083333332347,3.5781250000000853,-2.220446049250313e-16,2.220446049250313e-16
4,complete,free,0.0,707.9457843841387,-7.999999999999998,0.21640101090294656,0.5552083333332324,3.5781250000000875,-4.440892098500626e-16,4.440892098500626e-16
4,complete,free,0.0,724.4359600749906,-7.999999999999999,0.21640101090294767,0.55520833333323,3.5781250000000897,-2.220446049250313e-16,2.220446049250313e-16
4,complete,free,0.0,741.3102413009177,-8.0,0.21640101090294897,0.5552083333332278,3.578125000000092,2.220446049250313e-16,-2.220446049250313e-16
4,complete,free,0.0,758.5775750291835,-7.999999999999999,0.21640101090295016,0.5552083333332253,3.578125000000094,0.0,-0.0
4,complete,free,0.0,776.2471166286912,-7.999999999999999,0.21640101090295133,0.5552083333332227,3.578125000000096,-4.440892098500626e-16,4.440892098500626e-16
4,complete,free,0.0,794.3282347242822,-7.999999999999998,0.21640101090295263,0.5552083333332202,3.5781250000000977,-6.661338147750939e-16,6.661338147750939e-16
4,complete,free,0.0,812.8305161640995,-7.999999999999998,0.21640101090295394,0.5552083333332176,3.5781250000001004,-4.440892098500626e-16,4.440892098500626e-16
4,complete,free,0.0,831.7637711026708,-7.999999999999998,0.21640101090295527,0.5552083333332148,3.578125000000103,-2.220446049250313e-16,2.220446049250313e-16
4,complete,free,0.0,851.1380382023759,-8.0,0.21640101090295663,0.5552083333332121,3.5781250000001057,-2.220446049250313e-16,2.220446049250313e-16
4,complete,free,0.0,870.9635899560815,-8.0,0.21640101090295805,0.5552083333332094,3.578125000000108,0.0,-0.0
4,complete,free,0.0,891.2509381337459,-7.999999999999998,0.2164010109029594,0.5552083333332063,3.57812500000011,-6.661338147750939e-16,6.661338147750939e-16
4,complete,free,0.0,912.0108393559096,-7.999999999999999,0.21640101090296088,0.5552083333332033,3.5781250000001124,-6.661338147750939e-16,6.661338147750939e-16
4,complete,free,0.0,933.2543007969905,-7.999999999999999,0.2164010109029624,0.5552083333332003,3.5781250000001155,-4.440892098500626e-16,4.440892098500626e-16
4,complete,free,0.0,954.9925860214369,-7.999999999999999,0.21640101090296399,0.5552083333331974,3.578125000000118,0.0,-0.0
4,complete,free,0.0,977.2372209558112,-7.999999999999998,0.21640101090296554,0.5552083333331941,3.578125000000121,-2.220446049250313e-16,2.220446049250313e-16
4,complete,free,0.0,1000.0,-7.999999999999999,0.21640101090296712,0.555208333333191,3.5781250000001235,-4.440892098500626e-16,4.440892098500626e-16
4,complete,free,0.0,inf,-7.999999999999999,0.2164010109028967,0.5552083333333332,3.578125,0.0,0.0
4,complete,U1,1.0,0.0,7.2,0.17556365302394786,0.6380952380952384,3.4285714285714284,-0.3457815551323409,0.3457815551323409
4,complete,U1,1.0,0.001,7.1706882389769815,0.1759098222710807,0.6373935234049446,3.4296003582575905,-0.3465561992966758,0.3465561992966758
4,complete,U1,1.0,0.0010232929922807535,7.170005271392075,0.17591789481148937,0.6373771602381005,3.4296243335855463,-0.34657419000503187,0.34657419000503187
4,complete,U1,1.0,0.0010471285480508996,7.169306385758137,0.1759261558193022,0.6373604150714499,3.4296488677671055,-0.3465925972536821,0.3465925972536821
4,complete,U1,1.0,0.001071519305237606,7.16859121085078,0.1759346097048701,0.6373432789670194,3.4296739738381055,-0.3466114306253334,0.3466114306253334
4,complete,U1,1.0,0.0010964781961431851,7.167859366778487,0.17594326098222965,0.6373257427767671,3.429699665138889,-0.3466306999201708,0.3466306999201708
4,complete,U1,1.0,0.001122018454301963,7.167110464779876,0.1759521142715636,0.6373077971375993,3.4297259553214223,-0.3466504151606573,0.3466504151606573
4,complete,U1,1.0,0.0011481536214968829,7.166344107016129,0.17596117430172062,0.6372894324662709,3.429752858356609,-0.34667058659641903,0.34667058659641903
4,complete,U1,1.0,0.001174897554939529,7.1655598863586025,0.1759704459127944,0.6372706389541585,3.42978038854175,-0.34669122470923197,0.34669122470923197
4,complete,U1,1.0,0.001202264434617413,7.164757386171408,0.1759799340587671,0.6372514065619141,3.429808560508195,-0.34671234021811315,0.34671234021811315
4,complete,U1,1.0,0.0012302687708123812,7.16393618008893,0.17598964381021445,0.6372317250139827,3.4298373892291765,-0.3467339440845082,0.3467339440845082
4,complete,U1,1.0,0.0012589254117941675,7.163095831788071,0.17599958035708035,0.637211583792988,3.4298668900278084,-0.3467560475176047,0.3467560475176047
4,complete,U1,1.0,0.0012882495516931337,7.16223589475518,0.17600974901151287,0.6371909721339893,3.4298970785853014,-0.3467786619797125,0.3467786619797125
4,complete,U1,1.0,0.0013182567385564075,7.161355912047484,0.17602015521077446,0.6371698790185926,3.4299279709493464,-0.3468017991917932,0.3468017991917932
4,complete,U1,1.0,0.0013489628825916532,7.160455416048932,0.17603080452022027,0.6371482931689159,3.4299595835427126,-0.346825471139078,0.346825471139078
4,complete,U1,1.0,0.0013803842646028853,7.159533928220283,0.17604170263634802,0.6371262030414206,3.4299919331720408,-0.34684969007679245,0.34684969007679245
4,complete,U1,1.0,0.001412537544622754,7.158590958843325,0.17605285538992474,0.6371035968205796,3.430025037036847,-0.34687446853601134,0.34687446853601134
4,complete,U1,1.0,0.001445439770745928,7.15762600675908,0.17606426874918685,0.6370804624123987,3.43005891273873,-0.34689981932961056,0.34689981932961056
4,complete,U1,1.0,0.0014791083881682072,7.15663855909987,0.17607594882312066,0.6370567874377784,3.4300935782908155,-0.34692575555835303,0.34692575555835303
4,complete,U1,1.0,0.0015135612484362087,7.155628091015058,0.17608790186481996,0.6370325592257152,3.4301290521274006,-0.34695229061706834,0.34695229061706834
4,complete,U1,1.0,0.0015488166189124811,7.154594065390345,0.17610013427492888,0.6370077648063365,3.4301653531138414,-0.3469794382009772,0.3469794382009772
4,complete,U1,1.0,0.001584893192461114,7.153535932560486,0.17611265260516626,0.6369823909037645,3.43020250055667,-0.3470072123121173,0.3470072123121173
4,complete,U1,1.0,0.0016218100973589297,7.152453130015217,0.17612546356193695,0.6369564239288074,3.430240514213941,-0.347035627265897,0.347035627265897
4,complete,U1,1.0,0.0016595869074375613,7.151345082098301,0.17613857401003327,0.6369298499714707,3.4302794143058444,-0.34706469769778714,0.34706469769778714
4,complete,U1,1.0,0.0016982436524617442,7.150211199699444,0.17615199097642353,0.6369026547932889,3.430319221525543,-0.3470944385701049,0.3470944385701049
4,complete,U1,1.0,0.0017378008287493763,7.149050879939027,0.17616572165413716,0.6368748238194618,3.4303599570502925,-0.34712486517896013,0.34712486517896013
4,complete,U1,1.0,0.0017782794100389228,7.147863505845352,0.1761797734062434,0.6368463421308058,3.430401642552795,-0.3471559931613071,0.3471559931613071
4,complete,U1,1.0,0.0018197008586099826,7.146648446024345,0.17619415376992725,0.636817194455506,3.4304443002128515,-0.3471878385021263,0.3471878385021263
4,complete,U1,1.0,0.0018620871366628676,7.145405054321455,0.17620887046066755,0.6367873651606577,3.43048795272927,-0.3472204175417498,0.3472204175417498
4,complete,U1,1.0,0.0019054607179632482,7.1441326694756135,0.17622393137651637,0.636756838243615,3.4305326233320548,-0.347253746983304,0.347253746983304
4,complete,U1,1.0,0.0019498445997580456,7.1428306147650344,0.1762393446024853,0.636725597323111,3.430578335794903,-0.3472878439002939,0.3472878439002939
4,complete,U1,1.0,0.001995262314968879,7.141498197644686,0.1762551184150383,0.6366936256301703,3.430625114447972,-0.34732272574431144,0.34732272574431144
4,complete,U1,1.0,0.0020417379446695297,7.140134709375235,0.17627126128669696,0.6366609059987901,3.430672984190974,-0.3473584103528877,0.3473584103528877
4,complete,U1,1.0,0.0020892961308540386,7.138739424643215,0.17628778189076025,0.6366274208563948,3.4307219705065544,-0.34739491595747685,0.34739491595747685
4,complete,U1,1.0,0.0021379620895022326,7.13731160117233,0.1763046891061396,0.6365931522140549,3.4307720994740167,-0.34743226119157733,0.34743226119157733
4,complete,U1,1.0,0.002187761623949552,7.135850479325519,0.1763219920223147,0.6365580816564622,3.4308233977833464,-0.34747046509898083,0.34747046509898083
4,complete,U1,1.0,0.00223872113856834,7.134355281697717,0.17633969994441173,0.6365221903316527,3.430875892749581,-0.34750954714216553,0.34750954714216553
4,complete,U1,1.0,0.0022908676527677724,7.132825212698996,0.17635782239841108,0.6364854589404852,3.4309296123275224,-0.34754952721084087,0.34754952721084087
4,complete,U1,1.0,0.0023442288153199225,7.131259458127893,0.17637636913647917,0.6364478677258468,3.4309845851267853,-0.34759042563059517,0.34759042563059517
4,complete,U1,1.0,0.00239883291901949,7.129657184734706,0.1763953501424383,0.6364093964615958,3.4310408404272192,-0.3476322631717147,0.3476322631717147
4,complete,U1,1.0,0.002454708915685031,7.128017539774503,0.17641477563736996,0.6363700244412319,3.4310984081946914,-0.3476750610581205,0.3476750610581205
4,complete,U1,1.0,0.0025118864315095794,7.1263396505495855,0.1764346560853607,0.6363297304662732,3.4311573190972275,-0.34771884097645667,0.34771884097645667
4,complete,U1,1.0,0.0025703957827688645,7.124622623941229,0.17645500219938845,0.6362884928343551,3.4312176045215677,-0.347763625085295,0.347763625085295
4,complete,U1,1.0,0.0026302679918953813,7.122865545930344,0.17647582494735958,0.6362462893270241,3.431279296590084,-0.34780943602449765,0.34780943602449765
4,complete,U1,1.0,0.0026915348039269166,7.121067481106896,0.17649713555829658,0.6362030971972283,3.431342428178123,-0.34785629692470765,0.34785629692470765
4,complete,U1,1.0,0.002754228703338166,7.119227472167762,0.17651894552868053,0.6361588931564955,3.4314070329317463,-0.34790423141696725,0.34790423141696725
4,complete,U1,1.0,0.002818382931264455,7.117344539402774,0.17654126662895345,0.6361136533617849,3.431473145285902,-0.3479532636424767,0.3479532636424767
4,complete,U1,1.0,0.0028840315031266055,7.115417680168657,0.176564110910185,0.6360673534020129,3.4315408004830217,-0.3480034182624774,0.3480034182624774
4,complete,U1,1.0,0.002951209226666387,7.113445868350616,0.17658749071090774,0.636019968284239,3.4316100345920617,-0.34805472046827823,0.34805472046827823
4,complete,U1,1.0,0.003019951720402016,7.111428053811224,0.17661141866412386,0.6359714724195005,3.431680884528002,-0.3481071959913884,0.3481071959913884
4,complete,U1,1.0,0.003090295432513592,7.109363161826381,0.17663590770449125,0.6359218396082891,3.4317533880718014,-0.34816087111379657,0.34816087111379657
4,complete,U1,1.0,0.0031622776601683794,7.107250092507995,0.17666097107568915,0.6358710430256688,3.4318275838908314,-0.34821577267834913,0.34821577267834913
4,complete,U1,1.0,0.003235936569296281,7.105087720213089,0.17668662233797444,0.635819055206005,3.4319035115598,-0.3482719280992729,0.3482719280992729
4,complete,U1,1.0,0.003311311214825911,7.1028748929390275,0.17671287537592642,0.6357658480273132,3.431981211582165,-0.3483293653727869,0.3483293653727869
4,complete,U1,1.0,0.0033884415613920273,7.100610431704542,0.17673974440639098,0.6357113926952094,3.43206072541207,-0.3483881130878388,0.3483881130878388
4,complete,U1,1.0,0.0034673685045253167,7.098293129916204,0.176767243986628,0.6356556597264528,3.432142095476791,-0.34844820043695135,0.34844820043695135
4,complete,U1,1.0,0.0035481338923357532,7.095921752720037,0.1767953890226645,0.6355986189320655,3.4322253651997205,-0.3485096572271531,0.3485096572271531
4,complete,U1,1.0,0.003630780547701014,7.093495036337899,0.17682419477786396,0.6355402394000242,3.4323105790239032,-0.34857251389101795,0.34857251389101795
4,complete,U1,1.0,0.003715352290971728,7.091011687388337,0.176853676881714,0.6354804894775136,3.4323977824361367,-0.34863680149778975,0.34863680149778975
4,complete,U1,1.0,0.0038018939632056127,7.088470382191456,0.17688385133884094,0.635419336752716,3.4324870219916312,-0.34870255176459275,0.34870255176459275
4,complete,U1,1.0,0.003890451449942805,7.085869766057557,0.1769147345382541,0.6353567480361431,3.4325783453392735,-0.3487697970677026,0.3487697970677026
4,complete,U1,1.0,0.003981071705534973,7.083208452559092,0.1769463432628306,0.6352926893414851,3.4326718012474844,-0.3488385704539041,0.3488385704539041
4,complete,U1,1.0,0.004073802778041126,7.08048502278557,0.1769786946990434,0.6352271258659623,3.4327674396306938,-0.3489089056518909,0.3489089056518909
4,complete,U1,1.0,0.004168693834703355,7.077698024581053,0.1770118064469412,0.6351600219701837,3.4328653115764514,-0.3489808370837181,0.3489808370837181
4,complete,U1,1.0,0.004265795188015926,7.074845971763825,0.17704569653038704,0.6350913411574699,3.432965469373178,-0.34905439987629816,0.34905439987629816
4,complete,U1,1.0,0.004365158322401661,7.071927343327844,0.17708038340756216,0.6350210460526545,3.433067966538589,-0.3491296298729136,0.3491296298729136
4,complete,U1,1.0,0.0044668359215096305,7.0689405826255305,0.1771158859817423,0.6349490983803308,3.4331728578487763,-0.3492065636447462,0.3492065636447462
4,complete,U1,1.0,0.004570881896148752,7.065884096531554,0.17715222361235528,0.6348754589425333,3.43328019936801,-0.3492852385024101,0.3492852385024101
4,complete,U1,1.0,0.004677351412871981,7.062756254587103,0.17718941612632666,0.6348000875958453,3.4333900484792257,-0.34936569250747174,0.34936569250747174
4,complete,U1,1.0,0.004786300923226385,7.059555388124258,0.17722748382972076,0.6347229432279041,3.4335024639152625,-0.34944796448393045,0.34944796448393045
4,complete,U1,1.0,0.004897788193684461,7.056279789370026,0.17726644751968795,0.6346439837333036,3.4336175057908225,-0.3495320940296689,0.3495320940296689
4,complete,U1,1.0,0.005011872336272725,7.05292771052956,0.17730632849672276,0.6345631659888552,3.4337352356352144,-0.34961812152782146,0.34961812152782146
4,complete,U1,1.0,0.005128613839913648,7.049497362848135,0.17734714857724568,0.6344804458282144,3.4338557164258594,-0.349706088158074,0.349706088158074
4,complete,U1,1.0,0.005248074602497723,7.045986915651407,0.17738893010651494,0.6343957780158346,3.4339790126226104,-0.3497960359078498,0.3497960359078498
4,complete,U1,1.0,0.005370317963702527,7.042394495363488,0.1774316959718785,0.634309116220242,3.434105190202879,-0.3498880075833778,0.3498880075833778
4,complete,U1,1.0,0.005495408738576248,7.038718184502339,0.17747546961637545,0.6342204129866085,3.4342343166976086,-0.3499820468205944,0.3499820468205944
4,complete,U1,1.0,0.005623413251903491,7.0349560206520465,0.17752027505269763,0.634129619708599,3.4343664612280924,-0.3500781980958889,0.3500781980958889
4,complete,U1,1.0,0.005754399373371567,7.03110599541144,0.1775661368775201,0.6340366865994834,3.434501694543679,-0.3501765067366295,0.3501765067366295
4,complete,U1,1.0,0.00588843655355589,7.027166053318571,0.17761308028621192,0.6339415626624801,3.4346400890603737,-0.35027701893146024,0.35027701893146024
4,complete,U1,1.0,0.0060255958607435805,7.023134090750546,0.17766113108793896,0.633844195660317,3.434781718900351,-0.35037978174033735,0.35037978174033735
4,complete,U1,1.0,0.006165950018614822,7.019007954798239,0.17771031572116625,0.6337445320839883,3.43492665993242,-0.350484843104258,0.350484843104258
4,complete,U1,1.0,0.00630957344480193,7.014785442115302,0.17776066126957565,0.6336425171206821,3.4350749898134327,-0.35059225185465814,0.35059225185465814
4,complete,U1,1.0,0.006456542290346556,7.010464297741006,0.17781219547840757,0.6335380946208519,3.4352267880306955,-0.3507020577224349,0.3507020577224349
4,complete,U1,1.0,0.006606934480075964,7.006042213896358,0.17786494677124084,0.63343120706442,3.435382135945375,-0.35081431134655827,0.35081431134655827
4,complete,U1,1.0,0.006760829753919818,7.00151682875299,0.17791894426721988,0.6333217955260712,3.4355411168369354,-0.3509290642822076,0.3509290642822076
4,complete,U1,1.0,0.006918309709189363,6.996885725174264,0.17797421779874778,0.6332097996396266,3.4357038159486377,-0.3510463690084281,0.3510463690084281
4,complete,U1,1.0,0.00707945784384138,6.992146429428045,0.17803079792965004,0.6330951575614643,3.435870320534097,-0.35116627893519015,0.35116627893519015
4,complete,U1,1.0,0.007244359600749898,6.987296409870657,0.1780887159738325,0.6329778059329589,3.436040719904961,-0.3512888484098805,0.3512888484098805
4,complete,U1,1.0,0.007413102413009177,6.982333075601405,0.17814800401443856,0.6328576798419143,3.436215105479701,-0.35141413272309296,0.35141413272309296
4,complete,U1,1.0,0.007585775750291836,6.977253775087204,0.17820869492352492,0.6327347127829654,3.436393570833571,-0.3515421881137012,0.3515421881137012
4,complete,U1,1.0,0.00776247116628692,6.972055794756678,0.17827082238226946,0.6326088366169096,3.4365762117497143,-0.3516730717731329,0.3516730717731329
4,complete,U1,1.0,0.007943282347242814,6.966736357563298,0.17833442090172621,0.632479981528951,3.4367631262715066,-0.3518068418487824,0.3518068418487824
4,complete,U1,1.0,0.008128305161640995,6.961292621516903,0.17839952584414293,0.6323480759858099,3.436954414756103,-0.35194355744647765,0.35194355744647765
4,complete,U1,1.0,0.008317637711026709,6.9557216781832,0.17846617344485802,0.6322130466916845,3.4371501799292576,-0.35208327863193967,0.35208327863193967
4,complete,U1,1.0,0.008511380382023767,6.950020551150574,0.17853440083479166,0.632074818543021,3.4373505269414166,-0.35222606643112353,0.35222606643112353
4,complete,U1,1.0,0.008709635899560805,6.944186194463798,0.17860424606355066,0.6319333145820564,3.437555563425122,-0.352371982829383,0.352371982829383
4,complete,U1,1.0,0.008912509381337459,6.938215491024078,0.17867574812316156,0.631788455949107,3.4377653995537676,-0.35252109076933713,0.35252109076933713
4,complete,U1,1.0,0.009120108393559097,6.932105250954917,0.17874894697245194,0.6316401618335693,3.4379801481016905,-0.3526734541473546,0.3526734541473546
4,complete,U1,1.0,0.009332543007969905,6.925852209933342,0.17882388356209802,0.631488349423582,3.4381999245057044,-0.3528291378085402,0.3528291378085402
4,complete,U1,1.0,0.009549925860214359,6.919453027485975,0.17890059986035545,0.63133293385433,3.438424846928002,-0.35298820754010307,0.35298820754010307
4,complete,U1,1.0,0.009772372209558112,6.91290428524954,0.1789791388794959,0.6311738281549453,3.438655036320562,-0.3531507300630041,0.3531507300630041
4,complete,U1,1.0,0.01,6.906202485195272,0.17905954470296598,0.6310109431939592,3.438890616490991,-0.35331677302172726,0.35331677302172726
4,complete,U1,1.0,0.010232929922807542,6.899344047816901,0.17914186251329173,0.6308441876232754,3.439131714169912,-0.3534864049720571,0.3534864049720571
4,complete,U1,1.0,0.010471285480508996,6.892325310281768,0.17922613862074585,0.6306734678206223,3.439378459079869,-0.35365969536670083,0.35365969536670083
4,complete,U1,1.0,0.010715193052376065,6.885142524544691,0.179312420492805,0.630498687830432,3.439630984005805,-0.3538367145386202,0.3538367145386202
4,complete,U1,1.0,0.01096478196143185,6.87779185542427,0.17940075678441175,0.6303197493031221,3.439889424867155,-0.35401753368188005,0.35401753368188005
4,complete,U1,1.0,0.011220184543019636,6.87026937864132,0.17949119736906863,0.6301365514327134,3.440153920791541,-0.35420222482985164,0.35420222482985164
4,complete,U1,1.0,0.01148153621496883,6.862571078819143,0.17958379337078578,0.6299489908927599,3.440424614190127,-0.354390860830592,0.354390860830592
4,complete,U1,1.0,0.011748975549395297,6.854692847445462,0.17967859719690646,0.6297569617705313,3.4407016508346775,-0.35458351531919086,0.35458351531919086
4,complete,U1,1.0,0.012022644346174132,6.846630480795819,0.17977566257182995,0.6295603554994089,3.440985179936312,-0.354780262686859,0.354780262686859
4,complete,U1,1.0,0.012302687708123818,6.838379677818307,0.1798750445716645,0.6293590607894423,3.441275354225998,-0.35498117804657925,0.35498117804657925
4,complete,U1,1.0,0.012589254117941675,6.829936037979614,0.17997679965982646,0.6291529635560232,3.441572330036816,-0.35518633719502823,0.35518633719502823
4,complete,U1,1.0,0.012882495516931342,6.821295059072357,0.1800809857236177,0.6289419468466226,3.4418762673880354,-0.35539581657056174,0.35539581657056174
4,complete,U1,1.0,0.013182567385564075,6.812452134983793,0.18018766211180176,0.6287258907655442,3.4421873300709716,-0.3556096932069609,0.3556096932069609
4,complete,U1,1.0,0.01348962882591654,6.803402553426067,0.18029688967321064,0.6285046723966425,3.442505685736734,-0.3558280446826877,0.3558280446826877
4,complete,U1,1.0,0.013803842646028852,6.794141493628246,0.18040873079640354,0.6282781657239517,3.4428315059858123,-0.3560509490653211,0.3560509490653211
4,complete,U1,1.0,0.014125375446227547,6.784664023990498,0.18052324945040896,0.6280462415501784,3.443164966459564,-0.35627848485088176,0.35627848485088176
4,complete,U1,1.0,0.014454397707459272,6.774965099700784,0.1806405112265742,0.6278087674129951,3.443506246933615,-0.35651073089767016,0.35651073089767016
4,complete,U1,1.0,0.014791083881682071,6.765039560314754,0.18076058338155385,0.6275656074990965,3.443855531413205,-0.35674776635431094,0.35674776635431094
4,complete,U1,1.0,0.01513561248436208,6.754882127299393,0.18088353488146044,0.6273166225559449,3.444213008230459,-0.3569896705815666,0.3569896705815666
4,complete,U1,1.0,0.01548816618912481,6.744487401541333,0.18100943644721135,0.6270616698011727,3.4445788701436526,-0.3572365230675676,0.3572365230675676
4,complete,U1,1.0,0.015848931924611134,6.7338498608207455,0.18113836060109575,0.6268006028295635,3.4449533144384374,-0.35748840333599985,0.35748840333599985
4,complete,U1,1.0,0.0162181009735893,6.72296385725196,0.18127038171459373,0.6265332715175798,3.4453365430310763,-0.357745390846818,0.357745390846818
4,complete,U1,1.0,0.016595869074375606,6.7118236146921095,0.18140557605747368,0.626259521925367,3.445728762573663,-0.3580075648889952,0.3580075648889952
4,complete,U1,1.0,0.016982436524617443,6.700423226119245,0.18154402184819848,0.6259791961961841,3.4461301845613526,-0.3582750044648001,0.3582750044648001
4,complete,U1,1.0,0.017378008287493755,6.688756650981708,0.18168579930566842,0.6256921324532096,3.446541025441607,-0.3585477881650836,0.3585477881650836
4,complete,U1,1.0,0.01778279410038923,6.676817712520569,0.18183099070233097,0.6253981646936694,3.446961506725431,-0.35882599403500104,0.35882599403500104
4,complete,U1,1.0,0.018197008586099836,6.664600095067334,0.18197968041868226,0.6250971226802229,3.44739185510061,-0.3591096994295536,0.3591096994295536
4,complete,U1,1.0,0.018620871366628676,6.652097341319327,0.1821319549991921,0.6247888318295751,3.447832302546943,-0.359398980858349,0.359398980858349
4,complete,U1,1.0,0.019054607179632473,6.6393028495954365,0.182287903209677,0.6244731130982469,3.448283086453428,-0.3596939138188845,0.3596939138188845
4,complete,U1,1.0,0.019498445997580455,6.626209871075233,0.18244761609614826,0.6241497828654682,3.4487444497374122,-0.3599945726176611,0.3599945726176611
4,complete,U1,1.0,0.0199526231496888,6.612811507024719,0.18261118704516313,0.6238186528131292,3.449216640965644,-0.36030103017838144,0.36030103017838144
4,complete,U1,1.0,0.020417379446695295,6.599100706012458,0.18277871184569977,0.6234795298027751,3.4496999144772187,-0.36061335783643345,0.36061335783643345
4,complete,U1,1.0,0.020892961308540396,6.585070261120073,0.18295028875258346,0.6231322157495699,3.450194530508347,-0.3609316251188429,0.3609316251188429
4,complete,U1,1.0,0.021379620895022326,6.570712807151629,0.18312601855148428,0.622776507493212,3.450700755318933,-0.3612558995088184,0.3612558995088184
4,complete,U1,1.0,0.02187761623949553,6.556020817846711,0.18330600462550684,0.6224121966657653,3.4512188613208634,-0.36158624619395174,0.36158624619395174
4,complete,U1,1.0,0.0223872113856834,6.5409866031026445,0.18349035302338929,0.6220390695563637,3.451749127207939,-0.3619227277971051,0.3619227277971051
4,complete,U1,1.0,0.022908676527677734,6.525602306211711,0.18367917252933202,0.6216569069727804,3.4522918380874144,-0.36226540408898544,0.36226540408898544
4,complete,U1,1.0,0.023442288153199226,6.5098599011197615,0.1838725747344636,0.621265484099828,3.452847285612984,-0.36261433168127954,0.36261433168127954
4,complete,U1,1.0,0.02398832919019491,6.49375118971323,0.18407067410996075,0.6208645703545834,3.453415768119154,-0.3629695636992658,0.3629695636992658
4,complete,U1,1.0,0.02454708915685031,6.477267799142213,0.18427358808182553,0.620453929238429,3.4539975907568774,-0.3633311494326741,0.3633311494326741
4,complete,U1,1.0,0.025118864315095808,6.4604011791879214,0.18448143710732542,0.620033318185914,3.454593065630288,-0.363699133963565,0.363699133963565
4,complete,U1,1.0,0.025703957827688632,6.443142599683471,0.18469434475309715,0.6196024884104409,3.4552025119344147,-0.36407355776990813,0.36407355776990813
4,complete,U1,1.0,0.026302679918953815,6.4254831479978805,0.18491243777490607,0.619161184746805,3.4558262560936934,-0.3644544563034715,0.3644544563034715
4,complete,U1,1.0,0.026915348039269153,6.407413726593855,0.18513584619905327,0.6187091454906086,3.4564646319010737,-0.36484185954058923,0.36484185954058923
4,complete,U1,1.0,0.02754228703338166,6.388925050670903,0.1853647034054144,0.6182461022346083,3.4571179806575407,-0.3652357915043015,0.3652357915043015
4,complete,U1,1.0,0.028183829312644536,6.370007645906159,0.18559914621208862,0.6177717797020287,3.4577866513117907,-0.3656362697562825,0.3656362697562825
4,complete,U1,1.0,0.028840315031266057,6.350651846306458,0.18583931496162387,0.617285895576943,3.4584710005998236,-0.3660433048568895,0.3660433048568895
4,complete,U1,1.0,0.029512092266663854,6.330847792186093,0.18608535360878747,0.6167881603317901,3.4591713931841572,-0.3664568997916394,0.3664568997916394
4,complete,U1,1.0,0.03019951720402016,6.310585428286008,0.18633740980983238,0.6162782770521306,3.459888201792354,-0.3668770493623099,0.3668770493623099
4,complete,U1,1.0,0.030902954325135904,6.289854502051214,0.18659563501320212,0.6157559412587932,3.4606218073545354,-0.3673037395407742,0.3673037395407742
4,complete,U1,1.0,0.03162277660168379,6.268644562084689,0.18686018455161302,0.6152208407275311,3.461372599139478,-0.3677369467836731,0.3677369467836731
4,complete,U1,1.0,0.03235936569296283,6.246944956797259,0.18713121773543223,0.6146726553063815,3.4621409748888987,-0.36817663730587735,0.36817663730587735
4,complete,U1,1.0,0.03311311214825911,6.224744833274457,0.1874088979472622,0.6141110567309188,3.462927340949482,-0.3686227663106696,0.3686227663106696
4,complete,U1,1.0,0.033884415613920256,6.202033136382952,0.18769339273762725,0.6135357084376273,3.4637321124021523,-0.36907527717449007,0.36907527717449007
4,complete,U1,1.0,0.034673685045253165,6.178798608140693,0.18798487392164542,0.612946265375657,3.464555713188061,-0.36953410058404,0.36953410058404
4,complete,U1,1.0,0.03548133892335755,6.155029787376742,0.18828351767654453,0.6123423738172624,3.4653985762307022,-0.3699991536234293,0.3699991536234293
4,complete,U1,1.0,0.03630780547701014,6.130715009708448,0.1885895046398731,0.6117236711672351,3.4662611435535187,-0.3704703388090478,0.3704703388090478
4,complete,U1,1.0,0.03715352290971726,6.105842407865778,0.18890302000823003,0.6110897857717262,3.4671438663923317,-0.3709475430697555,0.3709475430697555
4,complete,U1,1.0,0.038018939632056124,6.08039991239439,0.1892242536363185,0.6104403367268549,3.468047205301825,-0.3714306366699365,0.3714306366699365
4,complete,U1,1.0,0.03890451449942807,6.054375252771409,0.18955340013610478,0.609774933687579,3.4689716302552838,-0.37191947207293996,0.37191947207293996
4,complete,U1,1.0,0.039810717055349734,6.027755958969906,0.18989065897584004,0.6090931766773359,3.469917620736724,-0.3724138827423815,0.3724138827423815
4,complete,U1,1.0,0.04073802778041128,6.000529363510663,0.1902362345786725,0.6083946558990286,3.470885665824445,-0.3729136818787864,0.3729136818787864
4,complete,U1,1.0,0.04168693834703355,5.972682604042011,0.1905903364205486,0.6076789515479893,3.471876264264997,-0.3734186610889969,0.3734186610889969
4,complete,U1,1.0,0.04265795188015928,5.9442026264913865,0.19095317912707407,0.6069456336276143,3.4728899245364775,-0.37392858898586867,0.37392858898586867
4,complete,U1,1.0,0.04365158322401661,5.915076188834656,0.1913249825689619,0.6061942617684395,3.4739271648999135,-0.37444320971568934,0.37444320971568934
4,complete,U1,1.0,0.04466835921509633,5.885289865532291,0.1917059719556708,0.6054243850515106,3.474988513437527,-0.3749622414109338,0.3749622414109338
4,complete,U1,1.0,0.04570881896148752,5.85483005268422,0.19209637792678036,0.6046355418369496,3.4760745080764366,-0.375485374565917,0.375485374565917
4,complete,U1,1.0,0.046773514128719815,5.8236829739581735,0.19249643664062357,0.6038272595987574,3.4771856965963766,-0.37601227033310225,0.37601227033310225
4,complete,U1,1.0,0.047863009232263824,5.7918346873495485,0.1929063898596394,0.6029990547669438,3.4783226366197884,-0.37654255873791953,0.37654255873791953
4,complete,U1,1.0,0.04897788193684462,5.759271092833803,0.19332648503186295,0.6021504325781842,3.479485895582655,-0.3770758368100948,0.3770758368100948
4,complete,U1,1.0,0.05011872336272722,5.725977940975784,0.19375697536791808,0.6012808869363436,3.4806760506841865,-0.3776116666297411,0.3776116666297411
4,complete,U1,1.0,0.05128613839913648,5.691940842563544,0.19419811991282054,0.6003899002842665,3.4818936888134653,-0.37814957328667786,0.37814957328667786
4,complete,U1,1.0,0.05248074602497726,5.657145279337675,0.1946501836118393,0.5994769434883969,3.4831394064509684,-0.3786890427517676,0.3786890427517676
4,complete,U1,1.0,0.05370317963702527,5.621576615890387,0.19511343736960043,0.5985414757379063,3.484413809542696,-0.37922951965940477,0.37922951965940477
4,complete,U1,1.0,0.054954087385762455,5.585220112812064,0.19558815810155017,0.5975829444601375,3.4857175133446416,-0.3797704050007087,0.3797704050007087
4,complete,U1,1.0,0.05623413251903491,5.548060941166272,0.19607462877682105,0.5966007852543296,3.487051142235015,-0.380311053727466,0.380311053727466
4,complete,U1,1.0,0.057543993733715694,5.510084198377404,0.196573138451473,0.5955944218457294,3.488415329491593,-0.3808507722674208,0.3808507722674208
4,complete,U1,1.0,0.0588843655355589,5.4712749256185385,0.19708398229099433,0.5945632660623624,3.4898107170313573,-0.38138881595214735,0.38138881595214735
4,complete,U1,1.0,0.06025595860743578,5.431618126789823,0.1976074615808736,0.5935067178369047,3.4912379551094688,-0.38192438635948844,0.38192438635948844
4,complete,U1,1.0,0.06165950018614822,5.391098789180826,0.1981438837239558,0.5924241652362604,3.4926977019743553,-0.3824566285733434,0.3824566285733434
4,complete,U1,1.0,0.06309573444801933,5.349701905912708,0.19869356222321194,0.5913149845216554,3.4941906234756432,-0.3829846283645495,0.3829846283645495
4,complete,U1,1.0,0.06456542290346556,5.307412500258602,0.19925681664845424,0.5901785402422122,3.4957173926214145,-0.38350740929764693,0.38350740929764693
4,complete,U1,1.0,0.06606934480075961,5.264215651942307,0.19983397258542576,0.5890141853652163,3.497278689081084,-0.38402392976945077,0.38402392976945077
4,complete,U1,1.0,0.06760829753919818,5.220096525517131,0.2004253615656016,0.5878212614464267,3.498875198630079,-0.3845330799867208,0.3845330799867208
4,complete,U1,1.0,0.06918309709189366,5.175040400927662,0.2010313209749225,0.5865990988440412,3.5005076125322754,-0.3850336788915981,0.3850336788915981
4,complete,U1,1.0,0.0707945784384138,5.12903270635759,0.20165219393958572,0.5853470169801124,3.502176626855981,-0.38552447104511633,0.38552447104511633
4,complete,U1,1.0,0.07244359600749903,5.082059053466431,0.20228832918690384,0.5840643246534166,3.5038829417191533,-0.3860041234808115,0.3860041234808115
4,complete,U1,1.0,0.07413102413009177,5.034105275116892,0.20294008087913595,0.5827503204080114,3.5056272604592498,-0.3864712225423882,0.3864712225423882
4,complete,U1,1.0,0.0758577575029184,4.985157465692482,0.20360780841808718,0.5814042929619108,3.5074102887231433,-0.3869242707214736,0.3869242707214736
4,complete,U1,1.0,0.07762471166286919,4.935202024101852,0.20429187621816225,0.5800255217005194,3.5092327334722326,-0.38736168351372413,0.38736168351372413
4,complete,U1,1.0,0.07943282347242818,4.884225699561979,0.20499265344546333,0.5786132772396784,3.511095301897886,-0.387781786314048,0.387781786314048
4,complete,U1,1.0,0.08128305161640995,4.832215640246584,0.20571051372040974,0.5771668220633501,3.5129987002421825,-0.3881828113742437,0.3881828113742437
4,complete,U1,1.0,0.08317637711026708,4.779159444878967,0.206445834781272,0.5756854112411635,3.5149436325189196,-0.38856289484920903,0.38856289484920903
4,complete,U1,1.0,0.08511380382023763,4.725045217339476,0.20719899810591896,0.5741682932311922,3.5169307991297662,-0.38892007396080575,0.38892007396080575
4,complete,U1,1.0,0.08709635899560805,4.669861624347118,0.20797038848900898,0.5726147107734909,3.5189608953704434,-0.38925228431165204,0.38925228431165204
4,complete,U1,1.0,0.08912509381337455,4.613597956261941,0.20876039357177714,0.5710239018800215,3.5210346098219305,-0.3895573573843317,0.3895573573843317
4,complete,U1,1.0,0.09120108393559097,4.556244191039888,0.2095694033215343,0.5693951009266793,3.523152622621645,-0.3898330182650296,0.3898330182650296
4,complete,U1,1.0,0.0933254300796991,4.497791061354299,0.21039780945795128,0.5677275398532015,3.5253156036098625,-0.3900768836340741,0.3900768836340741
4,complete,U1,1.0,0.09549925860214359,4.438230124878371,0.21124600482319764,0.5660204494766996,3.527524210346709,-0.3902864600695778,0.3902864600695778
4,complete,U1,1.0,0.09772372209558107,4.377553837699964,0.21211438269301056,0.5642730609245555,3.529779085995398,-0.3904591427139873,0.3904591427139873
4,complete,U1,1.0,0.1,4.315755630814568,0.21300333602581792,0.5624846071922687,3.5320808570677604,-0.39059221435712244,0.39059221435712244
4,complete,U1,1.0,0.10232929922807547,4.252829989613423,0.21391325664711155,0.5606543248317025,3.534430131028533,-0.3906828449929104,0.3906828449929104
4,complete,U1,1.0,0.10471285480508996,4.1887725362517445,0.21484453436637146,0.5587814557749003,3.536827493755364,-0.39072809191057056,0.39072809191057056
4,complete,U1,1.0,0.10715193052376071,4.123580114746676,0.21579755602400777,0.5568652492983193,3.539273506852275,-0.3907249003844292,0.3907249003844292
4,complete,U1,1.0,0.1096478196143185,4.057250878615872,0.21677270446596872,0.5549049641318977,3.541768704814911,-0.39067010502962163,0.39067010502962163
4,complete,U1,1.0,0.1122018454301963,3.9897843808252373,0.21777035744392687,0.55289987071683,3.5443135920469238,-0.3905604318937588,0.3905604318937588
4,complete,U1,1.0,0.1148153621496883,3.921181665768846,0.2187908864392532,0.5508492536152885,3.546908639727781,-0.3903925013569431,0.3903925013569431
4,complete,U1,1.0,0.11748975549395291,3.851445362954832,0.21983465540934907,0.5487524140745431,3.5495542825334288,-0.3901628319142441,0.3901628319142441
4,complete,U1,1.0,0.12022644346174131,3.780579782018788,0.22090201945535062,0.5466086727470455,3.5522509152126114,-0.38986784491586557,0.38986784491586557
4,complete,U1,1.0,0.1230268770812381,3.7085910086308562,0.22199332341070935,0.544417372566979,3.554998889023001,-0.38950387034041184,0.38950387034041184
4,complete,U1,1.0,0.12589254117941676,3.6354870008044617,0.2231089003507249,0.5421778817826126,3.557798508033006,-0.3890671536758972,0.3890671536758972
4,complete,U1,1.0,0.12882495516931336,3.5612776850543497,0.22424907002377173,0.5398895971424074,3.5606500252967654,-0.388553863981327,0.388553863981327
4,complete,U1,1.0,0.13182567385564073,3.485975051789081,0.22541413720567466,0.5375519472313648,3.5635536389119036,-0.38796010319840835,0.38796010319840835
4,complete,U1,1.0,0.13489628825916533,3.4095932492598275,0.22660438997951443,0.535164395952389,3.566509487971586,-0.387281916778395,0.387281916778395
4,complete,U1,1.0,0.13803842646028852,3.3321486753231606,0.22782009794403676,0.532726446145632,3.5695176484247413,-0.3865153056827957,0.3865153056827957
4,complete,U1,1.0,0.1412537544622754,3.2536600662121193,0.22906151035481173,0.5302376433367813,3.5725781288606515,-0.3856562398086683,0.3856562398086683
4,complete,U1,1.0,0.1445439770745928,3.174148581447677,0.23032885420335936,0.5276975796030866,3.575690866236677,-0.3847006728793519,0.3847006728793519
4,complete,U1,1.0,0.1479108388168207,3.0936378839633405,0.23162233224057518,0.5251058975436521,3.5788557215704566,-0.383644558829486,0.383644558829486
4,complete,U1,1.0,0.15135612484362088,3.0121542144599998,0.23294212095200717,0.5224622943380399,3.5820724756207323,-0.38248386969915094,0.38248386969915094
4,complete,U1,1.0,0.1548816618912481,2.9297264589581262,0.23428836849378992,0.5197665258747259,3.5853408245836804,-0.3812146150356482,0.3812146150356482
4,complete,U1,1.0,0.15848931924611143,2.846386208471036,0.2356611925993609,0.5170184109282863,3.588660375834533,-0.37983286278294515,0.37983286278294515
4,complete,U1,1.0,0.16218100973589297,2.7621678096884836,0.23706067846842643,0.5142178353614818,3.5920306437470453,-0.3783347616180513,0.3783347616180513
4,complete,U1,1.0,0.16595869074375613,2.6771084055353516,0.23848687665102575,0.5113647563256953,3.595451045626204,-0.37671656467074216,0.37671656467074216
4,complete,U1,1.0,0.16982436524617442,2.5912479644582844,0.23993980094089806,0.5084592064304395,3.5989208977922584,-0.3749746545381189,0.3749746545381189
4,complete,U1,1.0,0.17378008287493762,2.5046292972946747,0.24141942629371682,0.505501297849998,3.602439411856687,-0.3731055694788126,0.3731055694788126
4,complete,U1,1.0,0.1778279410038923,2.417298060596153,0.2429256867870419,0.5024912263327131,3.6060056912330722,-0.37110603064339176,0.37110603064339176
4,complete,U1,1.0,0.18197008586099844,2.3293027453134756,0.24445847364007553,0.49942927507604956,3.6096187279279004,-0.36897297016816094,0.36897297016816094
4,complete,U1,1.0,0.18620871366628675,2.2406946498038676,0.24601763331241533,0.496315818428405,3.613277399658066,-0.366703559929449,0.366703559929449
4,complete,U1,1.0,0.19054607179632482,2.1515278361959957,0.24760296570198437,0.4931513253767977,3.616980467343109,-0.3642952407252372,0.3642952407252372
4,complete,U1,1.0,0.19498445997580455,2.0618590692436913,0.24921422246310762,0.4899363627780477,3.620726573021094,-0.3617457516211716,0.3617457516211716
4,complete,U1,1.0,0.19952623149688808,1.9717477369173169,0.2508511054663272,0.4866715982900369,3.624514238237334,-0.3590531591694363,0.3590531591694363
4,complete,U1,1.0,0.20417379446695297,1.8812557521223794,0.25251326542187863,0.4833578029590556,3.628341862954692,-0.35621588618223193,0.35621588618223193
4,complete,U1,1.0,0.20892961308540386,1.7904474350977035,0.2542003006888393,0.47999585341928563,3.6322077250333344,-0.3532327397177287,0.3532327397177287
4,complete,U1,1.0,0.21379620895022325,1.6993893762302896,0.25591175629174023,0.47658673366109633,3.636109980325892,-0.35010293791610253,0.35010293791610253
4,complete,U1,1.0,0.21877616239495518,1.608150279228953,0.2576471231658523,0.47313153632620036,3.640046663431492,-0.34682613530748135,0.34682613530748135
4,complete,U1,1.0,0.223872113856834,1.516800784822425,0.259405837651442,0.46963146348977086,3.6440156891486852,-0.34340244620327326,0.34340244620327326
4,complete,U1,1.0,0.22908676527677724,1.4254132753872473,0.2611872812559793,0.4660878268924806,3.6480148546631233,-0.33983246577816006,0.33983246577816006
4,complete,U1,1.0,0.23442288153199228,1.3340616611628218,0.26299078070159737,0.462502047589066,3.652041842500667,-0.33611728845283867,0.33611728845283867
4,complete,U1,1.0,0.239883291901949,1.2428211489721273,0.2648156082729889,0.45887565498445776,3.6560942242707215,-0.3322585231979102,0.3322585231979102
4,complete,U1,1.0,0.2454708915685031,1.15176799463158,0.26666098247847,0.45521028523371876,3.660169465217891,-0.3282583053977711,0.3282583053977711
4,complete,U1,1.0,0.25118864315095796,1.0609792404980873,0.2685260690340557,0.4515076789880398,3.6642649295924494,-0.3241193049401279,0.3241193049401279
4,complete,U1,1.0,0.25703957827688645,0.9705324398590085,0.27040998217721307,0.44776967847563937,3.6683778868420864,-0.31984473023202875,0.31984473023202875
4,complete,U1,1.0,0.26302679918953814,0.8805053701167047,0.27231178631340525,0.4439982239137623,3.672505518618567,-0.31543832788686116,0.31543832788686116
4,complete,U1,1.0,0.26915348039269166,0.7909757369465403,0.2742304979947773,0.44019534925569215,3.676644926583729,-0.3109043778782731,0.3109043778782731
4,complete,U1,1.0,0.2754228703338166,0.7020208718106057,0.27616508822630753,0.43636317728494256,3.680793140989733,-0.3062476840157016,0.3062476840157016
4,complete,U1,1.0,0.2818382931264455,0.6137174253822045,0.27811448509062253,0.4325039140772003,3.6849471299987946,-0.3014735596612448,0.3014735596612448
4,complete,U1,1.0,0.28840315031266056,0.5261410595739043,0.2800775766784276,0.4286198428591926,3.68910380969779,-0.29658780867778123,0.29658780867778123
4,complete,U1,1.0,0.2951209226666387,0.4393661409588068,0.2820532143073231,0.4247133173021239,3.693260054753758,-0.29159670167210056,0.29159670167210056
4,complete,U1,1.0,0.3019951720402016,0.3534654384275939,0.2840402160076286,0.42078675429562384,3.697412709646887,-0.28650694767270835,0.28650694767270835
4,complete,U1,1.0,0.30902954325135923,0.26850982792891803,0.28603737024991677,0.416842626256018,3.701558600409111,-0.2813256614581772,0.2813256614581772
4,complete,U1,1.0,0.31622776601683794,0.18456800709678822,0.2880434398852856,0.4128834530299957,3.705694546788236,-0.27606032682649306,0.27606032682649306
4,complete,U1,1.0,0.32359365692962844,0.1017062224741998,0.29005716626605893,0.4089117934613131,3.709817374750586,-0.27071875616689106,0.27071875616689106
4,complete,U1,1.0,0.3311311214825911,0.019988011899138163,0.2920772735117311,0.40493023669378814,3.7139239292288724,-0.26530904676134054,0.26530904676134054
4,complete,U1,1.0,0.33884415613920277,-0.06052603557170142,0.29410247288256425,0.4009413932884092,3.7180110870171585,-0.25983953430125295,0.25983953430125295
4,complete,U1,1.0,0.34673685045253166,-0.13977850006000508,0.29613146722140254,0.396947886235839,3.7220757697109565,-0.2543187441546274,0.2543187441546274
4,complete,U1,1.0,0.3548133892335757,-0.2177153297154141,0.298162955423031,0.39295234194772644,3.726114956588143,-0.24875534095824936,0.24875534095824936
4,complete,U1,1.0,0.3630780547701014,-0.2942860164546584,0.300195636889802,0.3889573813111475,3.7301256973253625,-0.24315807713770587,0.24315807713770587
4,complete,U1,1.0,0.3715352290971724,-0.3694437473589505,0.30222821593229177,0.38496561088998305,3.7341051244448793,-0.237535740974042,0.237535740974042
4,complete,U1,1.0,0.38018939632056126,-0.4431455308474283,0.30425940607443785,0.3809796143552809,3.7380504653886684,-0.2318971048395334,0.2318971048395334
4,complete,U1,1.0,0.3890451449942805,-0.5153522971033752,0.306287934223941,0.3770019442235227,3.7419590541195484,-0.22625087421623302,0.22625087421623302
4,complete,U1,1.0,0.3981071705534973,-0.5860289725897682,0.3083125446706348,0.37303511397743555,3.7458283421535477,-0.22060563809005046,0.22060563809005046
4,complete,U1,1.0,0.4073802778041126,-0.6551445288427158,0.3103320028780043,0.36908159063852997,3.749655908933207,-0.21496982128088565,0.21496982128088565
4,complete,U1,1.0,0.41686938347033553,-0.722672006067882,0.31234509903601665,0.3651437878541403,3.7534394714581074,-0.2093516392267804,0.2093516392267804
4,complete,U1,1.0,0.42657951880159256,-0.788588512377665,0.31435065134683193,0.3612240595544406,3.7571768930964518,-0.20375905568857272,0.20375905568857272
4,complete,U1,1.0,0.4365158322401661,-0.8528751997897646,0.31634750901870523,0.3573246942269533,3.760866191509808,-0.19819974378264366,0.19819974378264366
4,complete,U1,1.0,0.44668359215096304,-0.9155172183544621,0.31833455494742646,0.35344790984758134,3.764505545632079,-0.1926810506848154,0.1926810506848154
4,complete,U1,1.0,0.4570881896148752,-0.9765036499847131,0.320310708068841,0.34959584949834566,3.768093301653228,-0.18720996628005865,0.18720996628005865
4,complete,U1,1.0,0.4677351412871981,-1.0358274237263372,0.3222749253702894,0.34577057769304415,3.771627977967966,-0.18179309596229914,0.18179309596229914
4,complete,U1,1.0,0.47863009232263853,-1.0934852143242337,0.3242262035531373,0.3419740774230184,3.775108269059649,-0.17643663771797014,0.17643663771797014
4,complete,U1,1.0,0.48977881936844614,-1.1494773260138251,0.3261635803427914,0.33820824792642185,3.778533048299519,-0.17114636355786694,0.17114636355786694
4,complete,U1,1.0,0.5011872336272725,-1.2038075634966132,0.3280861354467596,0.3344749031758321,3.7819013696514516,-0.1659276052956673,0.1659276052956673
4,complete,U1,1.0,0.5128613839913648,-1.2564830920466832,0.32999299116517833,0.33077577107098494,3.785212468281915,-0.16078524460972565,0.16078524460972565
4,complete,U1,1.0,0.5248074602497729,-1.3075142886453204,0.33188331266196686,0.32711249331584324,3.7884657600843887,-0.15572370726829649,0.15572370726829649
4,complete,U1,1.0,0.5370317963702527,-1.3569145859574143,0.33375630790810634,0.3234866259523214,3.791660840136432,-0.15074696134825843,0.15074696134825843
4,complete,U1,1.0,0.5495408738576248,-1.4047003108518639,0.33561122731162096,0.3198996405167443,3.794797480116094,-0.14585851923411686,0.14585851923411686
4,complete,U1,1.0,0.5623413251903491,-1.4508905190335977,0.33744736305154877,0.31635292577965585,3.7978756247124448,-0.14106144314801822,0.14106144314801822
4,complete,U1,1.0,0.5754399373371573,-1.495506827203794,0.3392640481355555,0.31284779002486135,3.800895387072342,-0.13635835393274243,0.13635835393274243
4,complete,U1,1.0,0.588843655355589,-1.5385732440024638,0.34106065520282325,0.30938546381963966,3.8038570433324455,-0.13175144278812834,0.13175144278812834
4,complete,U1,1.0,0.6025595860743581,-1.5801160008202313,0.3428365950954995,0.30596710322486487,3.8067610262915896,-0.1272424856467652,0.1272424856467652
4,complete,U1,1.0,0.6165950018614822,-1.6201633833986182,0.3445913152232979,0.30259379339132797,3.8096079182841422,-0.12283285986662607,0.12283285986662607
4,complete,U1,1.0,0.6309573444801936,-1.6587455649759066,0.3463242977467663,0.2992665524867725,3.8123984433197946,-0.1185235629161725,0.1185235629161725
4,complete,U1,1.0,0.6456542290346556,-1.6958944415822734,0.34803505760547293,0.29598633589705253,3.815133458559431,-0.11431523273039368,0.11431523273039368
4,complete,U1,1.0,0.6606934480075958,-1.7316434699475651,0.3497231404176491,0.2927540406443344,3.8178139452000983,-0.11020816942399292,0.11020816942399292
4,complete,U1,1.0,0.6760829753919819,-1.7660275083601735,0.3513881202780304,0.2895705099652953,3.82044099884497,-0.10620235805922396,0.10620235805922396
4,complete,U1,1.0,0.6918309709189363,-1.7990826607080246,0.35302959748046664,0.28643653799282925,3.8230158194363315,-0.1022974921805081,0.1022974921805081
4,complete,U1,1.0,0.707945784384138,-1.8308461238443738,0.35464719619157825,0.28335287448576996,3.8255397008310874,-0.0984929978448128,0.0984929978448128
4,complete,U1,1.0,0.7244359600749899,-1.8613560383517807,0.3562405621012257,0.28032022955253777,3.828014020099195,-0.09478805789538125,0.09478805789538125
4,complete,U1,1.0,0.7413102413009177,-1.8906513427279297,0.3578093600748839,0.27733927831635785,3.8304402266256594,-0.09118163624613618,0.09118163624613618
4,complete,U1,1.0,0.7585775750291835,-1.91877163098556,0.3593532718322042,0.27441066547178355,3.8328198310964083,-0.08767250196428089,0.08767250196428089
4,complete,U1,1.0,0.776247116628692,-1.945757013644852,0.3608719936751029,0.27153500968458383,3.8351543944475077,-0.08425925295894876,0.08425925295894876
4,complete,U1,1.0,0.7943282347242814,-1.9716479820982633,0.36236523428762524,0.26871290778969975,3.8374455168556683,-0.08094033910373533,0.08094033910373533
4,complete,U1,1.0,0.8128305161640995,-1.9964852763432974,0.36383271262869143,0.26594493874478914,3.839694826846114,-0.07771408464020146,0.07771408464020146
4,complete,U1,1.0,0.8317637711026709,-2.020309756105494,0.36527415593749457,0.2632316673000128,3.8419039705912956,-0.0745787097279158,0.0745787097279158
4,complete,U1,1.0,0.8511380382023768,-2.043162275409954,0.36668929786995624,0.2605736473479805,3.8440746014711435,-0.07153235102387778,0.07153235102387778
4,complete,U1,1.0,0.8709635899560805,-2.065083560702185,0.3680778767831056,0.2579714249213673,3.846208369961927,-0.06857308119039429,0.06857308119039429
4,complete,U1,1.0,0.8912509381337459,-2.0861140926656754,0.36943963418263115,0.25542554080945334,3.848306913917127,-0.06569892724544912,0.06569892724544912
4,complete,U1,1.0,0.9120108393559097,-2.1062939919318304,0.37077431334709726,0.25293653276889666,3.8503718492992993,-0.06290788768343869,0.06290788768343869
4,complete,U1,1.0,0.9332543007969915,-2.1256629089252863,0.37208165814042854,0.2505049373082977,3.852404761417236,-0.06019794830693681,0.06019794830693681
4,complete,U1,1.0,0.9549925860214359,-2.1442599181320476,0.37336141202225315,0.24813129103066556,3.854407196717721,-0.05756709672194538,0.05756709672194538
4,complete,U1,1.0,0.9772372209558111,-2.162123417117337,0.3746133172635331,0.2458161315226951,3.856380655175666,-0.05501333546012743,0.05501333546012743
4,complete,U1,1.0,1.0,-2.179291030652439,0.37583711437262113,0.24355999778481793,3.858326583320662,-0.05253469370195041,0.05253469370195041
4,complete,U1,1.0,1.0232929922807548,-2.195799520334084,0.3770325417344152,0.24136343020130002,3.8602463679319894,-0.05012923758470078,0.05012923758470078
4,complete,U1,1.0,1.0471285480508996,-2.2116847000941453,0.37819933546276097,0.23922697005521446,3.8621413304277463,-0.047795079089058,0.047795079089058
4,complete,U1,1.0,1.071519305237607,-2.2269813580012183,0.3793372294635266,0.23715115859883187,3.864012721967228,-0.045530383507714545,0.045530383507714545
4,complete,U1,1.0,1.096478196143185,-2.2417231847479258,0.3804459557030086,0.23513653569587956,3.865861719279121,-0.04333337550935468,0.04333337550935468
4,complete,U1,1.0,1.1220184543019642,-2.2559427091984263,0.3815252446734901,0.23318363805808126,3.8676894212211788,-0.0412023438213579,0.0412023438213579
4,complete,U1,1.0,1.1481536214968828,-2.269671241339491,0.38257482604487425,0.231292997104374,3.8694968460703283,-0.03913564456499863,0.03913564456499863
4,complete,U1,1.0,1.1748975549395304,-2.2829388229360834,0.38359442948846595,0.22946513647711203,3.87128492953543,-0.03713170328761528,0.03713170328761528
4,complete,U1,1.0,1.2022644346174132,-2.295774186139159,0.3845837856561714,0.22770056925525356,3.873054523478308,-0.035189015747216335,0.035189015747216335
4,complete,U1,1.0,1.2302687708123812,-2.3082047202305045,0.38554262729570343,0.2259997949099444,3.8748063953222203,-0.03330614751628613,0.03330614751628613
4,complete,U1,1.0,1.2589254117941675,-2.3202564466181066,0.3864706904798968,0.22436329605285837,3.8765412281211016,-0.03148173248282904,0.03148173248282904
4,complete,U1,1.0,1.2882495516931336,-2.331954002117187,0.38736771592599845,0.22279153503202948,3.87825962125701,-0.029714470337969145,0.029714470337969145
4,complete,U1,1.0,1.3182567385564075,-2.3433206304688565,0.3882334503789008,0.22128495043357488,3.8799620917283515,-0.028003123150183162,0.028003123150183162
4,complete,U1,1.0,1.3489628825916533,-2.354378181961586,0.38906764803074995,0.21984395355050135,3.8816490759868043,-0.0263465111366058,0.0263465111366058
4,complete,U1,1.0,1.3803842646028852,-2.36514712093337,0.38987007194832396,0.21846892488161168,3.8833209322770523,-0.024743507750972893,0.024743507750972893
4,complete,U1,1.0,1.412537544622754,-2.375646540845919,0.39064049547902246,0.21716021072423167,3.884977943430454,-0.023193034215856945,0.023193034215856945
4,complete,U1,1.0,1.4454397707459279,-2.3858941865392373,0.3913787036063612,0.21591811992400464,3.8866203200614504,-0.021694053633132704,0.021694053633132704
4,complete,U1,1.0,1.4791083881682072,-2.395906483197405,0.39208449422648817,0.21474292084322374,3.888248204114222,-0.02024556481108364,0.02024556481108364
4,complete,U1,1.0,1.5135612484362087,-2.405698571486266,0.39275767931853645,0.21363483860611118,3.8898616727065676,-0.018846595948762257,0.018846595948762257
4,complete,U1,1.0,1.5488166189124812,-2.4152843482632096,0.393398085983532,0.21259405267504833,3.8914607422184324,-0.01749619831794158,0.01749619831794158
4,complete,U1,1.0,1.584893192461114,-2.424676512209311,0.3940055573291629,0.21162069480605347,3.8930453725738663,-0.01619344008011392,0.01619344008011392
4,complete,U1,1.0,1.6218100973589298,-2.4338866136967785,0.3945799531808426,0.21071484742488628,3.8946154716672683,-0.014937400370390819,0.014937400370390819
4,complete,U1,1.0,1.6595869074375613,-2.4429251081801806,0.39512115060327085,0.2098765424570997,3.896170899887768,-0.01372716377169636,0.01372716377169636
4,complete,U1,1.0,1.6982436524617444,-2.4518014123893317,0.3956290442208604,0.20910576063633676,3.897711474699216,-0.012561815291667333,0.012561815291667333
4,complete,U1,1.0,1.7378008287493762,-2.4605239626049134,0.3961035463300465,0.20840243130536157,3.899236975237486,-0.0114404359409781,0.0114404359409781
4,complete,U1,1.0,1.7782794100389228,-2.4691002743146275,0.39654458680137955,0.20776643271392956,3.9007471468914456,-0.010362098996016034,0.010362098996016034
4,complete,U1,1.0,1.8197008586099843,-2.477537002577284,0.3969521127744145,0.20719759280690947,3.9022417058390495,-0.009325867010984923,0.009325867010984923
4,complete,U1,1.0,1.8620871366628675,-2.4858400024636,0.3973260881534919,0.2066956904853126,3.9037203435150487,-0.008330789625301982,0.008330789625301982
4,complete,U1,1.0,1.9054607179632483,-2.4940143889942332,0.39766649291759226,0.2062604573123791,3.905182730992176,-0.0073759021917602086,0.0073759021917602086
4,complete,U1,1.0,1.9498445997580456,-2.502064596055851,0.3979733222621946,0.20589157962687293,3.9066285232625586,-0.006460225230246808,0.006460225230246808
4,complete,U1,1.0,1.9952623149688808,-2.509994433843092,0.3982465855955172,0.20558870101655768,3.908057363410977,-0.005582764690997721,0.005582764690997721
4,complete,U1,1.0,2.0417379446695296,-2.5178071444456602,0.39848630541539043,0.20535142509670892,3.9094688866756817,-0.004742512991430248,0.004742512991430248
4,complete,U1,1.0,2.089296130854041,-2.52550545527367,0.39869251609631,0.20517931853174226,3.9108627243963796,-0.003938450771652446,0.003938450771652446
4,complete,U1,1.0,2.1379620895022327,-2.5330916300879753,0.3988652626186919,0.20507191423277432,3.9122385078517503,-0.003169549296781371,0.003169549296781371
4,complete,U1,1.0,2.1877616239495516,-2.540567517474029,0.3990045992740693,0.20502871466040484,3.9135958719911166,-0.0024347734192449177,0.0024347734192449177
4,complete,U1,1.0,2.23872113856834,-2.5479345966651974,0.3991105883807287,0.20504919516028122,3.914934459066086,-0.0017330850020877975,0.0017330850020877975
4,complete,U1,1.0,2.2908676527677723,-2.5551940206829875,0.3991832990441206,0.20513280725921684,3.916253922168413,-0.0010634466950960597,0.0010634466950960597
4,complete,U1,1.0,2.344228815319923,-2.5623466568157665,0.3992228059952917,0.20527898185173088,3.917553928679599,-0.0004248259494357143,0.0004248259494357143
4,complete,U1,1.0,2.39883291901949,-2.569393124502821,0.39922918853852607,0.2054871322108646,3.9188341636364834,0.0001838008460701701,-0.0001838008460701701
4,complete,U1,1.0,2.454708915685031,-2.576333830726578,0.39920252963647307,0.20575665676288385,3.920094333014579,0.0007634442232615779,-0.0007634442232615779
4,complete,U1,1.0,2.5118864315095797,-2.583169003041765,0.3991429151573431,0.20608694157282256,3.921334166928004,0.0013150975998592607,-0.0013150975998592607
4,complete,U1,1.0,2.570395782768865,-2.58989872038627,0.39905043330429135,0.2064773624965878,3.9225534227412084,0.001839733456607151,-0.001839733456607151
4,complete,U1,1.0,2.6302679918953813,-2.596522941824989,0.3989251742422035,0.20692728696522805,3.9237518880835465,0.0023382998217187367,-0.0023382998217187367
4,complete,U1,1.0,2.691534803926917,-2.603041533375455,0.39876722993164376,0.20743607537770145,3.9249293837534776,0.002811717145370096,-0.002811717145370096
4,complete,U1,1.0,2.7542287033381663,-2.609454293053781,0.39857669417413577,0.2080030820897173,3.9260857664946798,0.0032608756327792143,-0.0032608756327792143
4,complete,U1,1.0,2.818382931264455,-2.6157609742627077,0.39835366286720114,0.2086276559976552,3.9272209316220916,0.0036866330884055554,-0.0036866330884055554
4,complete,U1,1.0,2.8840315031266055,-2.621961307621704,0.3980982344620093,0.20930914072779117,3.9283348154718625,0.004089813307022849,-0.004089813307022849
4,complete,U1,1.0,2.951209226666387,-2.6280550213139153,0.39781051061113015,0.21004687445179424,3.9294273976458074,0.004471205030032399,-0.004471205030032399
4,complete,U1,1.0,3.019951720402016,-2.6340418599979936,0.39749059698904005,0.21084018935932208,3.93049870301815,0.004831561468331191,-0.004831561468331191
4,complete,U1,1.0,3.090295432513592,-2.639921602306069,0.3971386042637449,0.2116884108272724,3.931548803470546,0.005171600376591812,-0.005171600376591812
4,complete,U1,1.0,3.1622776601683795,-2.6456940769240904,0.3967546491943464,0.21259085633258348,3.9325778193205103,0.005492004648513404,-0.005492004648513404
4,complete,U1,1.0,3.2359365692962845,-2.651359177228848,0.39633885582669126,0.2135468341611759,3.9335859204086736,0.0057934233890739595,-0.0057934233890739595
4,complete,U1,1.0,3.311311214825911,-2.6569168744384806,0.39589135675747805,0.21455564196958224,3.9345733268118552,0.006076473408199279,-0.006076473408199279
4,complete,U1,1.0,3.3884415613920273,-2.6623672292211484,0.39541229443637355,0.2156165652578974,3.9355403091515253,0.006341741071016038,-0.006341741071016038
4,complete,U1,1.0,3.4673685045253166,-2.6677104017005124,0.39490182247588035,0.21672887581286462,3.9364871884713475,0.006589784433142842,-0.006589784433142842
4,complete,U1,1.0,3.548133892335757,-2.67294665979705,0.3943601069398257,0.21789183017826244,3.93741433566237,0.006821135585386662,-0.006821135585386662
4,complete,U1,1.0,3.630780547701014,-2.6780763858511536,0.39378732758336377,0.21910466820632496,3.9383221704206957,0.007036303130764088,-0.007036303130764088
4,complete,U1,1.0,3.715352290971728,-2.683100081487048,0.3931836790202375,0.22036661173890396,3.9392111597293358,0.007235774717890386,-0.007235774717890386
4,complete,U1,1.0,3.801893963205613,-2.6880183706953114,0.3925493717965847,0.22167686346064264,3.940081815863743,0.0074200195582836415,-0.0074200195582836415
4,complete,U1,1.0,3.890451449942805,-2.6928320011353066,0.3918846333546823,0.22303460595885913,3.94093469392861,0.007589490860765213,-0.007589490860765213
4,complete,U1,1.0,3.981071705534973,-2.6975418436860705,0.3911897088745391,0.22443900101635805,3.941770388942055,0.007744628123561803,-0.007744628123561803
4,complete,U1,1.0,4.073802778041126,-2.7021488903039437,0.3904648619860267,0.2258891891543598,3.942589532491664,0.007885859233641046,-0.007885859233641046
4,complete,U1,1.0,4.168693834703355,-2.706654250276108,0.3897103753490597,0.22738428943341685,3.943392788995169,0.0080136023326427,-0.0080136023326427
4,complete,U1,1.0,4.265795188015925,-2.711059144989798,0.38892655110413493,0.22892339951089974,3.944180851606152,0.008128267419365232,-0.008128267419365232
4,complete,U1,1.0,4.365158322401661,-2.7153649013660215,0.3881137112000359,0.23050559594466324,3.944954437812207,0.008230257669434637,-0.008230257669434637
4,complete,U1,1.0,4.46683592150963,-2.719572944132656,0.3872721976096851,0.23212993472411367,3.9457142847789886,0.008319970463320336,-0.008319970463320336
4,complete,U1,1.0,4.570881896148752,-2.7236847871338936,0.3864023724487632,0.23379545200229807,3.9464611444985174,0.008397798123794376,-0.008397798123794376
4,complete,U1,1.0,4.677351412871981,-2.7277020238899228,0.38550461801479174,0.23550116499603901,3.9471957788037173,0.008464128373045998,-0.008464128373045998
4,complete,U1,1.0,4.786300923226385,-2.7316263176318465,0.3845793367667588,0.23724607301566308,3.947918954313394,0.008519344527529782,-0.008519344527529782
4,complete,U1,1.0,4.897788193684462,-2.73545939104169,0.383626951267097,0.23902915858162235,3.948631437372705,0.008563825455400575,-0.008563825455400575
4,complete,U1,1.0,5.011872336272725,-2.7392030159253444,0.382647904108767,0.24084938858232904,3.949333989053428,0.008597945326437317,-0.008597945326437317
4,complete,U1,1.0,5.1286138399136485,-2.7428590030379003,0.38164265785050044,0.2427057154258222,3.950027360276224,0.008622073188179202,-0.008622073188179202
4,complete,U1,1.0,5.248074602497728,-2.7464291922658353,0.38061169498285363,0.2445970781374097,3.95071228711364,0.008636572404228549,-0.008636572404228549
4,complete,U1,1.0,5.370317963702527,-2.749915443349769,0.37955551794670084,0.24652240335613157,3.9513894863276757,0.008641799991503607,-0.008641799991503607
4,complete,U1,1.0,5.4954087385762485,-2.7533196273054825,0.37847464922424373,0.24848060618464857,3.952059651189968,0.008638105892846859,-0.008638105892846859
4,complete,U1,1.0,5.623413251903491,-2.7566436186707,0.37736963152058806,0.2504705908498736,3.9527234476257234,0.00862583221988289,-0.00862583221988289
4,complete,U1,1.0,5.754399373371572,-2.7598892886715802,0.3762410280515217,0.2524912511352026,3.9533815107148627,0.008605312498555673,-0.008605312498555673
4,complete,U1,1.0,5.88843655355589,-2.7630584993673946,0.3750894229504378,0.2545414705494282,3.9540344415758097,0.008576870946697124,-0.008576870946697124
4,complete,U1,1.0,6.025595860743581,-2.766153098795403,0.3739154218044458,0.25662012220222036,3.954682804648836,0.008540821809352561,-0.008540821809352561
4,complete,U1,1.0,6.165950018614822,-2.769174917101977,0.37271965232665055,0.2587260683613133,3.9553271253873765,0.008497468773665195,-0.008497468773665195
4,complete,U1,1.0,6.309573444801936,-2.772125763611592,0.3715027651684949,0.2608581596721356,3.955967888357491,0.008447104481207113,-0.008447104481207113
4,complete,U1,1.0,6.456542290346556,-2.7750074247535745,0.3702654348729186,0.26301523402653243,3.9566055357375802,0.00839001015170271,-0.00839001015170271
4,complete,U1,1.0,6.606934480075965,-2.7778216627386465,0.36900836096597484,0.2651961150732924,3.9572404662032996,0.008326455328454774,-0.008326455328454774
4,complete,U1,1.0,6.760829753919819,-2.780570214853929,0.3677322691814863,0.26739961036950116,3.957873034176003,0.008256697752446085,-0.008256697752446085
4,complete,U1,1.0,6.918309709189363,-2.783254793227182,0.3664379128102837,0.2696245091781568,3.9585035494075025,0.008180983369171502,-0.008180983369171502
4,complete,U1,1.0,7.07945784384138,-2.785877084899034,0.3651260741625832,0.27186957992406974,3.9591322768695303,0.008099546469756413,-0.008099546469756413
4,complete,U1,1.0,7.244359600749899,-2.788438752036037,0.3637975661290956,0.27413356732679267,3.959759436912925,0.008012609965882156,-0.008012609965882156
4,complete,U1,1.0,7.413102413009177,-2.790941432117957,0.36245323382348715,0.27641518923621833,3.960385205659627,0.007920385796418739,-0.007920385796418739
4,complete,U1,1.0,7.585775750291836,-2.7933867379393114,0.36109395628581975,0.27871313320353996,3.9610097155897552,0.00782307546239025,-0.00782307546239025
4,complete,U1,1.0,7.76247116628692,-2.7957762572778297,0.35972064822354854,0.2810260528274794,3.9616330562866007,0.007720870685928638,-0.007720870685928638
4,complete,U1,1.0,7.943282347242813,-2.798111552100499,0.3583342617635432,0.28335256392305896,3.9622552753040714,0.007613954188086636,-0.007613954188086636
4,complete,U1,1.0,8.128305161640995,-2.8003941572006377,0.3569357881854043,0.2856912405676705,3.962876379123972,0.007502500579713578,-0.007502500579713578
4,complete,U1,1.0,8.317637711026709,-2.8026255781861913,0.3555262596030982,0.2880406110867239,3.9634963341743763,0.0073866773589646995,-0.0073866773589646995
4,complete,U1,1.0,8.511380382023768,-2.8048072887691857,0.3541067505586192,0.29039915404864763,3.964115067885034,0.007266646008237787,-0.007266646008237787
4,complete,U1,1.0,8.709635899560805,-2.806940727338055,0.35267837948810904,0.29276529434632725,3.9647324697611603,0.007142563182485628,-0.007142563182485628
4,complete,U1,1.0,8.91250938133746,-2.809027292827387,0.35124231001763867,0.29513739944908485,3.965348392462842,0.007014581979743362,-0.007014581979743362
4,complete,U1,1.0,9.120108393559097,-2.8110683399322083,0.34979975204280717,0.2975137759157607,3.9659626528834715,0.006882853283322277,-0.006882853283322277
4,complete,U1,1.0,9.332543007969914,-2.8130651737455747,0.34835196254355566,0.299892666265219,3.966575033226823,0.006747527163541989,-0.006747527163541989
4,complete,U1,1.0,9.549925860214358,-2.8150190439275096,0.3469002460832599,0.3022722463053265,3.9671852820885514,0.0066087543249334635,-0.0066087543249334635
4,complete,U1,1.0,9.772372209558112,-2.8169311385397298,0.3454459549394111,0.30465062302494467,3.9677931155535564,0.006466687582763364,-0.006466687582763364
4,complete,U1,1.0,10.0,-2.818802577702927,0.3439904888121956,0.3070258331553742,3.9683982183258903,0.006321483350388957,-0.006321483350388957
4,complete,U1,1.0,10.232929922807536,-2.8206344072512417,0.34253529405722716,0.30939584250777186,3.969000244912284,0.006173303116624007,-0.006173303116624007
4,complete,U1,1.0,10.471285480509007,-2.82242759257113,0.3410818623897215,0.31175854619097343,3.9695988208838977,0.006022314889877367,-0.006022314889877367
4,complete,U1,1.0,10.71519305237607,-2.8241830128189678,0.339631729009753,0.3141117698096892,3.97019354424337,0.005868694583675671,-0.005868694583675671
4,complete,U1,1.0,10.964781961431852,-2.8259014557128905,0.3381864701019867,0.31645327173593046,3.970783986925532,0.005712627316162955,-0.005712627316162955
4,complete,U1,1.0,11.220184543019629,-2.827583613089732,0.336747699668634,0.3187807465366029,3.9713696964602163,0.005554308594697854,-0.005554308594697854
4,complete,U1,1.0,11.481536214968841,-2.829230077407439,0.33531706566137004,0.3210918296273531,3.9719501978243716,0.005393945355679164,-0.005393945355679164
4,complete,U1,1.0,11.748975549395302,-2.8308413393572183,0.33389624538667084,0.32338410320694777,3.9725249955081896,0.005231756829480849,-0.005231756829480849
4,complete,U1,1.0,12.02264434617413,-2.8324177867284135,0.33248694016940994,0.325655103507735,3.9730935758162094,0.005067975200877761,-0.005067975200877761
4,complete,U1,1.0,12.30268770812381,-2.833959704643228,0.3310908692716083,0.3279023293762709,3.9736554094194405,0.00490284603687563,-0.00490284603687563
4,complete,U1,1.0,12.589254117941662,-2.8354672772484526,0.3297097630767247,0.3301232521742432,3.974209954168585,0.004736628456232683,-0.004736628456232683
4,complete,U1,1.0,12.88249551693135,-2.8369405909183745,0.3283453555646744,0.3323153269637875,3.974756658171587,0.004569595018488637,-0.004569595018488637
4,complete,U1,1.0,13.182567385564074,-2.8383796389875866,0.32699937611853425,0.3344760049136646,3.9752949631311334,0.004402031314762911,-0.004402031314762911
4,complete,U1,1.0,13.489628825916533,-2.839784327995788,0.32567354072031207,0.3366027468341698,3.975824307929717,0.004234235248063656,-0.004234235248063656
4,complete,U1,1.0,13.803842646028839,-2.8411544853895734,0.32436954260978895,0.338693037719782,3.976344132441517,0.004066515997141806,-0.004066515997141806
4,complete,U1,1.0,14.125375446227554,-2.842489868589901,0.32308904249683934,0.3407444021502305,3.976853881542072,0.00389919266500649,-0.00389919266500649
4,complete,U1,1.0,14.45439770745928,-2.8437901752993313,0.3218336584332642,0.34275442037370635,3.97735300927872,0.003732592620769415,-0.003732592620769415
4,complete,U1,1.0,14.791083881682072,-2.845055054891229,0.32060495546452933,0.3447207448712489,3.9778409831572596,0.003567049551390089,-0.003567049551390089
4,complete,U1,1.0,15.135612484362072,-2.8462841206949614,0.3194044351943613,0.34664111717978097,3.9783172884937352,0.0034029012478626885,-0.0034029012478626885
4,complete,U1,1.0,15.488166189124827,-2.8474769629673187,0.31823352540537003,0.34851338473366306,3.9787814327745297,0.0032404871580486994,-0.0032404871580486994
4,complete,U1,1.0,15.848931924611142,-2.8486331623219376,0.3170935698863456,0.35033551747177316,3.97923294996382,0.003080145745611662,-0.003080145745611662
4,complete,U1,1.0,16.218100973589298,-2.849752303375658,0.3159858186211479,0.3521056239496005,3.9796714046944204,0.002922211700851274,-0.002922211700851274
4,complete,U1,1.0,16.595869074375596,-2.850833988364157,0.314911418494924,0.3538219666941925,3.9800963962769647,0.002767013054572831,-0.002767013054572831
4,complete,U1,1.0,16.98243652461746,-2.8518778504788562,0.31387140467051783,0.3554829765443112,3.980507562462722,0.002614868250129021,-0.002614868250129021
4,complete,U1,1.0,17.378008287493763,-2.8528835666830936,0.3128666927812966,0.3570872657289549,3.9809045828975522,0.0024660832312491943,-0.0024660832312491943
4,complete,U1,1.0,17.78279410038923,-2.8538508697776668,0.31189807207628495,0.3586336394543977,3.98128718220832,0.0023209486041659844,-0.0023209486041659844
4,complete,U1,1.0,18.197008586099827,-2.8547795595036543,0.31096619963962513,0.36012110579275164,3.9816551326685694,0.002179736931689602,-0.002179736931689602
4,complete,U1,1.0,18.620871366628695,-2.8556695124932934,0.310071595789285,0.36154888369325894,3.9820082563971293,0.002042700214333504,-0.002042700214333504
4,complete,U1,1.0,19.054607179632484,-2.85652069090696,0.3092146407400735,0.36291640897032756,3.982346427051449,0.001910067609446231,-0.001910067609446231
4,complete,U1,1.0,19.498445997580454,-2.8573331496250067,0.30839557259387473,0.3642233381588765,3.982669570986686,0.001782043433603775,-0.001782043433603775
4,complete,U1,1.0,19.952623149688787,-2.858107041896394,0.3076144866962549,0.36546955016676885,3.9829776678613986,0.0016588054865871449,-0.0016588054865871449
4,complete,U1,1.0,20.417379446695318,-2.85884262338075,0.30687133637385466,0.36665514569495417,3.9832707506811094,0.0015405037272889777,-0.0015405037272889777
4,complete,U1,1.0,20.892961308540407,-2.859540254555541,0.3061659350419777,0.3677804444371645,3.9835489052814532,0.001427259323146579,-0.001427259323146579
4,complete,U1,1.0,21.379620895022324,-2.8602004014944638,0.30549795964722753,0.3688459801115196,3.9838122692629754,0.0013191640855566567,-0.0013191640855566567
4,complete,U1,1.0,21.87761623949552,-2.860823635056136,0.30486695538659936,0.36985249341505455,3.9840610303994874,0.0012162802945089313,-0.0012162802945089313
4,complete,U1,1.0,22.387211385683422,-2.861410628552549,0.30427234162270944,0.3708009230279755,3.984295424551059,0.0011186409065946368,-0.0011186409065946368
4,complete,U1,1.0,22.90867652767775,-2.8619621539941242,0.30371341889541814,0.37169239482649613,3.9845157331209267,0.0010262501320877915,-0.0010262501320877915
4,complete,U1,1.0,23.442288153199225,-2.862479077031806,0.30318937691337916,0.37252820949066934,3.9847222801026594,0.0009390843590220133,-0.0009390843590220133
4,complete,U1,1.0,23.9883291901949,-2.8629623507359683,0.3026993033953996,0.3733098287161542,3.984915428769658,0.0008570933954359372,-0.0008570933954359372
4,complete,U1,1.0,24.547089156850287,-2.8634130083671074,0.30224219362114013,0.37403886025600136,3.985095578063572,0.0007802019953893069,-0.0007802019953893069
4,complete,U1,1.0,25.11886431509582,-2.86383215530365,0.3018169605437065,0.3747170420301057,3.9852631587411027,0.0007083116299503311,-0.0007083116299503311
4,complete,U1,1.0,25.703957827688647,-2.864220960298418,0.30142244531312473,0.375346225546006,3.985418629340324,0.0006413024613737273,-0.0006413024613737273
4,complete,U1,1.0,26.302679918953814,-2.8645806462370906,0.3010574280593902,0.3759283588753684,3.9855624720278144,0.0005790354769041883,-0.0005790354769041883
4,complete,U1,1.0,26.91534803926914,-2.8649124805698873,0.3007206387865798,0.3764654694261157,3.985695188386896,0.0005213547381733852,-0.0005213547381733852
4,complete,U1,1.0,27.54228703338169,-2.8652177655821123,0.3004107682351193,0.3769596467412282,3.985817295204992,0.0004680897028317421,-0.0004680897028317421
4,complete,U1,1.0,28.18382931264455,-2.865497828660455,0.30012647857736235,0.37741302554226563,3.9859293203149395,0.00041905757673110777,-0.00041905757673110777
4,complete,U1,1.0,28.84031503126606,-2.8657540127006773,0.2998664138218165,0.37782776921928696,3.9860317985409557,0.00037406565758191235,-0.00037406565758191235
4,complete,U1,1.0,29.51209226666384,-2.8659876667890414,0.29962920981321345,0.3782060539497237,3.98612526779521,0.0003329136342862249,-0.0003329136342862249
4,complete,U1,1.0,30.199517204020193,-2.8662001372749737,0.2994135037287707,0.37855005360754673,3.9862102653655906,0.00029539580998372283,-0.00029539580998372283
4,complete,U1,1.0,30.90295432513592,-2.8663927593366556,0.29921794298504034,0.3788619256014266,3.9862873244296266,0.00026130322108042225,-0.00026130322108042225
4,complete,U1,1.0,31.622776601683793,-2.8665668491248675,0.2990411934842756,0.3791437977571428,3.9863569708236226,0.00023042562893149654,-0.00023042562893149654
4,complete,U1,1.0,32.35936569296281,-2.866723696553931,0.2988819471439531,0.3793977563357943,3.986419720090155,0.00020255336538366198,-0.00020255336538366198
4,complete,U1,1.0,33.11311214825915,-2.86686455879237,0.2987389286676109,0.37962583525597426,3.9864760748212187,0.000177479017794413,-0.000177479017794413
4,complete,U1,1.0,33.884415613920275,-2.866990654490256,0.2986109015292468,0.3798300065653648,3.986526522308603,0.0001549989434156407,-0.0001549989434156407
4,complete,U1,1.0,34.673685045253166,-2.867103158765417,0.2984966731569345,0.3800121721856454,3.986571532507737,0.00013491460706660519,-0.00013491460706660519
4,complete,U1,1.0,35.481338923357534,-2.8672031989568727,0.2983950993138429,0.38017415693442724,3.9866115563161677,0.00011703373967730801,-0.00011703373967730801
4,complete,U1,1.0,36.30780547701018,-2.8672918511412995,0.2983050876863616,0.3803177028094102,3.9866470241632186,0.00010117131861286932,-0.00010117131861286932
4,complete,U1,1.0,37.15352290971728,-2.8673701373970095,0.29822560069942056,0.38044446450326586,3.986678344903213,8.7150373597078e-05,-8.7150373597078e-05
4,complete,U1,1.0,38.018939632056124,-2.8674390237900083,0.2981556575882703,0.3805560061029979,3.9867059050009703,7.480262455927811e-05,-7.480262455927811e-05
4,complete,U1,1.0,38.904514499428046,-2.8674994190481136,0.2980943357639136,0.3806537989147915,3.9867300679950897,6.396895977855976e-05,-6.396895977855976e-05
4,complete,U1,1.0,39.81071705534978,-2.8675521738819763,0.2980407715160579,0.38073922034465596,3.986751174221895,5.449976441240789e-05,-5.449976441240789e-05
4,complete,U1,1.0,40.7380277804113,-2.8675980809059745,0.29799416010286606,0.38081355375645976,3.986769540780717,4.6255110758619544e-05,-4.6255110758619544e-05
4,complete,U1,1.0,41.68693834703355,-2.8676378751075005,0.2979537552809742,0.3808779892222338,3.9867854617195255,3.9104822539770545e-05,-3.9104822539770545e-05
4,complete,U1,1.0,42.65795188015925,-2.8676722348098265,0.29791886833226444,0.3809336250747699,3.9867992084187263,3.292842609559088e-05,-3.292842609559088e-05
4,complete,U1,1.0,43.65158322401656,-2.8677017830716927,0.2978888666457698,0.3809814701694875,3.986811030150138,2.761500168524389e-05,-2.761500168524389e-05
4,complete,U1,1.0,44.668359215096345,-2.86772708946572,0.29786317191393685,0.3810224467611816,3.986821154787863,2.3062948122709592e-05,-2.3062948122709592e-05
4,complete,U1,1.0,45.708818961487516,-2.867748672177764,0.2978412580023491,0.3810573939014351,3.986829789647789,1.9179673810043596e-05,-1.9179673810043596e-05
4,complete,U1,1.0,46.77351412871981,-2.8677670003701965,0.2978226485509968,0.38108707126408525,3.986837122432819,1.5881226816838456e-05,-1.5881226816838456e-05
4,complete,U1,1.0,47.863009232263806,-2.867782496753877,0.29780691436338474,0.3811121633090045,3.9868433222617017,1.3091876146731352e-05,-1.3091876146731352e-05
4,complete,U1,1.0,48.97788193684466,-2.8677955403158943,0.29779367063725093,0.38113328369844157,3.986848540760244,1.0743655612377445e-05,-1.0743655612377445e-05
4,complete,U1,1.0,50.11872336272725,-2.867806469153291,0.29778257408757025,0.38115097988512864,3.986852913194969,8.775880981581885e-06,-8.775880981581885e-06
4,complete,U1,1.0,51.28613839913648,-2.8678155833664385,0.297773320008898,0.38116573779711527,3.9868565596306578,7.134650173767909e-06,-7.134650173767909e-06
4,complete,U1,1.0,52.48074602497723,-2.867823147969731,0.29776563932008737,0.3811779865507041,3.98685958609485,5.7723353564798074e-06,-5.7723353564798074e-06
4,complete,U1,1.0,53.70317963702533,-2.8678293957814742,0.2977592956301,0.3811881031297451,3.986862085734013,4.647074845376409e-06,-4.647074845376409e-06
4,complete,U1,1.0,54.954087385762485,-2.8678345302593153,0.29775408235908984,0.38119641697678425,3.9868641399479507,3.7222717078622125e-06,-3.7222717078622125e-06
4,complete,U1,1.0,56.23413251903491,-2.8678387282521225,0.2977498199443,0.3812032144489471,3.9868658194907636,2.9661050061635663e-06,-2.9661050061635663e-06
4,complete,U1,1.0,57.543993733715666,-2.867842142643839,0.2977463531556592,0.38120874309888814,3.9868671855286166,2.35105866663865e-06,-2.35105866663865e-06
4,complete,U1,1.0,58.884365535558956,-2.8678449048692993,0.29774354854135104,0.38121321574845934,3.986868290646263,1.8534719957719048e-06,-1.8534719957719048e-06
4,complete,U1,1.0,60.25595860743581,-2.867847127286455,0.29774129201919186,0.38121681432985355,3.986869179796136,1.453115022864715e-06,-1.453115022864715e-06
4,complete,U1,1.0,61.65950018614822,-2.8678489053935774,0.29773948662540445,0.38121969347574,3.9868698911854095,1.1327909849034867e-06,-1.1327909849034867e-06
4,complete,U1,1.0,63.0957344480193,-2.86785031988393,0.29773805042841617,0.3812219838462288,3.986870457098031,8.779675229053652e-07,-8.779675229053652e-07
4,complete,U1,1.0,64.56542290346563,-2.8678514385339753,0.29773691461167157,0.38122379518629756,3.986870904650168,6.764374467227441e-07,-6.764374467227441e-07
4,complete,U1,1.0,66.06934480075964,-2.8678523179244184,0.2977360217261848,0.3812252191125314,3.9868712564787616,5.180093314294254e-07,-5.180093314294254e-07
4,complete,U1,1.0,67.60829753919819,-2.8678530049961917,0.2977353241106721,0.3812263316326073,3.9868715313640495,3.942276279866874e-07,-3.942276279866874e-07
4,complete,U1,1.0,69.18309709189363,-2.8678535384459405,0.29773478247465424,0.3812271954048901,3.986871744787878,2.9812155133424056e-07,-2.9812155133424056e-07
4,complete,U1,1.0,70.79457843841388,-2.867853949967561,0.29773436463786096,0.38122786174876067,3.986871909430415,2.2398159804648543e-07,-2.2398159804648543e-07
4,complete,U1,1.0,72.44359600749905,-2.8678542653479786,0.29773404441764517,0.3812283724189112,3.986872035608552,1.671622626986391e-07,-1.671622626986391e-07
4,complete,U1,1.0,74.13102413009177,-2.867854505426531,0.29773380065486976,0.3812287611588066,3.986872131659744,1.2390927106586958e-07,-1.2390927106586958e-07
4,complete,U1,1.0,75.85775750291836,-2.8678546869282155,0.29773361636787654,0.38122905504989113,3.9868722042753633,9.120951716123926e-08,-9.120951716123926e-08
4,complete,U1,1.0,77.62471166286912,-2.8678548231815393,0.2977334780236227,0.38122927567394105,3.986872258787913,6.66617667732794e-08,-6.66617667732794e-08
4,complete,U1,1.0,79.43282347242821,-2.8678549247319167,0.29773337491486324,0.38122944010630105,3.986872299416427,4.836616440684338e-08,-4.836616440684338e-08
4,complete,U1,1.0,81.28305161640995,-2.86785499986153,0.29773329863231685,0.3812295617576441,3.986872329474459,3.483058708120268e-08,-3.483058708120268e-08
4,complete,U1,1.0,83.17637711026708,-2.8678550550262534,0.2977332426210412,0.38122965108144463,3.986872351544892,2.4891938066318176e-08,-2.4891938066318176e-08
4,complete,U1,1.0,85.11380382023759,-2.8678550952197828,0.2977332018107066,0.38122971616359347,3.986872367625613,1.7650542361025146e-08,-1.7650542361025146e-08
4,complete,U1,1.0,87.09635899560814,-2.867855124274536,0.2977331723100814,0.38122976320961965,3.9868723792499066,1.2415941830212773e-08,-1.2415941830212773e-08
4,complete,U1,1.0,89.12509381337459,-2.8678551451081575,0.29773315115674887,0.38122979694382825,3.9868723875850707,8.662486727928354e-09,-8.662486727928354e-09
4,complete,U1,1.0,91.20108393559097,-2.867855159923687,0.2977331361138622,0.38122982093342284,3.9868723935125026,5.993270657533856e-09,-5.993270657533856e-09
4,complete,U1,1.0,93.32543007969905,-2.867855170370666,0.29773312550656483,0.38122983784937603,3.986872397692155,4.1111075654853835e-09,-4.1111075654853835e-09
4,complete,U1,1.0,95.49925860214368,-2.867855177673643,0.29773311809151715,0.3812298496744992,3.986872400613947,2.795378040154617e-09,-2.795378040154617e-09
4,complete,U1,1.0,97.72372209558111,-2.8678551827337193,0.29773311295378785,0.3812298578678762,3.986872402638394,1.883736722163576e-09,-1.883736722163576e-09
4,complete,U1,1.0,100.0,-2.867855186208065,0.29773310942612563,0.3812298634936039,3.9868724040284174,1.2577865415863698e-09,-1.2577865415863698e-09
4,complete,U1,1.0,102.32929922807536,-2.867855188571566,0.2977331070263561,0.3812298673206291,3.986872404974014,8.3197082556552e-10,-8.3197082556552e-10
4,complete,U1,1.0,104.71285480509006,-2.867855190164181,0.2977331054092995,0.3812298698994245,3.98687240561119,5.450390139216665e-10,-5.450390139216665e-10
4,complete,U1,1.0,107.1519305237607,-2.8678551912269628,0.29773310433020905,0.38122987162030064,3.986872406036391,3.535650661135037e-10,-3.535650661135037e-10
4,complete,U1,1.0,109.64781961431851,-2.867855191929154,0.29773310361724203,0.38122987275730236,3.9868724063173255,2.2705570756897941e-10,-2.2705570756897941e-10
4,complete,U1,1.0,112.2018454301963,-2.867855192388399,0.29773310315094864,0.3812298735009222,3.9868724065010603,1.4431633665878962e-10,-1.4431633665878962e-10
4,complete,U1,1.0,114.81536214968841,-2.8678551926856417,0.2977331028491448,0.38122987398222297,3.9868724066199825,9.076406293218042e-11,-9.076406293218042e-11
4,complete,U1,1.0,117.48975549395303,-2.867855192875989,0.2977331026558766,0.38122987429043687,3.986872406696137,5.647060596913889e-11,-5.647060596913889e-11
4,complete,U1,1.0,120.22644346174131,-2.86785519299656,0.29773310253345464,0.3812298744856688,3.9868724067443755,3.474764920241569e-11,-3.474764920241569e-11
4,complete,U1,1.0,123.02687708123811,-2.867855193072086,0.2977331024567697,0.38122987460796176,3.986872406774592,2.1140644790307306e-11,-2.1140644790307306e-11
4,complete,U1,1.0,125.89254117941688,-2.867855193118858,0.2977331024092798,0.381229874683696,3.9868724067933043,1.271416305570483e-11,-1.271416305570483e-11
4,complete,U1,1.0,128.82495516931348,-2.867855193147487,0.2977331023802117,0.3812298747300524,3.9868724068047583,7.556288927901278e-12,-7.556288927901278e-12
4,complete,U1,1.0,131.82567385564073,-2.8678551931648024,0.29773310236263095,0.3812298747580892,3.986872406811686,4.437006317914438e-12,-4.437006317914438e-12
4,complete,U1,1.0,134.89628825916532,-2.8678551931751484,0.2977331023521272,0.3812298747748402,3.986872406815826,2.5731639041737253e-12,-2.5731639041737253e-12
4,complete,U1,1.0,138.03842646028838,-2.867855193181251,0.29773310234592965,0.3812298747847237,3.986872406818267,1.4731549313751202e-12,-1.4731549313751202e-12
4,complete,U1,1.0,141.25375446227554,-2.8678551931848073,0.2977331023423196,0.38122987479048087,3.98687240681969,8.328893130737924e-13,-8.328893130737924e-13
4,complete,U1,1.0,144.5439770745928,-2.8678551931868506,0.2977331023402439,0.3812298747937908,3.986872406820507,4.642952688982405e-13,-4.642952688982405e-13
4,complete,U1,1.0,147.91083881682073,-2.86785519318801,0.2977331023390666,0.3812298747956685,3.9868724068209707,2.55351295663786e-13,-2.55351295663786e-13
4,complete,U1,1.0,151.3561248436207,-2.8678551931886593,0.29773310233840783,0.3812298747967191,3.986872406821231,1.3877787807814457e-13,-1.3877787807814457e-13
4,complete,U1,1.0,154.88166189124829,-2.8678551931890177,0.29773310233804434,0.38122987479729875,3.9868724068213743,7.438494264988549e-14,-7.438494264988549e-14
4,complete,U1,1.0,158.48931924611142,-2.8678551931892122,0.2977331023378467,0.38122987479761405,3.986872406821452,3.907985046680551e-14,-3.907985046680551e-14
4,complete,U1,1.0,162.18100973589299,-2.8678551931893166,0.2977331023377408,0.38122987479778303,3.9868724068214942,2.042810365310288e-14,-2.042810365310288e-14
4,complete,U1,1.0,165.95869074375597,-2.867855193189372,0.29773310233768474,0.3812298747978722,3.986872406821516,1.0436096431476471e-14,-1.0436096431476471e-14
4,complete,U1,1.0,169.8243652461746,-2.8678551931894,0.2977331023376557,0.3812298747979184,3.986872406821527,5.218048215738236e-15,-5.218048215738236e-15
4,complete,U1,1.0,173.78008287493762,-2.8678551931894147,0.2977331023376408,0.38122987479794224,3.986872406821533,2.4424906541753444e-15,-2.4424906541753444e-15
4,complete,U1,1.0,177.82794100389228,-2.8678551931894227,0.29773310233763334,0.38122987479795417,3.986872406821536,1.3322676295501878e-15,-1.3322676295501878e-15
4,complete,U1,1.0,181.97008586099827,-2.8678551931894254,0.2977331023376297,0.38122987479796006,3.9868724068215378,5.551115123125783e-16,-5.551115123125783e-16
4,complete,U1,1.0,186.20871366628694,-2.867855193189428,0.2977331023376278,0.38122987479796305,3.986872406821538,1.1102230246251565e-16,-1.1102230246251565e-16
4,complete,U1,1.0,190.54607179632484,-2.8678551931894294,0.29773310233762706,0.3812298747979645,3.986872406821539,5.551115123125783e-16,-5.551115123125783e-16
4,complete,U1,1.0,194.98445997580455,-2.86785519318943,0.29773310233762657,0.3812298747979651,3.986872406821539,2.220446049250313e-16,-2.220446049250313e-16
4,complete,U1,1.0,199.52623149688787,-2.8678551931894294,0.2977331023376264,0.38122987479796533,3.986872406821539,1.1102230246251565e-16,-1.1102230246251565e-16
4,complete,U1,1.0,204.17379446695315,-2.867855193189429,0.29773310233762634,0.3812298747979654,3.986872406821539,1.1102230246251565e-16,-1.1102230246251565e-16
4,complete,U1,1.0,208.92961308540407,-2.8678551931894294,0.29773310233762634,0.38122987479796555,3.98687240682154,1.1102230246251565e-16,-1.1102230246251565e-16
4,complete,U1,1.0,213.79620895022325,-2.8678551931894294,0.29773310233762623,0.38122987479796555,3.986872406821539,0.0,-0.0
4,complete,U1,1.0,218.77616239495518,-2.8678551931894294,0.29773310233762623,0.38122987479796555,3.986872406821539,0.0,-0.0
4,complete,U1,1.0,223.87211385683423,-2.8678551931894294,0.29773310233762623,0.38122987479796555,3.986872406821539,0.0,-0.0
4,complete,U1,1.0,229.08676527677747,-2.8678551931894294,0.29773310233762623,0.38122987479796555,3.986872406821539,0.0,-0.0
4,complete,U1,1.0,234.42288153199226,-2.8678551931894294,0.29773310233762623,0.38122987479796555,3.986872406821539,0.0,-0.0
4,complete,U1,1.0,239.88329190194898,-2.8678551931894294,0.29773310233762623,0.38122987479796555,3.986872406821539,0.0,-0.0
4,complete,U1,1.0,245.47089156850285,-2.8678551931894294,0.29773310233762623,0.38122987479796555,3.986872406821539,0.0,-0.0
4,complete,U1,1.0,251.18864315095823,-2.8678551931894294,0.29773310233762623,0.38122987479796555,3.986872406821539,0.0,-0.0
4,complete,U1,1.0,257.03957827688646,-2.8678551931894294,0.29773310233762623,0.38122987479796555,3.986872406821539,0.0,-0.0
4,complete,U1,1.0,263.02679918953817,-2.8678551931894294,0.29773310233762623,0.38122987479796555,3.986872406821539,0.0,-0.0
4,complete,U1,1.0,269.1534803926914,-2.8678551931894294,0.29773310233762623,0.38122987479796555,3.986872406821539,0.0,-0.0
4,complete,U1,1.0,275.4228703338169,-2.8678551931894294,0.29773310233762623,0.38122987479796555,3.986872406821539,0.0,-0.0
4,complete,U1,1.0,281.8382931264455,-2.8678551931894294,0.29773310233762623,0.38122987479796555,3.986872406821539,0.0,-0.0
4,complete,U1,1.0,288.40315031266056,-2.8678551931894294,0.29773310233762623,0.38122987479796555,3.986872406821539,0.0,-0.0
4,complete,U1,1.0,295.1209226666384,-2.8678551931894294,0.29773310233762623,0.38122987479796555,3.986872406821539,0.0,-0.0
4,complete,U1,1.0,301.9951720402019,-2.8678551931894294,0.29773310233762623,0.38122987479796555,3.986872406821539,0.0,-0.0
4,complete,U1,1.0,309.0295432513592,-2.8678551931894294,0.29773310233762623,0.38122987479796555,3.986872406821539,0.0,-0.0
4,complete,U1,1.0,316.22776601683796,-2.8678551931894294,0.29773310233762623,0.38122987479796555,3.986872406821539,0.0,-0.0
4,complete,U1,1.0,323.5936569296281,-2.8678551931894294,0.29773310233762623,0.38122987479796555,3.986872406821539,0.0,-0.0
4,complete,U1,1.0,331.1311214825914,-2.8678551931894294,0.29773310233762623,0.38122987479796555,3.986872406821539,0.0,-0.0
4,complete,U1,1.0,338.84415613920277,-2.8678551931894294,0.29773310233762623,0.38122987479796555,3.986872406821539,0.0,-0.0
4,complete,U1,1.0,346.73685045253166,-2.8678551931894294,0.29773310233762623,0.38122987479796555,3.986872406821539,0.0,-0.0
4,complete,U1,1.0,354.8133892335753,-2.8678551931894294,0.29773310233762623,0.38122987479796555,3.986872406821539,0.0,-0.0
4,complete,U1,1.0,363.07805477010174,-2.8678551931894294,0.29773310233762623,0.38122987479796555,3.986872406821539,0.0,-0.0
4,complete,U1,1.0,371.53522909717276,-2.8678551931894294,0.29773310233762623,0.38122987479796555,3.986872406821539,0.0,-0.0
4,complete,U1,1.0,380.1893963205613,-2.8678551931894294,0.29773310233762623,0.38122987479796555,3.986872406821539,0.0,-0.0
4,complete,U1,1.0,389.04514499428046,-2.8678551931894294,0.29773310233762623,0.38122987479796555,3.986872406821539,0.0,-0.0
4,complete,U1,1.0,398.1071705534977,-2.8678551931894294,0.29773310233762623,0.38122987479796555,3.986872406821539,0.0,-0.0
4,complete,U1,1.0,407.380277804113,-2.8678551931894294,0.29773310233762623,0.38122987479796555,3.986872406821539,0.0,-0.0
4,complete,U1,1.0,416.8693834703355,-2.8678551931894294,0.29773310233762623,0.38122987479796555,3.986872406821539,0.0,-0.0
4,complete,U1,1.0,426.57951880159254,-2.8678551931894294,0.29773310233762623,0.38122987479796555,3.986872406821539,0.0,-0.0
4,complete,U1,1.0,436.51583224016565,-2.8678551931894294,0.29773310233762623,0.38122987479796555,3.986872406821539,0.0,-0.0
4,complete,U1,1.0,446.6835921509635,-2.8678551931894294,0.29773310233762623,0.38122987479796555,3.986872406821539,0.0,-0.0
4,complete,U1,1.0,457.0881896148752,-2.8678551931894294,0.29773310233762623,0.38122987479796555,3.986872406821539,0.0,-0.0
4,complete,U1,1.0,467.73514128719813,-2.8678551931894294,0.29773310233762623,0.38122987479796555,3.986872406821539,0.0,-0.0
4,complete,U1,1.0,478.630092322638,-2.8678551931894294,0.29773310233762623,0.38122987479796555,3.986872406821539,0.0,-0.0
4,complete,U1,1.0,489.77881936844665,-2.8678551931894294,0.29773310233762623,0.38122987479796555,3.986872406821539,0.0,-0.0
4,complete,U1,1.0,501.18723362727246,-2.8678551931894294,0.29773310233762623,0.38122987479796555,3.986872406821539,0.0,-0.0
4,complete,U1,1.0,512.8613839913648,-2.8678551931894294,0.29773310233762623,0.38122987479796555,3.986872406821539,0.0,-0.0
4,complete,U1,1.0,524.8074602497722,-2.8678551931894294,0.29773310233762623,0.38122987479796555,3.986872406821539,0.0,-0.0
4,complete,U1,1.0,537.0317963702532,-2.8678551931894294,0.29773310233762623,0.38122987479796555,3.986872406821539,0.0,-0.0
4,complete,U1,1.0,549.5408738576248,-2.8678551931894294,0.29773310233762623,0.38122987479796555,3.986872406821539,0.0,-0.0
4,complete,U1,1.0,562.341325190349,-2.8678551931894294,0.29773310233762623,0.38122987479796555,3.986872406821539,0.0,-0.0
4,complete,U1,1.0,575.4399373371566,-2.8678551931894294,0.29773310233762623,0.38122987479796555,3.986872406821539,0.0,-0.0
4,complete,U1,1.0,588.8436553555896,-2.8678551931894294,0.29773310233762623,0.38122987479796555,3.986872406821539,0.0,-0.0
4,complete,U1,1.0,602.5595860743581,-2.8678551931894294,0.29773310233762623,0.38122987479796555,3.986872406821539,0.0,-0.0
4,complete,U1,1.0,616.5950018614822,-2.8678551931894294,0.29773310233762623,0.38122987479796555,3.986872406821539,0.0,-0.0
4,complete,U1,1.0,630.957344480193,-2.8678551931894294,0.29773310233762623,0.38122987479796555,3.986872406821539,0.0,-0.0
4,complete,U1,1.0,645.6542290346563,-2.8678551931894294,0.29773310233762623,0.38122987479796555,3.986872406821539,0.0,-0.0
4,complete,U1,1.0,660.6934480075964,-2.8678551931894294,0.29773310233762623,0.38122987479796555,3.986872406821539,0.0,-0.0
4,complete,U1,1.0,676.0829753919819,-2.8678551931894294,0.29773310233762623,0.38122987479796555,3.986872406821539,0.0,-0.0
4,complete,U1,1.0,691.8309709189363,-2.8678551931894294,0.29773310233762623,0.38122987479796555,3.986872406821539,0.0,-0.0
4,complete,U1,1.0,707.9457843841387,-2.8678551931894294,0.29773310233762623,0.38122987479796555,3.986872406821539,0.0,-0.0
4,complete,U1,1.0,724.4359600749906,-2.8678551931894294,0.29773310233762623,0.38122987479796555,3.986872406821539,0.0,-0.0
4,complete,U1,1.0,741.3102413009177,-2.8678551931894294,0.29773310233762623,0.38122987479796555,3.986872406821539,0.0,-0.0
4,complete,U1,1.0,758.5775750291835,-2.8678551931894294,0.29773310233762623,0.38122987479796555,3.986872406821539,0.0,-0.0
4,complete,U1,1.0,776.2471166286912,-2.8678551931894294,0.29773310233762623,0.38122987479796555,3.986872406821539,0.0,-0.0
4,complete,U1,1.0,794.3282347242822,-2.8678551931894294,0.29773310233762623,0.38122987479796555,3.986872406821539,0.0,-0.0
4,complete,U1,1.0,812.8305161640995,-2.8678551931894294,0.29773310233762623,0.38122987479796555,3.986872406821539,0.0,-0.0
4,complete,U1,1.0,831.7637711026708,-2.8678551931894294,0.29773310233762623,0.38122987479796555,3.986872406821539,0.0,-0.0
4,complete,U1,1.0,851.1380382023759,-2.8678551931894294,0.29773310233762623,0.38122987479796555,3.986872406821539,0.0,-0.0
4,complete,U1,1.0,870.9635899560815,-2.8678551931894294,0.29773310233762623,0.38122987479796555,3.986872406821539,0.0,-0.0
4,complete,U1,1.0,891.2509381337459,-2.8678551931894294,0.29773310233762623,0.38122987479796555,3.986872406821539,0.0,-0.0
4,complete,U1,1.0,912.0108393559096,-2.8678551931894294,0.29773310233762623,0.38122987479796555,3.986872406821539,0.0,-0.0
4,complete,U1,1.0,933.2543007969905,-2.8678551931894294,0.29773310233762623,0.38122987479796555,3.986872406821539,0.0,-0.0
4,complete,U1,1.0,954.9925860214369,-2.8678551931894294,0.29773310233762623,0.38122987479796555,3.986872406821539,0.0,-0.0
4,complete,U1,1.0,977.2372209558112,-2.8678551931894294,0.29773310233762623,0.38122987479796555,3.986872406821539,0.0,-0.0
4,complete,U1,1.0,1000.0,-2.8678551931894294,0.29773310233762623,0.38122987479796555,3.986872406821539,0.0,-0.0
4,complete,U1,1.0,inf,-2.8678551931894294,0.29773310233762623,0.38122987479796555,3.986872406821539,0.0,0.0
4,complete,U5,5.0,0.0,36.00000000000001,0.17556365302394786,0.6380952380952385,3.4285714285714293,-1.7289077756617077,1.7289077756617077
4,complete,U5,5.0,0.001,35.88203248638996,0.17729394003035615,0.634588270845067,3.4336986107803127,-1.731633502649557,1.731633502649557
4,complete,U5,5.0,0.0010232929922807535,35.87928954499142,0.17733427566854576,0.6345065321868681,3.433817664345922,-1.731694651718299,1.731694651718299
4,complete,U5,5.0,0.0010471285480508996,35.87648294272864,0.17737555231763583,0.6344228872725085,3.433939473395528,-1.7317571147432593,1.7317571147432593
4,complete,U5,5.0,0.001071519305237606,35.87361120765988,0.1774177919632598,0.6343372915960777,3.4340641012809825,-1.7318209171248142,1.7318209171248142
4,complete,U5,5.0,0.0010964781961431851,35.87067283407514,0.1774610171061069,0.6342496996105274,3.4341916127905403,-1.7318860846094486,1.7318860846094486
4,complete,U5,5.0,0.001122018454301963,35.867666281734316,0.1775052507740452,0.6341600647032327,3.434322074180478,-1.731952643286255,1.731952643286255
4,complete,U5,5.0,0.0011481536214968829,35.86458997508865,0.17755051653452958,0.6340683391709883,3.4344555532073358,-1.7320206195827783,1.7320206195827783
4,complete,U5,5.0,0.001174897554939529,35.86144230248533,0.17759683850730532,0.633974474194409,3.4345921191608415,-1.7320900402601733,1.7320900402601733
4,complete,U5,5.0,0.001202264434617413,35.85822161535502,0.17764424137741264,0.633878419811733,3.4347318428974853,-1.7321609324077292,1.7321609324077292
4,complete,U5,5.0,0.0012302687708123812,35.854926227381455,0.17769275040849858,0.6337801248919993,3.4348747968747864,-1.732233323436514,1.732233323436514
4,complete,U5,5.0,0.0012589254117941675,35.851554413653574,0.17774239145644613,0.6336795371076058,3.4350210551862568,-1.7323072410723706,1.7323072410723706
4,complete,U5,5.0,0.0012882495516931337,35.848104409798935,0.17779319098332433,0.6335766029062088,3.435170693597063,-1.7323827133478789,1.7323827133478789
4,complete,U5,5.0,0.0013182567385564075,35.844574411098925,0.17784517607167064,0.6334712674819685,3.435323789580397,-1.7324597685935776,1.7324597685935776
4,complete,U5,5.0,0.0013489628825916532,35.84096257158473,0.17789837443911236,0.6333634747461151,3.4354804223545883,-1.7325384354281326,1.7325384354281326
4,complete,U5,5.0,0.0013803842646028853,35.83726700311397,0.17795281445333272,0.63325316729682,3.435640672920939,-1.7326187427474906,1.7326187427474906
4,complete,U5,5.0,0.001412537544622754,35.833485774427906,0.17800852514739468,0.6331402863883622,3.43580462410232,-1.7327007197130255,1.7327007197130255
4,complete,U5,5.0,0.001445439770745928,35.829616910188136,0.17806553623542593,0.6330247718995613,3.4359723605825163,-1.732784395738431,1.732784395738431
4,complete,U5,5.0,0.0014791083881682072,35.82565838999324,0.17812387812867653,0.6329065623014776,3.4361439689463458,-1.7328698004754894,1.7328698004754894
4,complete,U5,5.0,0.0015135612484362087,35.821608147374356,0.17818358195195794,0.6327855946243429,3.436319537720572,-1.7329569637985092,1.7329569637985092
4,complete,U5,5.0,0.0015488166189124811,35.817464068769645,0.1782446795604718,0.6326618044237174,3.4364991574155885,-1.7330459157874554,1.7330459157874554
4,complete,U5,5.0,0.001584893192461114,35.81322399247707,0.1783072035570371,0.6325351257458507,3.4366829205679217,-1.7331366867095923,1.7331366867095923
4,complete,U5,5.0,0.0016218100973589297,35.808885707585254,0.17837118730972712,0.6324054910922294,3.4368709217835582,-1.7332293069996538,1.7332293069996538
4,complete,U5,5.0,0.0016595869074375613,35.80444695288187,0.17843666496992278,0.6322728313832855,3.4370632577820674,-1.7333238072383441,1.7333238072383441
4,complete,U5,5.0,0.0016982436524617442,35.7999054157393,0.17850367149079568,0.6321370759212596,3.4372600274415848,-1.733420218129222,1.733420218129222
4,complete,U5,5.0,0.0017378008287493763,35.79525873097714,0.17857224264622995,0.6319981523521853,3.43746133184464,-1.7335185704737777,1.7335185704737777
4,complete,U5,5.0,0.0017782794100389228,35.7905044797008,0.17864241505018907,0.631855986626985,3.4376672743248236,-1.7336188951445388,1.7336188951445388
4,complete,U5,5.0,0.0018197008586099826,35.785640188116645,0.17871422617654614,0.6317105029616489,3.4378779605143466,-1.7337212230562944,1.7337212230562944
4,complete,U5,5.0,0.0018620871366628676,35.78066332632206,0.17878771437938085,0.6315616237964853,3.4380934983924494,-1.7338255851351203,1.7338255851351203
4,complete,U5,5.0,0.0019054607179632482,35.775571307071274,0.17886291891375947,0.6314092697544067,3.438313998334721,-1.7339320122852708,1.7339320122852708
4,complete,U5,5.0,0.0019498445997580456,35.77036148451548,0.17893987995700367,0.6312533595982468,3.4385395731632937,-1.7340405353535893,1.7340405353535893
4,complete,U5,5.0,0.001995262314968879,35.765031152917494,0.1790186386304673,0.6310938101870713,3.4387703381979504,-1.7341511850915676,1.7341511850915676
4,complete,U5,5.0,0.0020417379446695297,35.759577545340356,0.17909923702182498,0.6309305364314708,3.4390064113081493,-1.734263992114772,1.734263992114772
4,complete,U5,5.0,0.0020892961308540386,35.7539978323092,0.17918171820788925,0.6307634512478024,3.439247912965953,-1.7343789868594248,1.7343789868594248
4,complete,U5,5.0,0.0021379620895022326,35.74828912044653,0.17926612627796748,0.6305924655113693,3.439494966299906,-1.734496199536232,1.734496199536232
4,complete,U5,5.0,0.002187761623949552,35.742448451079746,0.17935250635776942,0.6304174880084965,3.4397476971498238,-1.7346156600809781,1.7346156600809781
4,complete,U5,5.0,0.00223872113856834,35.73647279882127,0.17944090463388238,0.6302384253874981,3.4400062341225475,-1.7347373981021024,1.7347373981021024
4,complete,U5,5.0,0.0022908676527677724,35.73035907012016,0.17953136837881972,0.6300551821084951,3.4402707086486335,-1.7348614428246725,1.7348614428246725
4,complete,U5,5.0,0.0023442288153199225,35.7241041017854,0.17962394597666476,0.6298676603920677,3.4405412550399923,-1.7349878230309566,1.7349878230309566
4,complete,U5,5.0,0.00239883291901949,35.717704659479885,0.1797186869493152,0.6296757601667088,3.4408180105484973,-1.7351165669970792,1.7351165669970792
4,complete,U5,5.0,0.002454708915685031,35.71115743618526,0.17981564198334907,0.629479379015062,3.441101115425553,-1.7352477024258661,1.7352477024258661
4,complete,U5,5.0,0.0025118864315095794,35.70445905063658,0.17991486295752102,0.6292784121189066,3.441390712982611,-1.7353812563753959,1.7353812563753959
4,complete,U5,5.0,0.0025703957827688645,35.69760604572704,0.1800164029709049,0.6290727522028695,3.441686949652688,-1.7355172551832112,1.7355172551832112
4,complete,U5,5.0,0.0026302679918953813,35.69059488688185,0.18012031637169815,0.6288622894768329,3.4419899750528242,-1.735655724385886,1.735655724385886
4,complete,U5,5.0,0.0026915348039269166,35.68342196040109,0.18022665878670227,0.6286469115770156,3.442299942047525,-1.7357966886337683,1.7357966886337683
4,complete,U5,5.0,0.002754228703338166,35.67608357177119,0.1803354871514928,0.6284265035056835,3.44261700681317,-1.7359401716005696,1.7359401716005696
4,complete,U5,5.0,0.002818382931264455,35.66857594394454,0.18044685974129643,0.628200947569486,3.442941328903391,-1.7360861958875748,1.7360861958875748
4,complete,U5,5.0,0.0028840315031266055,35.66089521558695,0.18056083620258992,0.6279701233163615,3.4432730713154203,-1.736234782922219,1.736234782922219
4,complete,U5,5.0,0.002951209226666387,35.65303743929262,0.18067747758543573,0.6277339074710017,3.4436124005573956,-1.7363859528507097,1.7363859528507097
4,complete,U5,5.0,0.003019951720402016,35.64499857976592,0.1807968463765716,0.6274921738688347,3.4439594867166208,-1.7365397244243486,1.7365397244243486
4,complete,U5,5.0,0.003090295432513592,35.63677451197042,0.18091900653326878,0.6272447933885029,3.4443145035287905,-1.7366961148793223,1.7366961148793223
4,complete,U5,5.0,0.0031622776601683794,35.62836101924396,0.18104402351797974,0.6269916338827972,3.4446776284481357,-1.7368551398096237,1.7368551398096237
4,complete,U5,5.0,0.003235936569296281,35.619753791379985,0.18117196433378363,0.6267325601080226,3.4450490427185207,-1.7370168130325725,1.7370168130325725
4,complete,U5,5.0,0.003311311214825911,35.610948422674774,0.18130289756065662,0.6264674336517646,3.4454289314454605,-1.73718114644688,1.73718114644688
4,complete,U5,5.0,0.0033884415613920273,35.60194040994013,0.1814368933925741,0.6261961128590128,3.445817483669029,-1.7373481498824965,1.7373481498824965
4,complete,U5,5.0,0.0034673685045253167,35.592725150481485,0.18157402367547237,0.6259184527566282,3.4462148924376805,-1.7375178309422656,1.7375178309422656
4,complete,U5,5.0,0.0035481338923357532,35.583297940041,0.18171436194607726,0.6256343049761104,3.4466213548829367,-1.7376901948345136,1.7376901948345136
4,complete,U5,5.0,0.003630780547701014,35.573653970705536,0.18185798347162493,0.625343517674629,3.447037072294934,-1.737865244196521,1.737865244196521
4,complete,U5,5.0,0.003715352290971728,35.563788328779324,0.18200496529048713,0.6250459354543002,3.4474622501987957,-1.738042978908104,1.738042978908104
4,complete,U5,5.0,0.0038018939632056127,35.55369599262121,0.1821553862537239,0.6247413992796643,3.447897098431837,-1.7382233958950737,1.7382233958950737
4,complete,U5,5.0,0.003890451449942805,35.54337183044626,0.18230932706757572,0.624429746393336,3.4483418312215237,-1.7384064889218598,1.7384064889218598
4,complete,U5,5.0,0.003981071705534973,35.532810598091515,0.18246687033691833,0.624110810229799,3.4487966672642107,-1.7385922483728375,1.7385922483728375
4,complete,U5,5.0,0.004073802778041126,35.52200693674638,0.182628100609697,0.6237844203273016,3.4492618298045814,-1.738780661021985,1.738780661021985
4,complete,U5,5.0,0.004168693834703355,35.51095537064664,0.1827931044223532,0.6234504022378374,3.4497375467157982,-1.7389717097898068,1.7389717097898068
4,complete,U5,5.0,0.004265795188015926,35.49965030473341,0.18296197034627035,0.6231085774351655,3.4502240505802657,-1.7391653734875332,1.7391653734875332
4,complete,U5,5.0,0.004365158322401661,35.48808602227579,0.18313478903524974,0.6227587632208451,3.4507215787710326,-1.7393616265474403,1.7393616265474403
4,complete,U5,5.0,0.0044668359215096305,35.47625668245824,0.18331165327403645,0.6224007726282542,3.4512303735337273,-1.7395604387388968,1.7395604387388968
4,complete,U5,5.0,0.004570881896148752,35.464156317932506,0.18349265802791437,0.6220344143245597,3.4517506820690147,-1.739761774869372,1.739761774869372
4,complete,U5,5.0,0.004677351412871981,35.45177883233411,0.18367790049338534,0.621659492510612,3.4522827566155034,-1.739965594469635,1.739965594469635
4,complete,U5,5.0,0.004786300923226385,35.43911799776419,0.18386748014995116,0.6212758068187326,3.4528268545330523,-1.740171851462435,1.740171851462435
4,complete,U5,5.0,0.004897788193684461,35.42616745223654,0.18406149881301398,0.6208831522083708,3.4533832383864027,-1.7403804938138192,1.7403804938138192
4,complete,U5,5.0,0.005011872336272725,35.412920697090364,0.1842600606879141,0.6204813188595972,3.4539521760290843,-1.740591463166301,1.740591463166301
4,complete,U5,5.0,0.005128613839913648,35.39937109436941,0.1844632724251174,0.6200700920644172,3.4545339406875093,-1.7408046944529376,1.7408046944529376
4,complete,U5,5.0,0.005248074602497723,35.385511864167825,0.18467124317657052,0.6196492521158701,3.455128811045181,-1.7410201154914802,1.7410201154914802
4,complete,U5,5.0,0.005370317963702527,35.371336081943426,0.18488408465323933,0.6192185741949048,3.4557370713269466,-1.7412376465576198,1.7412376465576198
4,complete,U5,5.0,0.005495408738576248,35.356836675799045,0.18510191118384015,0.618777828254994,3.45635901138315,-1.741457199936253,1.741457199936253
4,complete,U5,5.0,0.005623413251903491,35.34200642373277,0.18532483977478273,0.6183267789044907,3.4569949267736946,-1.7416786794498513,1.7416786794498513
4,complete,U5,5.0,0.005754399373371567,35.32683795085811,0.1855529901713348,0.6178651852866888,3.4576451188517874,-1.7419019799628535,1.7419019799628535
4,complete,U5,5.0,0.00588843655355589,35.311323726594665,0.18578648492001706,0.6173928009575904,3.4583098948473463,-1.7421269868607139,1.7421269868607139
4,complete,U5,5.0,0.0060255958607435805,35.29545606183121,0.186025449432244,0.6169093737613657,3.458989567949936,-1.7423535755028468,1.7423535755028468
4,complete,U5,5.0,0.006165950018614822,35.279227106061235,0.1862700120492148,0.6164146457034873,3.4596844573910452,-1.7425816106477852,1.7425816106477852
4,complete,U5,5.0,0.00630957344480193,35.26262884449351,0.18652030410806306,0.6159083528215565,3.4603948885256908,-1.7428109458495884,1.7428109458495884
4,complete,U5,5.0,0.006456542290346556,35.245653095138415,0.1867764600092744,0.615390225053796,3.4611211929130845,-1.7430414228241053,1.7430414228241053
4,complete,U5,5.0,0.006606934480075964,35.22829150587168,0.18703861728536794,0.6148599861052363,3.4618637083962933,-1.7432728707834766,1.7432728707834766
4,complete,U5,5.0,0.006760829753919818,35.210535551477676,0.18730691667085414,0.6143173533115873,3.4626227791807147,-1.7435051057378148,1.7435051057378148
4,complete,U5,5.0,0.006918309709189363,35.19237653067389,0.18758150217345904,0.6137620375008221,3.4633987559111743,-1.7437379297621645,1.7437379297621645
4,complete,U5,5.0,0.00707945784384138,35.17380556311867,0.18786252114661922,0.6131937428524773,3.464191995747489,-1.743971130227461,1.743971130227461
4,complete,U5,5.0,0.007244359600749898,35.15481358640474,0.1881501243632381,0.6126121667547152,3.465002862438316,-1.74420447899369,1.74420447899369
4,complete,U5,5.0,0.007413102413009177,35.1353913530406,0.18844446609069826,0.6120169996591588,3.46583172639305,-1.744437731563587,1.744437731563587
4,complete,U5,5.0,0.007585775750291836,35.1155294274227,0.18874570416711664,0.6114079249335552,3.4666789647515883,-1.7446706261951856,1.7446706261951856
4,complete,U5,5.0,0.00776247116628692,35.09521818280134,0.1890540000788279,0.6107846187123047,3.4675449614517264,-1.7449028829712123,1.7449028829712123
4,complete,U5,5.0,0.007943282347242814,35.074447798243014,0.18936951903908036,0.6101467497449149,3.468430107293936,-1.7451342028236922,1.7451342028236922
4,complete,U5,5.0,0.008128305161640995,35.05320825559283,0.18969243006791625,0.6094939792424449,3.4693348000032893,-1.7453642665114248,1.7453642665114248
4,complete,U5,5.0,0.008317637711026709,35.03148933644057,0.1900229060732143,0.6088259607220123,3.4702594442882515,-1.745592733548615,1.745592733548615
4,complete,U5,5.0,0.008511380382023767,35.00928061909394,0.19036112393286417,0.608142339849449,3.4712044518960665,-1.7458192410824926,1.7458192410824926
4,complete,U5,5.0,0.008709635899560805,34.9865714755635,0.19070726457802487,0.6074427542802071,3.4721702416644225,-1.7460434027173521,1.7460434027173521
4,complete,U5,5.0,0.008912509381337459,34.963351068563384,0.19106151307743868,0.6067268334986154,3.473157239569111,-1.7462648072833113,1.7462648072833113
4,complete,U5,5.0,0.009120108393559097,34.939608348532715,0.19142405872274196,0.6059941986556244,3.4741658787673213,-1.7464830175470478,1.7464830175470478
4,complete,U5,5.0,0.009332543007969905,34.915332050682515,0.19179509511471673,0.6052444624051603,3.475196599636246,-1.7466975688620785,1.7466975688620785
4,complete,U5,5.0,0.009549925860214359,34.8905106920739,0.19217482025042673,0.6044772287392658,3.4762498498065915,-1.746907967756334,1.746907967756334
4,complete,U5,5.0,0.009772372209558112,34.86513256873288,0.1925634366111598,0.6036920928221716,3.477326084190651,-1.7471136904542508,1.7471136904542508
4,complete,U5,5.0,0.01,34.83918575280822,0.19296115125109875,0.6028886408235169,3.4784257650045087,-1.7473141813306272,1.7473141813306272
4,complete,U5,5.0,0.010232929922807542,34.812658089778715,0.1933681758866363,0.6020664497509107,3.4795493617839495,-1.747508851293829,1.747508851293829
4,complete,U5,5.0,0.010471285480508996,34.78553719571696,0.19378472698622712,0.6012250872820714,3.480697351393602,-1.7476970760951165,1.7476970760951165
4,complete,U5,5.0,0.010715193052376065,34.75781045461708,0.19421102586067499,0.6003641115968041,3.4818702180288974,-1.747878194561543,1.747878194561543
4,complete,U5,5.0,0.01096478196143185,34.7294650157941,0.19464729875373027,0.5994830712090911,3.4830684532102683,-1.74805150674925,1.74805150674925
4,complete,U5,5.0,0.011220184543019636,34.70048779136382,0.1950937769328647,0.5985815047996057,3.484292555769142,-1.7482162720142398,1.7482162720142398
4,complete,U5,5.0,0.01148153621496883,34.67086545381148,0.1955506967800764,0.5976589410489846,3.4855430318250993,-1.7483717069974132,1.7483717069974132
4,complete,U5,5.0,0.011748975549395297,34.640584433659285,0.19601829988256347,0.5967148984722245,3.486820394753704,-1.7485169835207302,1.7485169835207302
4,complete,U5,5.0,0.012022644346174132,34.60963091724267,0.19649683312309382,0.595748885254608,3.488125165144315,-1.7486512263914866,1.7486512263914866
4,complete,U5,5.0,0.012302687708123818,34.57799084460586,0.1969865487698687,0.5947603990895916,3.489457870747319,-1.7487735111110094,1.7487735111110094
4,complete,U5,5.0,0.012589254117941675,34.54564990752826,0.19748770456567832,0.593748927019125,3.4908190464100697,-1.74888286148484,1.74888286148484
4,complete,U5,5.0,0.012882495516931342,34.5125935476935,0.1980005638161133,0.5927139452769287,3.492209234000844,-1.7489782471308466,1.7489782471308466
4,complete,U5,5.0,0.013182567385564075,34.47880695501424,0.1985253954765844,0.5916549191352766,3.493628982320115,-1.749058580881976,1.749058580881976
4,complete,U5,5.0,0.01348962882591654,34.44427506612574,0.1990624742378745,0.5905713027558985,3.495078846998343,-1.7491227160801595,1.7491227160801595
4,complete,U5,5.0,0.013803842646028852,34.408982563062715,0.1996120806099308,0.5894625390456477,3.4965593903794865,-1.7491694437580625,1.7491694437580625
4,complete,U5,5.0,0.014125375446227547,34.372913872134795,0.20017450100357087,0.5883280595176538,3.4980711813894296,-1.7491974897052112,1.7491974897052112
4,complete,U5,5.0,0.014454397707459272,34.33605316301602,0.2007500278097615,0.5871672841587141,3.4996147953884202,-1.74920551141527,1.74920551141527
4,complete,U5,5.0,0.014791083881682071,34.29838434806576,0.20133895947608446,0.5859796213037598,3.501190814006606,-1.7491920949109385,1.7491920949109385
4,complete,U5,5.0,0.01513561248436208,34.259891081898715,0.2019416005799887,0.5847644675182845,3.502799824961757,-1.7491557514434444,1.7491557514434444
4,complete,U5,5.0,0.01548816618912481,34.22055676122261,0.20255826189838924,0.5835212074896895,3.5044424218581187,-1.7490949140634076,1.7490949140634076
4,complete,U5,5.0,0.015848931924611134,34.18036452496388,0.20318926047312955,0.5822492139285838,3.506119203965387,-1.7490079340599332,1.7490079340599332
4,complete,U5,5.0,0.0162181009735893,34.13929725470184,0.20383491967180611,0.5809478474811545,3.5078307759767644,-1.7488930772651692,1.7488930772651692
4,complete,U5,5.0,0.016595869074375606,34.09733757543401,0.2044955692433974,0.5796164566537828,3.5095777477448946,-1.7487485202216844,1.7487485202216844
4,complete,U5,5.0,0.016982436524617443,34.054467856695254,0.2051715453681044,0.5782543777512129,3.5113607339945543,-1.7485723462098939,1.7485723462098939
4,complete,U5,5.0,0.017378008287493755,34.01067021405581,0.20586319070076856,0.5768609348296214,3.513180354010883,-1.7483625411336545,1.7483625411336545
4,complete,U5,5.0,0.01778279410038923,33.965926511023895,0.20657085440717593,0.5754354396660826,3.5150372313018448,-1.7481169892617912,1.7481169892617912
4,complete,U5,5.0,0.018197008586099836,33.92021836137977,0.20729489219252048,0.5739771917459878,3.5169319932336593,-1.7478334688241377,1.7478334688241377
4,complete,U5,5.0,0.018620871366628676,33.87352713197053,0.20803566632123,0.5724854782701263,3.5188652706377717,-1.7475096474609,1.7475096474609
4,complete,U5,5.0,0.019054607179632473,33.82583394599519,0.2087935456273166,0.5709595741832124,3.5208376973880045,-1.7471430775245205,1.7471430775245205
4,complete,U5,5.0,0.019498445997580455,33.77711968681175,0.20956890551434473,0.5693987422258029,3.52284990994637,-1.7467311912339527,1.7467311912339527
4,complete,U5,5.0,0.0199526231496888,33.72736500229959,0.21036212794405115,0.5678022330116502,3.5249025468760458,-1.746271295681681,1.746271295681681
4,complete,U5,5.0,0.020417379446695295,33.676550309812136,0.211173601412586,0.5661692851326935,3.526996248319932,-1.7457605676946963,1.7457605676946963
4,complete,U5,5.0,0.020892961308540396,33.62465580175599,0.2120037209132707,0.5644991252940202,3.529131655443146,-1.7451960485510911,1.7451960485510911
4,complete,U5,5.0,0.021379620895022326,33.57166145183507,0.21285288788469833,0.562790968481288,3.531309409837797,-1.7445746385551049,1.7445746385551049
4,complete,U5,5.0,0.02187761623949553,33.51754702200016,0.2137215101429267,0.5610440181632538,3.5335301528882654,-1.7438930914743356,1.7438930914743356
4,complete,U5,5.0,0.0223872113856834,33.46229207014537,0.21461000179642822,0.5592574665322186,3.5357945250952327,-1.743148008843666,1.743148008843666
4,complete,U5,5.0,0.022908676527677734,33.40587595859586,0.21551878314238357,0.5574304947853743,3.5381031653565898,-1.742335834142044,1.742335834142044
4,complete,U5,5.0,0.023442288153199226,33.34827786343281,0.2164482805428122,0.5555622734502136,3.5404567102033315,-1.7414528468492003,1.7414528468492003
4,complete,U5,5.0,0.02398832919019491,33.28947678470353,0.21739892627894353,0.5536519627573554,3.542855792988529,-1.7404951563910585,1.7404951563910585
4,complete,U5,5.0,0.02454708915685031,33.22945155756683,0.21837115838213803,0.5516987130643326,3.5453010430272958,-1.739458695984144,1.739458695984144
4,complete,U5,5.0,0.025118864315095808,33.16818086442605,0.2193654204395684,0.549701665334078,3.5477930846857983,-1.7383392163910862,1.7383392163910862
4,complete,U5,5.0,0.025703957827688632,33.10564324810429,0.22038216137276437,0.5476599516720733,3.5503325364171916,-1.7371322796012114,1.7371322796012114
4,complete,U5,5.0,0.026302679918953815,33.041817126118175,0.22142183518702382,0.5455726959263203,3.552920009742301,-1.7358332524522648,1.7358332524522648
4,complete,U5,5.0,0.026915348039269153,32.97668080610962,0.2224849006895828,0.543439014354522,3.5555561081729645,-1.7344373002119626,1.7344373002119626
4,complete,U5,5.0,0.02754228703338166,32.91021250249625,0.22357182117432373,0.541258016363083,3.5582414260757744,-1.7329393801401514,1.7329393801401514
4,complete,U5,5.0,0.028183829312644536,32.84239035440457,0.22468306407068667,0.5390288053227615,3.560976547474028,-1.7313342350554564,1.7313342350554564
4,complete,U5,5.0,0.028840315031266057,32.773192444951064,0.22581910055433727,0.5367504794660516,3.563762044785607,-1.7296163869332197,1.7296163869332197
4,complete,U5,5.0,0.029512092266663854,32.702596821939636,0.22698040511701673,0.5344221328715846,3.566598477494539,-1.7277801305645077,1.7277801305645077
4,complete,U5,5.0,0.03019951720402016,32.630581520045666,0.22816745509289524,0.5320428565410893,3.569486390753987,-1.7258195273100263,1.7258195273100263
4,complete,U5,5.0,0.030902954325135904,32.55712458455863,0.22938073013862137,0.5296117395746756,3.5724263139183443,-1.7237283989860117,1.7237283989860117
4,complete,U5,5.0,0.03162277660168379,32.482204096758544,0.2306207116641419,0.5271278704504307,3.5754187590022437,-1.7215003219235534,1.7215003219235534
4,complete,U5,5.0,0.03235936569296283,32.40579820100209,0.23188788221125856,0.5245903384145514,3.5784642190642133,-1.7191286212469796,1.7191286212469796
4,complete,U5,5.0,0.03311311214825911,32.32788513359714,0.23318272477677068,0.521998234988436,3.5815631665127734,-1.7166063654219625,1.7166063654219625
4,complete,U5,5.0,0.033884415613920256,32.24844325354583,0.23450572207693882,0.5193506555993735,3.5847160513328946,-1.7139263611282933,1.7139263611282933
4,complete,U5,5.0,0.034673685045253165,32.167451075237715,0.23585735574991779,0.5166467013416576,3.5879232992307037,-1.7110811485185922,1.7110811485185922
4,complete,U5,5.0,0.03548133892335755,32.084887303175904,0.23723810549269017,0.5138854808751131,3.591185309694469,-1.708062996928609,1.708062996928609
4,complete,U5,5.0,0.03630780547701014,32.00073086882045,0.2386484481289678,0.5110661124681904,3.594502453970027,-1.7048639011119198,1.7048639011119198
4,complete,U5,5.0,0.03715352290971726,31.914960969633242,0.24008885660443954,0.5081877261928913,3.597875072948918,-1.7014755780771615,1.7014755780771615
4,complete,U5,5.0,0.038018939632056124,31.82755711040983,0.24155979890569373,0.5052494662788842,3.6013034749676622,-1.697889464613083,1.697889464613083
4,complete,U5,5.0,0.03890451449942807,31.73849914698263,0.24306173689909075,0.5022504936342264,3.604787933516829,-1.694096715593055,1.694096715593055
4,complete,U5,5.0,0.039810717055349734,31.647767332380198,0.2445951250858526,0.49918998854011076,3.6083286848587557,-1.690088203158421,1.690088203158421
4,complete,U5,5.0,0.04073802778041128,31.555342365525192,0.24616040926962068,0.4960671535270222,3.611925925553057,-1.685854516886721,1.685854516886721
4,complete,U5,5.0,0.04168693834703355,31.461205442552522,0.24775802513277015,0.49288121643958344,3.615579809889353,-1.6813859650588805,1.6813859650588805
4,complete,U5,5.0,0.04265795188015928,31.365338310825877,0.24938839671782634,0.48963143369720247,3.6192904472270033,-1.676672577147059,1.676672577147059
4,complete,U5,5.0,0.04365158322401661,31.267723325728102,0.2510519348104117,0.48631709375740173,3.6230578992420654,-1.6717041076524382,1.6717041076524382
4,complete,U5,5.0,0.04466835921509633,31.1683435102954,0.25274903522029984,0.4829375207883654,3.6268821770820785,-1.6664700414304416,1.6664700414304416
4,complete,U5,5.0,0.04570881896148752,31.067182617761066,0.2544800769573088,0.4794920785568378,3.63076323842986,-1.660959600648237,1.660959600648237
4,complete,U5,5.0,0.046773514128719815,30.96422519706653,0.2562454202990136,0.4759801745369601,3.6347009844780436,-1.6551617535274064,1.6551617535274064
4,complete,U5,5.0,0.047863009232263824,30.859456661390308,0.25804540474751664,0.47240126424500245,3.6386952568167583,-1.6490652250315225,1.6490652250315225
4,complete,U5,5.0,0.04897788193684462,30.75286335973558,0.25988034687288697,0.4687548558041522,3.642745834237512,-1.642658509666135,1.642658509666135
4,complete,U5,5.0,0.05011872336272722,30.64443265160569,0.26175053804124615,0.46504051474262337,3.646852429457236,-1.6359298865637077,1.6359298865637077
4,complete,U5,5.0,0.05128613839913648,30.534152984784665,0.2636562420260157,0.4612578690272527,3.6510146857672656,-1.6288674370334038,1.6288674370334038
4,complete,U5,5.0,0.05248074602497726,30.42201397622413,0.26559769250135384,0.457406614333522,3.6552321736130304,-1.6214590647586098,1.6214590647586098
4,complete,U5,5.0,0.05370317963702527,30.308006496021722,0.26757509041750627,0.45348651955150954,3.6595043871113377,-1.61369251883022,1.61369251883022
4,complete,U5,5.0,0.054954087385762455,30.192122754456307,0.2695886012585033,0.44949743252564967,3.663830740513282,-1.6055554198044764,1.6055554198044764
4,complete,U5,5.0,0.05623413251903491,30.07435639202413,0.2716383521835109,0.4454392860243455,3.6682105646221017,-1.5970352889757278,1.5970352889757278
4,complete,U5,5.0,0.057543993733715694,29.95470257239513,0.27372442905408806,0.44131210393342635,3.6726431031767746,-1.5881195810525446,1.5881195810525446
4,complete,U5,5.0,0.0588843655355589,29.833158078182105,0.2758468733506626,0.43711600766514097,3.6771275092135633,-1.5787957204217635,1.5787957204217635
4,complete,U5,5.0,0.06025595860743578,29.70972140938506,0.2780056789827456,0.4328512227718466,3.681662841419474,-1.5690511411792878,1.5690511411792878
4,complete,U5,5.0,0.06165950018614822,29.584392884339906,0.280200788998686,0.4285180857507569,3.6862480604932477,-1.5588733310961231,1.5588733310961231
4,complete,U5,5.0,0.06309573444801933,29.457174742964956,0.282432092202255,0.42411705102305214,3.6908820255315264,-1.5482498796769972,1.5482498796769972
4,complete,U5,5.0,0.06456542290346556,29.328071252058148,0.28469941968485757,0.41964869806734156,3.6955634904596844,-1.5371685304504439,1.5371685304504439
4,complete,U5,5.0,0.06606934480075961,29.19708881235608,0.287002541283943,0.41511373868386015,3.7002911005290753,-1.5256172376107964,1.5256172376107964
4,complete,U5,5.0,0.06760829753919818,29.064236067018836,0.2893411619799715,0.4105130243619361,3.7050633889045983,-1.5135842271057411,1.5135842271057411
4,complete,U5,5.0,0.06918309709189366,28.92952401115545,0.29171491824628804,0.40584755371914166,3.709878773368856,-1.5010580622337413,1.5010580622337413
4,complete,U5,5.0,0.0707945784384138,28.792966101951947,0.2941233743683411,0.40111847997616373,3.7147355531715713,-1.488027713780137,1.488027713780137
4,complete,U5,5.0,0.07244359600749903,28.654578368907952,0.2965660187509018,0.39632711842685864,3.7196319060554486,-1.4744826346795161,1.4744826346795161
4,complete,U5,5.0,0.07413102413009177,28.514379523629234,0.29904226023424746,0.39147495385811815,3.72456588549216,-1.4604128391447908,1.4604128391447908
4,complete,U5,5.0,0.0758577575029184,28.37239106856234,0.30155142444270033,0.3865636478692352,3.729535418164728,-1.4458089861503476,1.4458089861503476
4,complete,U5,5.0,0.07762471166286919,28.228637403994274,0.3040927501913718,0.38159504603532246,3.734538301735107,-1.4306624670961376,1.4306624670961376
4,complete,U5,5.0,0.07943282347242818,28.08314593257531,0.3066653859795415,0.3765711848541673,3.7395722029382283,-1.4149654974145713,1.4149654974145713
4,complete,U5,5.0,0.08128305161640995,27.935947160557813,0.30926838660161005,0.37149429841068604,3.7446346560462476,-1.3987112118077984,1.3987112118077984
4,complete,U5,5.0,0.08317637711026708,27.78707479487811,0.3119007099091645,0.36636682468797765,3.7497230617488735,-1.3818937627255723,1.3818937627255723
4,complete,U5,5.0,0.08511380382023763,27.636565835144157,0.31456121376015644,0.3611914114489496,3.754834686497819,-1.3645084216074714,1.3645084216074714
4,complete,U5,5.0,0.08709635899560805,27.48446065952889,0.31724865319364687,0.35597092160766675,3.7599666623650854,-1.3465516823243382,1.3465516823243382
4,complete,U5,5.0,0.08912509381337455,27.33080310351055,0.319961677870811,0.3507084380050836,3.7651159874663387,-1.3280213661577305,1.3280213661577305
4,complete,U5,5.0,0.09120108393559097,27.175640530346207,0.3226988298250087,0.3454072674997749,3.77027952700154,-1.3089167275584197,1.3089167275584197
4,complete,U5,5.0,0.0933254300796991,27.019023892117026,0.32545854156553045,0.34007094428078455,3.775454014965619,-1.289238559823402,1.289238559823402
4,complete,U5,5.0,0.09549925860214359,26.861007780143037,0.32823913458115545,0.3347032323069049,3.7806360565818466,-1.2689892997289718,1.2689892997289718
4,complete,U5,5.0,0.09772372209558107,26.701650463535408,0.3310388182907871,0.3293081267747603,3.7858221315098297,-1.2481731300567125,1.2481731300567125
4,complete,U5,5.0,0.1,26.541013914634203,0.33385568948909,0.3238898545170593,3.7910085978785757,-1.2267960788500654,1.2267960788500654
4,complete,U5,5.0,0.10232929922807547,26.3791638200753,0.3366877323352139,0.3184528732325539,3.7961916971926186,-1.2048661141469266,1.2048661141469266
4,complete,U5,5.0,0.10471285480508996,26.216169576239604,0.3395328189322099,0.31300186945066444,3.801367560155982,-1.1823932328476863,1.1823932328476863
4,complete,U5,5.0,0.10715193052376071,26.052104267865253,0.34238871054363695,0.307541755136582,3.8065322134542585,-1.159389542303792,1.159389542303792
4,complete,U5,5.0,0.1096478196143185,25.88704462865058,0.3452530594919446,0.30207766284710397,3.8116815875297383,-1.1358693331501621,1.1358693331501621
4,complete,U5,5.0,0.1122018454301963,25.72107098274311,0.34812341178056305,0.2966149393535457,3.816811525377819,-1.1118491418607999,1.1118491418607999
4,complete,U5,5.0,0.1148153621496883,25.554267166100193,0.35099721047805466,0.29115913765601975,3.821917792385031,-1.087347801481628,1.087347801481628
4,complete,U5,5.0,0.11748975549395291,25.386720426820837,0.3538717998982353,0.28571600732315594,3.826996087220019,-1.0623864789934014,1.0623864789934014
4,complete,U5,5.0,0.12022644346174131,25.218521303686536,0.3567444306047548,0.28029148310310253,3.8320420537783737,-1.0369886977815552,1.0369886977815552
4,complete,U5,5.0,0.1230268770812381,25.049763482312574,0.35961226526226275,0.27489167176536444,3.8370512941707053,-1.0111803437433604,1.0111803437433604
4,complete,U5,5.0,0.12589254117941676,24.880543628498536,0.36247238534896653,0.2695228371487146,3.842019382730594,-0.9849896536472063,0.9849896536472063
4,complete,U5,5.0,0.12882495516931336,24.710961198580314,0.36532179873710907,0.2641913834079773,3.846941881005312,-0.9584471844769311,0.9584471844769311
4,complete,U5,5.0,0.13182567385564073,24.541118226818703,0.36815744813876206,0.25890383647184784,3.851814353677435,-0.9315857626464297,0.9315857626464297
4,complete,U5,5.0,0.13489628825916533,24.37111909011747,0.3709762204043496,0.25366682374487726,3.8566323853500513,-0.9044404121581113,0.9044404121581113
4,complete,U5,5.0,0.13803842646028852,24.201070250634448,0.37377495665062765,0.24848705210912442,3.861391598112178,-0.8770482610007058,0.8770482610007058
4,complete,U5,5.0,0.1412537544622754,24.031079977138795,0.376550463183587,0.24337128430449934,3.866087669784739,-0.8494484253397836,0.8494484253397836
4,complete,U5,5.0,0.1445439770745928,23.861258046263195,0.3792995231699985,0.238326313791086,3.870716352731062,-0.8216818713406688,0.8216818713406688
4,complete,U5,5.0,0.1479108388168207,23.691715425102963,0.38201890899938723,0.23335893822148077,3.8752734930998978,-0.793791254780805,0.793791254780805
4,complete,U5,5.0,0.15135612484362088,23.522563936914764,0.3847053952661538,0.22847593167583855,3.879755050353612,-0.7658207389463456,0.7658207389463456
4,complete,U5,5.0,0.1548816618912481,23.353915911963004,0.3873557722897469,0.22368401583653763,3.8841571169198508,-0.7378157916655255,0.7378157916655255
4,complete,U5,5.0,0.15848931924611143,23.18588382584205,0.3899668600793134,0.21898983030255345,3.888475937792263,-0.7098229626976273,0.7098229626976273
4,complete,U5,5.0,0.16218100973589297,23.018579927864693,0.3925355226385317,0.21439990226530897,3.8927079298947196,-0.6818896430677679,0.6818896430677679
4,complete,U5,5.0,0.16595869074375613,22.852115862340384,0.39505868249643317,0.20992061578737742,3.8968497010147223,-0.6540638083011867,0.6540638083011867
4,complete,U5,5.0,0.16982436524617442,22.686602285768362,0.3975333353414166,0.20555818094243603,3.900898068105519,-0.6263937478619201,0.6263937478619201
4,complete,U5,5.0,0.17378008287493762,22.52214848313114,0.39995656462839474,0.20131860308880356,3.904850074753087,-0.5989277834256512,0.5989277834256512
4,complete,U5,5.0,0.1778279410038923,22.358861986590288,0.4023255560234796,0.19720765255928643,3.9087030076040703,-0.5717139789096723,0.5717139789096723
4,complete,U5,5.0,0.18197008586099844,22.1968481999525,0.4046376115469078,0.19323083505647437,3.9124544115540676,-0.5447998454326086,0.5447998454326086
4,complete,U5,5.0,0.18620871366628675,22.036210032287077,0.40689016327327143,0.18939336304477558,3.9161021035025265,-0.5182320445758197,0.5182320445758197
4,complete,U5,5.0,0.19054607179632482,21.877047544032916,0.40908078644863644,0.18570012842807307,3.9196441844911036,-0.4920560934594178,0.4920560934594178
4,complete,U5,5.0,0.19498445997580455,21.719457608834755,0.4112072118869063,0.18215567679481115,3.923079050056358,-0.46631607522233587,0.46631607522233587
4,complete,U5,5.0,0.19952623149688808,21.56353359419268,0.41326733751289085,0.17876418350050644,3.926405398645388,-0.44105435850480923,0.44105435850480923
4,complete,U5,5.0,0.20417379446695297,21.409365063801538,0.4152592389268449,0.17552943184123887,3.9296222379638825,-0.41631132946806915,0.41631132946806915
4,complete,U5,5.0,0.20892961308540386,21.257037504197804,0.4171811788748184,0.17245479355077384,3.9327288891499825,-0.3921251397524603,0.3921251397524603
4,complete,U5,5.0,0.21379620895022325,21.106632078028728,0.4190316155207165,0.16954321182893295,3.9357249886937886,-0.3685314735700249,0.3685314735700249
4,complete,U5,5.0,0.21877616239495518,20.95822540591763,0.42080920942947886,0.16679718708006872,3.9386104880509003,-0.3455633368581914,0.3455633368581914
4,complete,U5,5.0,0.223872113856834,20.81188937852646,0.4225128291858447,0.1642187655085412,3.9413856509285616,-0.3232508710891029,0.3232508710891029
4,complete,U5,5.0,0.22908676527677724,20.667691000023446,0.4241415555896679,0.16180953068354134,3.9440510482538618,-0.3016211939465592,0.3016211939465592
4,complete,U5,5.0,0.23442288153199228,20.52569226375473,0.42569468438621777,0.1595705981491305,3.946607550864982,-0.2806982686543833,0.2806982686543833
4,complete,U5,5.0,0.239883291901949,20.385950060507376,0.42717172750812127,0.15750261311768524,3.949056319997274,-0.26050280328014175,0.26050280328014175
4,complete,U5,5.0,0.2454708915685031,20.2485161193429,0.4285724128241307,0.15560575124682868,3.9513987956660808,-0.24105218085616542,0.24105218085616542
4,complete,U5,5.0,0.25118864315095796,20.113436980586773,0.429896682408438,0.15387972246210896,3.9536366830763705,-0.22236042066830208,0.22236042066830208
4,complete,U5,5.0,0.25703957827688645,19.980754000184067,0.4311446893624004,0.15232377775092865,3.955771937215528,-0.2044381705728906,0.2044381705728906
4,complete,U5,5.0,0.26302679918953814,19.850503384287443,0.4323167932379684,0.15093671881822684,3.957806745808814,-0.18729272972775313,0.18729272972775313
4,complete,U5,5.0,0.26915348039269166,19.72271625262935,0.43341355412852334,0.1497169104618028,3.959743510837311,-0.1709281006716843,0.1709281006716843
4,complete,U5,5.0,0.2754228703338166,19.597418728956274,0.4344357255078652,0.14866229549553922,3.961584828834551,-0.1553450692706626,0.1553450692706626
4,complete,U5,5.0,0.2818382931264455,19.47463205656804,0.43538424591164054,0.14777041202259683,3.96333347019089,-0.1405413106758271,0.1405413106758271
4,complete,U5,5.0,0.28840315031266056,19.354372736813506,0.43626022956718885,0.14703841283833297,3.9649923577033888,-0.1265115191139774,0.1265115191139774
4,complete,U5,5.0,0.2951209226666387,19.236652688243726,0.4370649560876215,0.1464630867244726,3.96656454461358,-0.11324755906270667,0.11324755906270667
4,complete,U5,5.0,0.3019951720402016,19.121479424016044,0.4377998593536891,0.14604088138219173,3.9680531923761273,-0.10073863514983117,0.10073863514983117
4,complete,U5,5.0,0.30902954325135923,19.008856245074618,0.4384665157126932,0.14576792774224512,3.9694615483981934,-0.08897147796586147,0.08897147796586147
4,complete,U5,5.0,0.31622776601683794,18.89878244660158,0.4390666316272285,0.14564006538514185,3.970792923982209,-0.07793054288326928,0.07793054288326928
4,complete,U5,5.0,0.32359365692962844,18.7912535352371,0.4396020309080843,0.14565286880346232,3.9720506726944738,-0.06759821894206652,0.06759821894206652
4,complete,U5,5.0,0.3311311214825911,18.68626145460054,0.4400746416650683,0.14580167424155602,3.9732381693683974,-0.057955044877129325,0.057955044877129325
4,complete,U5,5.0,0.33884415613920277,18.583794816706995,0.4404864831071563,0.1460816068547681,3.9743587899352177,-0.04897992943225837,0.04897992943225837
4,complete,U5,5.0,0.34673685045253166,18.483839136959222,0.44083965231917244,0.1464876079406961,3.9754158922562914,-0.040650373216482905,0.040650373216482905
4,complete,U5,5.0,0.3548133892335757,18.386377070501467,0.44113631113645035,0.14701446200836923,3.976412798111071,-0.032942689510605305,0.032942689510605305
4,complete,U5,5.0,0.3630780547701014,18.291388647847132,0.44137867323173713,0.1476568234672761,3.977352776472967,-0.02583222161539922,0.02583222161539922
4,complete,U5,5.0,0.3715352290971724,18.19885150783118,0.4415689915201856,0.1484092427363997,3.9782390281827515,-0.019293554543343916,0.019293554543343916
4,complete,U5,5.0,0.38018939632056126,18.10874112609231,0.44170954597884515,0.14926619159336704,3.9790746721060004,-0.013300719086607238,0.013300719086607238
4,complete,U5,5.0,0.3890451449942805,18.021031037453522,0.4418026319668017,0.15022208760507497,3.979862732837748,-0.007827386538854064,0.007827386538854064
4,complete,U5,5.0,0.3981071705534973,17.935693050743236,0.4418505491212699,0.15127131750322828,3.98060612999461,-0.0028470526018820053,0.0028470526018820053
4,complete,U5,5.0,0.4073802778041126,17.852697454779122,0.44185559089365634,0.1524082593907072,3.9813076691121587,0.0016667907358236533,-0.0016667907358236533
4,complete,U5,5.0,0.41686938347033553,17.772013214422966,0.4418200347781459,0.15362730368715563,3.981970034144098,0.0057404963064877634,-0.0057404963064877634
4,complete,U5,5.0,0.42657951880159256,17.693608155803002,0.4417461332738842,0.1549228727442802,3.982595781539437,0.009400116565996264,-0.009400116565996264
4,complete,U5,5.0,0.4365158322401661,17.617449139990264,0.44163610561047284,0.1562894390827117,3.983187335855452,0.012671272563095748,-0.012671272563095748
4,complete,U5,5.0,0.44668359215096304,17.543502224602438,0.44149213025552264,0.15772154222262075,3.9837469868470934,0.015579037319909617,-0.015579037319909617
4,complete,U5,5.0,0.4570881896148752,17.471732812992617,0.4413163382124315,0.1592138040993285,3.9842768879587145,0.018147833659129198,-0.018147833659129198
4,complete,U5,5.0,0.4677351412871981,17.40210579085538,0.4411108071066758,0.16076094307268943,3.9847790561308973,0.02040134632044932,-0.02040134632044932
4,complete,U5,5.0,0.47863009232263853,17.334585650248084,0.4408775560496206,0.1623577865548608,3.985255372824347,0.022362448037179128,-0.022362448037179128
4,complete,U5,5.0,0.48977881936844614,17.26913660117668,0.4406185412605163,0.16399928229514166,3.9857075861543794,0.024053139090723263,-0.024053139090723263
4,complete,U5,5.0,0.5011872336272725,17.205722671031474,0.44033565241977085,0.16568050837266596,3.986137314022942,0.02549449973048823,-0.02549449973048823
4,complete,U5,5.0,0.5128613839913648,17.144307792275097,0.4400307097200404,0.16739668195795868,3.986546048131019,0.026706654736657676,-0.026706654736657676
4,complete,U5,5.0,0.5248074602497729,17.084855878882365,0.43970546157603885,0.16914316691258455,3.9869351587522197,0.027708749315261905,-0.027708749315261905
4,complete,U5,5.0,0.5370317963702527,17.02733089210789,0.4393615829493938,0.1709154803024421,3.987305900148206,0.02851893544674322,-0.02851893544674322
4,complete,U5,5.0,0.5495408738576248,16.971696896211924,0.4390006742412005,0.1727092979047071,3.9876594165084307,0.029154367761410782,-0.029154367761410782
4,complete,U5,5.0,0.5623413251903491,16.917918104809083,0.43862426070231897,0.17452045879109088,3.987996748300247,0.029631207985512553,-0.029631207985512553
4,complete,U5,5.0,0.5754399373371573,16.86595891851877,0.43823379230973014,0.17634496907107097,3.9883188389202644,0.029964636989223692,-0.029964636989223692
4,complete,U5,5.0,0.588843655355589,16.8157839545945,0.4378306440564716,0.17817900487818286,3.988626541544222,0.03016887347091579,-0.03016887347091579
4,complete,U5,5.0,0.6025595860743581,16.767358069191356,0.4374161166027244,0.18001891468047698,3.988920626079737,0.030257198329347368,-0.030257198329347368
4,complete,U5,5.0,0.6165950018614822,16.72064637290464,0.4369914372364303,0.18186122099297408,3.9892017861345126,0.03024198380439458,-0.03024198380439458
4,complete,U5,5.0,0.6309573444801936,16.675614240177097,0.436557761093378,0.18370262156557984,3.9894706459209663,0.03013472650663296,-0.03013472650663296
4,complete,U5,5.0,0.6456542290346556,16.63222731313499,0.43611617258887914,0.18553999011453362,3.9897277670271896,0.02994608350409589,-0.02994608350409589
4,complete,U5,5.0,0.6606934480075958,16.590451500375906,0.4356676870158627,0.18737037665931988,3.9899736549931446,0.02968591068969939,-0.02968591068969939
4,complete,U5,5.0,0.6760829753919819,16.55025297119832,0.43521325226747126,0.189191007520119,3.9902087656396845,0.02936330271318166,-0.02936330271318166
4,complete,U5,5.0,0.6918309709189363,16.511598145736567,0.4347537506458121,0.19099928502356758,3.990433511106758,0.02898663382551714,-0.02898663382551714
4,complete,U5,5.0,0.707945784384138,16.474453681448328,0.4342900007224465,0.19279278695692537,3.9906482655650333,0.028563599050466237,-0.028563599050466237
4,complete,U5,5.0,0.7244359600749899,16.438786456394737,0.4338227592203446,0.19456926580292572,3.990853370573108,0.028101255165781325,-0.028101255165781325
4,complete,U5,5.0,0.7413102413009177,16.404563549758553,0.4333527228912874,0.19632664777974523,3.9910491400592827,0.02760606104447394,-0.02760606104447394
4,complete,U5,5.0,0.7585775750291835,16.371752220060422,0.4328805303670482,0.19806303170283387,3.9912358649133757,0.027083916973878353,-0.027083916973878353
4,complete,U5,5.0,0.776247116628692,16.34031988155774,0.43240676396701166,0.19977668767797793,3.991413817179968,0.026540202635217724,-0.026540202635217724
4,complete,U5,5.0,0.7943282347242814,16.31023407934197,0.43193195144906565,0.2014660556280636,3.9915832538493756,0.02597981348986078,-0.02597981348986078
4,complete,U5,5.0,0.8128305161640995,16.281462463686108,0.43145656769468793,0.20312974364971986,3.9917444202474917,0.025407195377546543,-0.025407195377546543
4,complete,U5,5.0,0.8317637711026709,16.25397276422979,0.43098103632293594,0.20476652619049537,3.9918975530294842,0.024826377188281512,-0.024826377188281512
4,complete,U5,5.0,0.8511380382023768,16.22773276462434,0.43050573123154856,0.20637534203259544,3.9920428827859533,0.02424100152129771,-0.02424100152129771
4,complete,U5,5.0,0.8709635899560805,16.202710278286748,0.43003097806653856,0.2079552920655471,3.992180636273191,0.023654353291416186,-0.023654353291416186
4,complete,U5,5.0,0.8912509381337459,16.17887312593037,0.42955705562439567,0.2095056368276173,3.9923110382819305,0.02306938628537214,-0.02306938628537214
4,complete,U5,5.0,0.9120108393559097,16.156189115544187,0.42908419719334556,0.2110257937943712,3.992434313161305,0.022488747707558154,-0.022488747707558154
4,complete,U5,5.0,0.9332543007969915,16.134626025483435,0.42861259184196415,0.21251533439250883,3.9925506860167963,0.02191480078589425,-0.02191480078589425
4,complete,U5,5.0,0.9549925860214359,16.114151591306012,0.42814238566483764,0.2139739807180282,3.992660383602721,0.021349645534572304,-0.021349645534572304
4,complete,U5,5.0,0.9772372209558111,16.09473349694408,0.42767368299586705,0.21540160193978417,3.9927636349313733,0.020795137790790896,-0.020795137790790896
4,complete,U5,5.0,1.0,16.07633937073647,0.4272065476002601,0.21679821037260058,3.992860671622192,0.020252906657685976,-0.020252906657685976
4,complete,U5,5.0,1.0232929922807548,16.058936786766207,0.42674100385626423,0.21816395720811718,3.992951728015371,0.019724370495332266,-0.019724370495332266
4,complete,U5,5.0,1.0471285480508996,16.04249327185033,0.4262770379372864,0.2194991278963864,3.993037041075098,0.019210751606982157,-0.019210751606982157
4,complete,U5,5.0,1.071519305237607,16.02697631841894,0.4258145990042528,0.22080413717671885,3.993116850108178,0.018713089768230162,-0.018713089768230162
4,complete,U5,5.0,1.096478196143185,16.012353403399445,0.4253536004170055,0.22207952376223744,3.993191396324032,0.01823225474324275,-0.01823225474324275
4,complete,U5,5.0,1.1220184543019642,15.998592013094783,0.42489392097213713,0.22332594468882144,3.993260922261981,0.01776895792559774,-0.01776895792559774
4,complete,U5,5.0,1.1481536214968828,15.98565967391394,0.42443540617313397,0.22454416934543828,3.993325671111478,0.01732376323149687,-0.01732376323149687
4,complete,U5,5.0,1.1748975549395304,15.9735239886843,0.42397786953699174,0.22573507320905306,3.9933858859502713,0.01689709736143996,-0.01689709736143996
4,complete,U5,5.0,1.2022644346174132,15.962152678152009,0.42352109393968435,0.22689963131317972,3.9934418089245494,0.01648925953278635,-0.01648925953278635
4,complete,U5,5.0,1.2302687708123812,15.951513627161933,0.423064833001091,0.22803891148455846,3.9934936803940166,0.016100430771292196,-0.016100430771292196
4,complete,U5,5.0,1.2589254117941675,15.941574934907523,0.4226088125082101,0.229154067387202,3.9935417380632336,0.015730682834879772,-0.015730682834879772
4,complete,U5,5.0,1.2882495516931336,15.932304968554462,0.4221527318738362,0.23024633141707943,3.9935862161190023,0.015379986828016001,-0.015379986828016001
4,complete,U5,5.0,1.3182567385564075,15.923672419474286,0.4216962656263332,0.231317007493874,3.99362734439159,0.015048221550816976,-0.015048221550816976
4,complete,U5,5.0,1.3489628825916533,15.915646361275115,0.4212390649247671,0.232367463798485,3.9936653475555453,0.014735181613965587,-0.014735181613965587
4,complete,U5,5.0,1.3803842646028852,15.908196308788636,0.4207807590924964,0.23339912550625622,3.993700444383702,0.014440585338094003,-0.014440585338094003
4,complete,U5,5.0,1.412537544622754,15.901292277164583,0.42032095716135975,0.23441346756624915,3.9937328470656785,0.014164082446005644,-0.014164082446005644
4,complete,U5,5.0,1.4454397707459279,15.894904840236435,0.41985924941785074,0.23541200757630493,3.993762760599952,0.013905261547155767,-0.013905261547155767
4,complete,U5,5.0,1.4791083881682072,15.889005187352353,0.41939520894219934,0.23639629880218715,3.9937903822662717,0.013663657406414842,-0.013663657406414842
4,complete,U5,5.0,1.5135612484362087,15.883565177913958,0.4189283931309747,0.2373679233868587,3.993815901183049,0.013438757983633032,-0.013438757983633032
4,complete,U5,5.0,1.5488166189124812,15.878557392927373,0.41845834519377095,0.23832848579299787,3.9938394979522807,0.013230011226848859,-0.013230011226848859
4,complete,U5,5.0,1.584893192461114,15.873955182945997,0.41798459561468915,0.23927960651832353,3.9938613443925397,0.013036831599166021,-0.013036831599166021
4,complete,U5,5.0,1.6218100973589298,15.86973271186837,0.4175066635696273,0.24022291611929028,3.993881603358947,0.012858606318880028,-0.012858606318880028
4,complete,U5,5.0,1.6595869074375613,15.865864996144541,0.4170240582908889,0.24116004957432385,3.9939004286473194,0.01269470129227912,-0.01269470129227912
4,complete,U5,5.0,1.6982436524617444,15.862327939038996,0.4165362803712247,0.24209264101316266,3.993917964978448,0.012544466720017411,-0.012544466720017411
4,complete,U5,5.0,1.7378008287493762,15.859098359692041,0.4160428230001533,0.24302231883411446,3.993934348057225,0.012407242360122694,-0.012407242360122694
4,complete,U5,5.0,1.7782794100389228,15.856154016815635,0.41554317312620886,0.2439507012262561,3.993949704700502,0.012282362433422733,-0.012282362433422733
4,complete,U5,5.0,1.8197008586099843,15.85347362694814,0.41503681253965397,0.2448793921088998,3.9939641530268317,0.012169160160243386,-0.012169160160243386
4,complete,U5,5.0,1.8620871366628675,15.851036877276197,0.4145232188710921,0.24580997749607625,3.993977802700753,0.012066971920958736,-0.012066971920958736
4,complete,U5,5.0,1.9054607179632483,15.848824433108092,0.41400186650234816,0.24674402228943307,3.9939907552240594,0.011975141036558945,-0.011975141036558945
4,complete,U5,5.0,1.9498445997580456,15.846817940150455,0.41347222738693307,0.24768306749885394,3.994003104266338,0.011893021168774887,-0.011893021168774887
4,complete,U5,5.0,1.9952623149688808,15.84500002179919,0.4129337717783188,0.24862862788632156,3.994014936027228,0.011819979342875264,-0.011819979342875264
4,complete,U5,5.0,2.0417379446695296,15.843354271704285,0.4123859688651427,0.2495821900250707,3.9940263296229905,0.011755398599698985,-0.011755398599698985
4,complete,U5,5.0,2.089296130854041,15.841865241908415,0.41182828731333576,0.25054521076296643,3.994037357490426,0.011698680285895158,-0.011698680285895158
4,complete,U5,5.0,2.1379620895022327,15.840518426889398,0.411260195715973,0.2515191160762502,3.9940480858015617,0.011649245994534319,-0.011649245994534319
4,complete,U5,5.0,2.1877616239495516,15.839300243859203,0.41068116295242946,0.2525053002973485,3.9940585748831454,0.01160653917000598,-0.01160653917000598
4,complete,U5,5.0,2.23872113856834,15.838198009685955,0.4100906584591351,0.2535051256983065,3.9940688796354955,0.011570026393270538,-0.011570026393270538
4,complete,U5,5.0,2.2908676527677723,15.83719991481304,0.4094881524149095,0.25451992240959304,3.9940790499460195,0.011539198364800107,-0.011539198364800107
4,complete,U5,5.0,2.344228815319923,15.836294994550418,0.4088731158444568,0.25555098865245635,3.994089131093211,0.011513570603929324,-0.011513570603929324
4,complete,U5,5.0,2.39883291901949,15.835473098109427,0.40824502064419904,0.2565995912617594,3.994099164137722,0.01149268388385849,-0.01149268388385849
4,complete,U5,5.0,2.454708915685031,15.834724855744518,0.4076033395351125,0.25766696647514836,3.9941091862977207,0.011476104422388111,-0.011476104422388111
4,complete,U5,5.0,2.5118864315095797,15.834041644354002,0.4069475459477448,0.25875432096361495,3.994119231306272,0.011463423848312004,-0.011463423848312004
4,complete,U5,5.0,2.570395782768865,15.833415551878032,0.4062771138449809,0.2598628330778724,3.9941293297492013,0.011454258963981445,-0.011454258963981445
4,complete,U5,5.0,2.6302679918953813,15.832839340816829,0.4055915174885316,0.26099365428455534,3.994139509382273,0.01144825132384053,-0.01144825132384053
4,complete,U5,5.0,2.691534803926917,15.83230641117493,0.4048902311554506,0.26214791076599436,3.9941497954271066,0.01144506664884748,-0.01144506664884748
4,complete,U5,5.0,2.7542287033381663,15.831810763119673,0.40417272881127186,0.2633267051572437,3.9941602108456076,0.011444394096076671,-0.011444394096076671
4,complete,U5,5.0,2.818382931264455,15.83134695962424,0.4034384837466208,0.26453111839413257,3.9941707765930667,0.011445945402265956,-0.011445945402265956
4,complete,U5,5.0,2.8840315031266055,15.830910089346258,0.4026869681843511,0.265762211646348,3.9941815118503454,0.011449453919547103,-0.011449453919547103
4,complete,U5,5.0,2.951209226666387,15.83049572997497,0.401917652864422,0.2670210283099858,3.994192434235888,0.01145467356077301,-0.01145467356077301
4,complete,U5,5.0,3.019951720402016,15.830099912260287,0.40113000661384646,0.26830859603454577,3.9942035599983834,0.011461377671311723,-0.011461377671311723
4,complete,U5,5.0,3.090295432513592,15.829719084918272,0.40032349590912036,0.26962592876008623,3.994214904191088,0.011469357843041372,-0.011469357843041372
4,complete,U5,5.0,3.1622776601683795,15.829350080587933,0.39949758443855565,0.2709740287410942,3.994226480828941,0.011478422685848422,-0.011478422685848422
4,complete,U5,5.0,3.2359365692962845,15.828990082994732,0.39865173267194026,0.2723538885346345,3.994238303029558,0.011488396570676684,-0.011488396570676684
4,complete,U5,5.0,3.311311214825911,15.828636595456224,0.39778539744488384,0.2737664929314597,3.994250383139354,0.011499118357352067,-0.011499118357352067
4,complete,U5,5.0,3.3884415613920273,15.82828741084527,0.39689803156510944,0.27521282081000026,3.994262732845846,0.011510440119544718,-0.011510440119544718
4,complete,U5,5.0,3.4673685045253166,15.827940583105995,0.3959890834478374,0.27669384689446463,3.9942753632773416,0.01152222587789975,-0.01152222587789975
4,complete,U5,5.0,3.548133892335757,15.827594400397379,0.39505799678722436,0.278210543399688,3.9942882850910317,0.01153435035168826,-0.01153435035168826
4,complete,U5,5.0,3.630780547701014,15.827247359919571,0.39410421027067427,0.2797638815467907,3.99430150855052,0.011546697737728984,-0.011546697737728984
4,complete,U5,5.0,3.715352290971728,15.826898144457747,0.39312715734259523,0.281354832935172,3.9943150435937107,0.011559160524834411,-0.011559160524834411
4,complete,U5,5.0,3.801893963205613,15.826545600659605,0.39212626602401757,0.28298437075779354,3.9943288998919115,0.011571638350228675,-0.011571638350228675
4,complete,U5,5.0,3.890451449942805,15.826188719043952,0.3911009587942433,0.2846534708481131,3.9943430869009546,0.011584036903765416,-0.011584036903765416
4,complete,U5,5.0,3.981071705534973,15.825826615720562,0.39005065254051824,0.28636311254835217,3.994357613905037,0.011596266884375872,-0.011596266884375872
4,complete,U5,5.0,4.073802778041126,15.825458515785392,0.38897475858152863,0.2881142793900033,3.9943724900539,0.011608243012239505,-0.011608243012239505
4,complete,U5,5.0,4.168693834703355,15.82508373834101,0.387872682770367,0.28990795957858967,3.994387724393931,0.011619883098910044,-0.011619883098910044
4,complete,U5,5.0,4.265795188015925,15.82470168307898,0.3867438256824809,0.29174514627563286,3.994403325893705,0.011631107176962807,-0.011631107176962807
4,complete,U5,5.0,4.365158322401661,15.824311818350555,0.38558758289402895,0.29362683767158354,3.9944193034643667,0.011641836689514129,-0.011641836689514129
4,complete,U5,5.0,4.46683592150963,15.823913670643016,0.38440334535602455,0.2955540368440717,3.994435665975293,0.011651993739352662,-0.011651993739352662
4,complete,U5,5.0,4.570881896148752,15.823506815372252,0.38319049986963055,0.297527751396265,3.994452422265337,0.01166150039667091,-0.01166150039667091
4,complete,U5,5.0,4.677351412871981,15.823090868897687,0.3819484296680325,0.2995489928703555,3.9944695811499864,0.011670278063716566,-0.011670278063716566
4,complete,U5,5.0,4.786300923226385,15.822665481662916,0.380676515110386,0.3016187759312669,3.994487151424644,0.011678246894308408,-0.011678246894308408
4,complete,U5,5.0,4.897788193684462,15.822230332364825,0.3793741344934867,0.30373811731554806,3.9945051418643165,0.011685325265777813,-0.011685325265777813
4,complete,U5,5.0,5.011872336272725,15.82178512305472,0.3780406649869739,0.30590803454016186,3.994523561219811,0.011691429300624279,-0.011691429300624279
4,complete,U5,5.0,5.1286138399136485,15.821329575077963,0.37667548369809734,0.30812954436546147,3.9945424182106737,0.011696472435124505,-0.011696472435124505
4,complete,U5,5.0,5.248074602497728,15.820863425762225,0.37527796887230125,0.31040366100614813,3.9945617215149367,0.01170036503214078,-0.01170036503214078
4,complete,U5,5.0,5.370317963702527,15.820386425769552,0.37384750123614696,0.31273139408338724,3.9945814797558024,0.011703014035400194,-0.011703014035400194
4,complete,U5,5.0,5.4954087385762485,15.819898337033361,0.3723834654893335,0.31511374631062256,3.9946017014853163,0.011704322662863476,-0.011704322662863476
4,complete,U5,5.0,5.623413251903491,15.819398931207852,0.37088525195284144,0.317551710904949,3.9946223951650914,0.011704190137010961,-0.011704190137010961
4,complete,U5,5.0,5.754399373371572,15.818887988564125,0.3693522583804426,0.3200462687152536,3.994643569144099,0.011702511450192077,-0.011702511450192077
4,complete,U5,5.0,5.88843655355589,15.81836529727434,0.36778389194101263,0.3225983850577236,3.994665231633557,0.011699177163769114,-0.011699177163769114
4,complete,U5,5.0,6.025595860743581,15.817830653032015,0.36617957137921975,0.32520900624880505,3.9946873906788767,0.011694073240051672,-0.011694073240051672
4,complete,U5,5.0,6.165950018614822,15.817283858963345,0.3645387293622218,0.32787905582529564,3.9947100541286575,0.011687080906781944,-0.011687080906781944
4,complete,U5,5.0,6.309573444801936,15.8167247257908,0.3628608150199918,0.330609430441019,3.9947332296007234,0.011678076554129113,-0.011678076554129113
4,complete,U5,5.0,6.456542290346556,15.81615307221595,0.3611452966867454,0.333400995429478,3.9947569244451038,0.01166693166502153,-0.01166693166502153
4,complete,U5,5.0,6.606934480075965,15.815568725494018,0.35939166485068724,0.33625458002208247,3.994781145703956,0.011653512779964181,-0.011653512779964181
4,complete,U5,5.0,6.760829753919819,15.814971522177292,0.3575994353188858,0.3391709722119906,3.994805900068352,0.011637681498080532,-0.011637681498080532
4,complete,U5,5.0,6.918309709189363,15.814361309008731,0.35576815260348926,0.3421509132543648,3.9948311938318803,0.011619294516663103,-0.011619294516663103
4,complete,U5,5.0,7.07945784384138,15.813737943950592,0.3538973935347319,0.34519509179494257,3.9948570328410327,0.011598203711956856,-0.011598203711956856
4,complete,U5,5.0,7.244359600749899,15.813101297335864,0.35198677110517784,0.3483041376202894,3.9948834224423106,0.011574256264369254,-0.011574256264369254
4,complete,U5,5.0,7.413102413009177,15.812451253132675,0.3500359385484128,0.3514786150249958,3.9949103674260416,0.011547294831732557,-0.011547294831732557
4,complete,U5,5.0,7.585775750291836,15.811787710313567,0.34804459365390317,0.3547190157934047,3.9949378719668953,0.011517157774626696,-0.011517157774626696
4,complete,U5,5.0,7.76247116628692,15.811110584322993,0.3460124833179483,0.3580257517962909,3.9949659395610957,0.011483679437995775,-0.011483679437995775
4,complete,U5,5.0,7.943282347242813,15.810419808637102,0.3439394083285568,0.36139914720625094,3.9949945729603993,0.011446690493702505,-0.011446690493702505
4,complete,U5,5.0,8.128305161640995,15.809715336410296,0.34182522837964496,0.364839430339463,3.9950237741028705,0.011406018348742997,-0.011406018348742997
4,complete,U5,5.0,8.317637711026709,15.808997142203296,0.3396698673071664,0.36834672513598,3.9950535440405863,0.01136148762402378,-0.01136148762402378
4,complete,U5,5.0,8.511380382023768,15.80826522378694,0.33747331853662266,0.3719210422958184,3.9950838828644146,0.011312920708553165,-0.011312920708553165
4,complete,U5,5.0,8.709635899560805,15.807519604015372,0.3352356507278488,0.37556227009386456,3.9951147896260624,0.011260138393959451,-0.011260138393959451
4,complete,U5,5.0,8.91250938133746,15.806760332761616,0.3329570135990129,0.379270164903046,3.9951462622576406,0.01120296059395276,-0.01120296059395276
4,complete,U5,5.0,9.120108393559097,15.805987488907036,0.33063764390740713,0.3830443414622827,3.995178297489061,0.011141207153100297,-0.011141207153100297
4,complete,U5,5.0,9.332543007969914,15.80520118237527,0.3282778715598273,0.3868842629335169,3.995210890763646,0.011074698748846146,-0.011074698748846146
4,complete,U5,5.0,9.549925860214358,15.804401556199254,0.3258781258201749,0.3907892308005022,3.9952440361523913,0.011003257890098261,-0.011003257890098261
4,complete,U5,5.0,9.772372209558112,15.803588788608565,0.32343894157634534,0.39475837467109637,3.995277726267405,0.010926710014968144,-0.010926710014968144
4,complete,U5,5.0,10.0,15.802763095122238,0.3209609656225703,0.3987906420543919,3.995311952175139,0.010844884689285017,-0.010844884689285017
4,complete,U5,5.0,10.232929922807536,15.801924730630247,0.3184449629071558,0.4028847881941488,3.9953467033100987,0.010757616906382772,-0.010757616906382772
4,complete,U5,5.0,10.471285480509007,15.801073991444772,0.31589182268908916,0.40703936605050955,3.9953819673898,0.01066474848736565,-0.01066474848736565
4,complete,U5,5.0,10.71519305237607,15.800211217300118,0.31330256454035293,0.41125271653278755,3.9954177303318734,0.010566129579392403,-0.010566129579392403
4,complete,U5,5.0,10.964781961431852,15.799336793277991,0.31067834412404166,0.41552295909707193,3.995453976174252,0.010461620247911974,-0.010461620247911974
4,complete,U5,5.0,11.220184543019629,15.79845115163258,0.308020458671707,0.4198479828332633,3.995490686999518,0.010351092156614783,-0.010351092156614783
4,complete,U5,5.0,11.481536214968841,15.79755477348775,0.3053303520768111,0.42422543817679054,3.9955278428645564,0.010234430326828914,-0.010234430326828914
4,complete,U5,5.0,11.748975549395302,15.796648190376533,0.3026096195149819,0.4286527293903371,3.9955654217367336,0.010111534965602686,-0.010111534965602686
4,complete,U5,5.0,12.02264434617413,15.795731985591333,0.2998600114960539,0.4331270079701882,3.9956033994379343,0.009982323349126965,-0.009982323349126965
4,complete,U5,5.0,12.30268770812381,15.794806795311441,0.2970834372478851,0.4376451671399416,3.995641749597824,0.009846731745517978,-0.009846731745517978
4,complete,U5,5.0,12.589254117941662,15.793873309473222,0.29428196732784995,0.4422038376009757,3.9956804436177764,0.009704717358057557,-0.009704717358057557
4,complete,U5,5.0,12.88249551693135,15.792932272347286,0.2914578353549706,0.446799384713852,3.995719450646952,0.009556260267176597,-0.009556260267176597
4,complete,U5,5.0,13.182567385564074,15.79198448278646,0.28861343875410683,0.45142790728733734,3.9957587375720194,0.009401365346607626,-0.009401365346607626
4,complete,U5,5.0,13.489628825916533,15.791030794108405,0.2857513384037157,0.4560852381515859,3.9957982690220173,0.009240064126260883,-0.009240064126260883
4,complete,U5,5.0,13.803842646028839,15.790072113577434,0.28287425708068326,0.4607669466887729,3.9958380073898376,0.009072416571920705,-0.009072416571920705
4,complete,U5,5.0,14.125375446227554,15.789109401451338,0.2799850765998511,0.4654683434877791,3.995877912871732,0.008898512749387244,-0.008898512749387244
4,complete,U5,5.0,14.45439770745928,15.788143669561371,0.2770868335523386,0.4701844872789738,3.995917943526177,0.008718474338802018,-0.008718474338802018
4,complete,U5,5.0,14.791083881682072,15.787175979396336,0.2741827135557896,0.47491019429045606,3.9959580553532885,0.008532455963397467,-0.008532455963397467
4,complete,U5,5.0,15.135612484362072,15.786207439665825,0.2712760439414195,0.479640050148001,3.9959982023958287,0.008340646296036702,-0.008340646296036702
4,complete,U5,5.0,15.488166189124827,15.785239203322378,0.2683702848172839,0.48436842441728833,3.9960383368626387,0.008143268906722234,-0.008143268906722234
4,complete,U5,5.0,15.848931924611142,15.784272464028213,0.26546901846459836,0.4890894878586599,3.9960784092751025,0.007940582814917718,-0.007940582814917718
4,complete,U5,5.0,16.218100973589298,15.783308452058824,0.26257593704415705,0.49379723243175405,3.996118368636938,0.007732882712099709,-0.007732882712099709
4,complete,U5,5.0,16.595869074375596,15.782348429643527,0.2596948286128248,0.498485494050064,3.996158162627346,0.007520498822431776,-0.007520498822431776
4,complete,U5,5.0,16.98243652461746,15.781393685751294,0.25682956147545943,0.5031479780441506,3.996197737817139,0.007303796373165028,-0.007303796373165028
4,complete,U5,5.0,17.378008287493763,15.78044553033959,0.2539840669251867,0.5077782872473987,3.996237039907129,0.007083174650905022,-0.007083174650905022
4,complete,U5,5.0,17.78279410038923,15.779505288093603,0.25116232045422776,0.512369952570554,3.9962760139876528,0.006859065625686167,-0.006859065625686167
4,complete,U5,5.0,18.197008586099827,15.778574291693348,0.24836832154797933,0.5169164658816504,3.99631460481765,0.0066319321315466695,-0.0066319321315466695
4,complete,U5,5.0,18.620871366628695,15.77765387465663,0.245606072206111,0.5214113149573913,3.9963527571213335,0.006402265599888324,-0.006402265599888324
4,complete,U5,5.0,19.054607179632484,15.776745363816026,0.24287955436537312,0.5258480202217115,3.996390415900025,0.0061705833504821506,-0.0061705833504821506
4,complete,U5,5.0,19.498445997580454,15.77585007149813,0.24019270642880383,0.5302201729384449,3.9964275267563374,0.005937425453948375,-0.005937425453948375
4,complete,U5,5.0,19.952623149688787,15.77496928748261,0.23754939913425066,0.5345214744790888,3.9964640362274775,0.005703351189135564,-0.005703351189135564
4,complete,U5,5.0,20.417379446695318,15.7741042708273,0.23495341102069284,0.5387457762450429,3.9964998921241066,0.005468935128353003,-0.005468935128353003
4,complete,U5,5.0,20.892961308540407,15.773256241652698,0.23240840377291805,0.5428871197877938,3.996535043870881,0.005234762892983635,-0.005234762892983635
4,complete,U5,5.0,21.379620895022324,15.772426372985375,0.2299178977428191,0.546939776641699,3.996569442844553,0.0050014266309847955,-0.0050014266309847955
4,complete,U5,5.0,21.87761623949552,15.771615782763773,0.2274852479581888,0.5508982873634903,3.9966030427053365,0.004769520276132866,-0.004769520276132866
4,complete,U5,5.0,22.387211385683422,15.770825526112349,0.22511362093672305,0.5547574992615107,3.9966357997171578,0.004539634656021807,-0.004539634656021807
4,complete,U5,5.0,22.90867652767775,15.77005658799005,0.2228059726234908,0.5585126022967968,3.9966676730523796,0.004312352521770091,-0.004312352521770091
4,complete,U5,5.0,23.442288153199225,15.769309876317163,0.22056502776402767,0.5621591626480543,3.9966986250767027,0.004088243576591211,-0.004088243576591211
4,complete,U5,5.0,23.9883291901949,15.76858621568024,0.21839326101230203,0.5656931534535752,3.996728621610102,0.003867859582848965,-0.003867859582848965
4,complete,U5,5.0,24.547089156850287,15.767886341708286,0.21629288005312028,0.569110982275175,3.996757632159943,0.003651729627668132,-0.003651729627668132
4,complete,U5,5.0,25.11886431509582,15.767210896204558,0.21426581099235198,0.5724095148718356,3.9967856301227696,0.003440355625611513,-0.003440355625611513
4,complete,U5,5.0,25.703957827688647,15.766560423107801,0.21231368623613908,0.5755860949231713,3.9968125929517213,0.0032342081332514816,-0.0032342081332514816
4,complete,U5,5.0,26.302679918953814,15.765935365343957,0.21043783504267827,0.5786385594039674,3.9968385022870283,0.003033722544860673,-0.003033722544860673
4,complete,U5,5.0,26.91534803926914,15.7653360626156,0.20863927688811784,0.5815652493794725,3.9968633440476404,0.002839295730946212,-0.002839295730946212
4,complete,U5,5.0,27.54228703338169,15.764762750161061,0.20691871774259213,0.5843650160651958,3.9968871084826714,0.0026512831722445007,-0.0026512831722445007
4,complete,U5,5.0,28.18382931264455,15.764215558499329,0.20527654930458689,0.5870372220727773,3.9969097901819652,0.0024699966313601607,-0.0024699966313601607
4,complete,U5,5.0,28.84031503126606,15.763694514160404,0.2037128511929063,0.5895817378431281,3.996931388045822,0.0022957023927694387,-0.0022957023927694387
4,complete,U5,5.0,29.51209226666384,15.76319954138475,0.20222739604675632,0.5919989333473584,3.9969519052145603,0.002128620089781208,-0.002128620089781208
4,complete,U5,5.0,30.199517204020193,15.762730464759427,0.20081965743709676,0.5942896652130896,3.9969713489592387,0.0019689221247416455,-0.0019689221247416455
4,complete,U5,5.0,30.90295432513592,15.762287012743851,0.19948882044765492,0.5964552595065825,3.996989730535516,0.001816733676447413,-0.001816733676447413
4,complete,U5,5.0,31.622776601683793,15.761868822024178,0.1982337947428817,0.5984974904680044,3.9970070650031517,0.0016721332771192365,-0.0016721332771192365
4,complete,U5,5.0,32.35936569296281,15.761475442623368,0.19705322990364343,0.6004185555565432,3.9970233710141923,0.0015351539302805861,-0.0015351539302805861
4,complete,U5,5.0,33.11311214825915,15.761106343683467,0.19594553278031707,0.6022210472127154,3.997038670573286,0.0014057847312236582,-0.0014057847312236582
4,complete,U5,5.0,33.884415613920275,15.760760919828284,0.19490888658780092,0.6039079217861562,3.9970529887739454,0.0012839729433520297,-0.0012839729433520297
4,complete,U5,5.0,34.673685045253166,15.760438498008487,0.19394127144813275,0.6054824661078027,3.9970663535148105,0.0011696264768410458,-0.0011696264768410458
4,complete,U5,5.0,35.481338923357534,15.760138344726842,0.19304048607410587,0.6069482622053942,3.9970787952001507,0.0010626167110125984,-0.0010626167110125984
4,complete,U5,5.0,36.30780547701018,15.759859673539573,0.19220417028146633,0.6083091506706731,3.9970903464289296,0.000962781598291329,-0.000962781598291329
4,complete,U5,5.0,37.15352290971728,15.75960165272988,0.19142982801775257,0.6095691931858819,3.9971010416767316,0.0008699289859883663,-0.0008699289859883663
4,complete,U5,5.0,38.018939632056124,15.759363413051753,0.19071485060223742,0.6107326347067441,3.997110916974761,0.0007838400920037181,-0.0007838400920037181
4,complete,U5,5.0,38.904514499428046,15.759144055446328,0.19005653988323798,0.6118038657799112,3.997120009590004,0.0007042730719613033,-0.0007042730719613033
4,complete,U5,5.0,39.81071705534978,15.758942658638286,0.18945213103564718,0.6127873854458533,3.9971283577103387,0.0006309666180706053,-0.0006309666180706053
4,complete,U5,5.0,40.7380277804113,15.758758286526962,0.1888988147422268,0.6136877651445196,3.997136000138174,0.0005636435338232104,-0.0005636435338232104
4,complete,U5,5.0,41.68693834703355,15.758589995294647,0.1883937585262161,0.6145096140020158,3.997142975995799,0.0005020142335205868,-0.0005020142335205868
4,complete,U5,5.0,42.65795188015925,15.758436840163473,0.18793412702940335,0.6152575458332645,3.9971493244452962,0.0004457801211183998,-0.0004457801211183998
4,complete,U5,5.0,43.65158322401656,15.758297881741862,0.18751710105820169,0.6159361481494292,3.99715508442549,0.00039463680886830943,-0.00039463680886830943
4,complete,U5,5.0,44.668359215096345,15.75817219191104,0.1871398952497311,0.6165499534109128,3.9971602944079256,0.0003482771426308595,-0.0003482771426308595
4,complete,U5,5.0,45.708818961487516,15.758058859212438,0.18679977423976174,0.6171034127181982,3.997164992173571,0.0003063940069765181,-0.0003063940069765181
4,complete,U5,5.0,46.77351412871981,15.757956993706342,0.18649406724396766,0.6176008720846156,3.9971692146114095,0.00026868288962900166,-0.00026868288962900166
4,complete,U5,5.0,47.863009232263806,15.757865731281937,0.18622018099274656,0.6180465513882539,3.9971729975397907,0.00023484419081087893,-0.00023484419081087893
4,complete,U5,5.0,48.97788193684466,15.757784237408018,0.1859756109873853,0.6184445260554536,3.9971763755509557,0.00020458526877664696,-0.00020458526877664696
4,complete,U5,5.0,50.11872336272725,15.7577117103222,0.18575795107120452,0.6187987114862334,3.99717938187884,0.00017762221811601364,-0.00017762221811601364
4,complete,U5,5.0,51.28613839913648,15.757647383664532,0.18556490133318032,0.6191128501931841,3.997182048289913,0.00015368138214899574,-0.00015368138214899574
4,complete,U5,5.0,52.48074602497723,15.757590528568457,0.18539427438317593,0.6193905015901447,3.997184404996498,0.00013250060496483584,-0.00013250060496483584
4,complete,U5,5.0,53.70317963702533,15.757540455228678,0.18524400005715197,0.619635034335686,3.997186480591788,0.00011383023224942335,-0.00011383023224942335
4,complete,U5,5.0,54.954087385762485,15.757496513970837,0.18511212862745421,0.619849621109193,3.9971883020055015,9.743387310301443e-05,-9.743387310301443e-05
4,complete,U5,5.0,56.23413251903491,15.75745809585287,0.18499683260745572,0.6200372356742766,3.9971898944789626,8.30889375165178e-05,-8.30889375165178e-05
4,complete,U5,5.0,57.543993733715666,15.757424632831567,0.1848964072514556,0.6202006520653159,3.997191281558189,7.058696607531445e-05,-7.058696607531445e-05
4,complete,U5,5.0,58.884365535558956,15.757395597531039,0.18480926985985488,0.620342445718105,3.9971924851034935,5.9733769881109566e-05,-5.9733769881109566e-05
4,complete,U5,5.0,60.25595860743581,15.75737050265202,0.1847339580063188,0.6204649963546925,3.997193525313971,5.034939957315743e-05,-5.034939957315743e-05
4,complete,U5,5.0,61.65950018614822,15.757348900062222,0.1846691268080013,0.6205704924253836,3.9971944207651986,4.2267962893749456e-05,-4.2267962893749456e-05
4,complete,U5,5.0,63.0957344480193,15.757330379608998,0.1846135453620928,0.620660936907344,3.99719518845846,3.5337310257510524e-05,-3.5337310257510524e-05
4,complete,U5,5.0,64.56542290346563,15.757314567695227,0.18456609247209535,0.6207381542589832,3.997195843879765,2.9418607651265916e-05,-2.9418607651265916e-05
4,complete,U5,5.0,66.06934480075964,15.757301125659191,0.18452575178551112,0.6208037983321159,3.99719640106702,2.4385815608596317e-05,-2.4385815608596317e-05
4,complete,U5,5.0,67.60829753919819,15.757289747997616,0.1844916064612234,0.6208593610494234,3.99719687268367,2.012509228599413e-05,-2.012509228599413e-05
4,complete,U5,5.0,69.18309709189363,15.757280160469884,0.1844628334799499,0.6209061816627269,3.997197270097293,1.6534137670998206e-05,-1.6534137670998206e-05
4,complete,U5,5.0,70.79457843841388,15.757272118118975,0.18443869770494853,0.620945456417657,3.9971976034616286,1.3521494836687964e-05,-1.3521494836687964e-05
4,complete,U5,5.0,72.44359600749905,15.75726540324247,0.1844185457928636,0.6209782484621824,3.997197881800683,1.1005822927234732e-05,-1.1005822927234732e-05
4,complete,U5,5.0,74.13102413009177,15.757259823344205,0.18440180004642048,0.6210054978497674,3.9971981130936354,8.91515516565633e-06,-8.91515516565633e-06
4,complete,U5,5.0,75.85775750291836,15.757255209094117,0.18438795229181207,0.621028031502345,3.9971983043594017,7.186153825333719e-06,-7.186153825333719e-06
4,complete,U5,5.0,77.62471166286912,15.757251412320857,0.18437655785427948,0.6210465730135095,3.99719846173985,5.763372625366969e-06,-5.763372625366969e-06
4,complete,U5,5.0,79.43282347242821,15.757248304058372,0.18436722969576771,0.6210617521879708,3.997198590580767,4.598535618960398e-06,-4.598535618960398e-06
4,complete,U5,5.0,81.28305161640995,15.757245772664522,0.1843596327688286,0.6210741142291204,3.997198695509839,3.649840197184062e-06,-3.649840197184062e-06
4,complete,U5,5.0,83.17637711026708,15.757243722026693,0.1843534786313291,0.6210841285022104,3.997198780511045,2.881290447120932e-06,-2.881290447120932e-06
4,complete,U5,5.0,85.11380382023759,15.757242069865923,0.18434852035716462,0.6210921968158517,3.997198848994936,2.262065842195682e-06,-2.262065842195682e-06
4,complete,U5,5.0,87.09635899560814,15.757240746148488,0.18434454776924059,0.6210986611791113,3.9971989038644873,1.765928936858785e-06,-1.765928936858785e-06
4,complete,U5,5.0,89.12509381337459,15.757239691610833,0.18434138301257982,0.6211038110051371,3.997198947576238,1.3706746324615438e-06,-1.3706746324615438e-06
4,complete,U5,5.0,91.20108393559097,15.75723885640114,0.18433887647767563,0.6211078897448539,3.997198982196604,1.0576225379921311e-06,-1.0576225379921311e-06
4,complete,U5,5.0,93.32543007969905,15.757238198838701,0.18433690307720788,0.6211111009456436,3.997199009453294,8.111529878895851e-07,-8.111529878895851e-07
4,complete,U5,5.0,95.49925860214368,15.757237684289999,0.18433535887305166,0.6211136137400245,3.997199030781907,6.182864691339773e-07,-6.182864691339773e-07
4,complete,U5,5.0,97.72372209558111,15.757237284158686,0.18433415804516587,0.6211155677779998,3.9971990473677907,4.6830553124266316e-07,-4.6830553124266316e-07
4,complete,U5,5.0,100.0,15.757236974985227,0.18433323018947861,0.6211170776240572,3.997199060183372,3.524176013236513e-07,-3.524176013236513e-07
4,complete,U5,5.0,102.32929922807536,15.75723673765063,0.18433251792827363,0.6211182366456454,3.997199070021154,2.634567430881418e-07,-2.634567430881418e-07
4,complete,U5,5.0,104.71285480509006,15.7572365566779,0.18433197481381017,0.6211191204244946,3.9971990775226747,1.956219519705371e-07,-1.956219519705371e-07
4,complete,U5,5.0,107.1519305237607,15.75723641962415,0.18433156350392627,0.6211197897253515,3.997199083203703,1.4424937244683633e-07,-1.4424937244683633e-07
4,complete,U5,5.0,109.64781961431851,15.757236316555813,0.1843312541871266,0.6211202930587436,3.997199087476001,1.0561564689481884e-07,-1.0561564689481884e-07
4,complete,U5,5.0,112.2018454301963,15.757236239599278,0.18433102323406833,0.621120668875338,3.997199090665933,7.676952762381006e-08,-7.676952762381006e-08
4,complete,U5,5.0,114.81536214968841,15.757236182559328,0.1843308520523515,0.6211209474294748,3.9971990930303023,5.538884684241907e-08,-5.538884684241907e-08
4,complete,U5,5.0,117.48975549395303,15.757236140597717,0.18433072612200496,0.6211211523486666,3.997199094769659,3.966007122713222e-08,-3.966007122713222e-08
4,complete,U5,5.0,120.22644346174131,15.757236109964774,0.18433063418995174,0.6211213019443956,3.9971990960394277,2.8177696176356903e-08,-2.8177696176356903e-08
4,complete,U5,5.0,123.02687708123811,15.757236087777127,0.18433056760294841,0.6211214102975867,3.99719909695913,1.9860931566029194e-08,-1.9860931566029194e-08
4,complete,U5,5.0,125.89254117941688,15.75723607183522,0.18433051975993422,0.6211214881497649,3.9971990976199394,1.388530312951275e-08,-1.388530312951275e-08
4,complete,U5,5.0,128.82495516931348,15.75723606047479,0.18433048566633126,0.621121543628319,3.997199098090841,9.62698543105489e-09,-9.62698543105489e-09
4,complete,U5,5.0,131.82567385564073,15.757236052447091,0.18433046157452126,0.6211215828315324,3.9971990984235997,6.617898673511036e-09,-6.617898673511036e-09
4,complete,U5,5.0,134.89628825916532,15.757236046823097,0.18433044469644083,0.6211216102962595,3.9971990986567203,4.509812523423307e-09,-4.509812523423307e-09
4,complete,U5,5.0,138.03842646028838,15.75723604291767,0.18433043297592513,0.6211216293683784,3.9971990988186037,3.0459106348246223e-09,-3.0459106348246223e-09
4,complete,U5,5.0,141.25375446227554,15.757236040230017,0.18433042491005272,0.6211216424935078,3.9971990989300106,2.0384764987113613e-09,-2.0384764987113613e-09
4,complete,U5,5.0,144.5439770745928,15.757236038397417,0.18433041941026648,0.6211216514429927,3.9971990990059734,1.3515499830418776e-09,-1.3515499830418776e-09
4,complete,U5,5.0,147.91083881682073,15.757236037159592,0.1843304156954546,0.6211216574878916,3.997199099057282,8.875664647689518e-10,-8.875664647689518e-10
4,complete,U5,5.0,151.3561248436207,15.757236036331552,0.18433041321043986,0.621121661531613,3.9971990990916053,5.771862987558052e-10,-5.771862987558052e-10
4,complete,U5,5.0,154.88166189124829,15.757236035783091,0.18433041156445965,0.6211216642100218,3.9971990991143396,3.716014163046566e-10,-3.716014163046566e-10
4,complete,U5,5.0,158.48931924611142,15.757236035423473,0.18433041048520524,0.6211216659662303,3.997199099129247,2.368008011899292e-10,-2.368008011899292e-10
4,complete,U5,5.0,162.18100973589299,15.757236035190099,0.18433040978484025,0.6211216671058936,3.997199099138919,1.493254409012934e-10,-1.493254409012934e-10
4,complete,U5,5.0,165.95869074375597,15.757236035040252,0.18433040933514144,0.6211216678376625,3.997199099145131,9.315836990708704e-11,-9.315836990708704e-11
4,complete,U5,5.0,169.8243652461746,15.757236034945079,0.18433040904950826,0.6211216683024571,3.9971990991490762,5.7482019144572405e-11,-5.7482019144572405e-11
4,complete,U5,5.0,173.78008287493762,15.75723603488529,0.18433040887008614,0.6211216685944202,3.997199099151554,3.5072389437118545e-11,-3.5072389437118545e-11
4,complete,U5,5.0,177.82794100389228,15.757236034848157,0.18433040875865378,0.6211216687757476,3.9971990991530935,2.1154189511207733e-11,-2.1154189511207733e-11
4,complete,U5,5.0,181.97008586099827,15.757236034825368,0.18433040869024692,0.6211216688870624,3.997199099154039,1.2608580846062978e-11,-1.2608580846062978e-11
4,complete,U5,5.0,186.20871366628694,15.757236034811545,0.18433040864874914,0.6211216689545895,3.9971990991546122,7.425171588693047e-12,-7.425171588693047e-12
4,complete,U5,5.0,190.54607179632484,15.75723603480325,0.18433040862387964,0.621121668995058,3.997199099154955,4.320988011841109e-12,-4.320988011841109e-12
4,complete,U5,5.0,194.98445997580455,15.757236034798346,0.18433040860915986,0.6211216690190104,3.9971990991551576,2.482014593852e-12,-2.482014593852e-12
4,complete,U5,5.0,199.52623149688787,15.75723603479548,0.1843304086005578,0.6211216690330081,3.9971990991552766,1.4082068844345486e-12,-1.4082068844345486e-12
4,complete,U5,5.0,204.17379446695315,15.757236034793829,0.184330408595596,0.6211216690410823,3.997199099155346,7.86926079854311e-13,-7.86926079854311e-13
4,complete,U5,5.0,208.92961308540407,15.757236034792887,0.1843304085927718,0.6211216690456779,3.9971990991553845,4.347633364432113e-13,-4.347633364432113e-13
4,complete,U5,5.0,213.79620895022325,15.757236034792358,0.18433040859118616,0.6211216690482583,3.997199099155407,2.3714363805993344e-13,-2.3714363805993344e-13
4,complete,U5,5.0,218.77616239495518,15.757236034792067,0.1843304085903082,0.621121669049687,3.9971990991554183,1.270095140171179e-13,-1.270095140171179e-13
4,complete,U5,5.0,223.87211385683423,15.757236034791909,0.184330408589829,0.6211216690504667,3.9971990991554254,6.661338147750939e-14,-6.661338147750939e-14
4,complete,U5,5.0,229.08676527677747,15.75723603479182,0.1843304085895712,0.6211216690508862,3.997199099155429,3.552713678800501e-14,-3.552713678800501e-14
4,complete,U5,5.0,234.42288153199226,15.757236034791779,0.18433040858943467,0.6211216690511083,3.997199099155431,1.7319479184152442e-14,-1.7319479184152442e-14
4,complete,U5,5.0,239.88329190194898,15.75723603479175,0.18433040858936334,0.6211216690512245,3.9971990991554316,1.021405182655144e-14,-1.021405182655144e-14
4,complete,U5,5.0,245.47089156850285,15.75723603479174,0.18433040858932673,0.621121669051284,3.9971990991554325,4.884981308350689e-15,-4.884981308350689e-15
4,complete,U5,5.0,251.18864315095823,15.757236034791731,0.18433040858930816,0.6211216690513139,3.997199099155432,3.1086244689504383e-15,-3.1086244689504383e-15
4,complete,U5,5.0,257.03957827688646,15.757236034791733,0.18433040858929906,0.6211216690513292,3.997199099155434,4.440892098500626e-16,-4.440892098500626e-16
4,complete,U5,5.0,263.02679918953817,15.75723603479173,0.18433040858929453,0.6211216690513366,3.997199099155434,4.440892098500626e-16,-4.440892098500626e-16
4,complete,U5,5.0,269.1534803926914,15.75723603479173,0.1843304085892924,0.62112166905134,3.997199099155434,-4.440892098500626e-16,4.440892098500626e-16
4,complete,U5,5.0,275.4228703338169,15.757236034791728,0.1843304085892913,0.6211216690513417,3.997199099155433,4.440892098500626e-16,-4.440892098500626e-16
4,complete,U5,5.0,281.8382931264455,15.757236034791731,0.18433040858929084,0.6211216690513425,3.997199099155434,-4.440892098500626e-16,4.440892098500626e-16
4,complete,U5,5.0,288.40315031266056,15.757236034791728,0.18433040858929065,0.6211216690513428,3.997199099155433,0.0,-0.0
4,complete,U5,5.0,295.1209226666384,15.757236034791731,0.18433040858929056,0.621121669051343,3.997199099155434,-4.440892098500626e-16,4.440892098500626e-16
4,complete,U5,5.0,301.9951720402019,15.757236034791728,0.1843304085892905,0.621121669051343,3.997199099155433,0.0,-0.0
4,complete,U5,5.0,309.0295432513592,15.757236034791728,0.18433040858929045,0.621121669051343,3.997199099155433,0.0,-0.0
4,complete,U5,5.0,316.22776601683796,15.757236034791728,0.18433040858929045,0.621121669051343,3.997199099155433,0.0,-0.0
4,complete,U5,5.0,323.5936569296281,15.757236034791728,0.18433040858929045,0.621121669051343,3.997199099155433,0.0,-0.0
4,complete,U5,5.0,331.1311214825914,15.757236034791728,0.18433040858929045,0.621121669051343,3.997199099155433,0.0,-0.0
4,complete,U5,5.0,338.84415613920277,15.757236034791728,0.18433040858929045,0.621121669051343,3.997199099155433,0.0,-0.0
4,complete,U5,5.0,346.73685045253166,15.757236034791728,0.18433040858929045,0.621121669051343,3.997199099155433,0.0,-0.0
4,complete,U5,5.0,354.8133892335753,15.757236034791728,0.18433040858929045,0.621121669051343,3.997199099155433,0.0,-0.0
4,complete,U5,5.0,363.07805477010174,15.757236034791728,0.18433040858929045,0.621121669051343,3.997199099155433,0.0,-0.0
4,complete,U5,5.0,371.53522909717276,15.757236034791728,0.18433040858929045,0.621121669051343,3.997199099155433,0.0,-0.0
4,complete,U5,5.0,380.1893963205613,15.757236034791728,0.18433040858929045,0.621121669051343,3.997199099155433,0.0,-0.0
4,complete,U5,5.0,389.04514499428046,15.757236034791728,0.18433040858929045,0.621121669051343,3.997199099155433,0.0,-0.0
4,complete,U5,5.0,398.1071705534977,15.757236034791728,0.18433040858929045,0.621121669051343,3.997199099155433,0.0,-0.0
4,complete,U5,5.0,407.380277804113,15.757236034791728,0.18433040858929045,0.621121669051343,3.997199099155433,0.0,-0.0
4,complete,U5,5.0,416.8693834703355,15.757236034791728,0.18433040858929045,0.621121669051343,3.997199099155433,0.0,-0.0
4,complete,U5,5.0,426.57951880159254,15.757236034791728,0.18433040858929045,0.621121669051343,3.997199099155433,0.0,-0.0
4,complete,U5,5.0,436.51583224016565,15.757236034791728,0.18433040858929045,0.621121669051343,3.997199099155433,0.0,-0.0
4,complete,U5,5.0,446.6835921509635,15.757236034791728,0.18433040858929045,0.621121669051343,3.997199099155433,0.0,-0.0
4,complete,U5,5.0,457.0881896148752,15.757236034791728,0.18433040858929045,0.621121669051343,3.997199099155433,0.0,-0.0
4,complete,U5,5.0,467.73514128719813,15.757236034791728,0.18433040858929045,0.621121669051343,3.997199099155433,0.0,-0.0
4,complete,U5,5.0,478.630092322638,15.757236034791728,0.18433040858929045,0.621121669051343,3.997199099155433,0.0,-0.0
4,complete,U5,5.0,489.77881936844665,15.757236034791728,0.18433040858929045,0.621121669051343,3.997199099155433,0.0,-0.0
4,complete,U5,5.0,501.18723362727246,15.757236034791728,0.18433040858929045,0.621121669051343,3.997199099155433,0.0,-0.0
4,complete,U5,5.0,512.8613839913648,15.757236034791728,0.18433040858929045,0.621121669051343,3.997199099155433,0.0,-0.0
4,complete,U5,5.0,524.8074602497722,15.757236034791728,0.18433040858929045,0.621121669051343,3.997199099155433,0.0,-0.0
4,complete,U5,5.0,537.0317963702532,15.757236034791728,0.18433040858929045,0.621121669051343,3.997199099155433,0.0,-0.0
4,complete,U5,5.0,549.5408738576248,15.757236034791728,0.18433040858929045,0.621121669051343,3.997199099155433,0.0,-0.0
4,complete,U5,5.0,562.341325190349,15.757236034791728,0.18433040858929045,0.621121669051343,3.997199099155433,0.0,-0.0
4,complete,U5,5.0,575.4399373371566,15.757236034791728,0.18433040858929045,0.621121669051343,3.997199099155433,0.0,-0.0
4,complete,U5,5.0,588.8436553555896,15.757236034791728,0.18433040858929045,0.621121669051343,3.997199099155433,0.0,-0.0
4,complete,U5,5.0,602.5595860743581,15.757236034791728,0.18433040858929045,0.621121669051343,3.997199099155433,0.0,-0.0
4,complete,U5,5.0,616.5950018614822,15.757236034791728,0.18433040858929045,0.621121669051343,3.997199099155433,0.0,-0.0
4,complete,U5,5.0,630.957344480193,15.757236034791728,0.18433040858929045,0.621121669051343,3.997199099155433,0.0,-0.0
4,complete,U5,5.0,645.6542290346563,15.757236034791728,0.18433040858929045,0.621121669051343,3.997199099155433,0.0,-0.0
4,complete,U5,5.0,660.6934480075964,15.757236034791728,0.18433040858929045,0.621121669051343,3.997199099155433,0.0,-0.0
4,complete,U5,5.0,676.0829753919819,15.757236034791728,0.18433040858929045,0.621121669051343,3.997199099155433,0.0,-0.0
4,complete,U5,5.0,691.8309709189363,15.757236034791728,0.18433040858929045,0.621121669051343,3.997199099155433,0.0,-0.0
4,complete,U5,5.0,707.9457843841387,15.757236034791728,0.18433040858929045,0.621121669051343,3.997199099155433,0.0,-0.0
4,complete,U5,5.0,724.4359600749906,15.757236034791728,0.18433040858929045,0.621121669051343,3.997199099155433,0.0,-0.0
4,complete,U5,5.0,741.3102413009177,15.757236034791728,0.18433040858929045,0.621121669051343,3.997199099155433,0.0,-0.0
4,complete,U5,5.0,758.5775750291835,15.757236034791728,0.18433040858929045,0.621121669051343,3.997199099155433,0.0,-0.0
4,complete,U5,5.0,776.2471166286912,15.757236034791728,0.18433040858929045,0.621121669051343,3.997199099155433,0.0,-0.0
4,complete,U5,5.0,794.3282347242822,15.757236034791728,0.18433040858929045,0.621121669051343,3.997199099155433,0.0,-0.0
4,complete,U5,5.0,812.8305161640995,15.757236034791728,0.18433040858929045,0.621121669051343,3.997199099155433,0.0,-0.0
4,complete,U5,5.0,831.7637711026708,15.757236034791728,0.18433040858929045,0.621121669051343,3.997199099155433,0.0,-0.0
4,complete,U5,5.0,851.1380382023759,15.757236034791728,0.18433040858929045,0.621121669051343,3.997199099155433,0.0,-0.0
4,complete,U5,5.0,870.9635899560815,15.757236034791728,0.18433040858929045,0.621121669051343,3.997199099155433,0.0,-0.0
4,complete,U5,5.0,891.2509381337459,15.757236034791728,0.18433040858929045,0.621121669051343,3.997199099155433,0.0,-0.0
4,complete,U5,5.0,912.0108393559096,15.757236034791728,0.18433040858929045,0.621121669051343,3.997199099155433,0.0,-0.0
4,complete,U5,5.0,933.2543007969905,15.757236034791728,0.18433040858929045,0.621121669051343,3.997199099155433,0.0,-0.0
4,complete,U5,5.0,954.9925860214369,15.757236034791728,0.18433040858929045,0.621121669051343,3.997199099155433,0.0,-0.0
4,complete,U5,5.0,977.2372209558112,15.757236034791728,0.18433040858929045,0.621121669051343,3.997199099155433,0.0,-0.0
4,complete,U5,5.0,1000.0,15.757236034791728,0.18433040858929045,0.621121669051343,3.997199099155433,0.0,-0.0
4,complete,U5,5.0,inf,15.757236034791728,0.18433040858929045,0.621121669051343,3.997199099155433,0.0,0.0
4,complete,U20,20.0,0.0,144.00000000000003,0.1755636530239477,0.6380952380952382,3.42857142857143,-6.915631102646806,6.915631102646806
4,complete,U20,20.0,0.001,142.5096006297111,0.18249474600665874,0.6240543788664613,3.4488770867874643,-6.944616242967374,6.944616242967374
4,complete,U20,20.0,0.0010232929922807535,142.47527421519743,0.1826565131626761,0.6237269039576491,3.449343740088247,-6.945152995701751,6.945152995701751
4,complete,U20,20.0,0.0010471285480508996,142.440166580693,0.18282206122573857,0.6233917860647443,3.449820965461438,-6.9456957516636315,6.9456957516636315
4,complete,U20,20.0,0.001071519305237606,142.40426039289002,0.18299147870861532,0.6230488467853963,3.4503089951703556,-6.946244346249369,6.946244346249369
4,complete,U20,20.0,0.0010964781961431851,142.36753795534676,0.1831648561951789,0.6226979035681309,3.4508080662320375,-6.946798596827335,6.946798596827335
4,complete,U20,20.0,0.001122018454301963,142.32998120193372,0.18334228638827108,0.622338769617712,3.4513184204972944,-6.9473583016621845,6.9473583016621845
4,complete,U20,20.0,0.0011481536214968829,142.29157169021713,0.18352386415860283,0.6219712537985174,3.4518403047311783,-6.947923238783979,6.947923238783979
4,complete,U20,20.0,0.001174897554939529,142.2522905947797,0.18370968659471235,0.621595160535894,3.4523739706938645,-6.94849316479986,6.94849316479986
4,complete,U20,20.0,0.001202264434617413,142.21211870048492,0.18389985305399473,0.6212102897154719,3.452919675221844,-6.949067813645865,6.949067813645865
4,complete,U20,20.0,0.0012302687708123812,142.1710363956849,0.1840944652148173,0.6208164365804096,3.4534776803093643,-6.949646895275368,6.949646895275368
4,complete,U20,20.0,0.0012589254117941675,142.12902366537764,0.18429362712974034,0.6204133916265433,3.454048253190091,-6.950230094281878,6.950230094281878
4,complete,U20,20.0,0.0012882495516931337,142.08606008431516,0.18449744527985362,0.6200009404954161,3.4546316664188605,-6.950817068452654,6.950817068452654
4,complete,U20,20.0,0.0013182567385564075,142.04212481006869,0.1847060286302488,0.6195788638651735,3.4552281979534993,-6.951407447250467,6.951407447250467
4,complete,U20,20.0,0.0013489628825916532,141.99719657605365,0.18491948868663552,0.6191469373392914,3.45583813123657,-6.95200083021939,6.95200083021939
4,complete,U20,20.0,0.0013803842646028853,141.95125368451977,0.18513793955311986,0.618704931333128,3.4564617552770183,-6.952596785312007,6.952596785312007
4,complete,U20,20.0,0.001412537544622754,141.90427399951164,0.18536149799115445,0.6182526109582802,3.4570993647315595,-6.95319484713383,6.95319484713383
4,complete,U20,20.0,0.001445439770745928,141.85623493980395,0.1855902834796724,0.6177897359047251,3.4577512599857574,-6.953794515101151,6.953794515101151
4,complete,U20,20.0,0.0014791083881682072,141.80711347181892,0.18582441827641774,0.6173160603207432,3.4584177472346456,-6.954395251508963,6.954395251508963
4,complete,U20,20.0,0.0015135612484362087,141.75688610253073,0.18606402748047898,0.6168313326906043,3.4590991385628067,-6.95499647950421,6.95499647950421
4,complete,U20,20.0,0.0015488166189124811,141.70552887236406,0.18630923909603622,0.6163352957100178,3.4597957520237763,-6.955597580960234,6.955597580960234
4,complete,U20,20.0,0.001584893192461114,141.6530173480943,0.18656018409732747,0.6158276861593369,3.4605079117186155,-6.95619789424849,6.95619789424849
4,complete,U20,20.0,0.0016218100973589297,141.5993266157565,0.18681699649484168,0.6153082347745267,3.4612359478735657,-6.956796711902239,6.956796711902239
4,complete,U20,20.0,0.0016595869074375613,141.54443127357095,0.1870798134027388,0.6147766661158882,3.461980196916583,-6.957393278167679,6.957393278167679
4,complete,U20,20.0,0.0016982436524617442,141.48830542489577,0.18734877510750314,0.6142326984345577,3.4627410015526485,-6.957986786437953,6.957986786437953
4,complete,U20,20.0,0.0017378008287493763,141.43092267121224,0.18762402513782553,0.6136760435367892,3.463518710837642,-6.9585763765638795,6.9585763765638795
4,complete,U20,20.0,0.0017782794100389228,141.37225610515736,0.1879057103357157,0.6131064066460385,3.4643136802506276,-6.959161132037149,6.959161132037149
4,complete,U20,20.0,0.0018197008586099826,141.3122783036096,0.18819398092883788,0.6125234862628804,3.4651262717643947,-6.9597400770396085,6.9597400770396085
4,complete,U20,20.0,0.0018620871366628676,141.25096132084172,0.18848899060406296,0.6119269740227768,3.46595685391398,-6.960312173353074,6.960312173353074
4,complete,U20,20.0,0.0019054607179632482,141.18827668175174,0.1887908965822272,0.6113165545517438,3.46680580186306,-6.96087631712383,6.96087631712383
4,complete,U20,20.0,0.0019498445997580456,141.12419537518392,0.18909985969408258,0.6106919053199606,3.4676734974679215,-6.961431335475297,6.961431335475297
4,complete,U20,20.0,0.001995262314968879,141.0586878473536,0.18941604445742444,0.6100526964933606,3.4685603293388168,-6.961975982962748,6.961975982962748
4,complete,U20,20.0,0.0020417379446695297,140.99172399538952,0.18973961915537138,0.6093985907832886,3.4694666928984628,-6.962508937862744,6.962508937862744
4,complete,U20,20.0,0.0020892961308540386,140.92327316100895,0.19007075591577857,0.6087292432942695,3.4703929904373965,-6.963028798291663,6.963028798291663
4,complete,U20,20.0,0.0021379620895022326,140.85330412434047,0.1904096307917486,0.6080443013699851,3.4713396311659594,-6.963534078144402,6.963534078144402
4,complete,U20,20.0,0.002187761623949552,140.78178509791155,0.19075642384321098,0.6073434044375409,3.472307031262598,-6.964023202847539,6.964023202847539
4,complete,U20,20.0,0.00223872113856834,140.70868372081836,0.19111131921952706,0.6066261838501338,3.4732956139181925,-6.964494504918129,6.964494504918129
4,complete,U20,20.0,0.0022908676527677724,140.63396705309592,0.1914745052430789,0.6058922627282267,3.474305809376095,-6.96494621932116,6.96494621932116
4,complete,U20,20.0,0.0023442288153199225,140.55760157030807,0.1918461744937866,0.6051412557993645,3.475338054967552,-6.965376478616562,6.965376478616562
4,complete,U20,20.0,0.00239883291901949,140.47955315837862,0.19222652389450157,0.6043727692367754,3.4763927951421616,-6.96578330788881,6.96578330788881
4,complete,U20,20.0,0.002454708915685031,140.39978710868354,0.1926157547972046,0.6035864004969103,3.4774704814929995,-6.966164619448893,6.966164619448893
4,complete,U20,20.0,0.0025118864315095794,140.31826811342916,0.19301407306994087,0.6027817381561085,3.4785715727760285,-6.966518207301128,6.966518207301128
4,complete,U20,20.0,0.0025703957827688645,140.2349602613377,0.19342168918441038,0.6019583617465699,3.4796965349233924,-6.966841741365286,6.966841741365286
4,complete,U20,20.0,0.0026302679918953813,140.14982703366869,0.19383881830411845,0.6011158415918608,3.4808458410501766,-6.967132761444422,6.967132761444422
4,complete,U20,20.0,0.0026915348039269166,140.06283130059919,0.19426568037299613,0.6002537386421782,3.4820199714541773,-6.967388670929726,6.967388670929726
4,complete,U20,20.0,0.002754228703338166,139.97393531799315,0.1947025002043694,0.5993716043096401,3.4832194136082437,-6.9676067302315445,6.9676067302315445
4,complete,U20,20.0,0.002818382931264455,139.88310072458813,0.19514950757016508,0.598468980303878,3.4844446621446634,-6.967784049927648,6.967784049927648
4,complete,U20,20.0,0.0028840315031266055,139.79028853963052,0.19560693729021475,0.59754539846824,3.4856962188311305,-6.96791758361832,6.96791758361832
4,complete,U20,20.0,0.002951209226666387,139.69545916099077,0.19607502932151277,0.5966003806169464,3.4869745925377287,-6.96800412047758,6.96800412047758
4,complete,U20,20.0,0.003019951720402016,139.5985723637937,0.19655402884726608,0.5956334383735589,3.4882802991943893,-6.968040277490722,6.968040277490722
4,complete,U20,20.0,0.003090295432513592,139.49958729959724,0.1970441863655648,0.5946440730111657,3.489613861738226,-6.9680224913671225,6.9680224913671225
4,complete,U20,20.0,0.0031622776601683794,139.39846249615934,0.19754575777747682,0.5936317752947121,3.490975810050165,-6.967947010117783,6.967947010117783
4,complete,U20,20.0,0.003235936569296281,139.29515585782963,0.19805900447436614,0.5925960253259509,3.4923666808801905,-6.967809884287238,6.967809884287238
4,complete,U20,20.0,0.003311311214825911,139.18962466660713,0.1985841934241998,0.5915362923915163,3.4937870177605834,-6.967606957828007,6.967606957828007
4,complete,U20,20.0,0.0033884415613920273,139.0818255839082,0.19912159725660616,0.5904520348146749,3.495237370906436,-6.967333858608114,6.967333858608114
4,complete,U20,20.0,0.0034673685045253167,138.97171465308566,0.1996714943464123,0.589342699811356,3.496718297102721,-6.966985988539655,6.966985988539655
4,complete,U20,20.0,0.0035481338923357532,138.8592473027496,0.20023416889537327,0.5882077233510854,3.4982303595771587,-6.966558513318709,6.966558513318709
4,complete,U20,20.0,0.003630780547701014,138.74437835093542,0.2008099110117811,0.5870465300235416,3.4997741278581094,-6.966046351765051,6.966046351765051
4,complete,U20,20.0,0.003715352290971728,138.627062010171,0.20139901678761554,0.5858585329114646,3.5013501776166462,-6.965444164752363,6.965444164752363
4,complete,U20,20.0,0.0038018939632056127,138.50725189349586,0.20200178837287008,0.5846431334707315,3.5029590904919776,-6.964746343717991,6.964746343717991
4,complete,U20,20.0,0.003890451449942805,138.38490102148725,0.20261853404665947,0.5833997214184592,3.5046014538993253,-6.963946998742728,6.963946998742728
4,complete,U20,20.0,0.003981071705534973,138.25996183035028,0.2032495682846864,0.5821276746300826,3.5062778608193197,-6.9630399461916,6.9630399461916
4,complete,U20,20.0,0.004073802778041126,138.1323861811326,0.20389521182260376,0.580826359046386,3.5079889095679664,-6.962018695906032,6.962018695906032
4,complete,U20,20.0,0.004168693834703355,138.0021253701255,0.20455579171479057,0.5794951285915884,3.5097352035462004,-6.960876437940435,6.960876437940435
4,complete,U20,20.0,0.004265795188015926,137.86913014051618,0.205231641388,0.5781333251036175,3.5115173509679565,-6.959606028834255,6.959606028834255
4,complete,U20,20.0,0.004365158322401661,137.73335069535864,0.20592310068932326,0.5767402782778173,3.5133359645657056,-6.958199977414189,6.958199977414189
4,complete,U20,20.0,0.0044668359215096305,137.59473671193342,0.2066305159278483,0.5753153056254116,3.5151916612723535,-6.9566504301197725,6.9566504301197725
4,complete,U20,20.0,0.004570881896148752,137.45323735756813,0.20735423990937096,0.5738577124481395,3.5170850618783116,-6.954949155848826,6.954949155848826
4,complete,U20,20.0,0.004677351412871981,137.30880130699552,0.20809463196344846,0.5723667918305742,3.5190167906625947,-6.953087530319159,6.953087530319159
4,complete,U20,20.0,0.004786300923226385,137.16137676132564,0.20885205796205095,0.5708418246517506,3.5209874749966534,-6.9510565199444585,6.9510565199444585
4,complete,U20,20.0,0.004897788193684461,137.0109114687145,0.20962689032901036,0.5692820796178176,3.5229977449197194,-6.9488466652255205,6.9488466652255205
4,complete,U20,20.0,0.005011872336272725,136.85735274681224,0.21041950803940504,0.567686813317566,3.5250482326843042,-6.946448063657002,6.946448063657002
4,complete,U20,20.0,0.005128613839913648,136.7006475070785,0.2112302966079707,0.5660552703027879,3.527139572270506,-6.943850352155689,6.943850352155689
4,complete,U20,20.0,0.005248074602497723,136.54074228105327,0.2120596480655627,0.5643866831955613,3.529272398867699,-6.941042689015397,6.941042689015397
4,complete,U20,20.0,0.005370317963702527,136.37758324867806,0.21290796092262512,0.56268027282468,3.5314473483222173,-6.938013735397842,6.938013735397842
4,complete,U20,20.0,0.005495408738576248,136.21111626876126,0.2137756401185662,0.5609352483935975,3.5336650565494554,-6.934751636372372,6.934751636372372
4,complete,U20,20.0,0.005623413251903491,136.0412869116865,0.21466309695586067,0.559150807682385,3.5359261589089237,-6.931244001519008,6.931244001519008
4,complete,U20,20.0,0.005754399373371567,135.86804049446692,0.21557074901762724,0.5573261372863733,3.5382312895406605,-6.9274778851143815,6.9274778851143815
4,complete,U20,20.0,0.00588843655355589,135.6913221182487,0.2164990200673562,0.5554604128943009,3.5405810806613895,-6.92343976592398,6.92343976592398
4,complete,U20,20.0,0.0060255958607435805,135.5110767083714,0.21744833992937404,0.5535527996089536,3.5429761618187485,-6.91911552662739,6.91911552662739
4,complete,U20,20.0,0.006165950018614822,135.32724905709597,0.21841914434856,0.5516024523134619,3.5454171591019574,-6.91449043291021,6.91449043291021
4,complete,U20,20.0,0.00630957344480193,135.13978386911344,0.21941187482772645,0.5496085160865926,3.547904694307111,-6.909549112259157,6.909549112259157
4,complete,U20,20.0,0.006456542290346556,134.94862580994916,0.22042697844099912,0.547570126670568,3.5504393840554096,-6.904275532505018,6.904275532505018
4,complete,U20,20.0,0.006606934480075964,134.75371955738282,0.2214649076214355,0.5454864109951306,3.553021838862495,-6.8986529801636,6.8986529801636
4,complete,U20,20.0,0.006760829753919818,134.55500985600335,0.22252611992101234,0.5433564877617652,3.5556526621570654,-6.892664038630532,6.892664038630532
4,complete,U20,20.0,0.006918309709189363,134.35244157502288,0.22361107774103303,0.5411794680922066,3.558332449246935,-6.8862905662959335,6.8862905662959335
4,complete,U20,20.0,0.00707945784384138,134.14595976947498,0.22472024803088989,0.5389544562455565,3.5610617862306366,-6.879513674651211,6.879513674651211
4,complete,U20,20.0,0.007244359600749898,133.93550974492402,0.22585410195301195,0.5366805504085479,3.5638412488527154,-6.872313706469402,6.872313706469402
4,complete,U20,20.0,0.007413102413009177,133.72103712581543,0.2270131145117357,0.5343568435637134,3.5666714013007597,-6.864670214151239,6.864670214151239
4,complete,U20,20.0,0.007585775750291836,133.50248792759547,0.22819776414371154,0.5319824244404309,3.569552794942301,-6.856561938337855,6.856561938337855
4,complete,U20,20.0,0.00776247116628692,133.2798086327337,0.22940853226736235,0.5295563785540292,3.5724859669996265,-6.847966786903342,6.847966786903342
4,complete,U20,20.0,0.007943282347242814,133.0529462707777,0.23064590278880034,0.5270777893383707,3.5754714391606215,-6.838861814452354,6.838861814452354
4,complete,U20,20.0,0.008128305161640995,132.82184850257462,0.23191036156149042,0.5245457393775284,3.5785097161237656,-6.829223202459449,6.829223202459449
4,complete,U20,20.0,0.008317637711026709,132.58646370878847,0.23320239579685842,0.5219593117423981,3.581601284075356,-6.819026240202824,6.819026240202824
4,complete,U20,20.0,0.008511380382023767,132.3467410828447,0.23452249342291762,0.5193175914382863,3.584746609097189,-6.808245306656897,6.808245306656897
4,complete,U20,20.0,0.008709635899560805,132.1026307284324,0.23587114238790083,0.5166196669697216,3.5879461355028663,-6.796853853526468,6.796853853526468
4,complete,U20,20.0,0.008912509381337459,131.85408376168758,0.23724882990578033,0.5138646320289169,3.591200284101036,-6.784824389619331,6.784824389619331
4,complete,U20,20.0,0.009120108393559097,131.60105241818349,0.23865604164046833,0.5110515873144938,3.5945094503838755,-6.772128466773001,6.772128466773001
4,complete,U20,20.0,0.009332543007969905,131.34349016484504,0.24009326082540444,0.5081796424872336,3.5978740026393132,-6.758736667568773,6.758736667568773
4,complete,U20,20.0,0.009549925860214359,131.08135181690213,0.2415609673151669,0.5052479182697565,3.6012942799854843,-6.744618595085811,6.744618595085811
4,complete,U20,20.0,0.009772372209558112,130.81459365998873,0.24305963656567037,0.502255548697151,3.6047705903261567,-6.729742864967548,6.729742864967548
4,complete,U20,20.0,0.01,130.54317357748596,0.24458973853947868,0.4992016835256534,3.608303208225929,-6.714077100094627,6.714077100094627
4,complete,U20,20.0,0.010232929922807542,130.26705118320058,0.24615173653270567,0.4960854908065271,3.6118923727042533,-6.697587928178304,6.697587928178304
4,complete,U20,20.0,0.010471285480508996,129.9861879594573,0.24774608591997327,0.4929061596323074,3.615538284947479,-6.680240982612506,6.680240982612506
4,complete,U20,20.0,0.010715193052376065,129.70054740066917,0.24937323281390397,0.4896629030625427,3.6192411059384253,-6.662000906944378,6.662000906944378
4,complete,U20,20.0,0.01096478196143185,129.4100951624403,0.2510336126356345,0.48635496123606287,3.623000954003201,-6.64283136334636,6.64283136334636
4,complete,U20,20.0,0.011220184543019636,129.1147992162319,0.25272764859291763,0.4829816046766848,3.626817902275329,-6.622695045497597,6.622695045497597
4,complete,U20,20.0,0.01148153621496883,128.8146300096066,0.2544557500624424,0.4795421377990226,3.630691976077609,-6.601553696303466,6.601553696303466
4,complete,U20,20.0,0.011748975549395297,128.50956063204407,0.2562183108731482,0.4760359026208089,3.634623150222508,-6.579368130908968,6.579368130908968
4,complete,U20,20.0,0.012022644346174132,128.1995669862918,0.25801570748745,0.47246228268773865,3.6386113462323393,-6.5560982654809195,6.5560982654809195
4,complete,U20,20.0,0.012302687708123818,127.88462796519116,0.25984829707751167,0.46882070721640534,3.6426564294809896,-6.5317031522587925,6.5317031522587925
4,complete,U20,20.0,0.012589254117941675,127.56472563388165,0.26171641549395025,0.46511065546031155,3.646758206259538,-6.506141021393255,6.506141021393255
4,complete,U20,20.0,0.012882495516931342,127.23984541725417,0.2636203751246717,0.46133166130327086,3.650916420768662,-6.479369330112199,6.479369330112199
4,complete,U20,20.0,0.013182567385564075,126.90997629248088,0.2655604626418944,0.45748331808370474,3.655130752041504,-6.451344819770171,6.451344819770171
4,complete,U20,20.0,0.01348962882591654,126.57511098640587,0.2675369366358521,0.45356528365240606,3.659400810801387,-6.422023581352082,6.422023581352082
4,complete,U20,20.0,0.013803842646028852,126.23524617753033,0.2695500251341775,0.44957728566525496,3.663726136259591,-6.391361130014584,6.391361130014584
4,complete,U20,20.0,0.014125375446227547,125.89038270227098,0.2715999230065349,0.4455191271111311,3.6681061928593834,-6.359312489255071,6.359312489255071
4,complete,U20,20.0,0.014454397707459272,125.54052576511022,0.2736867892547246,0.4413906920738528,3.6725403669734336,-6.325832285300837,6.325832285300837
4,complete,U20,20.0,0.014791083881682071,125.18568515218956,0.27581074418924234,0.4371919517253986,3.677027963562905,-6.290874852310406,6.290874852310406
4,complete,U20,20.0,0.01513561248436208,124.82587544782606,0.2779718664940952,0.4329229705458675,3.6815682028076817,-6.254394348968184,6.254394348968184
4,complete,U20,20.0,0.01548816618912481,124.46111625335088,0.28017019018262695,0.4285839127636712,3.6861602167184713,-6.216344887039899,6.216344887039899
4,complete,U20,20.0,0.015848931924611134,124.09143240758546,0.2824057014481191,0.42417504900725467,3.6908030457429435,-6.176680672429203,6.176680672429203
4,complete,U20,20.0,0.0162181009735893,123.71685420817634,0.2846783354141089,0.4196967631572358,3.6954956353795634,-6.135356159246882,6.135356159246882
4,complete,U20,20.0,0.016595869074375606,123.3374176329119,0.28698797279057553,0.4151495593852271,3.700236832814358,-6.092326217355254,6.092326217355254
4,complete,U20,20.0,0.016982436524617443,122.95316456003499,0.28933443644355156,0.41053406936274456,3.705025383597548,-6.047546313800087,6.047546313800087
4,complete,U20,20.0,0.017378008287493755,122.56414298645626,0.2917174878871629,0.4058510596205184,3.7098599283788554,-6.000972708471604,6.000972708471604
4,complete,U20,20.0,0.01778279410038923,122.17040724264803,0.2941368237087025,0.40110143903521367,3.7147389997220635,-5.952562664255659,5.952562664255659
4,complete,U20,20.0,0.018197008586099836,121.7720182028768,0.29659207193904796,0.3962862664170139,3.7196610190215504,-5.902274671840665,5.902274671840665
4,complete,U20,20.0,0.018620871366628676,121.36904348929619,0.2990827883825441,0.3914067581677885,3.724624293545403,-5.850068689234099,5.850068689234099
4,complete,U20,20.0,0.019054607179632473,120.96155766828781,0.3016084529223712,0.3864642959755906,3.729627013632005,-5.795906395912088,5.795906395912088
4,complete,U20,20.0,0.019498445997580455,120.54964243729493,0.30416846581944196,0.3814604345071024,3.7346672500690308,-5.739751461381342,5.739751461381342
4,complete,U20,20.0,0.0199526231496888,120.13338680024899,0.3067621440249578,0.37639690905534445,3.7397429516860865,-5.6815698277682145,5.6815698277682145
4,complete,U20,20.0,0.020417379446695295,119.71288722954445,0.3093887175289029,0.37127564309554234,3.744851943194297,-5.621330005865339,5.621330005865339
4,complete,U20,20.0,0.020892961308540396,119.28824781237118,0.31204732576897987,0.3660987556975237,3.7499919233084826,-5.559003383866862,5.559003383866862
4,complete,U20,20.0,0.021379620895022326,118.85958037907096,0.3147370141267166,0.36086856873846335,3.7551604631894566,-5.494564547800703,5.494564547800703
4,complete,U20,20.0,0.02187761623949553,118.42700461104612,0.3174567305397379,0.35558761385522625,3.760355005246169,-5.427991612431811,5.427991612431811
4,complete,U20,20.0,0.0223872113856834,117.9906481256189,0.3202053222613984,0.3502586390710928,3.765572862339121,-5.359266561152204,5.359266561152204
4,complete,U20,20.0,0.022908676527677734,117.55064653511884,0.3229815328011615,0.34488461502728135,3.770811217428178,-5.288375593106551,5.288375593106551
4,complete,U20,20.0,0.023442288153199226,117.10714347737259,0.3257839990811449,0.33946874074556954,3.7760671237092702,-5.215309475515895,5.215309475515895
4,complete,U20,20.0,0.02398832919019491,116.66029061468053,0.32861124884624143,0.334014448844476,3.781337505285565,-5.140063898873301,5.140063898873301
4,complete,U20,20.0,0.02454708915685031,116.21024759830361,0.33146169836692235,0.3285254101280398,3.7866191584193136,-5.062639832380093,5.062639832380093
4,complete,U20,20.0,0.025118864315095808,115.75718199544215,0.33433365047539315,0.3230055374632929,3.791908753410833,-4.983043876692612,4.983043876692612
4,complete,U20,20.0,0.025703957827688632,115.30126917568585,0.33722529297699266,0.31745898886021123,3.797202837150789,-4.901288610746207,4.901288610746207
4,complete,U20,20.0,0.026302679918953815,114.84269215394268,0.34013469747963204,0.3118901696662966,3.8024978363909883,-4.817392929132659,4.817392929132659
4,complete,U20,20.0,0.026915348039269153,114.38164138692757,0.3430598186845798,0.3063037337871954,3.807790061777364,-4.731382366227756,4.731382366227756
4,complete,U20,20.0,0.02754228703338166,113.91831452040894,0.3459984941819428,0.30070458384490684,3.8130757126864543,-4.64328940300954,4.64328940300954
4,complete,U20,20.0,0.028183829312644536,113.45291608458297,0.3489484447937396,0.2950978701864028,3.818350882903532,-4.553153752279989,4.553153752279989
4,complete,U20,20.0,0.028840315031266057,112.98565713517085,0.3519072755064382,0.2894889886578781,3.823611567176546,-4.461022617813718,4.461022617813718
4,complete,U20,20.0,0.029512092266663854,112.51675483811795,0.35487247703317537,0.2838835770635569,3.828853668674983,-4.366950922812038,4.366950922812038
4,complete,U20,20.0,0.03019951720402016,112.04643199612813,0.35784142804356833,0.278287510233044,3.8340730073769325,-4.27100150295162,4.27100150295162
4,complete,U20,20.0,0.030902954325135904,111.57491651567597,0.36081139809600304,0.2727068936277216,3.8392653294005075,-4.1732452592930755,4.1732452592930755
4,complete,U20,20.0,0.03162277660168379,111.10244081362771,0.3637795513035244,0.26714805542471115,3.8444263172879745,-4.073761266358936,4.073761266358936
4,complete,U20,20.0,0.03235936569296283,110.6292411631524,0.36674295075992197,0.26161753702646534,3.8495516012417967,-3.972636830819532,3.972636830819532
4,complete,U20,20.0,0.03311311214825911,110.15555697922116,0.36969856374731586,0.2561220819551499,3.854636771301942,-3.8699674964373756,3.8699674964373756
4,complete,U20,20.0,0.033884415613920256,109.68163004468124,0.3726432677404975,0.2506686231035855,3.8596773904428376,-3.765856991230372,3.765856991230372
4,complete,U20,20.0,0.034673685045253165,109.20770367863237,0.37557385721646014,0.24526426832856585,3.864669008556635,-3.660417113215601,3.660417113215601
4,complete,U20,20.0,0.03548133892335755,108.73402184963453,0.37848705127008864,0.23991628438779544,3.8696071772770524,-3.5537675516032365,3.5537675516032365
4,complete,U20,20.0,0.03630780547701014,108.26082823712292,0.38137950202883864,0.23463207923829407,3.8744874655849872,-3.446035640914431,3.446035640914431
4,complete,U20,20.0,0.03715352290971726,107.7883652452885,0.384247803850536,0.22941918273177242,3.8793054761236796,-3.3373560461976552,3.3373560461976552
4,complete,U20,20.0,0.038018939632056124,107.31687297459153,0.38708850327932254,0.22428522576092508,3.8840568621376748,-3.2278703783172986,3.2278703783172986
4,complete,U20,20.0,0.03890451449942807,106.84658815699683,0.38989810972529015,0.21923791792956185,3.8887373449361937,-3.1177267391655263,3.1177267391655263
4,complete,U20,20.0,0.039810717055349734,106.37774306193351,0.3926731068237083,0.2142850238387084,3.893342731768384,-3.0070791976049094,3.0070791976049094
4,complete,U20,20.0,0.04073802778041128,105.91056438088326,0.39540996442007026,0.2094343380998807,3.897868933985199,-2.896087197960469,2.896087197960469
4,complete,U20,20.0,0.04168693834703355,105.44527209935393,0.3981051511176656,0.20469365920533783,3.902311985350999,-2.7849149039361762,2.7849149039361762
4,complete,U20,20.0,0.04265795188015928,104.98207836580382,0.40075514731520023,0.20007076240282254,3.906668060357328,-2.673730481909992,2.673730481909992
4,complete,U20,20.0,0.04365158322401661,104.521186367806,0.4033564586533166,0.19557337173871295,3.9109334923823513,-2.562705328634692,2.562705328634692
4,complete,U20,20.0,0.04466835921509633,104.06278922638002,0.4059056297809581,0.1912091314482197,3.9151047915321544,-2.4520132494293705,2.4520132494293705
4,complete,U20,20.0,0.04570881896148752,103.60706891994377,0.4083992583454996,0.1869855768838576,3.919178661994918,-2.3418295939449294,2.3418295939449294
4,complete,U20,20.0,0.046773514128719815,103.15419524973899,0.4108340091046945,0.18291010518353534,3.9231520187361455,-2.232330357517384,2.232330357517384
4,complete,U20,20.0,0.047863009232263824,102.70432485884709,0.41320662805386393,0.17898994588685477,3.9270220033628083,-2.1236912569440918,2.1236912569440918
4,complete,U20,20.0,0.04897788193684462,102.25760031702315,0.4155139564586068,0.1752321317123251,3.93078599898658,-2.016086790218722,2.016086790218722
4,complete,U20,20.0,0.05011872336272722,101.81414928353506,0.41775294468170504,0.171643469708901,3.9344416439215912,-1.9096892903090108,1.9096892903090108
4,complete,U20,20.0,0.05128613839913648,101.3740837599856,0.4199206656929672,0.1682305129923603,3.937986844060002,-1.8046679834396215,1.8046679834396215
4,complete,U20,20.0,0.05248074602497726,100.93749944473284,0.4220143281525755,0.16499953327048625,3.9414197837796783,-1.7011880625398774,1.7011880625398774
4,complete,U20,20.0,0.05370317963702527,100.50447519999778,0.42403128896202713,0.1619564943507265,3.9447389352515847,-1.5994097865113872,1.5994097865113872
4,complete,U20,20.0,0.054954087385762455,100.07507264207683,0.42596906518208005,0.1591070268101109,3.947943066030713,-1.4994876157662773,1.4994876157662773
4,complete,U20,20.0,0.05623413251903491,99.64933586426301,0.4278253452240587,0.15645640398985175,3.9510312448326306,-1.4015693940761977,1.4015693940761977
4,complete,U20,20.0,0.057543993733715694,99.22729130114472,0.42959799922941744,0.1540095194565028,3.9540028454180605,-1.3057955861609187,1.3057955861609187
4,complete,U20,20.0,0.0588843655355589,98.8089477419119,0.4312850885624146,0.1517708660481925,3.9568575485298303,-1.2122985796476158,1.2122985796476158
4,complete,U20,20.0,0.06025595860743578,98.39429649916616,0.43288487435193,0.14974451659870788,3.959595341849581,-1.1212020590536298,1.1212020590536298
4,complete,U20,20.0,0.06165950018614822,97.98331173854058,0.43439582503067203,0.14793410640465043,3.962216517965426,-1.032620458319812,1.032620458319812
4,complete,U20,20.0,0.06309573444801933,97.57595097318973,0.4358166228329853,0.1463428174720812,3.96472167036577,-0.9466584971630638,0.9466584971630638
4,complete,U20,20.0,0.06456542290346556,97.17215572594448,0.4371461692259119,0.14497336454975907,3.9671116874981003,-0.8634108051605551,0.8634108051605551
4,complete,U20,20.0,0.06606934480075961,96.77185236064152,0.4383835892618115,0.14382798292689047,3.969387744954655,-0.7829616360484692,0.7829616360484692
4,complete,U20,20.0,0.06760829753919818,96.37495308285983,0.4395282348543763,0.14290841794508538,3.971551295868317,-0.7053846732585995,0.7053846732585995
4,complete,U20,20.0,0.06918309709189366,95.9813571090262,0.4405796869929944,0.14221591614767037,3.973604059622245,-0.6307429262460005,0.6307429262460005
4,complete,U20,20.0,0.0707945784384138,95.59095200159003,0.4415377569228087,0.14175121796546494,3.9755480089945006,-0.5590887157236466,0.5590887157236466
4,complete,U20,20.0,0.07244359600749903,95.20361516671757,0.44240248632922186,0.141514551817331,3.977385355874517,-0.49046374454190556,0.49046374454190556
4,complete,U20,20.0,0.07413102413009177,94.81921550969435,0.44317414657569726,0.14150562948702522,3.979118535701086,-0.4248992496571731,0.4248992496571731
4,complete,U20,20.0,0.0758577575029184,94.43761524194848,0.44385323705228946,0.14172364262583084,3.98075019078159,-0.36241622945729546,0.36241622945729546
4,complete,U20,20.0,0.07762471166286919,94.05867183227497,0.44444048269917824,0.14216726022377185,3.9822831526595075,-0.30302573966611845,0.30302573966611845
4,complete,U20,20.0,0.07943282347242818,93.68224009343609,0.4449368307743607,0.14283462689155493,3.9837204237014894,-0.24672925015649838,0.24672925015649838
4,complete,U20,20.0,0.08128305161640995,93.30817439379227,0.44534344693745687,0.14372336180122103,3.9850651580770107,-0.19351905427337357,0.19351905427337357
4,complete,U20,20.0,0.08317637711026708,92.93633098194327,0.44566171072218985,0.1448305581462918,3.986320642302626,-0.14337872171655874,0.14337872171655874
4,complete,U20,20.0,0.08511380382023763,92.56657041050039,0.4458932104683937,0.1461527830022629,3.9874902755196495,-0.0962835856595774,0.0962835856595774
4,complete,U20,20.0,0.08709635899560805,92.19876004302098,0.44603973778043726,0.14768607749579277,3.988577549668684,-0.05220125459636904,0.05220125459636904
4,complete,U20,20.0,0.08912509381337455,91.83277662580053,0.4461032815726497,0.1494259572259311,3.989586029717632,-0.011092139403189094,0.011092139403189094
4,complete,U20,20.0,0.09120108393559097,91.46850890360426,0.44608602175387796,0.15136741292297903,3.990519334091361,0.027090013711365657,-0.027090013711365657
4,complete,U20,20.0,0.0933254300796991,91.10586025553599,0.4459903225927249,0.1535049113797546,3.9913811154421763,0.06239759333274009,-0.06239759333274009
4,complete,U20,20.0,0.09549925860214359,90.74475132409707,0.44581872579259396,0.15583239674542504,3.9921750418901802,0.09488860446382574,-0.09488860446382574
4,complete,U20,20.0,0.09772372209558107,90.38512260712,0.4455739432916208,0.1583432923327317,3.99290477885279,0.12462616934741533,-0.12462616934741533
4,complete,U20,20.0,0.1,90.02693697873843,0.4452588497872502,0.16103050315404488,3.993573971572385,0.15167805430675685,-0.15167805430675685
4,complete,U20,20.0,0.10232929922807547,89.67018210197385,0.4448764749690909,0.16388641946858812,3.9941862284414733,0.17611622837313234,-0.17611622837313234
4,complete,U20,20.0,0.10471285480508996,89.31487269200058,0.44442999542720213,0.16690292169021875,3.994745105215261,0.19801645827246261,-0.19801645827246261
4,complete,U20,20.0,0.10715193052376071,88.96105258586962,0.44392272618679346,0.17007138706991784,3.9952540901926437,0.21745794300340293,-0.21745794300340293
4,complete,U20,20.0,0.1096478196143185,88.60879657161126,0.4433581118051367,0.1733826986266331,3.9957165904384504,0.23452298977919384,-0.23452298977919384
4,complete,U20,20.0,0.1122018454301963,88.25821192742428,0.4427397169530244,0.17682725685114545,3.996135919111692,0.24929673154790777,-0.24929673154790777
4,complete,U20,20.0,0.1148153621496883,87.90943962034538,0.4420712163922865,0.180394994746538,3.9965152839572755,0.2618668846768202,-0.2618668846768202
4,complete,U20,20.0,0.11748975549395291,87.5626551136292,0.441356384253462,0.184075396791962,3.9968577770110802,0.27232354373406764,-0.27232354373406764
4,complete,U20,20.0,0.12022644346174131,87.21806873332241,0.44059908251466734,0.1878575224198644,3.9971663655610015,0.2807590086656191,-0.2807590086656191
4,complete,U20,20.0,0.1230268770812381,86.8759255474298,0.43980324858484166,0.19173003457711385,3.9974438843987476,0.287267638106691,-0.287267638106691
4,complete,U20,20.0,0.12589254117941676,86.53650471585979,0.43897288190253614,0.19568123389429626,3.9976930293888038,0.29194572115662254,-0.29194572115662254
4,complete,U20,20.0,0.12882495516931336,86.20011827616322,0.43811202947595623,0.1996990989123603,3.9979163523719405,0.2948913587467885,-0.2948913587467885
4,complete,U20,20.0,0.13182567385564073,85.8671093390249,0.4372247703113127,0.20377133271022782,3.9981162574102855,0.29620434482885827,-0.29620434482885827
4,complete,U20,20.0,0.13489628825916533,85.53784967853552,0.43631519870481605,0.2078854161406793,3.9982949983699,0.2959860370709606,-0.2959860370709606
4,complete,U20,20.0,0.13803842646028852,85.21273671533444,0.4353874064085548,0.21202866771605303,3.998454677824115,0.2943392066453825,-0.2943392066453825
4,complete,U20,20.0,0.1412537544622754,84.89218990552993,0.43444546372136766,0.2161883099930524,3.998597247247409,0.2913678570787326,-0.2913678570787326
4,complete,U20,20.0,0.1445439770745928,84.57664656450066,0.4334933996015074,0.22035154209210736,3.998724508455142,0.28717700304445515,-0.28717700304445515
4,complete,U20,20.0,0.1479108388168207,84.26655717175409,0.4325351809469332,0.22450561775807384,3.998838116229114,0.28187240142399617,-0.28187240142399617
4,complete,U20,20.0,0.15135612484362088,83.96238022033207,0.43157469123943415,0.22863792813401757,3.9989395820538025,0.27556022892456866,-0.27556022892456866
4,complete,U20,20.0,0.1548816618912481,83.66457669110594,0.43061570879829797,0.2327360881884329,3.999030278872787,0.2683467029603719,-0.2683467029603719
4,complete,U20,20.0,0.15848931924611143,83.37360424789331,0.4296618849353171,0.23678802551946798,3.9991114467607725,0.2603376452969499,-0.2603376452969499
4,complete,U20,20.0,0.16218100973589297,83.08991126286878,0.428716722343033,0.24078207006900504,3.9991841993937296,0.251637990992819,-0.251637990992819
4,complete,U20,20.0,0.16595869074375613,82.81393079244368,0.4277835540796317,0.24470704312599492,3.9992495311888434,0.24235124830886434,-0.24235124830886434
4,complete,U20,20.0,0.16982436524617442,82.54607463097722,0.4268655235346384,0.24855234389247852,3.9993083249779207,0.23257891830963473,-0.23257891830963473
4,complete,U20,20.0,0.17378008287493762,82.28672757278423,0.42596556576742595,0.2523080318356649,3.999361360072661,0.22241988568900695,-0.22241988568900695
4,complete,U20,20.0,0.1778279410038923,82.03624201156241,0.4250863906044363,0.2559649030613061,3.9994093205785974,0.21196979472318844,-0.21196979472318844
4,complete,U20,20.0,0.18197008586099844,81.79493300040468,0.4242304678600937,0.259514559020321,3.999452803816347,0.20132042604807765,-0.20132042604807765
4,complete,U20,20.0,0.18620871366628675,81.56307388509182,0.42340001501096497,0.2629494660017811,3.9994923287145165,0.19055909103404645,-0.19055909103404645
4,complete,U20,20.0,0.19054607179632482,81.34089260869295,0.42259698760364106,0.2662630040669308,3.999528344047314,0.17976806082592844,-0.17976806082592844
4,complete,U20,20.0,0.19498445997580455,81.12856876722141,0.4218230726159662,0.2694495043335158,3.999561236402349,0.1690240465751458,-0.1690240465751458
4,complete,U20,20.0,0.19952623149688808,80.92623147495202,0.4210796849209482,0.27250427381691983,3.999591337778449,0.15839774605610302,-0.15839774605610302
4,complete,U20,20.0,0.20417379446695297,80.73395807494076,0.4203679669260375,0.2754236073615546,3.9996189327303,0.14795346979350654,-0.14795346979350654
4,complete,U20,20.0,0.20892961308540386,80.55177370631385,0.41968879138074905,0.2782047865383711,3.9996442649943793,0.13774885715192653,-0.13774885715192653
4,complete,U20,20.0,0.21379620895022325,80.3796517160589,0.4190427672663503,0.2808460657270681,3.999667543549299,0.12783468971762346,-0.12783468971762346
4,complete,U20,20.0,0.21877616239495518,80.21751488037779,0.41843024860593464,0.28334664592994474,3.999688948081697,0.11825480591008386,-0.11825480591008386
4,complete,U20,20.0,0.223872113856834,80.06523738006187,0.41785134596473406,0.28570663716482964,3.999708633846354,0.10904611729333169,-0.10904611729333169
4,complete,U20,20.0,0.22908676527677724,79.9226474565919,0.4173059403516789,0.2879270105456065,3.9997267359248507,0.10023872370025089,-0.10023872370025089
4,complete,U20,20.0,0.23442288153199228,79.78953066133302,0.4167936991859271,0.29000954137168683,3.99974337290101,0.09185612120285214,-0.09185612120285214
4,complete,U20,20.0,0.239883291901949,79.66563359965272,0.41631409395777796,0.2919567447063748,3.9997586499830167,0.08391549430187695,-0.08391549430187695
4,complete,U20,20.0,0.2454708915685031,79.55066806519332,0.41586641919253037,0.2937718050256229,3.999772661611188,0.0764280815709455,-0.0764280815709455
4,complete,U20,20.0,0.25118864315095796,79.44431545683042,0.4154498123184539,0.29545850156339637,3.999785493596938,0.06939960243419563,-0.06939960243419563
4,complete,U20,20.0,0.25703957827688645,79.34623137180274,0.41506327404524057,0.2970211309706043,3.9997972248427516,0.06283073181381837,-0.06283073181381837
4,complete,U20,20.0,0.26302679918953814,79.25605027273004,0.414705688875952,0.2984644288465832,3.99980792869494,0.05671760902640699,-0.05671760902640699
4,complete,U20,20.0,0.26915348039269166,79.17339013323843,0.41437584540175976,0.29979349160222213,3.9998176739809317,0.051052367504283325,-0.051052367504283325
4,complete,U20,20.0,0.2754228703338166,79.09785697612872,0.41407245606289694,0.30101369998023353,3.9998265257811445,0.045823672582052666,-0.045823672582052666
4,complete,U20,20.0,0.2818382931264455,79.02904922884584,0.41379417609901137,0.30213064539922274,3.9998345459826776,0.04101725564860459,-0.04101725564860459
4,complete,U20,20.0,0.28840315031266056,78.96656183285987,0.4135396214555947,0.30315006011289286,3.999841793658012,0.03661643430821471,-0.03661643430821471
4,complete,U20,20.0,0.2951209226666387,78.90999005588186,0.4133073854582938,0.30407775199203796,3.9998483253074752,0.03260260973888052,-0.03260260973888052
4,complete,U20,20.0,0.3019951720402016,78.85893296812915,0.4130960541120967,0.3049195445523675,3.9998541949992337,0.028955734073086603,-0.028955734073086603
4,complete,U20,20.0,0.30902954325135923,78.81299655569894,0.4129042199259181,0.3056812226720982,3.9998594544358426,0.02565474229020026,-0.02565474229020026
4,complete,U20,20.0,0.31622776601683794,78.77179645517244,0.41273049420397,0.3063684842746718,3.999864152971289,0.022677944714587284,-0.022677944714587284
4,complete,U20,20.0,0.32359365692962844,78.73496030360197,0.41257351778247237,0.3069868980980532,3.9998683375981656,0.020003377712498605,-0.020003377712498605
4,complete,U20,20.0,0.3311311214825911,78.70212970686443,0.4124319702230883,0.3075418675353947,3.9998720529203347,0.017609111533140265,-0.017609111533140265
4,complete,U20,20.0,0.33884415613920277,78.67296183690092,0.41230457750266797,0.30803860041412545,3.9998753411227987,0.01547351541298525,-0.01547351541298525
4,complete,U20,20.0,0.34673685045253166,78.64713067457454,0.4121901182622734,0.30848208448235287,3.999878241947333,0.013575481050118299,-0.013575481050118299
4,complete,U20,20.0,0.3548133892335757,78.62432791979356,0.4120874286971029,0.30887706829266526,3.999880792679625,0.011894606349500236,-0.011894606349500236
4,complete,U20,20.0,0.3630780547701014,78.60426359423016,0.41199540618308433,0.3092280471131089,3.9998830281516797,0.010411341950351982,-0.010411341950351982
4,complete,U20,20.0,0.3715352290971724,78.58666636451434,0.41191301174586065,0.3095392534520315,3.9998849807611734,0.009107103484652157,-0.009107103484652157
4,complete,U20,20.0,0.38018939632056126,78.571283615313,0.41183927148412186,0.3098146517558798,3.9998866805083297,0.007964352796015817,-0.007964352796015817
4,complete,U20,20.0,0.3890451449942805,78.55788130235143,0.4117732770621107,0.3100579368250907,3.9998881550496677,0.006966651497805287,-0.006966651497805287
4,complete,U20,20.0,0.3981071705534973,78.54624361532083,0.4117141853862481,0.31027253549102846,3.9998894297673693,0.006098690279650043,-0.006098690279650043
4,complete,U20,20.0,0.4073802778041126,78.53617247988389,0.4116612175785428,0.31046161110441295,3.999890527852394,0.005346297312868842,-0.005346297312868842
4,complete,U20,20.0,0.41686938347033553,78.52748692675193,0.4116136573552917,0.3106280704011853,3.999891470399283,0.004696428973240074,-0.004696428973240074
4,complete,U20,20.0,0.42657951880159256,78.52002235419093,0.4115708489139632,0.31077457233341704,3.999892276510387,0.004137145909837159,-0.004137145909837159
4,complete,U20,20.0,0.4365158322401661,78.51362970840927,0.4115321944244094,0.31090353847914287,3.999892963407264,0.003657577265492762,-0.003657577265492762
4,complete,U20,20.0,0.44668359215096304,78.50817460418855,0.41149715121309,0.311017164674585,3.9998935465470646,0.003247875603356931,-0.003247875603356931
4,complete,U20,20.0,0.4570881896148752,78.50353640591672,0.4114652287210167,0.3111174335438177,3.9998940397418226,0.002899164832363965,-0.002899164832363965
4,complete,U20,20.0,0.4677351412871981,78.4996072869311,0.41143598530797254,0.3112061276336048,3.999894455278814,0.0026034831592767205,-0.0026034831592767205
4,complete,U20,20.0,0.47863009232263853,78.49629128284415,0.4114090249673475,0.3112848428939703,3.9998948040402804,0.0023537228338312843,-0.0023537228338312843
4,complete,U20,20.0,0.48977881936844614,78.49350335233581,0.4113839940078774,0.3113550022774627,3.9998950956211017,0.0021435682058736916,-0.0021435682058736916
4,complete,U20,20.0,0.5011872336272725,78.4911684568084,0.41136057775081714,0.31141786926139053,3.999895338443139,0.0019674333734016614,-0.0019674333734016614
4,complete,U20,20.0,0.5128613839913648,78.48922066831759,0.4113384972836388,0.3114745611272032,3.9998955398652836,0.001820400486550966,-0.001820400486550966
4,complete,U20,20.0,0.5248074602497729,78.48760231335744,0.41131750630442604,0.3115260618593163,3.999895706288362,0.0016981595684626427,-0.0016981595684626427
4,complete,U20,20.0,0.5370317963702527,78.48626315838186,0.41129738808464344,0.3115732345518058,3.9998958432543104,0.0015969505382500415,-0.0015969505382500415
4,complete,U20,20.0,0.5495408738576248,78.48515964141711,0.4112779525720664,0.3116168332354014,3.9998959555391664,0.0015135079563677323,-0.0015135079563677323
4,complete,U20,20.0,0.5623413251903491,78.48425415274446,0.41125903365025707,0.3116575140590079,3.99989604723961,0.001445008876061138,-0.001445008876061138
4,complete,U20,20.0,0.5754399373371573,78.48351436642513,0.4112404865661691,0.31169584577950815,3.999896121852907,0.0013890240585183733,-0.0013890240585183733
4,complete,U20,20.0,0.588843655355589,78.48291262338526,0.4112221855331791,0.3117323195309528,3.9998961823502377,0.001343472707702631,-0.001343472707702631
4,complete,U20,20.0,0.6025595860743581,78.48242536588091,0.4112040215131294,0.31176735785935905,3.999896231243516,0.0013065807888565928,-0.0013065807888565928
4,complete,U20,20.0,0.6165950018614822,78.48203262240736,0.4111859001777176,0.31180132302241775,3.999896270645853,0.001276842925115318,-0.001276842925115318
4,complete,U20,20.0,0.6309573444801936,78.48171754149837,0.41116774004687806,0.3118345245644497,3.9998963023259226,0.0012529878023457286,-0.0012529878023457286
4,complete,U20,20.0,0.6456542290346556,78.48146597236807,0.4111494707994954,0.31186722618613993,3.9998963277565447,0.0012339469682345339,-0.0012339469682345339
4,complete,U20,20.0,0.6606934480075958,78.48126608996765,0.41113103174998405,0.3118996519359914,3.999896348157786,0.0012188268728294815,-0.0012188268728294815
4,complete,U20,20.0,0.6760829753919819,78.4811080617567,0.4111123704828077,0.3119319917563022,3.9998963645349943,0.00120688397009161,-0.00120688397009161
4,complete,U20,20.0,0.6918309709189363,78.48098375330153,0.41109344163592637,0.31196440642079587,3.999896377712142,0.0011975026830697288,-0.0011975026830697288
4,complete,U20,20.0,0.707945784384138,78.48088646971223,0.4110742058234014,0.3119970319041145,3.999896388360847,0.0011901760215025092,-0.0011901760215025092
4,complete,U20,20.0,0.7244359600749899,78.48081072989447,0.4110546286869124,0.3120299832252656,3.9998963970255117,0.0011844886354239748,-0.0011844886354239748
4,complete,U20,20.0,0.7413102413009177,78.48075207061633,0.4110346800657095,0.31206335780799155,3.9998964041449168,0.0011801020882700186,-0.0011801020882700186
4,complete,U20,20.0,0.7585775750291835,78.48070687746207,0.41101433327450276,0.31209723840102793,3.999896410070709,0.0011767421362804953,-0.0011767421362804953
4,complete,U20,20.0,0.776247116628692,78.48067223985689,0.4109935644789791,0.31213169560049936,3.9998964150830467,0.00117418780676104,-0.00117418780676104
4,complete,U20,20.0,0.7943282347242814,78.48064582748606,0.4109723521589341,0.3121667900153523,3.9998964194038464,0.0011722620786542848,-0.0011722620786542848
4,complete,U20,20.0,0.8128305161640995,78.48062578559595,0.41095067664944646,0.3122025741149148,3.9998964232078444,0.0011708239793790653,-0.0011708239793790653
4,complete,U20,20.0,0.8317637711026709,78.48061064684205,0.41092851975106576,0.3122390937954925,3.9998964266318158,0.0011697619243662416,-0.0011697619243662416
4,complete,U20,20.0,0.8511380382023768,78.48059925753677,0.4109058644005548,0.31227638970044846,3.9998964297821997,0.0011689881393834867,-0.0011689881393834867
4,complete,U20,20.0,0.8709635899560805,78.48059071633968,0.4108826943943829,0.31231449832559444,3.999896432741347,0.0011684340203359511,-0.0011684340203359511
4,complete,U20,20.0,0.8912509381337459,78.48058432362495,0.4108589941578291,0.31235345293899797,3.99989643557262,0.0011680462971739303,-0.0011680462971739303
4,complete,U20,20.0,0.9120108393559097,78.48057953994416,0.4108347485532086,0.31239328434156927,3.9998964383245186,0.0011677838850872035,-0.0011677838850872035
4,complete,U20,20.0,0.9332543007969915,78.48057595218259,0.4108099427214193,0.312434021492073,3.9998964410339894,0.0011676153162696323,-0.0011676153162696323
4,complete,U20,20.0,0.9549925860214359,78.48057324617639,0.41078456195162577,0.3124756920175966,3.9998964437290736,0.001167516660835588,-0.001167516660835588
4,complete,U20,20.0,0.9772372209558111,78.48057118471363,0.4107585915745332,0.31251832262798984,3.9998964464309923,0.001167469854834735,-0.001167469854834735
4,complete,U20,20.0,1.0,78.48056958999044,0.41073201687525746,0.31256193945044725,3.999896449155798,0.0011674613662577826,-0.0011674613662577826
4,complete,U20,20.0,1.0232929922807548,78.48056832972374,0.41070482302235345,0.31260656829821476,3.999896451915647,0.0011674811378625805,-0.0011674811378625805
4,complete,U20,20.0,1.0471285480508996,78.48056730624224,0.41067699501003563,0.31265223488542215,3.999896454719787,0.0011675217567770346,-0.0011675217567770346
4,complete,U20,20.0,1.071519305237607,78.48056644798466,0.41064851761108456,0.3126989649982163,3.9998964575753195,0.0011675778063207076,-0.0011675778063207076
4,complete,U20,20.0,1.096478196143185,78.48056570292684,0.4106193753383162,0.3127467846307812,3.9998964604877805,0.0011676453647311291,-0.0011676453647311291
4,complete,U20,20.0,1.1220184543019642,78.48056503354184,0.41058955241284545,0.3127957200933919,3.999896463461563,0.0011677216206393837,-0.0011677216206393837
4,complete,U20,20.0,1.1481536214968828,78.48056441296829,0.41055903273768357,0.3128457980984243,3.999896466500254,0.0011678045806036152,-0.0011678045806036152
4,complete,U20,20.0,1.1748975549395304,78.4805638221226,0.41052779987546945,0.3128970458291417,3.999896469606864,0.0011678928482155015,-0.0011678928482155015
4,complete,U20,20.0,1.2022644346174132,78.48056324754181,0.41049583702936504,0.31294949099520264,3.999896472784015,0.0011679854593111827,-0.0011679854593111827
4,complete,U20,20.0,1.2302687708123812,78.48056267978656,0.41046312702632576,0.31300316187802407,3.999896476034065,0.0011680817598573867,-0.0011680817598573867
4,complete,U20,20.0,1.2589254117941675,78.48056211227052,0.41042965230213224,0.31305808736851376,3.9998964793591996,0.001168181316245409,-0.001168181316245409
4,complete,U20,20.0,1.2882495516931336,78.48056154040972,0.41039539488768473,0.3131142969991389,3.9998964827614927,0.0011682838503048742,-0.0011682838503048742
4,complete,U20,20.0,1.3182567385564075,78.48056096101128,0.4103603363961804,0.31317182097187085,3.9998964862429682,0.0011683891922800171,-0.0011683891922800171
4,complete,U20,20.0,1.3489628825916533,78.48056037183774,0.4103244580108732,0.31323069018319144,3.9998964898056246,0.0011684972476260214,-0.0011684972476260214
4,complete,U20,20.0,1.3803842646028852,78.48055977130055,0.41028774047319166,0.3132909362470659,3.999896493451458,0.0011686079733763677,-0.0011686079733763677
4,complete,U20,20.0,1.412537544622754,78.48055915824602,0.4102501640710362,0.31335259151656575,3.9998964971824744,0.0011687213618358783,-0.0011687213618358783
4,complete,U20,20.0,1.4454397707459279,78.48055853180779,0.410211708627129,0.3134156891046616,3.9998965010007144,0.0011688374293825632,-0.0011688374293825632
4,complete,U20,20.0,1.4791083881682072,78.48055789130632,0.4101723534873186,0.31348026290455816,3.9998965049082513,0.0011689562083887495,-0.0011689562083887495
4,complete,U20,20.0,1.5135612484362087,78.48055723618079,0.4101320775087558,0.3135463476098611,3.9998965089071925,0.0011690777426167642,-0.0011690777426167642
4,complete,U20,20.0,1.5488166189124812,78.48055656594403,0.4100908590479039,0.3136139787347737,3.999896512999702,0.0011692020831048922,-0.0011692020831048922
4,complete,U20,20.0,1.584893192461114,78.48055588015244,0.41004867594831834,0.31368319263447647,3.99989651718798,0.0011693292865189164,-0.0011693292865189164
4,complete,U20,20.0,1.6218100973589298,78.48055517838655,0.4100055055281873,0.3137540265257994,3.999896521474284,0.001169459413262075,-0.001169459413262075
4,complete,U20,20.0,1.6595869074375613,78.48055446023844,0.4099613245675915,0.31382651850826365,3.999896525860918,0.0011695925267929397,-0.0011695925267929397
4,complete,U20,20.0,1.6982436524617444,78.48055372530361,0.4099161092954728,0.31390070758555483,3.999896530350246,0.001169728692929084,-0.001169728692929084
4,complete,U20,20.0,1.7378008287493762,78.48055297317606,0.40986983537629423,0.31397663368746803,3.9998965349446847,0.001169867979491812,-0.001169867979491812
4,complete,U20,20.0,1.7782794100389228,78.48055220344455,0.4098224778963752,0.31405433769236313,3.9998965396467066,0.0011700104561995772,-0.0011700104561995772
4,complete,U20,20.0,1.8197008586099843,78.48055141569122,0.4097740113498921,0.3141338614501548,3.9998965444588466,0.0011701561944335026,-0.0011701561944335026
4,complete,U20,20.0,1.8620871366628675,78.48055060948961,0.4097244096245342,0.314215247805864,3.999896549383693,0.001170305267244487,-0.001170305267244487
4,complete,U20,20.0,1.9054607179632483,78.48054978440416,0.4096736459868006,0.3142985406237469,3.9998965544239047,0.0011704577493745205,-0.0011704577493745205
4,complete,U20,20.0,1.9498445997580456,78.48054893998945,0.40962169306693236,0.31438378481202617,3.999896559582199,0.001170613717114577,-0.001170613717114577
4,complete,U20,20.0,1.9952623149688808,78.48054807578966,0.40956852284346446,0.31447102634823615,3.999896564861355,0.001170773248539092,-0.001170773248539092
4,complete,U20,20.0,2.0417379446695296,78.48054719133839,0.40951410662739324,0.3145603123052072,3.999896570264223,0.0011709364232643793,-0.0011709364232643793
4,complete,U20,20.0,2.089296130854041,78.48054628615813,0.4094584150459427,0.31465169087769856,3.99989657579372,0.0011711033227115308,-0.0011711033227115308
4,complete,U20,20.0,2.1379620895022327,78.48054535976003,0.40940141802592406,0.3147452114097055,3.9998965814528313,0.0011712740299572033,-0.0011712740299572033
4,complete,U20,20.0,2.1877616239495516,78.4805444116436,0.4093430847766733,0.3148409244224526,3.999896587244613,0.0011714486298899374,-0.0011714486298899374
4,complete,U20,20.0,2.23872113856834,78.48054344129648,0.40928338377255946,0.31493888164309675,3.9998965931721964,0.0011716272091959468,-0.0011716272091959468
4,complete,U20,20.0,2.2908676527677723,78.48054244819399,0.4092222827350495,0.3150391360341546,3.9998965992387863,0.0011718098563306967,-0.0011718098563306967
4,complete,U20,20.0,2.344228815319923,78.48054143179894,0.40915974861431703,0.3151417418236769,3.9998966054476632,0.0011719966616823285,-0.0011719966616823285
4,complete,U20,20.0,2.39883291901949,78.48054039156133,0.4090957475703874,0.31524675453618883,3.999896611802189,0.0011721877174863948,-0.0011721877174863948
4,complete,U20,20.0,2.454708915685031,78.480539326918,0.40903024495379986,0.3153542310244169,3.9998966183058022,0.001172383117889808,-0.001172383117889808
4,complete,U20,20.0,2.5118864315095797,78.48053823729231,0.4089632052857797,0.3154642295018237,3.9998966249620267,0.0011725829590503167,-0.0011725829590503167
4,complete,U20,20.0,2.570395782768865,78.48053712209371,0.4088945922379037,0.31557680957597173,3.999896631774466,0.0011727873390867671,-0.0011727873390867671
4,complete,U20,20.0,2.6302679918953813,78.48053598071772,0.40882436861124716,0.315692032282741,3.9998966387468187,0.0011729963581288416,-0.0011729963581288416
4,complete,U20,20.0,2.691534803926917,78.48053481254513,0.4087524963149957,0.31580996012142004,3.999896645882864,0.0011732101184165344,-0.0011732101184165344
4,complete,U20,20.0,2.7542287033381663,78.48053361694203,0.4086789363445112,0.3159306570906973,3.9998966531864744,0.0011734287242504138,-0.0011734287242504138
4,complete,U20,20.0,2.818382931264455,78.48053239325921,0.4086036487588331,0.31605418872557517,3.9998966606616153,0.0011736522820768869,-0.0011736522820768869
4,complete,U20,20.0,2.8840315031266055,78.48053114083191,0.40852659265760305,0.3161806221352342,3.999896668312349,0.0011738809005095163,-0.0011738809005095163
4,complete,U20,20.0,2.951209226666387,78.48052985897941,0.40844772615739416,0.31631002604186986,3.999896676142834,0.0011741146903574418,-0.0011741146903574418
4,complete,U20,20.0,3.019951720402016,78.48052854700455,0.40836700636743073,0.31644247082053273,3.9998966841573265,0.0011743537646680124,-0.0011743537646680124
4,complete,U20,20.0,3.090295432513592,78.48052720419345,0.40828438936468064,0.3165780285399963,3.99989669236019,0.001174598238790736,-0.001174598238790736
4,complete,U20,20.0,3.1622776601683795,78.48052582981501,0.4081998301683037,0.3167167730046825,3.99989670075589,0.0011748482303417518,-0.0011748482303417518
4,complete,U20,20.0,3.2359365692962845,78.4805244231205,0.4081132827134376,0.3168587797976729,3.999896709349,0.0011751038592962004,-0.0011751038592962004
4,complete,U20,20.0,3.311311214825911,78.48052298334318,0.408024699824304,0.3170041263248371,3.9998967181442024,0.001175365248023752,-0.001175365248023752
4,complete,U20,20.0,3.3884415613920273,78.48052150969775,0.40793403318661536,0.3171528918601071,3.999896727146297,0.0011756325212886054,-0.0011756325212886054
4,complete,U20,20.0,3.4673685045253166,78.48052000137999,0.40784123331926303,0.3173051575919304,3.9998967363601947,0.0011759058063063321,-0.0011759058063063321
4,complete,U20,20.0,3.548133892335757,78.4805184575662,0.4077462495452678,0.3174610066709364,3.9998967457909287,0.0011761852327865085,-0.0011761852327865085
4,complete,U20,20.0,3.630780547701014,78.48051687741285,0.4076490299619707,0.31762052425884535,3.9998967554436513,0.0011764709329042944,-0.0011764709329042944
4,complete,U20,20.0,3.715352290971728,78.48051526005585,0.4075495214104444,0.3177837975786586,3.9998967653236397,0.0011767630414745156,-0.0011767630414745156
4,complete,U20,20.0,3.801893963205613,78.48051360461025,0.40744766944410277,0.31795091596616415,3.9998967754363006,0.0011770616958379776,-0.0011770616958379776
4,complete,U20,20.0,3.890451449942805,78.48051191016972,0.407343418296487,0.31812197092279365,3.9998967857871723,0.0011773670359289667,-0.0011773670359289667
4,complete,U20,20.0,3.981071705534973,78.48051017580583,0.40723671084820295,0.3182970561698695,3.9998967963819236,0.0011776792043747264,-0.0011776792043747264
4,complete,U20,20.0,4.073802778041126,78.48050840056766,0.40712748859299014,0.3184762677042809,3.999896807226365,0.0011779983464670352,-0.0011779983464670352
4,complete,U20,20.0,4.168693834703355,78.48050658348116,0.40701569160289386,0.3186597038556284,3.9998968183264463,0.0011783246102048395,-0.0011783246102048395
4,complete,U20,20.0,4.265795188015925,78.48050472354862,0.40690125849251774,0.31884746534487823,3.999896829688262,0.0011786581463120172,-0.0011786581463120172
4,complete,U20,20.0,4.365158322401661,78.48050281974804,0.4067841263823301,0.319039655344569,3.999896841318056,0.00117899910828001,-0.00117899910828001
4,complete,U20,20.0,4.46683592150963,78.48050087103249,0.4066642308609978,0.31923637954061457,3.9998968532222228,0.0011793476524211144,-0.0011793476524211144
4,complete,U20,20.0,4.570881896148752,78.48049887632958,0.40654150594672017,0.31943774619574705,3.999896865407315,0.001179703937825849,-0.001179703937825849
4,complete,U20,20.0,4.677351412871981,78.48049683454065,0.40641588404753415,0.31964386621464724,3.999896877880041,0.0011800681264730883,-0.0011800681264730883
4,complete,U20,20.0,4.786300923226385,78.48049474454028,0.4062872959205637,0.31985485321081,3.999896890647278,0.0011804403831696675,-0.0011804403831696675
4,complete,U20,20.0,4.897788193684462,78.48049260517556,0.4061556706301805,0.3200708235751919,3.9998969037160683,0.0011808208756143301,-0.0011808208756143301
4,complete,U20,20.0,5.011872336272725,78.4804904152653,0.40602093550504864,0.32029189654669366,3.9998969170936283,0.0011812097744332561,-0.0011812097744332561
4,complete,U20,20.0,5.1286138399136485,78.48048817359941,0.4058830160940191,0.320518194284527,3.999896930787348,0.0011816072531622979,-0.0011816072531622979
4,complete,U20,20.0,5.248074602497728,78.48048587893814,0.40574183612084364,0.32074984194252165,3.999896944804801,0.0011820134882718492,-0.0011820134882718492
4,complete,U20,20.0,5.370317963702527,78.48048353001133,0.40559731743767274,0.32098696774542423,3.999896959153748,0.001182428659195267,-0.001182428659195267
4,complete,U20,20.0,5.4954087385762485,78.48048112551761,0.4054493799773053,0.32122970306724796,3.99989697384214,0.0011828529483075556,-0.0011828529483075556
4,complete,U20,20.0,5.623413251903491,78.48047866412361,0.40529794170415284,0.32147818251172927,3.999896988878118,0.0011832865409786564,-0.0011832865409786564
4,complete,U20,20.0,5.754399373371572,78.48047614446315,0.40514291856388385,0.32173254399495205,3.9998970042700295,0.0011837296255485796,-0.0011837296255485796
4,complete,U20,20.0,5.88843655355589,78.48047356513644,0.40498422443170995,0.3219929288302,3.9998970200264274,0.0011841823932883244,-0.0011841823932883244
4,complete,U20,20.0,6.025595860743581,78.48047092470911,0.4048217710592747,0.3222594818150996,3.9998970361560717,0.0011846450384958018,-0.0011846450384958018
4,complete,U20,20.0,6.165950018614822,78.4804682217114,0.4046554680201084,0.3225323513211193,3.99989705266794,0.0011851177584070172,-0.0011851177584070172
4,complete,U20,20.0,6.309573444801936,78.4804654546373,0.40448522265360537,0.3228116893854908,3.999897069571234,0.0011856007532173862,-0.0011856007532173862
4,complete,U20,20.0,6.456542290346556,78.48046262194349,0.4043109400074847,0.32309765180561956,3.9998970868753814,0.0011860942260462082,-0.0011860942260462082
4,complete,U20,20.0,6.606934480075965,78.48045972204847,0.40413252277869,0.32339039823605586,3.9998971045900427,0.0011865983829508764,-0.0011865983829508764
4,complete,U20,20.0,6.760829753919819,78.4804567533315,0.4039498712526856,0.3236900922880973,3.999897122725117,0.0011871134328877986,-0.0011871134328877986
4,complete,U20,20.0,6.918309709189363,78.48045371413168,0.40376288324110426,0.32399690163209716,3.9998971412907522,0.0011876395876520007,-0.0011876395876520007
4,complete,U20,20.0,7.07945784384138,78.48045060274688,0.4035714540176995,0.32431099810255287,3.9998971602973454,0.0011881770618842324,-0.0011881770618842324
4,complete,U20,20.0,7.244359600749899,78.4804474174326,0.40337547625255643,0.3246325578060529,3.9998971797555534,0.0011887260729999127,-0.0011887260729999127
4,complete,U20,20.0,7.413102413009177,78.48044415640092,0.40317483994451175,0.32496176123216125,3.9998971996762993,0.0011892868411713664,-0.0011892868411713664
4,complete,U20,20.0,7.585775750291836,78.48044081781943,0.40296943235173444,0.3252987933673214,3.9998972200707748,0.00118985958921769,-0.00118985958921769
4,complete,U20,20.0,7.76247116628692,78.48043739980997,0.4027591379204156,0.3256438438118614,3.9998972409504536,0.0011904445426047516,-0.0011904445426047516
4,complete,U20,20.0,7.943282347242813,78.48043390044748,0.40254383821151574,0.3259971069001863,3.9998972623270963,0.0011910419293315044,-0.0011910419293315044
4,complete,U20,20.0,8.128305161640995,78.48043031775882,0.40232341182551606,0.3263587818242463,3.9998972842127554,0.0011916519798518266,-0.0011916519798518266
4,complete,U20,20.0,8.317637711026709,78.48042664972144,0.40209773432512075,0.3267290727603672,3.9998973066197863,0.001192274926992809,-0.001192274926992809
4,complete,U20,20.0,8.511380382023768,78.48042289426215,0.4018666781558527,0.32710818899953553,3.999897329560853,0.0011929110058552794,-0.0011929110058552794
4,complete,U20,20.0,8.709635899560805,78.48041904925577,0.40163011256448794,0.3274963450812317,3.9998973530489383,0.0011935604536894573,-0.0011935604536894573
4,complete,U20,20.0,8.91250938133746,78.48041511252374,0.4013879035152697,0.327893760930906,3.9998973770973514,0.0011942235098132414,-0.0011942235098132414
4,complete,U20,20.0,9.120108393559097,78.48041108183277,0.4011399136038437,0.32830066200119257,3.999897401719733,0.0011949004154203635,-0.0011949004154203635
4,complete,U20,20.0,9.332543007969914,78.48040695489338,0.4008860019688549,0.3287172794169621,3.99989742693007,0.0011955914134595957,-0.0011955914134595957
4,complete,U20,20.0,9.549925860214358,78.48040272935842,0.4006260242011431,0.32914385012431213,3.9998974527427005,0.001196296748485537,-0.001196296748485537
4,complete,U20,20.0,9.772372209558112,78.48039840282156,0.400359832250478,0.3295806170435972,3.999897479172324,0.0011970166664632131,-0.0011970166664632131
4,complete,U20,20.0,10.0,78.48039397281573,0.40008727432976743,0.33002782922660284,3.999897506234009,0.001197751414593995,-0.001197751414593995
4,complete,U20,20.0,10.232929922807536,78.48038943681158,0.3998081948166772,0.3304857420179683,3.999897533943211,0.0011985012410633544,-0.0011985012410633544
4,complete,U20,20.0,10.471285480509007,78.48038479221566,0.3995224341525957,0.33095461722096325,3.9998975623157693,0.0011992663949023097,-0.0011992663949023097
4,complete,U20,20.0,10.71519305237607,78.48038003636897,0.3992298287388802,0.33143472326772877,3.999897591367927,0.0012000471256499168,-0.0012000471256499168
4,complete,U20,20.0,10.964781961431852,78.48037516654507,0.39893021083031555,0.33192633539408917,3.999897621116342,0.0012008436831294489,-0.0012008436831294489
4,complete,U20,20.0,11.220184543019629,78.48037017994832,0.39862340842571986,0.3324297358190444,3.999897651578088,0.0012016563171854955,-0.0012016563171854955
4,complete,U20,20.0,11.481536214968841,78.48036507371216,0.39830924515563126,0.33294521392905596,3.99989768277068,0.0012024852773180328,-0.0012024852773180328
4,complete,U20,20.0,11.748975549395302,78.48035984489707,0.39798754016700466,0.3334730664672338,3.9998977147120724,0.0012033308124053121,-0.0012033308124053121
4,complete,U20,20.0,12.02264434617413,78.48035449048876,0.39765810800485435,0.3340135977275379,3.999897747420679,0.001204193170320167,-0.001204193170320167
4,complete,U20,20.0,12.30268770812381,78.48034900739619,0.39732075849077225,0.3345671197541049,3.999897780915383,0.0012050725975427667,-0.0012050725975427667
4,complete,U20,20.0,12.589254117941662,78.4803433924495,0.39697529659825553,0.3351339525458101,3.9998978152155464,0.0012059693387520554,-0.0012059693387520554
4,complete,U20,20.0,12.88249551693135,78.48033764239797,0.39662152232477604,0.3357144242661753,3.9998978503410285,0.0012068836363816615,-0.0012068836363816615
4,complete,U20,20.0,13.182567385564074,78.48033175390785,0.39625923056052587,0.3363088714587315,3.999897886312194,0.0012078157301509407,-0.0012078157301509407
4,complete,U20,20.0,13.489628825916533,78.48032572356021,0.395888210953772,0.33691763926794344,3.9998979231499288,0.0012087658565391735,-0.0012087658565391735
4,complete,U20,20.0,13.803842646028839,78.48031954784862,0.3955082477727587,0.33754108166580055,3.99989796087565,0.0012097342482562112,-0.0012097342482562112
4,complete,U20,20.0,14.125375446227554,78.48031322317705,0.39511911976409236,0.3381795616841788,3.999897999511329,0.0012107211336065404,-0.0012107211336065404
4,complete,U20,20.0,14.45439770745928,78.48030674585715,0.39472060000754977,0.3388334516530695,3.999898039079493,0.001211726735963481,-0.001211726735963481
4,complete,U20,20.0,14.791083881682072,78.48030011210622,0.3943124557672522,0.33950313344477395,3.999898079603252,0.0012127512729946943,-0.0012127512729946943
4,complete,U20,20.0,15.135612484362072,78.4802933180445,0.39389444833914844,0.3401889987241522,3.9998981211063054,0.001213794955994274,-0.001213794955994274
4,complete,U20,20.0,15.488166189124827,78.48028635969266,0.3934663328947565,0.34089144920501097,3.9998981636129614,0.0012148579891189115,-0.0012148579891189115
4,complete,U20,20.0,15.848931924611142,78.48027923296927,0.3930278583211154,0.34161089691271057,3.9998982071481537,0.0012159405685565616,-0.0012159405685565616
4,complete,U20,20.0,16.218100973589298,78.48027193368804,0.39257876705690337,0.3423477644530613,3.999898251737454,0.0012170428816666856,-0.0012170428816666856
4,complete,U20,20.0,16.595869074375596,78.48026445755522,0.39211879492468515,0.3431024852875719,3.9998982974070927,0.001218165106028124,-0.001218165106028124
4,complete,U20,20.0,16.98243652461746,78.48025680016663,0.3916476709592554,0.34387550401510275,3.9998983441839706,0.0012193074085118383,-0.0012193074085118383
4,complete,U20,20.0,17.378008287493763,78.48024895700503,0.3911651172320539,0.3446672766599658,3.999898392095687,0.0012204699441049627,-0.0012204699441049627
4,complete,U20,20.0,17.78279410038923,78.48024092343701,0.3906708486716324,0.3454782709665007,3.9998984411705436,0.0012216528549053862,-0.0012216528549053862
4,complete,U20,20.0,18.197008586099827,78.48023269471007,0.3901645728801671,0.34630896670014094,3.9998984914375706,0.001222856268878303,-0.001222856268878303
4,complete,U20,20.0,18.620871366628695,78.48022426594966,0.3896459899460156,0.34715985595497095,3.9998985429265486,0.0012240802985417076,-0.0012240802985417076
4,complete,U20,20.0,19.054607179632484,78.48021563215592,0.38911479225232926,0.348031443467753,3.9998985956680193,0.0012253250396838666,-0.0012253250396838666
4,complete,U20,20.0,19.498445997580454,78.48020678820058,0.3885706642817453,0.3489242469383875,3.999898649693308,0.001226590569867625,-0.001226590569867625
4,complete,U20,20.0,19.952623149688787,78.48019772882378,0.38801328241719674,0.3498387973567454,3.999898705034547,0.0012278769468920814,-0.0012278769468920814
4,complete,U20,20.0,20.417379446695318,78.48018844863067,0.38744231473888907,0.35077563933578604,3.9998987617246926,0.001229184207211631,-0.001229184207211631
4,complete,U20,20.0,20.892961308540407,78.48017894208813,0.38685742081751706,0.35173533145084807,3.9998988197975454,0.0012305123641347393,-0.0012305123641347393
4,complete,U20,20.0,21.379620895022324,78.48016920352121,0.38625825150380344,0.352718446584972,3.99989887928777,0.0012318614060546906,-0.0012318614060546906
4,complete,U20,20.0,21.87761623949552,78.4801592271099,0.3856444487144725,0.35372557228007595,3.9998989402309215,0.0012332312944280943,-0.0012332312944280943
4,complete,U20,20.0,22.387211385683422,78.48014900688531,0.3850156452147845,0.3547573110937713,3.9998990026634607,0.0012346219617569432,-0.0012346219617569432
4,complete,U20,20.0,22.90867652767775,78.48013853672632,0.3843714643977887,0.3558142809615634,3.9998990666227803,0.0012360333093432985,-0.0012360333093432985
4,complete,U20,20.0,23.442288153199225,78.48012781035578,0.38371152006047543,0.35689711556414166,3.9998991321472266,0.0012374652049835788,-0.0012374652049835788
4,complete,U20,20.0,23.9883291901949,78.48011682133689,0.3830354161770411,0.3580064646994045,3.9998991992761184,0.0012389174804958714,-0.0012389174804958714
4,complete,U20,20.0,24.547089156850287,78.48010556306951,0.38234274666951074,0.3591429946588223,3.9998992680497745,0.0012403899290553966,-0.0012403899290553966
4,complete,U20,20.0,25.11886431509582,78.48009402878633,0.3816330951759989,0.3603073886076733,3.9998993385095365,0.0012418823024518133,-0.0012418823024518133
4,complete,U20,20.0,25.703957827688647,78.48008221154905,0.3809060348169319,0.361500346968625,3.999899410697786,0.0012433943081546772,-0.0012433943081546772
4,complete,U20,20.0,26.302679918953814,78.48007010424466,0.38016112795959434,0.36272258780806726,3.999899484657977,0.001244925606147973,-0.001244925606147973
4,complete,U20,20.0,26.91534803926914,78.48005769958148,0.37939792598141187,0.36397484722451534,3.999899560434651,0.001246475805668723,-0.001246475805668723
4,complete,U20,20.0,27.54228703338169,78.48004499008537,0.3786159690324349,0.3652578797383269,3.9998996380734644,0.0012480444616826958,-0.0012480444616826958
4,complete,U20,20.0,28.18382931264455,78.48003196809583,0.3778147857975416,0.3665724586818784,3.999899717621215,0.0012496310712464265,-0.0012496310712464265
4,complete,U20,20.0,28.84031503126606,78.48001862576218,0.37699389325894256,0.36791937658924634,3.999899799125859,0.0012512350694962038,-0.0012512350694962038
4,complete,U20,20.0,29.51209226666384,78.48000495503962,0.3761527964596351,0.3692994455843311,3.999899882636541,0.0012528558256619249,-0.0012528558256619249
4,complete,U20,20.0,30.199517204020193,78.47999094768556,0.37529098826852864,0.370713497766239,3.999899968203612,0.0012544926385551491,-0.0012544926385551491
4,complete,U20,20.0,30.90295432513592,78.4799765952557,0.37440794914803954,0.37216238559061005,3.999900055878656,0.001256144732078468,-0.001256144732078468
4,complete,U20,20.0,31.622776601683793,78.4799618891004,0.37350314692504355,0.3736469822454408,3.9999001457145114,0.0012578112503049965,-0.0012578112503049965
4,complete,U20,20.0,32.35936569296281,78.479946820361,0.37257603656616256,0.37516818201979146,3.9999002377652935,0.0012594912523553603,-0.0012594912523553603
4,complete,U20,20.0,33.11311214825915,78.47993137996622,0.3716260599584664,0.37672690066361103,3.999900332086416,0.0012611837070117815,-0.0012611837070117815
4,complete,U20,20.0,33.884415613920275,78.47991555862875,0.37065264569677747,0.3783240757367256,3.999900428734612,0.0012628874870053153,-0.0012628874870053153
4,complete,U20,20.0,34.673685045253166,78.47989934684193,0.36965520887888487,0.37996066694485187,3.9999005277679553,0.0012646013629726838,-0.0012646013629726838
4,complete,U20,20.0,35.481338923357534,78.47988273487655,0.368633150910102,0.3816376564602776,3.9999006292458805,0.001266323997192842,-0.001266323997192842
4,complete,U20,20.0,36.30780547701018,78.47986571277781,0.36758585931873844,0.38335604922463484,3.9999007332291967,0.0012680539369220867,-0.0012680539369220867
4,complete,U20,20.0,37.15352290971728,78.47984827036257,0.3665127075842055,0.38511687323094407,3.9999008397801115,0.0012697896073667891,-0.0012697896073667891
4,complete,U20,20.0,38.018939632056124,78.47983039721686,0.3654130549796332,0.3869211797818477,3.9999009489622397,0.001271529304347041,-0.001271529304347041
4,complete,U20,20.0,38.904514499428046,78.47981208269343,0.3642862464310501,0.38877004372066754,3.999901060840623,0.0012732711866085822,-0.0012732711866085822
4,complete,U20,20.0,39.81071705534978,78.47979331590992,0.36313161239535796,0.39066456363162255,3.999901175481738,0.0012750132676870862,-0.0012750132676870862
4,complete,U20,20.0,40.7380277804113,78.47977408574711,0.3619484687595358,0.3926058620052159,3.9999012929535107,0.0012767534074491493,-0.0012767534074491493
4,complete,U20,20.0,41.68693834703355,78.47975438084775,0.36073611676371176,0.3945950853644579,3.9999014133253175,0.0012784893031785316,-0.0012784893031785316
4,complete,U20,20.0,42.65795188015925,78.47973418961575,0.35949384295097697,0.39663340434721095,3.9999015366679975,0.0012802184802787053,-0.0012802184802787053
4,complete,U20,20.0,43.65158322401656,78.47971350021571,0.3582209191470483,0.3987220137395591,3.9999016630538478,0.0012819382825668413,-0.0012819382825668413
4,complete,U20,20.0,44.668359215096345,78.4796923005733,0.35691660247315093,0.40086213245467034,3.9999017925566296,0.0012836458620668623,-0.0012836458620668623
4,complete,U20,20.0,45.708818961487516,78.47967057837602,0.35558013539576316,0.4030550034511754,3.999901925251554,0.001285338168464989,-0.001285338168464989
4,complete,U20,20.0,46.77351412871981,78.47964832107459,0.3542107458171563,0.40530189358461055,3.999902061215283,0.0012870119380323786,-0.0012870119380323786
4,complete,U20,20.0,47.863009232263806,78.47962551588526,0.3528076472109756,0.407604093384956,3.9999022005259084,0.001288663682160518,-0.001288663682160518
4,complete,U20,20.0,48.97788193684466,78.47960214979275,0.3513700388074318,0.4099629167527753,3.9999023432629377,0.0012902896754027893,-0.0012902896754027893
4,complete,U20,20.0,50.11872336272725,78.47957820955418,0.3498971058330195,0.4123797005658847,3.9999024895072655,0.0012918859431181318,-0.0012918859431181318
4,complete,U20,20.0,51.28613839913648,78.47955368170396,0.3483880198100428,0.41485580418789475,3.9999026393411525,0.0012934482485853493,-0.0012934482485853493
4,complete,U20,20.0,52.48074602497723,78.47952855255961,0.34684193892161047,0.4173926088693245,3.9999027928481787,0.0012949720798722808,-0.0012949720798722808
4,complete,U20,20.0,53.70317963702533,78.47950280822906,0.3452580084481648,0.4199915170313488,3.9999029501132095,0.00129645263599798,-0.00129645263599798
4,complete,U20,20.0,54.954087385762485,78.47947643461876,0.34363536128202343,0.4226539514215378,3.999903111222337,0.001297884812959893,-0.001297884812959893
4,complete,U20,20.0,56.23413251903491,78.47944941744362,0.34197311852685,0.42538135413024875,3.999903276262823,0.0012992631892494444,-0.0012992631892494444
4,complete,U20,20.0,57.543993733715666,78.47942174223823,0.3402703901894208,0.42817518545557703,3.9999034453230364,0.0013005820109945887,-0.0013005820109945887
4,complete,U20,20.0,58.884365535558956,78.47939339436962,0.33852627597151613,0.43103692260402304,3.999903618492365,0.0013018351768856462,-0.0013018351768856462
4,complete,U20,20.0,60.25595860743581,78.47936435905196,0.33673986617024404,0.4339680582132434,3.9999037958611297,0.0013030162227565256,-0.0013030162227565256
4,complete,U20,20.0,61.65950018614822,78.47933462136312,0.3349102426955881,0.43697009868246317,3.9999039775204865,0.0013041183059314676,-0.0013041183059314676
4,complete,U20,20.0,63.0957344480193,78.47930416626326,0.33303648021446386,0.44004456229531025,3.9999041635623094,0.0013051341894794177,-0.0013051341894794177
4,complete,U20,20.0,64.56542290346563,78.47927297861563,0.33111764743106237,0.4431929771190323,3.999904354079065,0.0013060562263156328,-0.0013060562263156328
4,complete,U20,20.0,66.06934480075964,78.47924104320973,0.3291528085137529,0.44641687866323954,3.999904549163671,0.001306876343377894,-0.001306876343377894
4,complete,U20,20.0,67.60829753919819,78.47920834478708,0.32714102467929534,0.449717807280533,3.9999047489093362,0.0013075860257920624,-0.0013075860257920624
4,complete,U20,20.0,69.18309709189363,78.47917486806975,0.32508135594559184,0.4530973052905963,3.9999049534093905,0.001308176301353825,-0.001308176301353825
4,complete,U20,20.0,70.79457843841388,78.47914059779168,0.3229728630646436,0.45655691380860475,3.999905162757086,0.0013086377252555792,-0.0013086377252555792
4,complete,U20,20.0,72.44359600749905,78.47910551873339,0.3208146096478055,0.4600981692581165,3.9999053770453994,0.0013089603653355653,-0.0013089603653355653
4,complete,U20,20.0,74.13102413009177,78.47906961575966,0.31860566449579314,0.46372259954800177,3.9999055963667853,0.0013091337879735931,-0.0013091337879735931
4,complete,U20,20.0,75.85775750291836,78.479032873861,0.316345104146233,0.46743171989243154,3.9999058208129314,0.0013091470447683662,-0.0013091470447683662
4,complete,U20,20.0,77.62471166286912,78.47899527819892,0.3140320156517884,0.47122702825253837,3.9999060504744843,0.0013089886602486445,-0.0013089886602486445
4,complete,U20,20.0,79.43282347242821,78.47895681415488,0.31166549960207246,0.4751100003780689,3.9999062854407437,0.0013086466208669378,-0.0013086466208669378
4,complete,U20,20.0,81.28305161640995,78.4789174673837,0.30924467340263534,0.4790820844272333,3.9999065257993403,0.0013081083654178371,-0.0013081083654178371
4,complete,U20,20.0,83.17637711026708,78.47887722387115,0.3067686748242618,0.4831446951430288,3.999906771635883,0.0013073607772966511,-0.0013073607772966511
4,complete,U20,20.0,85.11380382023759,78.47883606999635,0.30423666583564224,0.4872992075646043,3.9999070230335785,0.0013063901788257226,-0.0013063901788257226
4,complete,U20,20.0,87.09635899560814,78.47879399259878,0.30164783673212875,0.49154695025281103,3.9999072800728195,0.0013051823278829033,-0.0013051823278829033
4,complete,U20,20.0,89.12509381337459,78.47875097905052,0.29900141057276086,0.4958891980099449,3.999907542830748,0.0013037224173970685,-0.0013037224173970685
4,complete,U20,20.0,91.20108393559097,78.4787070173334,0.2962966479369936,0.5003271640749211,3.999907811380779,0.0013019950779344924,-0.0013019950779344924
4,complete,U20,20.0,93.32543007969905,78.47866209612182,0.2935328520115808,0.5048619917767323,3.9999080857920974,0.0012999843838379377,-0.0012999843838379377
4,complete,U20,20.0,95.49925860214368,78.47861620487086,0.2907093740167883,0.5094947456311354,3.99990836612912,0.001297673863341231,-0.001297673863341231
4,complete,U20,20.0,97.72372209558111,78.47856933391017,0.28782561897954717,0.514226401868079,3.9999086524509195,0.0012950465131851274,-0.0012950465131851274
4,complete,U20,20.0,100.0,78.47852147454348,0.2848810518592286,0.5190578383805516,3.9999089448106178,0.001292084818160788,-0.001292084818160788
4,complete,U20,20.0,102.32929922807536,78.47847261915402,0.281875204029433,0.5239898240892833,3.9999092432547476,0.0012887707761208844,-0.0012887707761208844
4,complete,U20,20.0,104.71285480509006,78.47842276131558,0.2788076801164603,0.5290230077222028,3.999909547822561,0.0012850859290693961,-0.0012850859290693961
4,complete,U20,20.0,107.1519305237607,78.4783718959095,0.27567816519196797,0.5341579060127484,3.999909858545328,0.0012810114007422158,-0.0012810114007422158
4,complete,U20,20.0,109.64781961431851,78.47832001924718,0.2724864323136551,0.5393948913271375,3.9999101754455806,0.0012765279413997632,-0.0012765279413997632
4,complete,U20,20.0,112.2018454301963,78.47826712919816,0.269232350403642,0.5447341787375443,3.999910498536334,0.001271615980272145,-0.001271615980272145
4,complete,U20,20.0,114.81536214968841,78.47821322532339,0.26591589244946817,0.5501758125659297,3.999910827820271,0.0012662556864029284,-0.0012662556864029284
4,complete,U20,20.0,117.48975549395303,78.47815830901344,0.26253714400732336,0.5557196524319649,3.9999111632888935,0.0012604270382148286,-0.0012604270382148286
4,complete,U20,20.0,120.22644346174131,78.47810238363124,0.2590963119812044,0.5613653588482204,3.999911504921662,0.001254109902550482,-0.001254109902550482
4,complete,U20,20.0,123.02687708123811,78.47804545465864,0.25559373364516835,0.5671123784164789,3.9999118526850888,0.0012472841236039756,-0.0012472841236039756
4,complete,U20,20.0,125.89254117941688,78.47798752984642,0.252029885868698,0.5729599286907858,3.9999122065318247,0.001239929622176561,-0.001239929622176561
4,complete,U20,20.0,128.82495516931348,78.47792861936671,0.24840539449745414,0.5789069827855404,3.999912566399732,0.001232026505640249,-0.001232026505640249
4,complete,U20,20.0,131.82567385564073,78.47786873596714,0.24472104383334256,0.5849522538206312,3.9999129322109392,0.001223555189046266,-0.001223555189046266
4,complete,U20,20.0,134.89628825916532,78.47780789512541,0.24097778614896728,0.5910941793101505,3.9999133038708976,0.0012144965273677144,-0.0012144965273677144
4,complete,U20,20.0,138.03842646028838,78.47774611520336,0.23717675116217424,0.597330905616594,3.999913681267439,0.0012048319591428935,-0.0012048319591428935
4,complete,U20,20.0,141.25375446227554,78.47768341759884,0.23331925538665244,0.6036602726084217,3.9999140642698494,0.0011945436613380878,-0.0011945436613380878
4,complete,U20,20.0,144.5439770745928,78.47761982689427,0.22940681126453033,0.610079798675325,3.9999144527279635,0.0011836147152628484,-0.0011836147152628484
4,complete,U20,20.0,147.91083881682073,78.47755537099972,0.22544113597671986,0.6165866662722387,3.9999148464712833,0.0011720292830474932,-0.0011720292830474932
4,complete,U20,20.0,151.3561248436207,78.47749008128916,0.22142415981662056,0.6231777081797965,3.9999152453081557,0.0011597727940539926,-0.0011597727940539926
4,complete,U20,20.0,154.88166189124829,78.47742399272731,0.2173580340028434,0.6298493946852367,3.9999156490249925,0.0011468321403818038,-0.0011468321403818038
4,complete,U20,20.0,158.48931924611142,78.47735714398533,0.21324513779714457,0.6365978219033177,3.9999160573855597,0.0011331958802145436,-0.0011331958802145436
4,complete,U20,20.0,162.18100973589299,78.47728957754303,0.2090880847849758,0.643418701471213,3.9999164701303602,0.0011188544476077311,-0.0011188544476077311
4,complete,U20,20.0,165.95869074375597,78.47722133977479,0.20488972816831252,0.6503073518640541,3.999916886976107,0.0011038003670371666,-0.0011038003670371666
4,complete,U20,20.0,169.8243652461746,78.47715248101693,0.20065316491398194,0.657258691588366,3.999917307615307,0.0010880284705248044,-0.0010880284705248044
4,complete,U20,20.0,173.78008287493762,78.47708305561414,0.1963817385959784,0.6642672345184072,3.999917731715987,0.0010715361150310798,-0.0010715361150310798
4,complete,U20,20.0,177.82794100389228,78.47701312194148,0.1920790407675449,0.6713270876448602,3.9999181589215462,0.0010543233974829036,-0.0010543233974829036
4,complete,U20,20.0,181.97008586099827,78.47694274240037,0.18774891069854793,0.6784319515057474,3.9999185888507935,0.001036393364220345,-0.001036393364220345
4,complete,U20,20.0,186.20871366628694,78.4768719833849,0.18339543331619124,0.6855751235653021,3.999919021098145,0.0010177522118048898,-0.0010177522118048898
4,complete,U20,20.0,190.54607179632484,78.47680091521683,0.17902293519283943,0.6927495047971336,3.999919455234025,0.000998409475394979,-0.000998409475394979
4,complete,U20,20.0,194.98445997580455,78.47672961204609,0.17463597843394138,0.6999476097129035,3.999919890805472,0.000978378201022423,-0.000978378201022423
4,complete,U20,20.0,199.52623149688787,78.47665815171518,0.17023935233210852,0.707161580056289,3.999920327336966,0.0009576750977497994,-0.0009576750977497994
4,complete,U20,20.0,204.17379446695315,78.47658661558536,0.16583806267051437,0.7143832023539307,3.999920764331495,0.0009363206655752521,-0.0009363206655752521
4,complete,U20,20.0,208.92961308540407,78.47651508832294,0.16143731858015262,0.7216039294800025,3.999921201271856,0.0009143392950559104,-0.0009143392950559104
4,complete,U20,20.0,213.79620895022325,78.4764436576449,0.15704251688116172,0.7288149063489168,3.9999216376222098,0.000891759334511022,-0.000891759334511022
4,complete,U20,20.0,218.77616239495518,78.47637241402265,0.15265922386840133,0.7360069998014942,3.999922072829891,0.000868613120948325,-0.000868613120948325
4,complete,U20,20.0,223.87211385683423,78.4763014503446,0.1482931545355327,0.7431708326940274,3.9999225063274704,0.0008449369710135102,-0.0008449369710135102
4,complete,U20,20.0,229.08676527677747,78.47623086153712,0.14395014926976435,0.7502968221374688,3.9999229375350684,0.0008207711288115149,-0.0008207711288115149
4,complete,U20,20.0,234.42288153199226,78.47616074414604,0.13963614809066224,0.7573752217663112,3.9999233658629123,0.0007961596677290572,-0.0007961596677290572
4,complete,U20,20.0,239.88329190194898,78.47609119587985,0.1353571625504272,0.7643961678445241,3.999923790714131,0.0007711503442227041,-0.0007711503442227041
4,complete,U20,20.0,245.47089156850285,78.47602231511748,0.13111924545897413,0.7713497289405483,3.999924211487751,0.0007457944021247442,-0.0007457944021247442
4,complete,U20,20.0,251.18864315095823,78.47595420038459,0.1269284586441368,0.7782259588262521,3.999924627581908,0.0007201463269410624,-0.0007201463269410624
4,complete,U20,20.0,257.03957827688646,78.4758869498016,0.12279083900426373,0.7850149521777249,3.9999250383972114,0.0006942635505140515,-0.0006942635505140515
4,complete,U20,20.0,263.02679918953817,78.47582066050909,0.11871236315619255,0.7917069025807701,3.999925443340256,0.0006682061074467782,-0.0006682061074467782
4,complete,U20,20.0,269.1534803926914,78.47575542807616,0.11469891102484547,0.798292162272984,3.999925841827235,0.0006420362457202344,-0.0006420362457202344
4,complete,U20,20.0,275.4228703338169,78.47569134589752,0.11075622876012141,0.804761302989602,3.9999262332876286,0.0006158179950830345,-0.0006158179950830345
4,complete,U20,20.0,281.8382931264455,78.47562850458678,0.10688989140109871,0.8111051772239579,3.999926617167901,0.0005896166976810946,-0.0005896166976810946
4,complete,U20,20.0,288.40315031266056,78.47556699137276,0.10310526573549063,0.8173149791675735,3.9999269929351966,0.0005634985066951259,-0.0005634985066951259
4,complete,U20,20.0,295.1209226666384,78.47550688950656,0.09940747382268089,0.8233823045614476,3.999927360080956,0.000537529859403918,-0.000537529859403918
4,complete,U20,20.0,301.9951720402019,78.47544827768733,0.09580135766043357,0.8292992086708079,3.999927718124429,0.0005117769321349996,-0.0005117769321349996
4,complete,U20,20.0,309.0295432513592,78.47539122951444,0.09229144547774203,0.8350582615916985,3.999928066616016,0.0004863050851309225,-0.0004863050851309225
4,complete,U20,20.0,316.22776601683796,78.47533581297368,0.08888192012863673,0.8406526001103217,3.999928405140413,0.00046117830593495057,-0.00046117830593495057
4,complete,U20,20.0,323.5936569296281,78.47528208996513,0.08557659004384878,0.8460759753654565,3.9999287333194866,0.0004364586601273146,-0.0004364586601273146
4,complete,U20,20.0,331.1311214825914,78.4752301158797,0.08237886316900421,0.8513227956105892,3.99992905081487,0.00041220575840572593,-0.00041220575840572593
4,complete,U20,20.0,338.84415613920277,78.4751799392303,0.07929172427988146,0.8563881634349674,3.9999293573302133,0.00038847624884219556,-0.00038847624884219556
4,complete,U20,20.0,346.73685045253166,78.47513160134356,0.07631771601783692,0.8612679068806129,3.9999296526130594,0.0003653233427334257,-0.0003653233427334257
4,complete,U20,20.0,354.8133892335753,78.4750851361169,0.07345892393281167,0.8659586039837122,3.9999299364563417,0.0003427963819255808,-0.0003427963819255808
4,complete,U20,20.0,363.07805477010174,78.47504056984407,0.07071696575860571,0.8704576003717106,3.9999302086994377,0.0003209404546593575,-0.0003209404546593575
4,complete,U20,20.0,371.53522909717276,78.47499792111219,0.06809298507690212,0.8747630196593628,3.9999304692288025,0.0002997960659767429,-0.0002997960659767429
4,complete,U20,20.0,380.1893963205613,78.47495720077151,0.0655876494545169,0.8788737665051272,3.9999307179781565,0.0002793988676064174,-0.0002793988676064174
4,complete,U20,20.0,389.04514499428046,78.47491841197807,0.06320115306440943,0.8827895223106195,3.9999309549282205,0.00025977945098265565,-0.00025977945098265565
4,complete,U20,20.0,398.1071705534977,78.474881550308,0.060933223726979326,0.8865107336672767,3.999931180106019,0.0002409632056714628,-0.0002409632056714628
4,complete,U20,20.0,407.380277804113,78.47484660394163,0.05878313423601761,0.8900385937727692,3.9999313935837533,0.00022297024414719147,-0.00022297024414719147
4,complete,U20,20.0,416.8693834703355,78.47481355391405,0.056749717765157304,0.8933750171521468,3.999931595477275,0.00020581539241870672,-0.00020581539241870672
4,complete,U20,20.0,426.57951880159254,78.47478237442735,0.05483138708746289,0.8965226081223968,3.9999317859441783,0.00018950824478292105,-0.00018950824478292105
4,complete,U20,20.0,436.51583224016565,78.4747530332198,0.053026157284349805,0.8994846235317185,3.999931965181541,0.0001740532796361549,-0.0001740532796361549
4,complete,U20,20.0,446.6835921509635,78.47472549198547,0.05133167157156407,0.9022649303843369,3.999932133423361,0.00015945003226214283,-0.00015945003226214283
4,complete,U20,20.0,457.0881896148752,78.47469970683814,0.0497452298303952,0.9048679590265789,3.9999322909377293,0.00014569331944391806,-0.00014569331944391806
4,complete,U20,20.0,467.73514128719813,78.47467562881174,0.04826381940226533,0.9072986526192083,3.9999324380237673,0.00013277351010199112,-0.00013277351010199112
4,complete,U20,20.0,478.630092322638,78.4746532043901,0.04688414768466442,0.9095624136541146,3.999932575008387,0.00012067683540495366,-0.00012067683540495366
4,complete,U20,20.0,489.77881936844665,78.47463237605844,0.04560267605607428,0.9116650482904064,3.9999327022429325,0.00010938573149088526,-0.00010938573149088526
4,complete,U20,20.0,501.18723362727246,78.47461308286863,0.04441565465679555,0.9136127092861395,3.9999328200997204,9.887920767148728e-05,-9.887920767148728e-05
4,complete,U20,20.0,512.8613839913648,78.4745952610108,0.04331915756091769,0.9154118382882565,3.999932928968545,8.913323297532472e-05,-8.913323297532472e-05
4,complete,U20,20.0,524.8074602497722,78.4745788443842,0.04230911789132873,0.9170691082159901,3.999933029253198,8.012113398292442e-05,-8.012113398292442e-05
4,complete,U20,20.0,537.0317963702532,78.47456376516001,0.04138136245371378,0.9185913664335081,3.9999331213680285,7.181399723554804e-05,-7.181399723554804e-05
4,complete,U20,20.0,549.5408738576248,78.47454995433017,0.040531645495915695,0.9199855793576575,3.999933205734587,6.418106989247718e-05,-6.418106989247718e-05
4,complete,U20,20.0,562.341325190349,78.47453734223592,0.03975568123468639,0.9212587790881739,3.9999332827784,5.719015282545925e-05,-5.719015282545925e-05
4,complete,U20,20.0,575.4399373371566,78.47452585907128,0.03904917483159153,0.9224180125825149,3.9999333529258925,5.0807980977563005e-05,-5.0807980977563005e-05
4,complete,U20,20.0,588.8436553555896,78.47451543535695,0.03840785154247352,0.923470293827511,3.999933416601494,4.500058643941429e-05,-4.500058643941429e-05
4,complete,U20,20.0,602.5595860743581,78.47450600238056,0.03782748380931484,0.9244225593871228,3.999933474224952,3.973364044140837e-05,-3.973364044140837e-05
4,complete,U20,20.0,616.5950018614822,78.47449749260049,0.03730391610851236,0.9252816276314679,3.9999335262088564,3.497277114128394e-05,-3.497277114128394e-05
4,complete,U20,20.0,630.957344480193,78.4744898400111,0.03683308741451716,0.9260541618785535,3.9999335729564187,3.0683854790769516e-05,-3.0683854790769516e-05
4,complete,U20,20.0,645.6542290346563,78.47448298046741,0.03641105118164642,0.9267466376081807,3.9999336148594833,2.6833278600424393e-05,-2.6833278600424393e-05
4,complete,U20,20.0,660.6934480075964,78.47447685196867,0.03603399278890337,0.9273653138385379,3.999933652296795,2.3388174192895406e-05,-2.3388174192895406e-05
4,complete,U20,20.0,676.0829753919819,78.47447139490043,0.03569824443222127,0.9279162086910555,3.9999336856325227,2.0316621188509743e-05,-2.0316621188509743e-05
4,complete,U20,20.0,691.8309709189363,78.47446655223541,0.035400297485184744,0.9284050791089716,3.9999337152150307,1.7587821009801274e-05,-1.7587821009801274e-05
4,complete,U20,20.0,707.9457843841387,78.47446226969416,0.03513681238259109,0.9288374046404155,3.999933741375896,1.5172241414784793e-05,-1.5172241414784793e-05
4,complete,U20,20.0,724.4359600749906,78.47445849586681,0.03490462611092474,0.9292183751480609,3.9999337644291697,1.3041732767504755e-05,-1.3041732767504755e-05
4,complete,U20,20.0,741.3102413009177,78.4744551822977,0.034700757415753646,0.9295528822648464,3.999933784670851,1.1169617330164527e-05,-1.1169617330164527e-05
4,complete,U20,20.0,758.5775750291835,78.47445228353507,0.03452240985813329,0.9298455143790381,3.999933802378594,9.530753193320862e-06,-9.530753193320862e-06
4,complete,U20,20.0,776.2471166286912,78.4744497571482,0.03436697287031023,0.9301005549020324,3.999933817811597,8.101574665797528e-06,-8.101574665797528e-06
4,complete,U20,20.0,794.3282347242822,78.47444756371466,0.034232020975412794,0.9303219835486864,3.9999338312106785,6.860111108952793e-06,-6.860111108952793e-06
4,complete,U20,20.0,812.8305161640995,78.47444566678088,0.03411531134651088,0.9305134803424064,3.9999338427985256,5.785986322504044e-06,-5.785986322504044e-06
4,complete,U20,20.0,831.7637711026708,78.47444403279808,0.034014779887580025,0.9306784320454864,3.9999338527800754,4.86040065439397e-06,-4.86040065439397e-06
4,complete,U20,20.0,851.1380382023759,78.47444263103796,0.03392853602271276,0.9308199407089575,3.999933861343043,4.06609798853097e-06,-4.06609798853097e-06
4,complete,U20,20.0,870.9635899560815,78.47444143348977,0.033854856380607465,0.930940834035055,3.9999338686585344,3.3873198126421755e-06,-3.3873198126421755e-06
4,complete,U20,20.0,891.2509381337459,78.47444041474284,0.03379217755918654,0.9310436772490144,3.9999338748817794,2.8097484503497583e-06,-2.8097484503497583e-06
4,complete,U20,20.0,912.0108393559096,78.47443955185695,0.0337390881504183,0.9311307861847143,3.9999338801529123,2.320441492287273e-06,-2.320441492287273e-06
4,complete,U20,20.0,933.2543007969905,78.47443882422338,0.03369432019833179,0.931204241300343,3.9999338845978247,1.9077593567118356e-06,-1.9077593567118356e-06
4,complete,U20,20.0,954.9925860214369,78.47443821341975,0.03365674025411431,0.9312659023551638,3.9999338883290574,1.561287767959385e-06,-1.561287767959385e-06
4,complete,U20,20.0,977.2372209558112,78.47443770306032,0.03362534018137828,0.9313174234962048,3.999933891446702,1.2717568429465587e-06,-1.2717568429465587e-06
4,complete,U20,20.0,1000.0,78.47443727864497,0.03359922785248553,0.9313602685237024,3.999933894039339,1.030958252989933e-06,-1.030958252989933e-06
4,complete,U20,20.0,inf,78.4744354619889,0.03348745734595996,0.9315436612208899,3.9999339051367904,0.0,0.0
4,ring,no_hopping,,0.0,7.200000000000005,0.17556365302394775,0.638095238095238,3.428571428571424,-0.3457815551323411,0.3457815551323411
4,ring,no_hopping,,0.001,7.196299213674192,0.17590947698394693,0.637394223308028,3.429599332284708,-0.34586612286000185,0.34586612286000185
4,ring,no_hopping,,0.0010232929922807535,7.196213060644938,0.1759175332636184,0.6373778931008368,3.4296232593235794,-0.3458680753915031,0.3458680753915031
4,ring,no_hopping,,0.0010471285480508996,7.196124903179974,0.1759257772452225,0.6373611824453277,3.429647742944811,-0.3458700725879045,0.3458700725879045
4,ring,no_hopping,,0.001071519305237606,7.196034694699602,0.1759342133030962,0.6373440824765134,3.429672796077524,-0.34587211545115726,0.34587211545115726
4,ring,no_hopping,,0.0010964781961431851,7.1959423875443305,0.17594284591357132,0.6373265841227703,3.4296984319503414,-0.34587420500475086,0.34587420500475086
4,ring,no_hopping,,0.001122018454301963,7.195847932949932,0.17595167965735314,0.6373086781010113,3.4297246640982753,-0.345876342294116,0.345876342294116
4,ring,no_hopping,,0.0011481536214968829,7.1957512810220035,0.17596071922195686,0.6372903549117575,3.4297515063697683,-0.34587852838704913,0.34587852838704913
4,ring,no_hopping,,0.001174897554939529,7.195652380709862,0.17596996940420132,0.6372716048340903,3.4297789729339567,-0.3458807643741444,0.3458807643741444
4,ring,no_hopping,,0.001202264434617413,7.195551179779907,0.17597943511275926,0.6372524179204841,3.4298070782879715,-0.3458830513692148,0.3458830513692148
4,ring,no_hopping,,0.0012302687708123812,7.195447624788376,0.17598912137076972,0.6372327839915201,3.429835837264565,-0.345885390509746,0.345885390509746
4,ring,no_hopping,,0.0012589254117941675,7.195341661053466,0.17599903331850875,0.6372126926304792,3.4298652650397736,-0.345887782957331,0.345887782957331
4,ring,no_hopping,,0.0012882495516931337,7.195233232626767,0.1760091762161257,0.6371921331778004,3.429895377140845,-0.34589022989812135,0.34589022989812135
4,ring,no_hopping,,0.0013182567385564075,7.195122282264162,0.1760195554464406,0.6371710947254204,3.429926189454281,-0.34589273254328456,0.34589273254328456
4,ring,no_hopping,,0.0013489628825916532,7.195008751395955,0.17603017651780795,0.637149566110973,3.429957718234117,-0.3458952921294556,0.3458952921294556
4,ring,no_hopping,,0.0013803842646028853,7.19489258009636,0.1760410450670488,0.6371275359118544,3.429989980110348,-0.34589790991920477,0.34589790991920477
4,ring,no_hopping,,0.001412537544622754,7.194773707052341,0.1760521668624505,0.6371049924391569,3.430022992097571,-0.34590058720151595,0.34590058720151595
4,ring,no_hopping,,0.001445439770745928,7.194652069531654,0.17606354780683559,0.6370819237314453,3.4300567716038186,-0.3459033252922451,0.3459033252922451
4,ring,no_hopping,,0.0014791083881682072,7.194527603350239,0.17607519394070456,0.6370583175484072,3.4300913364395647,-0.3459061255346091,0.3459061255346091
4,ring,no_hopping,,0.0015135612484362087,7.194400242838843,0.176087111445451,0.6370341613643419,3.4301267048269715,-0.3459089892996654,0.3459089892996654
4,ring,no_hopping,,0.0015488166189124811,7.194269920808881,0.176099306646651,0.6370094423614933,3.4301628954093406,-0.34591191798679144,0.34591191798679144
4,ring,no_hopping,,0.001584893192461114,7.194136568517539,0.1761117860174326,0.6369841474232473,3.4301999272607393,-0.34591491302418387,0.34591491302418387
4,ring,no_hopping,,0.0016218100973589297,7.194000115632096,0.1761245561819209,0.6369582631271454,3.4302378198958894,-0.34591797586935025,0.34591797586935025
4,ring,no_hopping,,0.0016595869074375613,7.193860490193381,0.17613762391876567,0.6369317757377545,3.430276593280257,-0.3459211080095981,0.3459211080095981
4,ring,no_hopping,,0.0016982436524617442,7.193717618578471,0.17615099616475163,0.6369046711993558,3.430316267840365,-0.34592431096254117,0.34592431096254117
4,ring,no_hopping,,0.0017378008287493763,7.193571425462541,0.176164680018491,0.6368769351284752,3.4303568644743523,-0.3459275862765949,0.3459275862765949
4,ring,no_hopping,,0.0017782794100389228,7.193421833779801,0.1761786827442069,0.6368485528062265,3.430398404562759,-0.3459309355314887,0.3459309355314887
4,ring,no_hopping,,0.0018197008586099826,7.193268764683578,0.17619301177560096,0.6368195091704858,3.4304409099795548,-0.34593436033876157,0.34593436033876157
4,ring,no_hopping,,0.0018620871366628676,7.193112137505559,0.17620767471981394,0.6367897888078781,3.430484403103414,-0.3459378623422765,0.3459378623422765
4,ring,no_hopping,,0.0019054607179632482,7.192951869713989,0.17622267936147878,0.6367593759455804,3.430528906829263,-0.34594144321872067,0.34594144321872067
4,ring,no_hopping,,0.0019498445997580456,7.192787876871043,0.17623803366686822,0.6367282544429229,3.4305744445800403,-0.34594510467811745,0.34594510467811745
4,ring,no_hopping,,0.001995262314968879,7.192620072589213,0.17625374578813927,0.6366964077828081,3.430621040318773,-0.3459488484643285,0.3459488484643285
4,ring,no_hopping,,0.0020417379446695297,7.192448368486658,0.17626982406767996,0.6366638190629172,3.430668718560881,-0.3459526763555738,0.3459526763555738
4,ring,no_hopping,,0.0020892961308540386,7.19227267414161,0.17628627704255273,0.636630470986719,3.430717504386777,-0.3459565901649121,0.3459565901649121
4,ring,no_hopping,,0.0021379620895022326,7.192092897045769,0.1763031134490481,0.6365963458542633,3.4307674234547383,-0.3459605917407733,0.3459605917407733
4,ring,no_hopping,,0.002187761623949552,7.1919089425565685,0.17632034222733967,0.6365614255527597,3.430818502014092,-0.34596468296742977,0.34596468296742977
4,ring,no_hopping,,0.00223872113856834,7.1917207138484995,0.17633797252625136,0.6365256915469406,3.4308707669186393,-0.34596886576550934,0.34596886576550934
4,ring,no_hopping,,0.0022908676527677724,7.191528111863208,0.17635601370813758,0.6364891248691906,3.430924245640404,-0.3459731420924853,0.3459731420924853
4,ring,no_hopping,,0.0023442288153199225,7.191331035258616,0.17637447535387313,0.6364517061094511,3.430978966283739,-0.3459775139431577,0.3459775139431577
4,ring,no_hopping,,0.00239883291901949,7.191129380356806,0.17639336726796603,0.6364134154048899,3.431034957599645,-0.3459819833501451,0.3459819833501451
4,ring,no_hopping,,0.002454708915685031,7.190923041090741,0.17641269948378482,0.6363742324293193,3.4310922490004865,-0.3459865523843356,0.3459865523843356
4,ring,no_hopping,,0.0025118864315095794,7.190711908949923,0.17643248226891298,0.6363341363823803,3.4311508705749865,-0.3459912231553792,0.3459912231553792
4,ring,no_hopping,,0.0025703957827688645,7.1904958729246475,0.1764527261306265,0.6362931059784629,3.4312108531035896,-0.3459959978121211,0.3459959978121211
4,ring,no_hopping,,0.0026302679918953813,7.190274819449235,0.17647344182150043,0.6362511194353703,3.431272228074112,-0.3460008785430626,0.3460008785430626
4,ring,no_hopping,,0.0026915348039269166,7.190048632343813,0.1764946403451479,0.6362081544627174,3.431335027697819,-0.3460058675767882,0.3460058675767882
4,ring,no_hopping,,0.002754228703338166,7.189817192754913,0.17651633296209232,0.6361641882500647,3.431399284925737,-0.3460109671823819,0.3460109671823819
4,ring,no_hopping,,0.002818382931264455,7.1895803790947665,0.17653853119577934,0.6361191974547611,3.4314650334654537,-0.3460161796698472,0.3460161796698472
4,ring,no_hopping,,0.0028840315031266055,7.189338066979151,0.17656124683872867,0.6360731581895097,3.4315323077981805,-0.3460215073904833,0.3460215073904833
4,ring,no_hopping,,0.002951209226666387,7.18909012916401,0.17658449195883055,0.636026046009644,3.431601143196242,-0.34602695273726947,0.34602695273726947
4,ring,no_hopping,,0.003019951720402016,7.188836435480579,0.17660827890579064,0.6359778359001071,3.4316715757409537,-0.34603251814521785,0.34603251814521785
4,ring,no_hopping,,0.003090295432513592,7.188576852769041,0.17663262031772625,0.635928502262114,3.431743642340837,-0.3460382060916989,0.3460382060916989
4,ring,no_hopping,,0.0031622776601683794,7.1883112448108974,0.17665752912791602,0.6358780188995212,3.4318173807502954,-0.3460440190967604,0.3460440190967604
4,ring,no_hopping,,0.003235936569296281,7.188039472259662,0.17668301857171112,0.6358263590048544,3.4318928295886533,-0.34604995972341224,0.34604995972341224
4,ring,no_hopping,,0.003311311214825911,7.187761392570163,0.17670910219360686,0.6357734951450275,3.431970028359602,-0.3460560305778926,0.3460560305778926
4,ring,no_hopping,,0.0033884415613920273,7.187476859926243,0.1767357938544801,0.6357193992467242,3.4320490174711407,-0.3460622343098885,0.3460622343098885
4,ring,no_hopping,,0.0034673685045253167,7.187185725166888,0.1767631077389984,0.6356640425814243,3.432129838255821,-0.34606857361274235,0.34606857361274235
4,ring,no_hopping,,0.0035481338923357532,7.186887835710729,0.17679105836320227,0.6356073957500952,3.4322125329915507,-0.3460750512236155,0.3460750512236155
4,ring,no_hopping,,0.003630780547701014,7.186583035478976,0.17681966058226606,0.6355494286675109,3.4322971449227615,-0.3460816699236261,0.3460816699236261
4,ring,no_hopping,,0.003715352290971728,7.186271164816563,0.17684892959844162,0.6354901105462188,3.4323837182820967,-0.34608843253793464,0.34608843253793464
4,ring,no_hopping,,0.0038018939632056127,7.185952060411674,0.17687888096918827,0.6354294098801145,3.4324722983125033,-0.3460953419357998,0.3460953419357998
4,ring,no_hopping,,0.003890451449942805,7.185625555213457,0.17690953061549325,0.6353672944276485,3.4325629312898243,-0.34610240103057055,0.34610240103057055
4,ring,no_hopping,,0.003981071705534973,7.185291478348029,0.17694089483039088,0.6353037311946222,3.4326556645458854,-0.346109612779663,0.346109612779663
4,ring,no_hopping,,0.004073802778041126,7.184949655032621,0.17697299028767866,0.6352386864165931,3.4327505464920587,-0.3461169801844579,0.3461169801844579
4,ring,no_hopping,,0.004168693834703355,7.184599906487877,0.1770058340508406,0.6351721255408662,3.432847626643315,-0.3461245062901528,0.3461245062901528
4,ring,no_hopping,,0.004265795188015926,7.184242049848283,0.1770394435821791,0.635104013208058,3.432946955642799,-0.3461321941855493,0.3461321941855493
4,ring,no_hopping,,0.004365158322401661,7.183875898070657,0.17707383675216376,0.6350343132332313,3.4330485852869455,-0.346140047002796,0.346140047002796
4,ring,no_hopping,,0.0044668359215096305,7.183501259840734,0.17710903184899887,0.6349629885865924,3.433152568551076,-0.34614806791705033,0.34614806791705033
4,ring,no_hopping,,0.004570881896148752,7.183117939477643,0.17714504758841518,0.6348900013737304,3.433258959615572,-0.34615626014605927,0.34615626014605927
4,ring,no_hopping,,0.004677351412871981,7.18272573683652,0.17718190312369428,0.6348153128153923,3.433367813892578,-0.3461646269496945,0.3461646269496945
4,ring,no_hopping,,0.004786300923226385,7.1823244472088525,0.17721961805592787,0.6347388832267886,3.4334791880532687,-0.3461731716293748,0.3461731716293748
4,ring,no_hopping,,0.004897788193684461,7.181913861220878,0.17725821244451945,0.6346606719964174,3.433593140055703,-0.34618189752743267,0.34618189752743267
4,ring,no_hopping,,0.005011872336272725,7.181493764729763,0.17729770681793125,0.6345806375643791,3.433709729173208,-0.34619080802636215,0.34619080802636215
4,ring,no_hopping,,0.005128613839913648,7.181063938717548,0.1773381221846864,0.6344987374002004,3.433829016023389,-0.34619990654798294,0.34619990654798294
4,ring,no_hopping,,0.005248074602497723,7.180624159182969,0.17737948004463056,0.6344149279801199,3.4339510625977523,-0.3462091965525166,0.3462091965525166
4,ring,no_hopping,,0.005370317963702527,7.180174197030939,0.17742180240045613,0.6343291647638625,3.4340759322918935,-0.346218681537525,0.346218681537525
4,ring,no_hopping,,0.005495408738576248,7.179713817959678,0.17746511176949986,0.6342414021708516,3.4342036899363233,-0.3462283650367457,0.3462283650367457
4,ring,no_hopping,,0.005623413251903491,7.179242782345616,0.17750943119581938,0.6341515935558727,3.4343344018279462,-0.3462382506188225,0.3462382506188225
4,ring,no_hopping,,0.005754399373371567,7.178760845125774,0.17755478426255109,0.6340596911841716,3.434468135762137,-0.34624834188587217,0.34624834188587217
4,ring,no_hopping,,0.00588843655355589,7.17826775567778,0.17760119510456263,0.6339656462059511,3.4346049610655083,-0.34625864247194715,0.34625864247194715
4,ring,no_hopping,,0.0060255958607435805,7.177763257697367,0.17764868842140027,0.6338694086303006,3.4347449486293096,-0.3462691560413217,0.3462691560413217
4,ring,no_hopping,,0.006165950018614822,7.177247089073398,0.1776972894905442,0.6337709272984817,3.434888170943529,-0.3462798862866554,0.3462798862866554
4,ring,no_hopping,,0.00630957344480193,7.176718981760243,0.17774702418097438,0.6336701498566165,3.4350347021316336,-0.3462908369269705,0.3462908369269705
4,ring,no_hopping,,0.006456542290346556,7.176178661647651,0.17779791896705574,0.6335670227277197,3.43518461798606,-0.34630201170546415,0.34630201170546415
4,ring,no_hopping,,0.006606934480075964,7.175625848427845,0.17785000094275155,0.633461491083084,3.4353379960043404,-0.3463134143871355,0.3463134143871355
4,ring,no_hopping,,0.006760829753919818,7.1750602554600444,0.17790329783617145,0.6333534988129953,3.4354949154260357,-0.3463250487562324,0.3463250487562324
4,ring,no_hopping,,0.006918309709189363,7.174481589632178,0.17795783802446208,0.6332429884967598,3.4356554572702875,-0.3463369186134856,0.3463369186134856
4,ring,no_hopping,,0.00707945784384138,7.173889551219765,0.178013650549047,0.6331299013720263,3.4358197043741954,-0.34634902777311094,0.34634902777311094
4,ring,no_hopping,,0.007244359600749898,7.173283833742109,0.17807076513122835,0.6330141773034136,3.4359877414318873,-0.3463613800596276,0.3463613800596276
4,ring,no_hopping,,0.007413102413009177,7.172664123815445,0.1781292121881534,0.6328957547503737,3.4361596550343743,-0.3463739793043906,0.3463739793043906
4,ring,no_hopping,,0.007585775750291836,7.172030101003311,0.1781890228491584,0.6327745707343237,3.436335533710165,-0.34638682934190035,0.34638682934190035
4,ring,no_hopping,,0.00776247116628692,7.171381437663819,0.17825022897249693,0.632650560805011,3.436515467966657,-0.3463999340058279,0.3463999340058279
4,ring,no_hopping,,0.007943282347242814,7.170717798794108,0.1783128631624613,0.6325236590060795,3.4366995503323094,-0.3464132971247824,0.3464132971247824
4,ring,no_hopping,,0.008128305161640995,7.170038841871489,0.1783769587869085,0.632393797839847,3.4368878753996337,-0.34642692251774587,0.34642692251774587
4,ring,no_hopping,,0.008317637711026709,7.169344216691729,0.17844254999519735,0.6322609082312551,3.4370805398689894,-0.34644081398923443,0.34644081398923443
4,ring,no_hopping,,0.008511380382023767,7.168633565204058,0.1785096717365463,0.6321249194909734,3.4372776425931653,-0.34645497532409175,0.34645497532409175
4,ring,no_hopping,,0.008709635899560805,7.167906521343037,0.1785783597788272,0.6319857592776548,3.43747928462284,-0.3464694102819762,0.3464694102819762
4,ring,no_hopping,,0.008912509381337459,7.167162710857158,0.178648650727796,0.6318433535593034,3.4376855692528507,-0.346484122591441,0.346484122591441
4,ring,no_hopping,,0.009120108393559097,7.166401751134233,0.17872058204677774,0.6316976265737465,3.4378966020692894,-0.34649911594364924,0.34649911594364924
4,ring,no_hopping,,0.009332543007969905,7.165623251023446,0.17879419207681538,0.6315485007881888,3.4381124909975265,-0.34651439398569917,0.34651439398569917
4,ring,no_hopping,,0.009549925860214359,7.16482681065397,0.1788695200572884,0.631395896857818,3.438333346351,-0.34652996031347527,0.34652996031347527
4,ring,no_hopping,,0.009772372209558112,7.164012021250357,0.17894660614701877,0.6312397335834629,3.4385592808809644,-0.3465458184641025,0.3465458184641025
4,ring,no_hopping,,0.01,7.1631784649443055,0.17902549144587077,0.6310799278682571,3.4387904098270594,-0.3465619719078934,0.3465619719078934
4,ring,no_hopping,,0.010232929922807542,7.162325714583065,0.17910621801685525,0.6309163946733004,3.439026850968806,-0.34657842403979155,0.34657842403979155
4,ring,no_hopping,,0.010471285480508996,7.161453333534299,0.17918882890875606,0.6307490469722971,3.4392687246779885,-0.3465951781703204,0.3465951781703204
4,ring,no_hopping,,0.010715193052376065,7.160560875487389,0.17927336817928466,0.6305777957051341,3.4395161539719226,-0.3466122375159637,0.3466122375159637
4,ring,no_hopping,,0.01096478196143185,7.159647884251166,0.17935988091877417,0.6304025497303998,3.439769264567638,-0.34662960518895525,0.34662960518895525
4,ring,no_hopping,,0.011220184543019636,7.158713893547922,0.1794484132744316,0.630223215776793,3.4400281849369962,-0.3466472841864615,0.3466472841864615
4,ring,no_hopping,,0.01148153621496883,7.157758426803956,0.17953901247515602,0.6300396983934172,3.4402930463626804,-0.3466652773791542,0.3466652773791542
4,ring,no_hopping,,0.011748975549395297,7.156780996936228,0.1796317268569335,0.629851899898924,3.4405639829951875,-0.3466835874990529,0.3466835874990529
4,ring,no_hopping,,0.012022644346174132,7.155781106135439,0.17972660588882927,0.6296597203294924,3.4408411319106347,-0.3467022171267147,0.3467022171267147
4,ring,no_hopping,,0.012302687708123818,7.15475824564527,0.17982370019958097,0.6294630573856053,3.441124633169616,-0.34672116867762937,0.34672116867762937
4,ring,no_hopping,,0.012589254117941675,7.153711895537882,0.1799230616048149,0.6292618063776042,3.4414146298768915,-0.3467404443878619,0.3467404443878619
4,ring,no_hopping,,0.012882495516931342,7.152641524485621,0.18002474313489425,0.629055860170005,3.4417112682420705,-0.3467600462988669,0.3467600462988669
4,ring,no_hopping,,0.013182567385564075,7.151546589528908,0.18012879906341323,0.6288451091245223,3.4420146976412154,-0.34677997624142876,0.34677997624142876
4,ring,no_hopping,,0.01348962882591654,7.150426535840273,0.1802352849363542,0.6286294410418098,3.442325070679351,-0.346800235818703,0.346800235818703
4,ring,no_hopping,,0.013803842646028852,7.149280796484515,0.1803442576019196,0.6284087411018536,3.442642543253944,-0.34682082638829614,0.34682082638829614
4,ring,no_hopping,,0.014125375446227547,7.148108792175054,0.18045577524105333,0.628182891803028,3.4429672746192796,-0.3468417490433464,0.3468417490433464
4,ring,no_hopping,,0.014454397707459272,7.146909931026327,0.18056989739867116,0.6279517728997429,3.4432994274517967,-0.346863004592568,0.346863004592568
4,ring,no_hopping,,0.014791083881682071,7.145683608302389,0.18068668501560536,0.6277152613387013,3.443639167916305,-0.34688459353915646,0.34688459353915646
4,ring,no_hopping,,0.01513561248436208,7.144429206161499,0.18080620046129245,0.6274732311936977,3.443986665733135,-0.34690651605857425,0.34690651605857425
4,ring,no_hopping,,0.01548816618912481,7.1431460933969975,0.18092850756720508,0.6272255535989457,3.4443420942462026,-0.3469287719750964,0.3469287719750964
4,ring,no_hopping,,0.015848931924611134,7.141833625174049,0.181053671661056,0.626972096680919,3.4447056304919452,-0.3469513607370711,0.3469513607370711
4,ring,no_hopping,,0.0162181009735893,7.140491142762839,0.18118175960178376,0.6267127254886425,3.445077455269158,-0.34697428139088804,0.34697428139088804
4,ring,no_hopping,,0.016595869074375606,7.139117973267593,0.18131283981533589,0.6264473019224364,3.445457753209692,-0.34699753255347565,0.34699753255347565
4,ring,no_hopping,,0.016982436524617443,7.137713429351954,0.1814469823312698,0.6261756846610589,3.445846712850046,-0.34702111238337574,0.34702111238337574
4,ring,no_hopping,,0.017378008287493755,7.136276808960546,0.18158425882018472,0.6258977290872424,3.4462445267037207,-0.3470450185502635,0.3470450185502635
4,ring,no_hopping,,0.01778279410038923,7.134807395036598,0.18172474263200114,0.6256132872115595,3.446651391334476,-0.34706924820281226,0.34706924820281226
4,ring,no_hopping,,0.018197008586099836,7.1333044552360345,0.1818685088351076,0.625322207594621,3.4470675074303383,-0.3470937979349097,0.3470937979349097
4,ring,no_hopping,,0.018620871366628676,7.131767241637711,0.18201563425638786,0.6250243352675565,3.447493079878417,-0.3471186637500522,0.3471186637500522
4,ring,no_hopping,,0.019054607179632473,7.130194990450085,0.1821661975221484,0.6247195116507462,3.44792831784044,-0.34714384102389306,0.34714384102389306
4,ring,no_hopping,,0.019498445997580455,7.1285869217142865,0.18232027909996137,0.6244075744707894,3.4483734348290476,-0.34716932446482796,0.34716932446482796
4,ring,no_hopping,,0.0199526231496888,7.126942239003588,0.18247796134144068,0.6240883576756561,3.4488286487847417,-0.34719510807250975,0.34719510807250975
4,ring,no_hopping,,0.020417379446695295,7.125260129119576,0.18263932852596873,0.6237616913480138,3.4492941821535457,-0.3472211850942444,0.3472211850942444
4,ring,no_hopping,,0.020892961308540396,7.123539761784814,0.1828044669053914,0.6234274016166796,3.449770261965224,-0.34724754797911606,0.34724754797911606
4,ring,no_hopping,,0.021379620895022326,7.12178028933237,0.18297346474969509,0.6230853105661882,3.450257119912141,-0.3472741883297512,0.3472741883297512
4,ring,no_hopping,,0.02187761623949553,7.119980846392019,0.18314641239368726,0.6227352361444247,3.450754992428602,-0.3473010968516057,0.3473010968516057
4,ring,no_hopping,,0.0223872113856834,7.118140549573549,0.18332340228469524,0.6223769920683105,3.4512641207707535,-0.3473282632996805,0.3473282632996805
4,ring,no_hopping,,0.022908676527677734,7.116258497147051,0.18350452903129863,0.6220103877275037,3.4517847510968678,-0.3473556764225102,0.3473556764225102
4,ring,no_hopping,,0.023442288153199226,7.114333768720482,0.18368988945311374,0.621635228086096,3.452317134548041,-0.3473833239033157,0.3473833239033157
4,ring,no_hopping,,0.02398832919019491,7.112365424914445,0.18387958263164628,0.6212513135822644,3.452861527329205,-0.3474111922981782,0.3474111922981782
4,ring,no_hopping,,0.02454708915685031,7.110352507034752,0.18407370996222683,0.6208584400258673,3.4534181907904222,-0.3474392669711259,0.3474392669711259
4,ring,no_hopping,,0.025118864315095808,7.10829403674239,0.18427237520704595,0.6204563984939525,3.4539873915083428,-0.34746753202592884,0.34746753202592884
4,ring,no_hopping,,0.025703957827688632,7.106189015721552,0.1844756845493029,0.6200449752241542,3.4545694013678347,-0.34749597023450474,0.34749597023450474
4,ring,no_hopping,,0.026302679918953815,7.104036425345781,0.18468374664848383,0.6196239515059512,3.455164497643601,-0.34752456296177037,0.34752456296177037
4,ring,no_hopping,,0.026915348039269153,7.101835226342297,0.18489667269678242,0.6191931035697839,3.4557729630818215,-0.3475532900867364,0.3475532900867364
4,ring,no_hopping,,0.02754228703338166,7.0995843584550355,0.185114576476677,0.6187522024739867,3.456395085981597,-0.3475821299197296,0.3475821299197296
4,ring,no_hopping,,0.028183829312644536,7.097282740106332,0.1853375744196758,0.6183010139895416,3.457031160276247,-0.3476110591154987,0.3476110591154987
4,ring,no_hopping,,0.028840315031266057,7.094929268057894,0.18556578566624277,0.6178392984826115,3.457681485614215,-0.3476400525820995,0.3476400525820995
4,ring,no_hopping,,0.029512092266663854,7.092522817070979,0.18579933212691543,0.6173668107948762,3.458346367439587,-0.3476690833852797,0.3476690833852797
4,ring,no_hopping,,0.03019951720402016,7.090062239566358,0.18603833854462243,0.6168833001216314,3.4590261170720504,-0.347698122648219,0.347698122648219
4,ring,no_hopping,,0.030902954325135904,7.0875463652843695,0.1862829325582111,0.6163885098876518,3.4597210517861847,-0.34772713944640876,0.34772713944640876
4,ring,no_hopping,,0.03162277660168379,7.084974000945262,0.18653324476719066,0.6158821776208244,3.4604314948899546,-0.347756100697415,0.347756100697415
4,ring,no_hopping,,0.03235936569296283,7.08234392991043,0.18678940879769793,0.6153640348235411,3.4611577758022554,-0.3477849710453451,0.3477849710453451
4,ring,no_hopping,,0.03311311214825911,7.079654911844802,0.18705156136968948,0.6148338068418612,3.4619002301294084,-0.34781371273975514,0.34781371273975514
4,ring,no_hopping,,0.033884415613920256,7.076905682380858,0.18731984236536126,0.6142912127324448,3.462659199740411,-0.34784228550875373,0.34784228550875373
4,ring,no_hopping,,0.034673685045253165,7.074094952784812,0.18759439489879606,0.6137359651272819,3.4634350328407564,-0.3478706464260536,0.3478706464260536
4,ring,no_hopping,,0.03548133892335755,7.071221409625321,0.1878753653868385,0.6131677700962171,3.4642280840447106,-0.34789874977170776,0.34789874977170776
4,ring,no_hopping,,0.03630780547701014,7.06828371444538,0.18816290362119067,0.6125863270073153,3.465038714445861,-0.34792654688624103,0.34792654688624103
4,ring,no_hopping,,0.03715352290971726,7.065280503437867,0.18845716284172312,0.6119913283850787,3.465867291685655,-0.34795398601790983,0.34795398601790983
4,ring,no_hopping,,0.038018939632056124,7.062210387125429,0.18875829981099027,0.6113824597665671,3.466714190019807,-0.347981012162793,0.347981012162793
4,ring,no_hopping,,0.03890451449942807,7.059071950045136,0.18906647488993908,0.6107593995554454,3.467579790382394,-0.34800756689737866,0.34800756689737866
4,ring,no_hopping,,0.039810717055349734,7.055863750438874,0.18938185211479044,0.6101218188740366,3.4684644804472486,-0.3480335882033727,0.3480335882033727
4,ring,no_hopping,,0.04073802778041128,7.052584319949911,0.1897045992750767,0.6094693814134088,3.4693686546866176,-0.34805901028436503,0.34805901028436503
4,ring,no_hopping,,0.04168693834703355,7.049232163326478,0.19003488799281176,0.6088017432815956,3.4702927144266584,-0.348083763374037,0.348083763374037
4,ring,no_hopping,,0.04265795188015928,7.045805758133148,0.1903728938027604,0.608118552849999,3.4712370678996236,-0.3481077735355276,0.3481077735355276
4,ring,no_hopping,,0.04365158322401661,7.042303554470917,0.1907187962337788,0.6074194505980914,3.4722021302923554,-0.34813096245165187,0.34813096245165187
4,ring,no_hopping,,0.04466835921509633,7.038723974706687,0.19107277889118343,0.6067040689564945,3.473188323790917,-0.3481532472055189,0.3481532472055189
4,ring,no_hopping,,0.04570881896148752,7.035065413213229,0.19143502954010763,0.6059720321485635,3.4741960776209133,-0.3481745400512304,0.3481745400512304
4,ring,no_hopping,,0.046773514128719815,7.031326236120557,0.19180574018979157,0.6052229560305928,3.475225828083266,-0.34819474817422025,0.34819474817422025
4,ring,no_hopping,,0.047863009232263824,7.027504781079641,0.19218510717875623,0.6044564479308001,3.47627801858508,-0.3482137734408526,0.3482137734408526
4,ring,no_hopping,,0.04897788193684462,7.023599357039766,0.19257333126078616,0.6036721064872198,3.4773530996652173,-0.34823151213682335,0.34823151213682335
4,ring,no_hopping,,0.05011872336272722,7.019608244040349,0.1929706176916619,0.6028695214847062,3.478451529014189,-0.34824785469396,0.34824785469396
4,ring,no_hopping,,0.05128613839913648,7.015529693018779,0.1933771763165543,0.6020482736912205,3.479573771488076,-0.3482626854049691,0.3482626854049691
4,ring,no_hopping,,0.05248074602497726,7.011361925635152,0.19379322165799392,0.6012079346936124,3.480720299115843,-0.34827588212564575,0.34827588212564575
4,ring,no_hopping,,0.05370317963702527,7.007103134115562,0.1942189730043211,0.6003480667331452,3.481891591099891,-0.348287315964128,0.348287315964128
4,ring,no_hopping,,0.054954087385762455,7.00275148111514,0.19465465449850386,0.5994682225409999,3.4830881338090904,-0.34829685095668084,0.34829685095668084
4,ring,no_hopping,,0.05623413251903491,6.998305099602237,0.19510049522720657,0.5985679451740356,3.484310420764082,-0.3483043437295119,0.3483043437295119
4,ring,no_hopping,,0.057543993733715694,6.993762092765576,0.19555672930997842,0.5976467678511314,3.485558952614159,-0.3483096431461745,0.3483096431461745
4,ring,no_hopping,,0.0588843655355589,6.989120533945606,0.19602359598841962,0.5967042137904142,3.486834237105266,-0.3483125899400068,0.3483125899400068
4,ring,no_hopping,,0.06025595860743578,6.984378466591943,0.19650133971516098,0.5957397960477544,3.488136789038601,-0.348313016331081,0.348313016331081
4,ring,no_hopping,,0.06165950018614822,6.9795339042486955,0.19699021024249605,0.5947530173569097,3.489467130219145,-0.34831074562721587,0.34831074562721587
4,ring,no_hopping,,0.06309573444801933,6.974584830569319,0.19749046271046714,0.5937433699717427,3.4908257893936576,-0.348305591808439,0.348305591808439
4,ring,no_hopping,,0.06456542290346556,6.9695291993631265,0.19800235773420702,0.5927103355109905,3.4922133021773476,-0.34829735909442694,0.34829735909442694
4,ring,no_hopping,,0.06606934480075961,6.964364934675311,0.1985261614903141,0.5916533848060631,3.493630210968698,-0.348285841494379,0.348285841494379
4,ring,no_hopping,,0.06760829753919818,6.9590899309026995,0.19906214580201392,0.5905719777524382,3.4950770648516687,-0.3482708223387787,0.3482708223387787
4,ring,no_hopping,,0.06918309709189366,6.953702052947373,0.19961058822285235,0.5894655631652175,3.4965544194846396,-0.3482520737925363,0.3482520737925363
4,ring,no_hopping,,0.0707945784384138,6.948199136410479,0.20017177211862808,0.5883335786394895,3.498062836975246,-0.34822935634895824,0.34822935634895824
4,ring,no_hopping,,0.07244359600749903,6.942578987828569,0.20074598674726593,0.587175450416185,3.4996028857404076,-0.34820241830405685,0.34820241830405685
4,ring,no_hopping,,0.07413102413009177,6.936839384955051,0.201333527336289,0.5859905932541539,3.5011751403507816,-0.348170995210652,0.348170995210652
4,ring,no_hopping,,0.0758577575029184,6.930978077089341,0.20193469515753693,0.584778410309256,3.502780181358623,-0.34813480931180707,0.34813480931180707
4,ring,no_hopping,,0.07762471166286919,6.924992785456361,0.20254979759874042,0.5835382930213383,3.504418595108361,-0.34809356895308885,0.34809356895308885
4,ring,no_hopping,,0.07943282347242818,6.918881203639246,0.203179148231534,0.5822696210099858,3.5060909735289267,-0.348046967973197,0.348046967973197
4,ring,no_hopping,,0.08128305161640995,6.912640998068323,0.2038230668754565,0.5809717619800654,3.507797913906763,-0.3479946850725504,0.3479946850725504
4,ring,no_hopping,,0.08317637711026708,6.906269808569163,0.20448187965745654,0.5796440716381017,3.5095400186387433,-0.3479363831593858,0.3479363831593858
4,ring,no_hopping,,0.08511380382023763,6.89976524897319,0.2051559190663799,0.5782858936206247,3.5113178949637955,-0.3478717086730325,0.3478717086730325
4,ring,no_hopping,,0.08709635899560805,6.8931249077939105,0.20584552400188294,0.5768965594357093,3.5131321546722645,-0.34780029088402564,0.34780029088402564
4,ring,no_hopping,,0.08912509381337455,6.886346348972314,0.20655103981716944,0.5754753884190087,3.514983413791889,-0.34772174117076804,0.34772174117076804
4,ring,no_hopping,,0.09120108393559097,6.879427112695009,0.2072728183549087,0.5740216877056841,3.5168722922492495,-0.3476356522725339,0.3476356522725339
4,ring,no_hopping,,0.0933254300796991,6.872364716288781,0.20801121797564506,0.572534752219703,3.5187994135055245,-0.3475415975186471,0.3475415975186471
4,ring,no_hopping,,0.09549925860214359,6.865156655195302,0.20876660357796256,0.5710138646821218,3.5207654041653176,-0.3474391300337394,0.3474391300337394
4,ring,no_hopping,,0.09772372209558107,6.857800404030133,0.20953934660961412,0.5694582956400424,3.522770893557317,-0.3473277819190963,0.3473277819190963
4,ring,no_hopping,,0.1,6.8502934177299535,0.21032982506877568,0.5678673035180468,3.5248165132854368,-0.34720706341018603,0.34720706341018603
4,ring,no_hopping,,0.10232929922807547,6.84263313279238,0.21113842349451997,0.5662401346940733,3.52690289674919,-0.3470764620105322,0.3470764620105322
4,ring,no_hopping,,0.10471285480508996,6.834816968612676,0.21196553294555615,0.5645760236017541,3.5290306786317984,-0.3469354416022816,0.3469354416022816
4,ring,no_hopping,,0.10715193052376071,6.826842328921815,0.21281155096621032,0.5628741928614296,3.5312004943546764,-0.34678344153387175,0.34678344153387175
4,ring,no_hopping,,0.1096478196143185,6.81870660333083,0.21367688153855352,0.561133853442171,3.533412979496829,-0.3466198756854084,0.3466198756854084
4,ring,no_hopping,,0.1122018454301963,6.81040716898583,0.21456193501952978,0.5593542048572573,3.535668769177606,-0.34644413151249687,0.34644413151249687
4,ring,no_hopping,,0.1148153621496883,6.801941392338978,0.2154671280618378,0.5575344353957575,3.5379684974013057,-0.346255569069414,0.346255569069414
4,ring,no_hopping,,0.11748975549395291,6.793306631040365,0.2163928835172751,0.5556737223929868,3.540312796361998,-0.3460535200128232,0.3460535200128232
4,ring,no_hopping,,0.12022644346174131,6.78450023595594,0.21733963032114462,0.5537712325427744,3.542702295706975,-0.3458372865872681,0.3458372865872681
4,ring,no_hopping,,0.1230268770812381,6.77551955331697,0.21830780335626354,0.5518261222546923,3.545137621757159,-0.3456061405941071,0.3456061405941071
4,ring,no_hopping,,0.12589254117941676,6.766361927006428,0.2192978432950149,0.5498375380594809,3.547619396682703,-0.34535932234567546,0.34535932234567546
4,ring,no_hopping,,0.12882495516931336,6.757024700987906,0.22031019641779748,0.5478046170662155,3.5501482376321407,-0.3450960396068048,0.3450960396068048
4,ring,no_hopping,,0.13182567385564073,6.747505221882808,0.22134531440614186,0.5457264874748248,3.5527247558132267,-0.34481546652614825,0.34481546652614825
4,ring,no_hopping,,0.13489628825916533,6.737800841701664,0.22240365410865479,0.5436022691478603,3.5553495555237506,-0.3445167425600688,0.3445167425600688
4,ring,no_hopping,,0.13803842646028852,6.727908920735439,0.22348567727786536,0.54143107424556,3.5580232331303954,-0.3441989713922158,0.3441989713922158
4,ring,no_hopping,,0.1412537544622754,6.717826830612985,0.22459185027594247,0.5392120079284856,3.5607463759939093,-0.3438612198523703,0.3438612198523703
4,ring,no_hopping,,0.1445439770745928,6.707551957530592,0.22572264374714857,0.5369441691321974,3.5635195613386355,-0.34350251683847577,0.34350251683847577
4,ring,no_hopping,,0.1479108388168207,6.697081705660061,0.226878532254792,0.5346266514186794,3.5663433550645465,-0.3431218522463546,0.3431218522463546
4,ring,no_hopping,,0.15135612484362088,6.6864135007412475,0.22805999388033518,0.5322585439094062,3.5692183104999105,-0.3427181759119968,0.3427181759119968
4,ring,no_hopping,,0.1548816618912481,6.675544793865621,0.2292675097822,0.5298389323051712,3.5721449670926626,-0.34229039657193305,0.34229039657193305
4,ring,no_hopping,,0.15848931924611143,6.664473065456995,0.23050156371171823,0.5273668999980361,3.575123849038646,-0.34183738084776216,0.34183738084776216
4,ring,no_hopping,,0.16218100973589297,6.653195829455758,0.23176264148355255,0.5248415292809313,3.5781554638447988,-0.3413579522615018,0.3413579522615018
4,ring,no_hopping,,0.16595869074375613,6.641710637712897,0.23305123039781905,0.5222619026607068,3.58124030082547,-0.3408508902891574,0.3408508902891574
4,ring,no_hopping,,0.16982436524617442,6.630015084599968,0.234367818611026,0.5196271042805717,3.584378829530035,-0.34031492946050546,0.34031492946050546
4,ring,no_hopping,,0.17378008287493762,6.618106811841151,0.23571289445285315,0.5169362214581372,3.5875714981000737,-0.33974875851397,0.33974875851397
4,ring,no_hopping,,0.1778279410038923,6.605983513573437,0.23708694568569014,0.5141883463453939,3.590818731554296,-0.33915101961618865,0.33915101961618865
4,ring,no_hopping,,0.18197008586099844,6.593642941640587,0.2384904587037643,0.5113825777171944,3.594120929999729,-0.3385203076566967,0.3385203076566967
4,ring,no_hopping,,0.18620871366628675,6.5810829111266615,0.23992391766860216,0.508518022894924,3.59747846676747,-0.337855169629119,0.337855169629119
4,ring,no_hopping,,0.19054607179632482,6.568301306134292,0.2413878035774938,0.5055937998122149,3.6008916864716243,-0.33715410411113145,0.33715410411113145
4,ring,no_hopping,,0.19498445997580455,6.555296085812765,0.24288259326155698,0.5026090392296841,3.604360902990128,-0.3364155608564141,0.3364155608564141
4,ring,no_hopping,,0.19952623149688808,6.542065290640436,0.24440875830995953,0.4995628871057132,3.60788639736621,-0.3356379405129253,0.3356379405129253
4,ring,no_hopping,,0.20417379446695297,6.528607048965685,0.2459667639168012,0.49645450713043526,3.6114684156295764,-0.33481959448275433,0.33481959448275433
4,ring,no_hopping,,0.20892961308540386,6.5149195838099745,0.24755706764714658,0.493283083430017,3.6151071665364216,-0.3339588249399841,0.3339588249399841
4,ring,no_hopping,,0.21379620895022325,6.501001219935867,0.24918011811870835,0.4900478234483783,3.618802819227863,-0.3330538850241105,0.3330538850241105
4,ring,no_hopping,,0.21877616239495518,6.486850391182255,0.2508363535956748,0.48674796101337897,3.622555500806257,-0.33210297922757626,0.33210297922757626
4,ring,no_hopping,,0.223872113856834,6.472465648068255,0.2525262004912615,0.4833827595943789,3.626365293829639,-0.33110426399734605,0.33110426399734605
4,ring,no_hopping,,0.22908676527677724,6.457845665665877,0.254250071775613,0.4799515157578912,3.630232233724464,-0.33005584857133075,0.33005584857133075
4,ring,no_hopping,,0.23442288153199228,6.442989251741059,0.256008365285819,0.47645356282776097,3.6341563061173887,-0.3289557960718723,0.3289557960718723
4,ring,no_hopping,,0.239883291901949,6.427895355160865,0.2578014619349438,0.47288827475601103,3.6381374440873677,-0.3278021248794212,0.3278021248794212
4,ring,no_hopping,,0.2454708915685031,6.412563074563559,0.25962972381717236,0.4692550702099555,3.6421755253395047,-0.32659281031074494,0.32659281031074494
4,ring,no_hopping,,0.25118864315095796,6.396991667286592,0.26149349220640977,0.46555341688077,3.646270369303054,-0.32532578662697387,0.32532578662697387
4,ring,no_hopping,,0.25703957827688645,6.381180558545786,0.2633930854459708,0.46178283601796444,3.6504217341561316,-0.32399894939780616,0.32399894939780616
4,ring,no_hopping,,0.26302679918953814,6.3651293508569,0.26532879672733545,0.45794290719349084,3.6546293137808163,-0.32261015824894357,0.32261015824894357
4,ring,no_hopping,,0.26915348039269166,6.348837833688891,0.267300891756377,0.4540332732983135,3.6588927346525635,-0.3211572400207632,0.3211572400207632
4,ring,no_hopping,,0.2754228703338166,6.332305993335311,0.26930960630592254,0.4500536457732175,3.663211552669195,-0.3196379923665502,0.3196379923665502
4,ring,no_hopping,,0.2818382931264455,6.315534022987979,0.27135514365408414,0.44600381007446754,3.6675852499251174,-0.31805018781926364,0.31805018781926364
4,ring,no_hopping,,0.28840315031266056,6.2985223329938895,0.27343767190841584,0.4418836313735677,3.672013231437802,-0.31639157835581866,0.31639157835581866
4,ring,no_hopping,,0.2951209226666387,6.281271561273262,0.27555732121667015,0.4376930604888364,3.676494821834375,-0.3146599004878823,0.3146599004878823
4,ring,no_hopping,,0.3019951720402016,6.263782583872757,0.27771418086573646,0.4334321400448272,3.681029262007398,-0.3128528809077289,0.3128528809077289
4,ring,no_hopping,,0.30902954325135923,6.24605652562456,0.27990829627123903,0.4291010108536797,3.6856157057502372,-0.3109682427170464,0.3109682427170464
4,ring,no_hopping,,0.31622776601683794,6.228094770877316,0.2821396658612819,0.42469991851044264,3.6902532163837,-0.3090037122654361,0.3090037122654361
4,ring,no_hopping,,0.32359365692962844,6.209898974260735,0.2844082378589097,0.4202292201919917,3.694940763387064,-0.3069570266237238,0.3069570266237238
4,ring,no_hopping,,0.3311311214825911,6.191471071440763,0.2867139069690919,0.41568939164675534,3.6996772190482274,-0.30482594171528676,0.30482594171528676
4,ring,no_hopping,,0.33884415613920277,6.172813289816834,0.2890565109773375,0.41108103435955856,3.7044613551494137,-0.30260824112585727,0.30260824112585727
4,ring,no_hopping,,0.34673685045253166,6.153928159107471,0.2914358272684772,0.4064048828730338,3.7092918397064656,-0.3003017456090822,0.3003017456090822
4,ring,no_hopping,,0.3548133892335757,6.134818521764455,0.2938515692757171,0.4016618122437582,3.7141672337817444,-0.2979043233013736,0.2979043233013736
4,ring,no_hopping,,0.3630780547701014,6.115487543149486,0.2963033828716766,0.3968528456078812,3.719085988392604,-0.29541390065471584,0.29541390065471584
4,ring,no_hopping,,0.3715352290971724,6.095938721401237,0.29879084271494033,0.39197916182733994,3.724046441539338,-0.2928284740911622,0.2928284740911622
4,ring,no_hopping,,0.38018939632056126,6.07617589691321,0.30131344856745224,0.3870421031839696,3.7290468153786063,-0.29014612237609927,0.29014612237609927
4,ring,no_hopping,,0.3890451449942805,6.056203261336797,0.30387062160009043,0.3820431830847022,3.734085213570546,-0.28736501970086237,0.28736501970086237
4,ring,no_hopping,,0.3981071705534973,6.036025366015999,0.30646170070576134,0.376984093736966,3.7391596188298446,-0.28448344945697523,0.28448344945697523
4,ring,no_hopping,,0.4073802778041126,6.0156471297534955,0.3090859388414853,0.3718667137489849,3.7442678907132962,-0.28149981867574514,0.28149981867574514
4,ring,no_hopping,,0.41686938347033553,5.995073845800581,0.3117424994230903,0.3666931156053445,3.7494077636784966,-0.27841267309714524,0.27841267309714524
4,ring,no_hopping,,0.42657951880159256,5.974311187956103,0.31443045279834964,0.3614655729636599,3.754576845450301,-0.2752207128213371,0.2752207128213371
4,ring,no_hopping,,0.4365158322401661,5.953365215653022,0.317148772826578,0.3561865677137688,3.759772615733921,-0.2719228084846821,0.2719228084846821
4,ring,no_hopping,,0.44668359215096304,5.932242377904182,0.3198963335949186,0.3508587967364304,3.7649924253151,-0.26851801788975727,0.26851801788975727
4,ring,no_hopping,,0.4570881896148752,5.910949515973363,0.32267190630367715,0.34548517829422914,3.77023349558973,-0.26500560300590426,0.26500560300590426
4,ring,no_hopping,,0.4677351412871981,5.889493864631805,0.3254741563551128,0.3400688579832998,3.775492918566479,-0.2613850472429493,0.2613850472429493
4,ring,no_hopping,,0.47863009232263853,5.867883051856166,0.3283016406820379,0.33461321417067963,3.7807676573873517,-0.2576560728866353,0.2576560728866353
4,ring,no_hopping,,0.48977881936844614,5.846125096820164,0.33115280535431924,0.3291218628386542,3.7860545474116534,-0.2538186585695341,0.2538186585695341
4,ring,no_hopping,,0.5011872336272725,5.824228406030141,0.33402598350294177,0.3235986617545123,3.791350297909333,-0.24987305663656456,0.24987305663656456
4,ring,no_hopping,,0.5128613839913648,5.802201767453734,0.33691939360254225,0.3180477138817073,3.7966514944094136,-0.24581981024934185,0.24581981024934185
4,ring,no_hopping,,0.5248074602497729,5.780054342492132,0.33983113815429217,0.31247336994676017,3.8019546017483776,-0.24165977005931683,0.24165977005931683
4,ring,no_hopping,,0.5370317963702527,5.757795655649111,0.34275920281158634,0.3068802300752885,3.8072559678623845,-0.23739411026590163,0.23739411026590163
4,ring,no_hopping,,0.5495408738576248,5.735435581755376,0.3457014559911169,0.3012731444105718,3.812551828364411,-0.23302434386292337,0.23302434386292337
4,ring,no_hopping,,0.5623413251903491,5.712984330614359,0.34865564901158114,0.295657212629108,3.8178383119451715,-0.22855233686546605,0.22855233686546605
4,ring,no_hopping,,0.5754399373371573,5.690452428945675,0.35161941680137304,0.29003778226971894,3.82311144663244,-0.2239803212993856,0.2239803212993856
4,ring,no_hopping,,0.588843655355589,5.667850699516116,0.35459027921510017,0.28442044579625286,3.828367166938968,-0.21931090672838205,0.21931090672838205
4,ring,no_hopping,,0.6025595860743581,5.645190237363796,0.35756564299665267,0.2788110363185545,3.8336013219234752,-0.21454709008858686,0.21454709008858686
4,ring,no_hopping,,0.6165950018614822,5.622482383040947,0.36054280442369513,0.2732156219026064,3.8388096841825154,-0.20969226359878412,0.20969226359878412
4,ring,no_hopping,,0.6309573444801936,5.599738692823285,0.3635189526649234,0.26764049840825493,3.8439879597835658,-0.2047502205159537,0.2047502205159537
4,ring,no_hopping,,0.6456542290346556,5.5769709058602785,0.3664911738771242,0.26209218080210006,3.849131799140884,-0.19972515851134576,0.19972515851134576
4,ring,no_hopping,,0.6606934480075958,5.554190908269694,0.3694564560640394,0.25657739290370213,3.854236808826197,-0.194621680451887,0.194621680451887
4,ring,no_hopping,,0.6760829753919819,5.531410694212793,0.3724116947132173,0.2511030555353654,3.8592985642956976,-0.18944479238590484,0.18944479238590484
4,ring,no_hopping,,0.6918309709189363,5.508642324021826,0.37535369922052914,0.24567627305932008,3.8643126235034857,-0.18419989855111796,0.18419989855111796
4,ring,no_hopping,,0.707945784384138,5.485897879490142,0.37827920010479427,0.24030431830096902,3.869274541359575,-0.17889279324658514,0.17889279324658514
4,ring,no_hopping,,0.7244359600749899,5.46318941647578,0.38118485700709787,0.23499461587299864,3.8741798849776496,-0.17352964943904525,0.17352964943904525
4,ring,no_hopping,,0.7413102413009177,5.440528915012369,0.38406726746097397,0.22975472393226365,3.87902424964489,-0.16811700400767027,0.16811700400767027
4,ring,no_hopping,,0.7585775750291835,5.417928227165114,0.3869229764107523,0.2245923144193179,3.883803275432674,-0.16266173956944652,0.16266173956944652
4,ring,no_hopping,,0.776247116628692,5.395399022914533,0.3897484864461257,0.21951515184896966,3.888512664353581,-0.15717106286974047,0.15717106286974047
4,ring,no_hopping,,0.7943282347242814,5.372952734395686,0.3925402687115958,0.21453107073904357,3.893148197957041,-0.1516524797690202,0.1516524797690202
4,ring,no_hopping,,0.8128305161640995,5.350600498864584,0.3952947744399375,0.20964795178321413,3.897705755243349,-0.14611376690569466,0.14611376690569466
4,ring,no_hopping,,0.8317637711026709,5.328353100806387,0.3980084470494927,0.20487369689207496,3.9021813307639204,-0.14056294016696613,0.14056294016696613
4,ring,no_hopping,,0.8511380382023768,5.306220913639808,0.4006777347360193,0.2002162032440287,3.9065710527650443,-0.13500822015210034,0.13500822015210034
4,ring,no_hopping,,0.8709635899560805,5.284213841509417,0.4032991034812707,0.19568333650383796,3.9108712012229514,-0.129457994866077,0.129457994866077
4,ring,no_hopping,,0.8912509381337459,5.262341261689793,0.40586905039259547,0.19128290338118345,3.915078225610639,-0.12392077993349959,0.12392077993349959
4,ring,no_hopping,,0.9120108393559097,5.240611968153419,0.4083841172808709,0.18702262371413672,3.9191887622310273,-0.1184051766730323,0.1184051766730323
4,ring,no_hopping,,0.9332543007969915,5.21903411687622,0.4108409043781704,0.18291010227246307,3.923199650947794,-0.11291982841928982,0.11291982841928982
4,ring,no_hopping,,0.9549925860214359,5.19761517346979,0.41323608409190826,0.1789528004829166,3.927107951144357,-0.10747337552098157,0.10747337552098157
4,ring,no_hopping,,0.9772372209558111,5.176361863738434,0.4155664146889821,0.17515800828274888,3.9309109567428813,-0.10207440948047664,0.10207440948047664
4,ring,no_hopping,,1.0,5.155280127760239,0.41782875380173917,0.17153281630830153,3.9346062101199824,-0.09673142672880974,0.09673142672880974
4,ring,no_hopping,,1.0232929922807548,5.134375078085421,0.42002007164759264,0.16808408862255683,3.938191514762723,-0.09145278255124412,0.09145278255124412
4,ring,no_hopping,,1.0471285480508996,5.113650962631571,0.422137463855812,0.16481843617873496,3.941664946518647,-0.08624664569046425,0.08624664569046425
4,ring,no_hopping,,1.071519305237607,5.09311113283483,0.4241781637985355,0.16174219120640834,3.945024863306284,-0.08112095415710296,0.08112095415710296
4,ring,no_hopping,,1.096478196143185,5.072758017588175,0.4261395543282935,0.15886138269220623,3.948269913167915,-0.07608337276964061,0.07608337276964061
4,ring,no_hopping,,1.1220184543019642,5.052593103464531,0.42801917883134766,0.15618171310903942,3.9513990405637975,-0.0711412529283697,0.0711412529283697
4,ring,no_hopping,,1.1481536214968828,5.032616921682727,0.429814751514762,0.15370853652628266,3.954411490826909,-0.06630159510029365,0.06630159510029365
4,ring,no_hopping,,1.1748975549395304,5.012829042230963,0.4315241668552715,0.15144683820861088,3.95730681271851,-0.06157101445491353,0.06157101445491353
4,ring,no_hopping,,1.2022644346174132,4.993228075514799,0.43314550814946867,0.14940121578381718,3.960084859047332,-0.05695571004465272,0.05695571004465272
4,ring,no_hopping,,1.2302687708123812,4.973811681847192,0.4346770551174265,0.14757586203027062,3.962745785338783,-0.052461437869685934,0.052461437869685934
4,ring,no_hopping,,1.2589254117941675,4.954576589046992,0.43611729052533943,0.14597454930341827,3.9652900465641014,-0.048093488106052185,0.048093488106052185
4,ring,no_hopping,,1.2882495516931336,4.935518618360912,0.43746490580683534,0.1446006155884293,3.9677183919631096,-0.043856666709343184,0.043856666709343184
4,ring,no_hopping,,1.3182567385564075,4.916632718873513,0.4387188056770296,0.1434569521335369,3.970031858017108,-0.03975528153593233,0.03975528153593233
4,ring,no_hopping,,1.3489628825916533,4.897913010520134,0.4398781117477703,0.14254599258652714,3.9722317596500654,-0.035793133050358694,0.035793133050358694
4,ring,no_hopping,,1.3803842646028852,4.879352835770696,0.44094216516664236,0.14186970352602987,3.9743196797565536,-0.03197350961361556,0.03197350961361556
4,ring,no_hopping,,1.412537544622754,4.860944820006034,0.44191052831575917,0.14142957625055488,3.9762974571730605,-0.028299187273185478,0.028299187273185478
4,ring,no_hopping,,1.4454397707459279,4.8426809405656925,0.4427829856189175,0.14122661966246733,3.978167173224917,-0.024772433904558078,0.024772433904558078
4,ring,no_hopping,,1.4791083881682072,4.824552604402483,0.4435595435169585,0.14126135406220755,3.979931136994523,-0.02139501748532835,0.02139501748532835
4,ring,no_hopping,,1.5135612484362087,4.806550734237382,0.4442404296809386,0.14153380565075355,3.9815918694666803,-0.018168218219785537,0.018168218219785537
4,ring,no_hopping,,1.5488166189124812,4.788665863064086,0.4448260915406212,0.14204350152666098,3.983152086714564,-0.015092844173904219,0.015092844173904219
4,ring,no_hopping,,1.584893192461114,4.770888236804496,0.44531719421167304,0.14278946495862835,3.984614682294251,-0.012169250029061551,0.012169250029061551
4,ring,no_hopping,,1.6218100973589298,4.753207924864153,0.4457146179084777,0.1437702107163559,3.9859827090174016,-0.009397358519189325,0.009397358519189325
4,ring,no_hopping,,1.6595869074375613,4.735614938273529,0.4460194549305254,0.14498374025222968,3.9872593602707114,-0.006776684079262907,0.006776684079262907
4,ring,no_hopping,,1.6982436524617444,4.718099355028092,0.4462330063086885,0.14642753654477786,3.988447951047285,-0.0043063582051865446,0.0043063582051865446
4,ring,no_hopping,,1.7378008287493762,4.7006514521514955,0.4463567781932052,0.14809855844252498,3.9895518988491823,-0.001985156005429367,0.001985156005429367
4,ring,no_hopping,,1.7782794100389228,4.683261843899943,0.4463924780577961,0.14999323438440326,3.9905747046129876,0.00018847658615328555,-0.00018847658615328555
4,ring,no_hopping,,1.8197008586099843,4.665921625398648,0.44634201078390495,0.15210745542058876,3.9915199338010368,0.0022163954689284893,-0.0022163954689284893
4,ring,no_hopping,,1.8620871366628675,4.648622520851083,0.4462074746756777,0.15443656751571333,3.9923911977909,0.004100731430952909,-0.004100731430952909
4,ring,no_hopping,,1.9054607179632483,4.631357035286753,0.4459911574399232,0.1569753631848427,3.993192135684692,0.005843864110120833,-0.005843864110120833
4,ring,no_hopping,,1.9498445997580456,4.614118608612272,0.44569553214615154,0.15971807259097193,3.9939263966486243,0.007448397343760682,-0.007448397343760682
4,ring,no_hopping,,1.9952623149688808,4.596901770505187,0.4453232531600782,0.16265835432031062,3.9945976228821003,0.008917136352881272,-0.008917136352881272
4,ring,no_hopping,,2.0417379446695296,4.579702294441987,0.44487715202003125,0.16578928614706773,3.995209433304791,0.010253067160458151,-0.010253067160458151
4,ring,no_hopping,,2.089296130854041,4.562517348885316,0.4443602332000148,0.1691033562009648,3.995765408039722,0.011459338585459555,-0.011459338585459555
4,ring,no_hopping,,2.1379620895022327,4.545345643377693,0.4437756696764152,0.172592455055824,3.996269073761166,0.012539247084994098,-0.012539247084994098
4,ring,no_hopping,,2.1877616239495516,4.5281875670083656,0.4431267981882191,0.17624786936312561,3.9967238899673294,0.01349622463667366,-0.01349622463667366
4,ring,no_hopping,,2.23872113856834,4.511045316448645,0.44241711405418505,0.18006027775650169,3.9971332362302427,0.01433382976147013,-0.01433382976147013
4,ring,no_hopping,,2.2908676527677723,4.493923010502606,0.44165026538579716,0.18401974984701508,3.997500400468373,0.015055741685042756,-0.015055741685042756
4,ring,no_hopping,,2.344228815319923,4.47682678791181,0.44083004651332325,0.188115749209401,3.9978285682815047,0.015665757523909862,-0.015665757523909862
4,ring,no_hopping,,2.39883291901949,4.459764885002779,0.43996039042541063,0.19233714132029828,3.998120813381916,0.01616779226394871,-0.01616779226394871
4,ring,no_hopping,,2.454708915685031,4.442747689694494,0.4390453600118493,0.1966722074444183,3.9983800891506776,0.016565881175508057,-0.016565881175508057
4,ring,no_hopping,,2.5118864315095797,4.425787768410934,0.4380891378960755,0.20110866546724498,3.998609221343063,0.016864184185938935,-0.016864184185938935
4,ring,no_hopping,,2.570395782768865,4.408899862589848,0.437096014650123,0.20563369863686518,3.998810901961443,0.017066991611420113,-0.017066991611420113
4,ring,no_hopping,,2.6302679918953813,4.392100851762075,0.43607037520143666,0.21023399309748322,3.998987684308596,0.017178730541585363,-0.017178730541585363
4,ring,no_hopping,,2.691534803926917,4.375409680608544,0.43501668326930665,0.214895784968628,3.9991419792276512,0.017203971079303493,-0.017203971079303493
4,ring,no_hopping,,2.7542287033381663,4.358847247994594,0.43393946370926684,0.2196049175445178,3.999276052527198,0.017147431570926353,-0.017147431570926353
4,ring,no_hopping,,2.818382931264455,4.3424362567329515,0.43284328269678923,0.2243469089571606,3.999392023581756,0.017013981926565558,-0.017013981926565558
4,ring,no_hopping,,2.8840315031266055,4.3262010237319375,0.43173272574624016,0.22910703036707242,3.9994918650874856,0.016808644132133344,-0.016808644132133344
4,ring,no_hopping,,2.951209226666387,4.310167251225244,0.43061237363625765,0.23387039442264793,3.999577403942335,0.016536589099655163,-0.016536589099655163
4,ring,no_hopping,,3.019951720402016,4.2943617609276306,0.4294867763959326,0.2386220533722731,3.9996503232075264,0.01620312909397903,-0.01620312909397903
4,ring,no_hopping,,3.090295432513592,4.2788121941767345,0.42836042559480925,0.24334710583472619,3.9997121650946346,0.015813705112456722,-0.015813705112456722
4,ring,no_hopping,,3.1622776601683795,4.263546682359059,0.4272377252696771,0.24803081084863632,3.9997643349094254,0.01537386877808955,-0.01537386877808955
4,ring,no_hopping,,3.2359365692962845,4.2485934931203255,0.42612296190837085,0.25265870744887287,3.999808105870522,0.01488925852974643,-0.01488925852974643
4,ring,no_hopping,,3.311311214825911,4.233980658967341,0.42502027399038744,0.25721673767611297,3.9998446247089756,0.014365570147284457,-0.014365570147284457
4,ring,no_hopping,,3.3884415613920273,4.2197355958179985,0.4239336216514043,0.26169137063557324,3.999874917943545,0.013808521921725658,-0.013808521921725658
4,ring,no_hopping,,3.4673685045253166,4.205884719788126,0.4228667570890909,0.2660697250007139,3.9998998987175285,0.013223815057402888,-0.013223815057402888
4,ring,no_hopping,,3.548133892335757,4.192453070967976,0.42182319635699517,0.27033968722459917,3.999920374076134,0.012617090157012179,-0.012617090157012179
4,ring,no_hopping,,3.630780547701014,4.179463953095862,0.42080619319865875,0.27449002268780665,3.9999370525595026,0.011993880875877716,-0.011993880875877716
4,ring,no_hopping,,3.715352290971728,4.166938597857051,0.41981871555363454,0.2785104770856416,3.99995055198546,0.011359566022304257,-0.011359566022304257
4,ring,no_hopping,,3.801893963205613,4.154895862016874,0.4188634253203611,0.28239186554023565,3.9999614072986573,0.010719321513056101,-0.010719321513056101
4,ring,no_hopping,,3.890451449942805,4.143351964749172,0.4179426618889661,0.286126147210905,3.999970078368309,0.010078073657420417,-0.010078073657420417
4,ring,no_hopping,,3.981071705534973,4.1323202713787195,0.4170584298627492,0.289706483557616,3.999976957625457,0.00944045523403525,-0.00944045523403525
4,ring,no_hopping,,4.073802778041126,4.121811128368746,0.4162123912744017,0.2931272788712934,3.999982377441911,0.008810765741450233,-0.008810765741450233
4,ring,no_hopping,,4.168693834703355,4.111831752816579,0.4154058624771266,0.29638420219945405,3.999986617166787,0.008192937051521909,-0.008192937051521909
4,ring,no_hopping,,4.265795188015925,4.102386178047877,0.41463981575774744,0.29947419034183737,3.99998990975131,0.0075905054832337004,-0.0075905054832337004
4,ring,no_hopping,,4.365158322401661,4.093475255201663,0.41391488558503803,0.30239543214216147,3.9999924479088267,0.007006591057457934,-0.007006591057457934
4,ring,no_hopping,,4.46683592150963,4.085096709054749,0.4132313792780294,0.3051473348329612,3.9999943897728616,0.006443884406678979,-0.006443884406678979
4,ring,no_hopping,,4.570881896148752,4.077245244818236,0.4125892917619042,0.3077304736770528,3.9999958640318276,0.0059046415152170795,-0.0059046415152170795
4,ring,no_hopping,,4.677351412871981,4.069912701313212,0.4119883239780015,0.3101465265709058,3.999996974533669,0.005390686173044612,-0.005390686173044612
4,ring,no_hopping,,4.786300923226385,4.063088244846847,0.41142790443335187,0.3123981956167669,3.999997804366731,0.004903419755285299,-0.004903419755285299
4,ring,no_hopping,,4.897788193684462,4.056758597295812,0.4109072133163589,0.3144891179213734,3.9999984194344442,0.004443837703710374,-0.004443837703710374
4,ring,no_hopping,,5.011872336272725,4.050908291376581,0.41042520856988685,0.3164237680349175,3.9999988715504617,0.0040125518958920026,-0.0040125518958920026
4,ring,no_hopping,,5.1286138399136485,4.045519945840954,0.4099806533008052,0.3182073545054247,3.9999992010878547,0.0036098179479606696,-0.0036098179479606696
4,ring,no_hopping,,5.248074602497728,4.040574553363326,0.4095721439145089,0.3198457129966192,3.9999994392206624,0.003235566410962898,-0.003235566410962898
4,ring,no_hopping,,5.370317963702527,4.036051774156488,0.40919813839172614,0.3213451983111323,3.999999609799084,0.0028894367865899273,-0.0028894367865899273
4,ring,no_hopping,,5.4954087385762485,4.031930228826973,0.4088569841699049,0.3227125774882789,3.999999730900246,0.0025708133017776635,-0.0025708133017776635
4,ring,no_hopping,,5.623413251903491,4.0281877846172875,0.4085469451489939,0.32395492592075764,3.999999816096257,0.0022788614366178184,-0.0022788614366178184
4,ring,no_hopping,,5.754399373371572,4.02480182993547,0.40826622740798474,0.32507952817273755,3.9999998754793005,0.00201256428755614,-0.00201256428755614
4,ring,no_hopping,,5.88843655355589,4.021749532897347,0.4080130032902702,0.32609378489735064,3.9999999164809426,0.001770757960261271,-0.001770757960261271
4,ring,no_hopping,,6.025595860743581,4.019008080464008,0.4077854335895679,0.32700512695868433,3.9999999445195904,0.0015521653135819324,-0.0015521653135819324
4,ring,no_hopping,,6.165950018614822,4.016554895607612,0.4075816876407012,0.3278209375736248,3.999999963506257,0.0013554275109599612,-0.0013554275109599612
4,ring,no_hopping,,6.309573444801936,4.014367830755007,0.4073999611885663,0.3285484830126439,3.9999999762352108,0.0011791329701371644,-0.0011791329701371644
4,ring,no_hopping,,6.456542290346556,4.012425336514441,0.4072384919722468,0.32919485214345906,3.9999999846822223,0.001021843430963676,-0.001021843430963676
4,ring,no_hopping,,6.606934480075965,4.010706605371404,0.40709557301803445,0.32976690487304633,3.9999999902296395,0.0008821169790946826,-0.0008821169790946826
4,ring,no_hopping,,6.760829753919819,4.009191690631695,0.40696956368430254,0.3302712293453265,3.999999993834296,0.0007585279686563862,-0.0007585279686563862
4,ring,no_hopping,,6.918309709189363,4.007861601390588,0.4068588985423323,0.33071410758543246,3.999999996151312,0.0006496838759217916,-0.0006496838759217916
4,ring,no_hopping,,7.07945784384138,4.006698374713558,0.4067620942103472,0.331101489147015,3.9999999976242497,0.000554239189690442,-0.000554239189690442
4,ring,no_hopping,,7.244359600749899,4.005685126531037,0.40667775428344694,0.33143897221534985,3.9999999985501,0.0004709065012573621,-0.0004709065012573621
4,ring,no_hopping,,7.413102413009177,4.004806082982396,0.40660457252038923,0.3317317915438919,3.9999999991253716,0.000398464999337822,-0.000398464999337822
4,ring,no_hopping,,7.585775750291836,4.0040465941003,0.40654133446000446,0.3319848125527107,3.999999999478643,0.00033576660404222025,-0.00033576660404222025
4,ring,no_hopping,,7.76247116628692,4.003393131815668,0.40648691764608275,0.33220253089092217,3.999999999692975,0.0002817399907169005,-0.0002817399907169005
4,ring,no_hopping,,7.943282347242813,4.002833274293543,0.4064402906408532,0.33238907675831547,3.99999999982143,0.00023539276129791453,-0.00023539276129791453
4,ring,no_hopping,,8.128305161640995,4.002355678592495,0.406400511004322,0.33254822329093553,3.9999999998974523,0.00019581201906548884,-0.00019581201906548884
4,ring,no_hopping,,8.317637711026709,4.001950043581836,0.4063667224106218,0.33268339833809235,3.9999999999418696,0.00016216359455523133,-0.00016216359455523133
4,ring,no_hopping,,8.511380382023768,4.00160706496159,0.40633815106384175,0.33279769899146994,3.999999999967483,0.0001336901575206273,-0.0001336901575206273
4,ring,no_hopping,,8.709635899560805,4.001318384116409,0.40631410156517167,0.33289390826802157,3.999999999982057,0.00010970843304880518,-0.00010970843304880518
4,ring,no_hopping,,8.91250938133746,4.001076532403783,0.40629395237121474,0.3329745133950078,3.999999999990239,8.960572129979028e-05,-8.960572129979028e-05
4,ring,no_hopping,,9.120108393559097,4.000874872333834,0.40627715097039246,0.33304172519585995,3.9999999999947553,7.283590025330966e-05,-7.283590025330966e-05
4,ring,no_hopping,,9.332543007969914,4.000707536948462,0.4062632088910712,0.33309749812796685,3.99999999999723,5.891507018773723e-05,-5.891507018773723e-05
4,ring,no_hopping,,9.549925860214358,4.000569368554837,0.40625169664144695,0.3331435505765171,3.999999999998555,4.741697852428395e-05,-4.741697852428395e-05
4,ring,no_hopping,,9.772372209558112,4.000455857816253,0.4062422386679562,0.3331813850611686,3.99999999999926,3.796834375124902e-05,-3.796834375124902e-05
4,ring,no_hopping,,10.0,4.000363084054657,0.4062345084059363,0.33321230806357277,3.999999999999628,3.0244178582661263e-05,-3.0244178582661263e-05
4,ring,no_hopping,,10.232929922807536,4.000287657475917,0.40622822348381615,0.33323744923291276,3.9999999999998117,2.3963195215026545e-05,-2.3963195215026545e-05
4,ring,no_hopping,,10.471285480509007,4.000226663893165,0.406223141130436,0.33325777977311316,3.9999999999999094,1.8883359175214665e-05,-1.8883359175214665e-05
4,ring,no_hopping,,10.71519305237607,4.000177612396341,0.40621905382408746,0.33327412985867144,3.9999999999999587,1.4797644133812682e-05,-1.4797644133812682e-05
4,ring,no_hopping,,10.964781961431852,4.000138386299285,0.4062157852118625,0.33328720496599434,3.999999999999987,1.153002658393909e-05,-1.153002658393909e-05
4,ring,no_hopping,,11.220184543019629,4.000107197588754,0.4062131863187702,0.3332976010432062,3.999999999999992,8.931748128659933e-06,-8.931748128659933e-06
4,ring,no_hopping,,11.481536214968841,4.000082545004678,0.40621113205796944,0.3333058184737544,3.999999999999993,6.877862685383818e-06,-6.877862685383818e-06
4,ring,no_hopping,,11.748975549395302,4.00006317579709,0.4062095180463122,0.33331227481746983,3.9999999999999942,5.2640775178858235e-06,-5.2640775178858235e-06
4,ring,no_hopping,,12.02264434617413,4.00004805113268,0.406208257723263,0.33331731633721784,4.0,4.00388946220076e-06,-4.00388946220076e-06
4,ring,no_hopping,,12.30268770812381,4.00003631506306,0.4062072797660917,0.33332122833979594,4.000000000000002,3.0260117427349797e-06,-3.0260117427349797e-06
4,ring,no_hopping,,12.589254117941662,4.00002726691665,0.40620652579000377,0.3333242443766117,4.000000000000001,2.2720818240173912e-06,-2.2720818240173912e-06
4,ring,no_hopping,,12.88249551693135,4.000020336936967,0.4062059483185441,0.333326554362965,4.000000000000002,1.694636840188224e-06,-1.694636840188224e-06
4,ring,no_hopping,,13.182567385564074,4.000015064960224,0.4062055090071009,0.3333283116846589,4.000000000000002,1.25534037209718e-06,-1.25534037209718e-06
4,ring,no_hopping,,13.489628825916533,4.000011081904772,0.4062051771006164,0.33332963936764065,4.0,9.234422460036029e-07,-9.234422460036029e-07
4,ring,no_hopping,,13.803842646028839,4.000008093832659,0.4062049281055607,0.33333063539048363,4.0,6.744517904166969e-07,-6.744517904166969e-07
4,ring,no_hopping,,14.125375446227554,4.00000586833835,0.40620474265577466,0.333331377221273,4.000000000000004,4.8900449534095e-07,-4.8900449534095e-07
4,ring,no_hopping,,14.45439770745928,4.000004223020786,0.40620460555189936,0.3333319256601162,4.000000000000003,3.5190194846990153e-07,-3.5190194846990153e-07
4,ring,no_hopping,,14.791083881682072,4.000003015801339,0.4062045049545987,0.3333323280664149,3.9999999999999987,2.5130535141748567e-07,-2.5130535141748567e-07
4,ring,no_hopping,,15.135612484362072,4.000002136860604,0.4062044317126683,0.3333326210465651,3.999999999999999,1.7806378749263274e-07,-1.7806378749263274e-07
4,ring,no_hopping,,15.488166189124827,4.000001501980543,0.40620437880825166,0.33333283267320646,4.0000000000000036,1.2515955205572027e-07,-1.2515955205572027e-07
4,ring,no_hopping,,15.848931924611142,4.000001047094577,0.40620434090270013,0.33333298430183644,4.000000000000002,8.725409283982799e-08,-8.725409283982799e-08
4,ring,no_hopping,,16.218100973589298,4.000000723865627,0.40620431396809675,0.33333309204480904,4.000000000000002,6.031953936336265e-08,-6.031953936336265e-08
4,ring,no_hopping,,16.595869074375596,4.000000496129943,0.40620429499092864,0.33333316795669743,4.0000000000000036,4.134238995590067e-08,-4.134238995590067e-08
4,ring,no_hopping,,16.98243652461746,4.000000337063236,0.40620428173593076,0.3333332209789296,4.000000000000001,2.8087407288879263e-08,-2.8087407288879263e-08
4,ring,no_hopping,,17.378008287493763,4.000000226943004,0.40620427255963376,0.3333332576856733,3.9999999999999973,1.8911111565600436e-08,-1.8911111565600436e-08
4,ring,no_hopping,,17.78279410038923,4.000000151398155,0.4062042662644959,0.3333332828672888,3.9999999999999982,1.2615975375496191e-08,-1.2615975375496191e-08
4,ring,no_hopping,,18.197008586099827,4.000000100052865,0.4062042619859021,0.33333329998238476,3.999999999999999,8.337391665946825e-09,-8.337391665946825e-09
4,ring,no_hopping,,18.620871366628695,4.000000065485974,0.4062042591054503,0.33333331150468276,3.9999999999999982,5.456933571679201e-09,-5.456933571679201e-09
4,ring,no_hopping,,19.054607179632484,4.000000042440375,0.40620425718506475,0.33333331918654846,4.0000000000000036,3.5365499417849833e-09,-3.5365499417849833e-09
4,ring,no_hopping,,19.498445997580454,4.000000027228422,0.4062042559174563,0.3333333242571998,4.000000000000003,2.268937482341471e-09,-2.268937482341471e-09
4,ring,no_hopping,,19.952623149688787,4.0000000172892385,0.40620425508922564,0.33333332757026124,3.9999999999999982,1.4407071091682155e-09,-1.4407071091682155e-09
4,ring,no_hopping,,20.417379446695318,4.000000010862624,0.4062042545536973,0.333333329712466,4.0000000000000036,9.05179931010025e-10,-9.05179931010025e-10
4,ring,no_hopping,,20.892961308540407,4.000000006751374,0.4062042542111077,0.3333333310828828,4.000000000000003,5.625895305172435e-10,-5.625895305172435e-10
4,ring,no_hopping,,21.379620895022324,4.000000004149911,0.4062042539943271,0.33333333195003795,4.000000000000003,3.4581137953182406e-10,-3.4581137953182406e-10
4,ring,no_hopping,,21.87761623949552,4.000000002522097,0.4062042538586815,0.33333333249264185,3.9999999999999996,2.1016921536443078e-10,-2.1016921536443078e-10
4,ring,no_hopping,,22.387211385683422,4.000000001515126,0.4062042537747711,0.33333333282830074,4.000000000000002,1.2625411827116295e-10,-1.2625411827116295e-10
4,ring,no_hopping,,22.90867652767775,4.000000000899455,0.4062042537234676,0.3333333330335241,3.999999999999998,7.494804776797537e-11,-7.494804776797537e-11
4,ring,no_hopping,,23.442288153199225,4.000000000527517,0.4062042536924736,0.3333333331575039,4.000000000000002,4.395661612477397e-11,-4.395661612477397e-11
4,ring,no_hopping,,23.9883291901949,4.0000000003055565,0.4062042536739777,0.3333333332314899,3.9999999999999973,2.5462965069777965e-11,-2.5462965069777965e-11
4,ring,no_hopping,,24.547089156850287,4.000000000174754,0.4062042536630777,0.3333333332750912,4.0000000000000036,1.4562351324798328e-11,-1.4562351324798328e-11
4,ring,no_hopping,,25.11886431509582,4.000000000098652,0.4062042536567359,0.3333333333004584,4.0,8.22142354195421e-12,-8.22142354195421e-12
4,ring,no_hopping,,25.703957827688647,4.000000000054957,0.40620425365309487,0.33333333331502435,3.999999999999998,4.5774495305295204e-12,-4.5774495305295204e-12
4,ring,no_hopping,,26.302679918953814,4.000000000030201,0.4062042536510314,0.3333333333232768,4.0,2.516653552220305e-12,-2.516653552220305e-12
4,ring,no_hopping,,26.91534803926914,4.0000000000163665,0.4062042536498787,0.3333333333278883,4.000000000000003,1.3626877404249171e-12,-1.3626877404249171e-12
4,ring,no_hopping,,27.54228703338169,4.0000000000087415,0.40620425364924306,0.3333333333304293,4.000000000000002,7.30748794808278e-13,-7.30748794808278e-13
4,ring,no_hopping,,28.18382931264455,4.000000000004602,0.406204253648898,0.3333333333318093,4.0,3.859135233597044e-13,-3.859135233597044e-13
4,ring,no_hopping,,28.84031503126606,4.000000000002389,0.40620425364871326,0.33333333333254794,4.000000000000002,1.9872992140790302e-13,-1.9872992140790302e-13
4,ring,no_hopping,,29.51209226666384,4.00000000000122,0.40620425364861606,0.3333333333329376,4.000000000000003,1.0191847366058937e-13,-1.0191847366058937e-13
4,ring,no_hopping,,30.199517204020193,4.000000000000616,0.40620425364856505,0.33333333333313986,4.0,5.3290705182007514e-14,-5.3290705182007514e-14
4,ring,no_hopping,,30.90295432513592,4.000000000000304,0.40620425364854007,0.33333333333324333,4.000000000000002,2.2648549702353193e-14,-2.2648549702353193e-14
4,ring,no_hopping,,31.622776601683793,4.000000000000148,0.4062042536485259,0.33333333333329557,3.999999999999999,1.4654943925052066e-14,-1.4654943925052066e-14
4,ring,no_hopping,,32.35936569296281,4.000000000000069,0.40620425364851964,0.3333333333333213,4.000000000000002,5.773159728050814e-15,-5.773159728050814e-15
4,ring,no_hopping,,33.11311214825915,4.000000000000036,0.4062042536485161,0.33333333333333426,3.9999999999999982,2.6645352591003757e-15,-2.6645352591003757e-15
4,ring,no_hopping,,33.884415613920275,4.000000000000014,0.4062042536485152,0.3333333333333404,4.0000000000000036,4.440892098500626e-16,-4.440892098500626e-16
4,ring,no_hopping,,34.673685045253166,4.000000000000007,0.40620425364851437,0.3333333333333435,4.000000000000002,-1.5543122344752192e-15,1.5543122344752192e-15
4,ring,no_hopping,,35.481338923357534,4.000000000000001,0.4062042536485131,0.333333333333345,3.9999999999999982,1.5543122344752192e-15,-1.5543122344752192e-15
4,ring,no_hopping,,36.30780547701018,4.000000000000003,0.40620425364851365,0.3333333333333459,4.000000000000002,-1.1102230246251565e-15,1.1102230246251565e-15
4,ring,no_hopping,,37.15352290971728,4.000000000000002,0.4062042536485125,0.3333333333333465,3.9999999999999982,8.881784197001252e-16,-8.881784197001252e-16
4,ring,no_hopping,,38.018939632056124,4.000000000000001,0.4062042536485125,0.33333333333334697,4.0,4.440892098500626e-16,-4.440892098500626e-16
4,ring,no_hopping,,38.904514499428046,4.000000000000001,0.40620425364851237,0.33333333333334736,4.0,2.220446049250313e-16,-2.220446049250313e-16
4,ring,no_hopping,,39.81071705534978,4.000000000000001,0.4062042536485122,0.33333333333334775,4.000000000000001,2.220446049250313e-16,-2.220446049250313e-16
4,ring,no_hopping,,40.7380277804113,4.000000000000001,0.406204253648512,0.333333333333348,4.0,0.0,-0.0
4,ring,no_hopping,,41.68693834703355,4.000000000000001,0.4062042536485117,0.33333333333334836,4.0,2.220446049250313e-16,-2.220446049250313e-16
4,ring,no_hopping,,42.65795188015925,4.000000000000001,0.40620425364851154,0.3333333333333487,4.000000000000001,0.0,-0.0
4,ring,no_hopping,,43.65158322401656,4.000000000000002,0.40620425364851137,0.3333333333333491,4.000000000000001,0.0,-0.0
4,ring,no_hopping,,44.668359215096345,4.000000000000001,0.4062042536485111,0.33333333333334947,4.000000000000001,4.440892098500626e-16,-4.440892098500626e-16
4,ring,no_hopping,,45.708818961487516,4.000000000000001,0.4062042536485108,0.3333333333333498,4.0,2.220446049250313e-16,-2.220446049250313e-16
4,ring,no_hopping,,46.77351412871981,4.000000000000001,0.4062042536485106,0.3333333333333502,4.0,2.220446049250313e-16,-2.220446049250313e-16
4,ring,no_hopping,,47.863009232263806,4.000000000000002,0.40620425364851037,0.33333333333335063,4.000000000000001,0.0,-0.0
4,ring,no_hopping,,48.97788193684466,4.000000000000001,0.4062042536485102,0.333333333333351,4.000000000000001,0.0,-0.0
4,ring,no_hopping,,50.11872336272725,4.000000000000001,0.4062042536485099,0.33333333333335147,4.000000000000001,2.220446049250313e-16,-2.220446049250313e-16
4,ring,no_hopping,,51.28613839913648,4.000000000000002,0.40620425364850965,0.3333333333333519,4.000000000000001,2.220446049250313e-16,-2.220446049250313e-16
4,ring,no_hopping,,52.48074602497723,4.000000000000002,0.4062042536485094,0.33333333333335224,4.000000000000001,2.220446049250313e-16,-2.220446049250313e-16
4,ring,no_hopping,,53.70317963702533,4.000000000000001,0.4062042536485091,0.3333333333333527,4.0,2.220446049250313e-16,-2.220446049250313e-16
4,ring,no_hopping,,54.954087385762485,4.000000000000002,0.4062042536485089,0.3333333333333532,4.000000000000001,2.220446049250313e-16,-2.220446049250313e-16
4,ring,no_hopping,,56.23413251903491,4.000000000000001,0.40620425364850854,0.3333333333333536,4.000000000000001,4.440892098500626e-16,-4.440892098500626e-16
4,ring,no_hopping,,57.543993733715666,4.000000000000002,0.40620425364850826,0.33333333333335413,4.000000000000001,2.220446049250313e-16,-2.220446049250313e-16
4,ring,no_hopping,,58.884365535558956,4.000000000000001,0.406204253648508,0.33333333333335463,4.0,2.220446049250313e-16,-2.220446049250313e-16
4,ring,no_hopping,,60.25595860743581,4.000000000000001,0.40620425364850765,0.3333333333333551,4.0,2.220446049250313e-16,-2.220446049250313e-16
4,ring,no_hopping,,61.65950018614822,4.000000000000001,0.4062042536485073,0.33333333333335563,4.0,4.440892098500626e-16,-4.440892098500626e-16
4,ring,no_hopping,,63.0957344480193,4.000000000000001,0.40620425364850704,0.33333333333335613,4.0,2.220446049250313e-16,-2.220446049250313e-16
4,ring,no_hopping,,64.56542290346563,4.000000000000002,0.40620425364850676,0.33333333333335663,4.000000000000001,0.0,-0.0
4,ring,no_hopping,,66.06934480075964,4.000000000000001,0.4062042536485064,0.33333333333335724,4.0,2.220446049250313e-16,-2.220446049250313e-16
4,ring,no_hopping,,67.60829753919819,4.000000000000002,0.40620425364850604,0.3333333333333578,4.000000000000001,0.0,-0.0
4,ring,no_hopping,,69.18309709189363,4.000000000000001,0.40620425364850565,0.33333333333335835,4.0,4.440892098500626e-16,-4.440892098500626e-16
4,ring,no_hopping,,70.79457843841388,4.000000000000002,0.4062042536485054,0.3333333333333589,4.000000000000001,0.0,-0.0
4,ring,no_hopping,,72.44359600749905,4.000000000000001,0.40620425364850493,0.33333333333335946,4.0,4.440892098500626e-16,-4.440892098500626e-16
4,ring,no_hopping,,74.13102413009177,4.000000000000001,0.4062042536485046,0.3333333333333601,4.000000000000001,4.440892098500626e-16,-4.440892098500626e-16
4,ring,no_hopping,,75.85775750291836,4.000000000000001,0.4062042536485042,0.33333333333336074,4.000000000000001,4.440892098500626e-16,-4.440892098500626e-16
4,ring,no_hopping,,77.62471166286912,4.000000000000002,0.4062042536485039,0.3333333333333614,4.000000000000001,0.0,-0.0
4,ring,no_hopping,,79.43282347242821,4.000000000000001,0.40620425364850343,0.333333333333362,4.0,2.220446049250313e-16,-2.220446049250313e-16
4,ring,no_hopping,,81.28305161640995,4.000000000000002,0.4062042536485031,0.33333333333336274,4.000000000000001,0.0,-0.0
4,ring,no_hopping,,83.17637711026708,4.000000000000001,0.4062042536485026,0.33333333333336335,4.000000000000001,2.220446049250313e-16,-2.220446049250313e-16
4,ring,no_hopping,,85.11380382023759,4.000000000000001,0.40620425364850216,0.33333333333336407,4.0,2.220446049250313e-16,-2.220446049250313e-16
4,ring,no_hopping,,87.09635899560814,4.000000000000001,0.40620425364850177,0.3333333333333648,4.0,4.440892098500626e-16,-4.440892098500626e-16
4,ring,no_hopping,,89.12509381337459,4.000000000000001,0.40620425364850127,0.3333333333333655,4.000000000000001,2.220446049250313e-16,-2.220446049250313e-16
4,ring,no_hopping,,91.20108393559097,4.000000000000001,0.4062042536485008,0.3333333333333663,4.0,2.220446049250313e-16,-2.220446049250313e-16
4,ring,no_hopping,,93.32543007969905,4.000000000000001,0.4062042536485004,0.33333333333336707,4.0,2.220446049250313e-16,-2.220446049250313e-16
4,ring,no_hopping,,95.49925860214368,4.000000000000001,0.4062042536484999,0.33333333333336784,4.000000000000001,2.220446049250313e-16,-2.220446049250313e-16
4,ring,no_hopping,,97.72372209558111,4.0,0.4062042536484994,0.3333333333333686,4.0,6.661338147750939e-16,-6.661338147750939e-16
4,ring,no_hopping,,100.0,4.000000000000001,0.40620425364849894,0.33333333333336945,4.000000000000001,2.220446049250313e-16,-2.220446049250313e-16
4,ring,no_hopping,,102.32929922807536,4.000000000000001,0.4062042536484984,0.33333333333337034,4.0,2.220446049250313e-16,-2.220446049250313e-16
4,ring,no_hopping,,104.71285480509006,4.000000000000001,0.4062042536484978,0.3333333333333711,4.0,2.220446049250313e-16,-2.220446049250313e-16
4,ring,no_hopping,,107.1519305237607,4.000000000000001,0.4062042536484973,0.33333333333337206,4.000000000000001,4.440892098500626e-16,-4.440892098500626e-16
4,ring,no_hopping,,109.64781961431851,4.000000000000002,0.40620425364849677,0.33333333333337295,4.000000000000001,2.220446049250313e-16,-2.220446049250313e-16
4,ring,no_hopping,,112.2018454301963,4.000000000000001,0.40620425364849616,0.3333333333333739,4.0,4.440892098500626e-16,-4.440892098500626e-16
4,ring,no_hopping,,114.81536214968841,4.000000000000001,0.40620425364849566,0.33333333333337484,4.000000000000001,4.440892098500626e-16,-4.440892098500626e-16
4,ring,no_hopping,,117.48975549395303,4.000000000000002,0.40620425364849505,0.33333333333337584,4.000000000000001,2.220446049250313e-16,-2.220446049250313e-16
4,ring,no_hopping,,120.22644346174131,4.000000000000002,0.4062042536484945,0.3333333333333768,4.000000000000001,0.0,-0.0
4,ring,no_hopping,,123.02687708123811,4.000000000000001,0.40620425364849383,0.3333333333333777,4.0,2.220446049250313e-16,-2.220446049250313e-16
4,ring,no_hopping,,125.89254117941688,4.000000000000002,0.4062042536484932,0.33333333333337883,4.000000000000001,-2.220446049250313e-16,2.220446049250313e-16
4,ring,no_hopping,,128.82495516931348,4.000000000000002,0.40620425364849255,0.3333333333333799,4.000000000000001,2.220446049250313e-16,-2.220446049250313e-16
4,ring,no_hopping,,131.82567385564073,4.000000000000002,0.4062042536484919,0.333333333333381,4.000000000000001,0.0,-0.0
4,ring,no_hopping,,134.89628825916532,4.000000000000002,0.4062042536484912,0.33333333333338205,4.000000000000001,0.0,-0.0
4,ring,no_hopping,,138.03842646028838,4.000000000000001,0.4062042536484905,0.3333333333333832,4.0,2.220446049250313e-16,-2.220446049250313e-16
4,ring,no_hopping,,141.25375446227554,4.000000000000001,0.40620425364848983,0.3333333333333844,4.0,2.220446049250313e-16,-2.220446049250313e-16
4,ring,no_hopping,,144.5439770745928,4.000000000000002,0.4062042536484891,0.3333333333333856,4.000000000000001,0.0,-0.0
4,ring,no_hopping,,147.91083881682073,4.000000000000001,0.40620425364848833,0.3333333333333868,4.000000000000001,4.440892098500626e-16,-4.440892098500626e-16
4,ring,no_hopping,,151.3561248436207,4.000000000000002,0.4062042536484876,0.33333333333338805,4.000000000000001,-2.220446049250313e-16,2.220446049250313e-16
4,ring,no_hopping,,154.88166189124829,4.000000000000001,0.40620425364848683,0.33333333333338927,4.0,2.220446049250313e-16,-2.220446049250313e-16
4,ring,no_hopping,,158.48931924611142,4.000000000000001,0.406204253648486,0.33333333333339066,4.000000000000001,4.440892098500626e-16,-4.440892098500626e-16
4,ring,no_hopping,,162.18100973589299,4.000000000000001,0.40620425364848517,0.33333333333339193,4.0,4.440892098500626e-16,-4.440892098500626e-16
4,ring,no_hopping,,165.95869074375597,4.000000000000001,0.4062042536484844,0.3333333333333933,4.000000000000001,2.220446049250313e-16,-2.220446049250313e-16
4,ring,no_hopping,,169.8243652461746,4.000000000000001,0.4062042536484835,0.3333333333333947,4.0,4.440892098500626e-16,-4.440892098500626e-16
4,ring,no_hopping,,173.78008287493762,4.000000000000002,0.4062042536484826,0.33333333333339615,4.000000000000001,2.220446049250313e-16,-2.220446049250313e-16
4,ring,no_hopping,,177.82794100389228,4.000000000000001,0.40620425364848173,0.3333333333333976,4.000000000000001,4.440892098500626e-16,-4.440892098500626e-16
4,ring,no_hopping,,181.97008586099827,4.000000000000002,0.40620425364848084,0.33333333333339915,4.000000000000001,2.220446049250313e-16,-2.220446049250313e-16
4,ring,no_hopping,,186.20871366628694,4.000000000000002,0.40620425364847995,0.33333333333340065,4.000000000000001,0.0,-0.0
4,ring,no_hopping,,190.54607179632484,4.000000000000002,0.406204253648479,0.33333333333340226,4.000000000000001,0.0,-0.0
4,ring,no_hopping,,194.98445997580455,4.000000000000002,0.40620425364847795,0.33333333333340376,4.000000000000001,2.220446049250313e-16,-2.220446049250313e-16
4,ring,no_hopping,,199.52623149688787,4.000000000000001,0.40620425364847695,0.3333333333334054,4.0,2.220446049250313e-16,-2.220446049250313e-16
4,ring,no_hopping,,204.17379446695315,4.000000000000001,0.40620425364847595,0.33333333333340714,4.0,2.220446049250313e-16,-2.220446049250313e-16
4,ring,no_hopping,,208.92961308540407,4.000000000000001,0.4062042536484749,0.33333333333340887,4.0,4.440892098500626e-16,-4.440892098500626e-16
4,ring,no_hopping,,213.79620895022325,4.000000000000001,0.40620425364847385,0.33333333333341064,4.000000000000001,2.220446049250313e-16,-2.220446049250313e-16
4,ring,no_hopping,,218.77616239495518,4.000000000000002,0.40620425364847274,0.3333333333334124,4.000000000000001,0.0,-0.0
4,ring,no_hopping,,223.87211385683423,4.000000000000001,0.4062042536484716,0.33333333333341425,4.0,2.220446049250313e-16,-2.220446049250313e-16
4,ring,no_hopping,,229.08676527677747,4.000000000000001,0.40620425364847046,0.3333333333334161,4.000000000000001,4.440892098500626e-16,-4.440892098500626e-16
4,ring,no_hopping,,234.42288153199226,4.000000000000001,0.4062042536484693,0.3333333333334181,4.0,4.440892098500626e-16,-4.440892098500626e-16
4,ring,no_hopping,,239.88329190194898,4.000000000000002,0.40620425364846807,0.33333333333342,4.000000000000001,0.0,-0.0
4,ring,no_hopping,,245.47089156850285,4.000000000000001,0.40620425364846685,0.3333333333334221,4.000000000000001,4.440892098500626e-16,-4.440892098500626e-16
4,ring,no_hopping,,251.18864315095823,4.000000000000001,0.4062042536484656,0.3333333333334241,4.000000000000001,2.220446049250313e-16,-2.220446049250313e-16
4,ring,no_hopping,,257.03957827688646,4.000000000000001,0.4062042536484643,0.33333333333342624,4.000000000000001,2.220446049250313e-16,-2.220446049250313e-16
4,ring,no_hopping,,263.02679918953817,4.000000000000001,0.40620425364846297,0.3333333333334284,4.000000000000001,4.440892098500626e-16,-4.440892098500626e-16
4,ring,no_hopping,,269.1534803926914,4.000000000000001,0.40620425364846163,0.3333333333334306,4.000000000000001,2.220446049250313e-16,-2.220446049250313e-16
4,ring,no_hopping,,275.4228703338169,4.000000000000001,0.40620425364846025,0.33333333333343285,4.000000000000001,4.440892098500626e-16,-4.440892098500626e-16
4,ring,no_hopping,,281.8382931264455,4.000000000000002,0.40620425364845886,0.33333333333343523,4.000000000000001,2.220446049250313e-16,-2.220446049250313e-16
4,ring,no_hopping,,288.40315031266056,4.000000000000001,0.4062042536484574,0.3333333333334376,4.0,2.220446049250313e-16,-2.220446049250313e-16
4,ring,no_hopping,,295.1209226666384,4.000000000000001,0.40620425364845586,0.33333333333344,4.0,2.220446049250313e-16,-2.220446049250313e-16
4,ring,no_hopping,,301.9951720402019,4.000000000000002,0.4062042536484544,0.3333333333334425,4.000000000000001,0.0,-0.0
4,ring,no_hopping,,309.0295432513592,4.000000000000001,0.40620425364845286,0.33333333333344506,4.0,2.220446049250313e-16,-2.220446049250313e-16
4,ring,no_hopping,,316.22776601683796,4.000000000000002,0.4062042536484513,0.33333333333344767,4.000000000000001,0.0,-0.0
4,ring,no_hopping,,323.5936569296281,4.000000000000001,0.40620425364844964,0.3333333333334503,4.000000000000001,4.440892098500626e-16,-4.440892098500626e-16
4,ring,no_hopping,,331.1311214825914,4.000000000000001,0.406204253648448,0.33333333333345305,4.000000000000001,2.220446049250313e-16,-2.220446049250313e-16
4,ring,no_hopping,,338.84415613920277,4.000000000000002,0.4062042536484463,0.33333333333345583,4.000000000000001,2.220446049250313e-16,-2.220446049250313e-16
4,ring,no_hopping,,346.73685045253166,4.000000000000001,0.40620425364844454,0.3333333333334587,4.0,2.220446049250313e-16,-2.220446049250313e-16
4,ring,no_hopping,,354.8133892335753,4.000000000000001,0.4062042536484428,0.3333333333334616,4.000000000000001,2.220446049250313e-16,-2.220446049250313e-16
4,ring,no_hopping,,363.07805477010174,4.000000000000001,0.4062042536484409,0.3333333333334646,4.0,2.220446049250313e-16,-2.220446049250313e-16
4,ring,no_hopping,,371.53522909717276,4.000000000000001,0.40620425364843904,0.33333333333346765,4.0,2.220446049250313e-16,-2.220446049250313e-16
4,ring,no_hopping,,380.1893963205613,4.000000000000001,0.40620425364843715,0.33333333333347076,4.000000000000001,4.440892098500626e-16,-4.440892098500626e-16
4,ring,no_hopping,,389.04514499428046,4.000000000000001,0.40620425364843515,0.333333333333474,4.0,4.440892098500626e-16,-4.440892098500626e-16
4,ring,no_hopping,,398.1071705534977,4.000000000000001,0.4062042536484332,0.33333333333347726,4.000000000000001,4.440892098500626e-16,-4.440892098500626e-16
4,ring,no_hopping,,407.380277804113,4.000000000000001,0.40620425364843116,0.3333333333334806,4.0,4.440892098500626e-16,-4.440892098500626e-16
4,ring,no_hopping,,416.8693834703355,4.000000000000002,0.4062042536484291,0.333333333333484,4.000000000000001,0.0,-0.0
4,ring,no_hopping,,426.57951880159254,4.000000000000002,0.406204253648427,0.3333333333334876,4.000000000000001,0.0,-0.0
4,ring,no_hopping,,436.51583224016565,4.000000000000001,0.4062042536484248,0.33333333333349113,4.0,2.220446049250313e-16,-2.220446049250313e-16
4,ring,no_hopping,,446.6835921509635,4.000000000000001,0.4062042536484225,0.3333333333334948,4.0,4.440892098500626e-16,-4.440892098500626e-16
4,ring,no_hopping,,457.0881896148752,4.000000000000001,0.4062042536484202,0.33333333333349857,4.000000000000001,2.220446049250313e-16,-2.220446049250313e-16
4,ring,no_hopping,,467.73514128719813,4.000000000000001,0.40620425364841783,0.3333333333335024,4.0,4.440892098500626e-16,-4.440892098500626e-16
4,ring,no_hopping,,478.630092322638,4.000000000000002,0.4062042536484155,0.3333333333335064,4.000000000000001,2.220446049250313e-16,-2.220446049250313e-16
4,ring,no_hopping,,489.77881936844665,4.000000000000001,0.406204253648413,0.3333333333335104,4.000000000000001,4.440892098500626e-16,-4.440892098500626e-16
4,ring,no_hopping,,501.18723362727246,4.000000000000001,0.40620425364841045,0.33333333333351456,4.0,4.440892098500626e-16,-4.440892098500626e-16
4,ring,no_hopping,,512.8613839913648,4.000000000000002,0.40620425364840795,0.3333333333335188,4.000000000000001,2.220446049250313e-16,-2.220446049250313e-16
4,ring,no_hopping,,524.8074602497722,4.000000000000002,0.40620425364840534,0.3333333333335231,4.000000000000001,0.0,-0.0
4,ring,no_hopping,,537.0317963702532,4.000000000000001,0.4062042536484026,0.33333333333352744,4.0,0.0,-0.0
4,ring,no_hopping,,549.5408738576248,4.000000000000001,0.40620425364839985,0.33333333333353204,4.000000000000001,4.440892098500626e-16,-4.440892098500626e-16
4,ring,no_hopping,,562.341325190349,4.000000000000002,0.406204253648397,0.33333333333353665,4.000000000000001,2.220446049250313e-16,-2.220446049250313e-16
4,ring,no_hopping,,575.4399373371566,4.000000000000001,0.40620425364839413,0.33333333333354137,4.0,2.220446049250313e-16,-2.220446049250313e-16
4,ring,no_hopping,,588.8436553555896,4.000000000000001,0.4062042536483912,0.3333333333335462,4.000000000000001,4.440892098500626e-16,-4.440892098500626e-16
4,ring,no_hopping,,602.5595860743581,4.000000000000001,0.4062042536483882,0.3333333333335512,4.000000000000001,4.440892098500626e-16,-4.440892098500626e-16
4,ring,no_hopping,,616.5950018614822,4.000000000000001,0.4062042536483851,0.33333333333355625,4.0,4.440892098500626e-16,-4.440892098500626e-16
4,ring,no_hopping,,630.957344480193,4.000000000000002,0.406204253648382,0.33333333333356147,4.000000000000001,2.220446049250313e-16,-2.220446049250313e-16
4,ring,no_hopping,,645.6542290346563,4.000000000000001,0.40620425364837864,0.33333333333356674,4.000000000000001,2.220446049250313e-16,-2.220446049250313e-16
4,ring,no_hopping,,660.6934480075964,4.000000000000001,0.40620425364837537,0.33333333333357223,4.000000000000001,2.220446049250313e-16,-2.220446049250313e-16
4,ring,no_hopping,,676.0829753919819,4.000000000000001,0.406204253648372,0.3333333333335778,4.000000000000001,4.440892098500626e-16,-4.440892098500626e-16
4,ring,no_hopping,,691.8309709189363,4.000000000000001,0.4062042536483685,0.33333333333358345,4.0,4.440892098500626e-16,-4.440892098500626e-16
4,ring,no_hopping,,707.9457843841387,4.000000000000002,0.406204253648365,0.33333333333358933,4.000000000000002,2.220446049250313e-16,-2.220446049250313e-16
4,ring,no_hopping,,724.4359600749906,4.000000000000001,0.4062042536483613,0.3333333333335952,4.0,2.220446049250313e-16,-2.220446049250313e-16
4,ring,no_hopping,,741.3102413009177,4.000000000000002,0.4062042536483576,0.3333333333336014,4.000000000000001,4.440892098500626e-16,-4.440892098500626e-16
4,ring,no_hopping,,758.5775750291835,4.000000000000001,0.4062042536483538,0.3333333333336076,4.000000000000001,4.440892098500626e-16,-4.440892098500626e-16
4,ring,no_hopping,,776.2471166286912,4.000000000000001,0.4062042536483499,0.333333333333614,4.000000000000001,2.220446049250313e-16,-2.220446049250313e-16
4,ring,no_hopping,,794.3282347242822,4.000000000000001,0.40620425364834595,0.33333333333362053,4.000000000000001,2.220446049250313e-16,-2.220446049250313e-16
4,ring,no_hopping,,812.8305161640995,4.000000000000002,0.4062042536483419,0.33333333333362725,4.000000000000001,-2.220446049250313e-16,2.220446049250313e-16
4,ring,no_hopping,,831.7637711026708,4.000000000000001,0.4062042536483377,0.3333333333336341,4.000000000000001,4.440892098500626e-16,-4.440892098500626e-16
4,ring,no_hopping,,851.1380382023759,4.000000000000001,0.4062042536483334,0.33333333333364107,4.000000000000001,2.220446049250313e-16,-2.220446049250313e-16
4,ring,no_hopping,,870.9635899560815,4.000000000000001,0.40620425364832907,0.33333333333364823,4.000000000000001,2.220446049250313e-16,-2.220446049250313e-16
4,ring,no_hopping,,891.2509381337459,4.000000000000001,0.4062042536483246,0.33333333333365556,4.0,2.220446049250313e-16,-2.220446049250313e-16
4,ring,no_hopping,,912.0108393559096,4.000000000000001,0.40620425364831997,0.3333333333336631,4.0,2.220446049250313e-16,-2.220446049250313e-16
4,ring,no_hopping,,933.2543007969905,4.000000000000001,0.4062042536483153,0.33333333333367077,4.0,2.220446049250313e-16,-2.220446049250313e-16
4,ring,no_hopping,,954.9925860214369,4.000000000000001,0.40620425364831053,0.33333333333367865,4.000000000000001,2.220446049250313e-16,-2.220446049250313e-16
4,ring,no_hopping,,977.2372209558112,4.000000000000001,0.40620425364830565,0.33333333333368664,4.000000000000001,2.220446049250313e-16,-2.220446049250313e-16
4,ring,no_hopping,,1000.0,4.000000000000001,0.4062042536483006,0.3333333333336949,4.000000000000001,4.440892098500626e-16,-4.440892098500626e-16
4,ring,no_hopping,,inf,4.000000000000001,0.4062042536485209,0.33333333333333326,4.0,0.0,0.0
4,ring,free,0.0,0.0,-2.0512692074026703e-16,0.17556365302394777,0.6380952380952383,3.428571428571429,5.672489854621258e-18,-5.672489854621258e-18
4,ring,free,0.0,0.001,-0.017066631151855232,0.17556388354440816,0.6380947707948101,3.428572114283416,-0.00046103976802686335,0.00046103976802686335
4,ring,free,0.0,0.0010232929922807535,-0.017464162346791,0.17556389440847428,0.6380947487716767,3.4285721465999126,-0.00047177865260021037,0.00047177865260021037
4,ring,free,0.0,0.0010471285480508996,-0.017870953110289033,0.17556390578454537,0.6380947257106305,3.428572180439428,-0.0004827676699770411,0.0004827676699770411
4,ring,free,0.0,0.001071519305237606,-0.018287219116646058,0.1755639176967512,0.6380947015627564,3.4285722158737397,-0.0004940126459303867,0.0004940126459303867
4,ring,free,0.0,0.0010964781961431851,-0.018713181063235006,0.17556393017035862,0.638094676276835,3.4285722529780047,-0.0005055195418919418,0.0005055195418919418
4,ring,free,0.0,0.001122018454301963,-0.01914906478745541,0.17556394323182553,0.6380946497992321,3.4285722918309256,-0.0005172944581101203,0.0005172944581101203
4,ring,free,0.0,0.0011481536214968829,-0.019595101386424906,0.17556395690885615,0.6380946220737864,3.428572332514912,-0.0005293436368776945,0.0005293436368776945
4,ring,free,0.0,0.001174897554939529,-0.020051527339424235,0.17556397123046127,0.6380945930416893,3.4285723751162602,-0.0005416734658411689,0.0005416734658411689
4,ring,free,0.0,0.001202264434617413,-0.020518584633221492,0.17556398622701797,0.6380945626413609,3.428572419725327,-0.0005542904813801838,0.0005542904813801838
4,ring,free,0.0,0.0012302687708123812,-0.020996520890297753,0.17556400193033558,0.6380945308083196,3.4285724664367336,-0.0005672013720686275,0.0005672013720686275
4,ring,free,0.0,0.0012589254117941675,-0.02148558950005287,0.17556401837372176,0.638094497475046,3.42857251534956,-0.0005804129822155535,0.0005804129822155535
4,ring,free,0.0,0.0012882495516931337,-0.021986049753066627,0.17556403559205472,0.6380944625708354,3.42857256656755,-0.0005939323154888513,0.0005939323154888513
4,ring,free,0.0,0.0013182567385564075,-0.022498166978484346,0.1755640536218558,0.6380944260216537,3.4285726201993434,-0.0006077665386222076,0.0006077665386222076
4,ring,free,0.0,0.0013489628825916532,-0.02302221268459582,0.1755640725013677,0.6380943877499774,3.4285726763586934,-0.0006219229852078099,0.0006219229852078099
4,ring,free,0.0,0.0013803842646028853,-0.02355846470268076,0.1755640922706353,0.6380943476746297,3.4285727351647215,-0.0006364091595778875,0.0006364091595778875
4,ring,free,0.0,0.001412537544622754,-0.024107207334198782,0.17556411297159064,0.6380943057106068,3.4285727967421544,-0.0006512327407771313,0.0006512327407771313
4,ring,free,0.0,0.001445439770745928,-0.024668731501411866,0.17556413464814202,0.6380942617689007,3.4285728612216015,-0.0006664015866229053,0.0006664015866229053
4,ring,free,0.0,0.0014791083881682072,-0.02524333490148321,0.17556415734626687,0.6380942157563074,3.42857292873983,-0.0006819237378679899,0.0006819237378679899
4,ring,free,0.0,0.0015135612484362087,-0.025831322164200376,0.17556418111410932,0.6380941675752324,3.4285729994400462,-0.0006978074224477625,0.0006978074224477625
4,ring,free,0.0,0.0015488166189124811,-0.026433005013310345,0.1755642060020827,0.6380941171234789,3.428573073472209,-0.00071406105983927,0.00071406105983927
4,ring,free,0.0,0.001584893192461114,-0.02704870243165548,0.1755642320629756,0.6380940642940366,3.42857315099334,-0.0007306932655098,0.0007306932655098
4,ring,free,0.0,0.0016218100973589297,-0.027678740830112843,0.17556425935206477,0.6380940089748516,3.4285732321678695,-0.0007477128554756358,0.0007477128554756358
4,ring,free,0.0,0.0016595869074375613,-0.028323454220475313,0.1755642879272317,0.6380939510485881,3.428573317167967,-0.0007651288509630903,0.0007651288509630903
4,ring,free,0.0,0.0016982436524617442,-0.02898318439233853,0.175564317849086,0.6380938903923821,3.428573406173919,-0.0007829504831792589,0.0007829504831792589
4,ring,free,0.0,0.0017378008287493763,-0.029658281094108185,0.17556434918109268,0.6380938268775793,3.428573499374509,-0.0008011871981915032,0.0008011871981915032
4,ring,free,0.0,0.0017782794100389228,-0.03034910221820748,0.17556438198970883,0.6380937603694616,3.428573596967418,-0.000819848661920133,0.000819848661920133
4,ring,free,0.0,0.0018197008586099826,-0.03105601399057482,0.17556441634452233,0.6380936907269635,3.428573699159639,-0.0008389447652494397,0.0008389447652494397
4,ring,free,0.0,0.0018620871366628676,-0.03177939116458427,0.17556445231840093,0.6380936178023712,3.4285738061679227,-0.000858485629251283,0.000858485629251283
4,ring,free,0.0,0.0019054607179632482,-0.03251961721944345,0.1755644899876459,0.638093541441009,3.428573918219229,-0.0008784816105351142,0.0008784816105351142
4,ring,free,0.0,0.0019498445997580456,-0.03327708456322141,0.17556452943215484,0.6380934614809124,3.4285740355512195,-0.00089894330671736,0.00089894330671736
4,ring,free,0.0,0.001995262314968879,-0.03405219474056563,0.1755645707355899,0.6380933777524856,3.428574158412754,-0.0009198815620200555,0.0009198815620200555
4,ring,free,0.0,0.0020417379446695297,-0.03484535864525591,0.17556461398555628,0.6380932900781395,3.428574287064413,-0.0009413074729972435,0.0009413074729972435
4,ring,free,0.0,0.0020892961308540386,-0.035656996737687616,0.17556465927378737,0.6380931982719167,3.4285744217790675,-0.0009632323943924454,0.0009632323943924454
4,ring,free,0.0,0.0021379620895022326,-0.03648753926738453,0.17556470669633936,0.6380931021390956,3.428574562842438,-0.0009856679451355444,0.0009856679451355444
4,ring,free,0.0,0.002187761623949552,-0.03733742650070139,0.17556475635379495,0.6380930014757792,3.4285747105537103,-0.0010086260144713194,0.0010086260144713194
4,ring,free,0.0,0.00223872113856834,-0.03820710895377542,0.1755648083514772,0.6380928960684621,3.4285748652261727,-0.001032118768235138,0.001032118768235138
4,ring,free,0.0,0.0022908676527677724,-0.03909704763090345,0.1755648627996717,0.638092785693578,3.4285750271878728,-0.0010561586552702389,0.0010561586552702389
4,ring,free,0.0,0.0023442288153199225,-0.04000771426842521,0.1755649198138616,0.6380926701170246,3.428575196782318,-0.001080758413993568,0.001080758413993568
4,ring,free,0.0,0.00239883291901949,-0.040939591584275806,0.17556497951497194,0.6380925490936676,3.428575374369201,-0.0011059310791115967,0.0011059310791115967
4,ring,free,0.0,0.002454708915685031,-0.04189317353330456,0.17556504202962608,0.6380924223668225,3.428575560325168,-0.00113168998849164,0.00113168998849164
4,ring,free,0.0,0.0025118864315095794,-0.04286896556851537,0.17556510749041435,0.6380922896677077,3.428575755044606,-0.001158048790191644,0.001158048790191644
4,ring,free,0.0,0.0025703957827688645,-0.04386748490835264,0.17556517603617483,0.6380921507148768,3.42857595894049,-0.0011850214496499003,0.0011850214496499003
4,ring,free,0.0,0.0026302679918953813,-0.044889260810184975,0.17556524781228805,0.6380920052136206,3.4285761724452564,-0.0012126222570391417,0.0012126222570391417
4,ring,free,0.0,0.0026915348039269166,-0.04593483485009682,0.17556532297098562,0.6380918528553424,3.4285763960117155,-0.0012408658347924095,0.0012408658347924095
4,ring,free,0.0,0.002754228703338166,-0.04700476120917309,0.1755654016716722,0.638091693316904,3.428576630114014,-0.001269767145298759,0.001269767145298759
4,ring,free,0.0,0.002818382931264455,-0.048099606966398825,0.17556548408126385,0.63809152625994,3.4285768752486385,-0.0012993414987743264,0.0012993414987743264
4,ring,free,0.0,0.0028840315031266055,-0.04921995239832201,0.17556557037454196,0.6380913513301419,3.4285771319354734,-0.0013296045613175687,0.0013296045613175687
4,ring,free,0.0,0.002951209226666387,-0.050366391285658854,0.17556566073452382,0.6380911681565047,3.4285774007188965,-0.0013605723631427702,0.0013605723631427702
4,ring,free,0.0,0.003019951720402016,-0.05153953122696281,0.17556575535285066,0.6380909763505415,3.428577682168934,-0.0013922613070079248,0.0013922613070079248
4,ring,free,0.0,0.003090295432513592,-0.0527399939595552,0.17556585443019365,0.6380907755054607,3.4285779768824742,-0.0014246881768291836,0.0014246881768291836
4,ring,free,0.0,0.0031622776601683794,-0.05396841568785171,0.1755659581766796,0.6380905651953017,3.428578285484524,-0.0014578701464952014,0.0014578701464952014
4,ring,free,0.0,0.003235936569296281,-0.05522544741927324,0.17556606681233677,0.6380903449740343,3.4285786086295458,-0.0014918247888806996,0.0014918247888806996
4,ring,free,0.0,0.003311311214825911,-0.05651175530789879,0.17556618056756018,0.6380901143746095,3.4285789470028267,-0.0015265700850656573,0.0015265700850656573
4,ring,free,0.0,0.0033884415613920273,-0.057828021006044644,0.17556629968360127,0.6380898729079739,3.42857930132195,-0.0015621244337627998,0.0015621244337627998
4,ring,free,0.0,0.0034673685045253167,-0.05917494202393957,0.17556642441307854,0.6380896200620305,3.4285796723383055,-0.0015985066609612453,0.0015985066609612453
4,ring,free,0.0,0.0035481338923357532,-0.06055323209769231,0.1755665550205133,0.6380893553005517,3.428580060838681,-0.0016357360297847602,0.0016357360297847602
4,ring,free,0.0,0.003630780547701014,-0.06196362156571661,0.17556669178289014,0.6380890780620472,3.4285804676469325,-0.0016738322505782891,0.0016738322505782891
4,ring,free,0.0,0.003715352290971728,-0.06340685775382694,0.1755668349902444,0.6380887877585695,3.4285808936257314,-0.0017128154912172972,0.0017128154912172972
4,ring,free,0.0,0.0038018939632056127,-0.06488370536918346,0.1755669849462765,0.6380884837744691,3.4285813396783964,-0.001752706387652488,0.001752706387652488
4,ring,free,0.0,0.003890451449942805,-0.06639494690328711,0.17556714196899592,0.6380881654650914,3.4285818067507887,-0.0017935260546921884,0.0017935260546921884
4,ring,free,0.0,0.003981071705534973,-0.06794138304423006,0.17556730639139478,0.6380878321554083,3.428582295833341,-0.0018352960970264912,0.0018352960970264912
4,ring,free,0.0,0.004073802778041126,-0.06952383309840815,0.1755674785621538,0.6380874831385873,3.4285828079631364,-0.0018780386204976223,0.0018780386204976223
4,ring,free,0.0,0.004168693834703355,-0.07114313542189668,0.17556765884638165,0.6380871176744974,3.4285833442261193,-0.00192177624362567,0.00192177624362567
4,ring,free,0.0,0.004265795188015926,-0.07280014786171467,0.17556784762638766,0.6380867349881361,3.428583905759385,-0.001966532109390677,0.001966532109390677
4,ring,free,0.0,0.004365158322401661,-0.07449574820719292,0.17556804530249276,0.6380863342679881,3.4285844937535956,-0.002012329897276694,0.002012329897276694
4,ring,free,0.0,0.0044668359215096305,-0.07623083465165917,0.1755682522938771,0.6380859146643092,3.4285851094554975,-0.0020591938355869407,0.0020591938355869407
4,ring,free,0.0,0.004570881896148752,-0.07800632626469367,0.17556846903946843,0.638085475287322,3.4285857541705638,-0.002107148714028338,0.002107148714028338
4,ring,free,0.0,0.004677351412871981,-0.07982316347514319,0.17556869599887273,0.6380850152053326,3.4285864292657613,-0.0021562198965803525,0.0021562198965803525
4,ring,free,0.0,0.004786300923226385,-0.08168230856517114,0.1755689336533464,0.6380845334427567,3.4285871361724407,-0.0022064333346456053,0.0022064333346456053
4,ring,free,0.0,0.004897788193684461,-0.08358474617556662,0.17556918250681722,0.6380840289780514,3.4285878763893733,-0.002257815580490239,0.002257815580490239
4,ring,free,0.0,0.005011872336272725,-0.08553148382255153,0.17556944308695113,0.6380835007415532,3.428588651485914,-0.0023103938009807878,0.0023103938009807878
4,ring,free,0.0,0.005128613839913648,-0.08752355242634574,0.17556971594626927,0.6380829476132117,3.428589463105334,-0.0023641957916236463,0.0023641957916236463
4,ring,free,0.0,0.005248074602497723,-0.08956200685173044,0.17557000166331993,0.6380823684202167,3.4285903129683004,-0.002419249990910359,0.002419249990910359
4,ring,free,0.0,0.005370317963702527,-0.09164792646088642,0.1755703008439022,0.6380817619345146,3.4285912028765075,-0.002475585494976607,0.002475585494976607
4,ring,free,0.0,0.005495408738576248,-0.09378241567875407,0.17557061412234992,0.638081126870209,3.4285921347165,-0.0025332320725779817,0.0025332320725779817
4,ring,free,0.0,0.005623413251903491,-0.09596660457117841,0.17557094216287386,0.6380804618808348,3.428593110463662,-0.0025922201803947748,0.0025922201803947748
4,ring,free,0.0,0.005754399373371567,-0.09820164943614014,0.17557128566096952,0.6380797655565098,3.4285941321863977,-0.00265258097866021,0.00265258097866021
4,ring,free,0.0,0.00588843655355589,-0.10048873340829641,0.1755716453448881,0.638079036420949,3.4285952020505057,-0.0027143463471331272,0.0027143463471331272
4,ring,free,0.0,0.0060255958607435805,-0.10282906707716911,0.17557202197717958,0.6380782729283393,3.4285963223237648,-0.002777548901404664,0.002777548901404664
4,ring,free,0.0,0.006165950018614822,-0.10522388911922723,0.17557241635630588,0.638077473460065,3.4285974953807306,-0.0028422220095571,0.0028422220095571
4,ring,free,0.0,0.00630957344480193,-0.10767446694415071,0.17557282931833126,0.6380766363212869,3.4285987237077515,-0.0029083998091772104,0.0029083998091772104
4,ring,free,0.0,0.006456542290346556,-0.11018209735559491,0.1755732617386921,0.63807575973735,3.428600009908233,-0.0029761172247266335,0.0029761172247266335
4,ring,free,0.0,0.006606934480075964,-0.11274810722673433,0.17557371453404916,0.6380748418500303,3.428601356708148,-0.0030454099852764045,0.0030454099852764045
4,ring,free,0.0,0.006760829753919818,-0.11537385419088474,0.17557418866422655,0.6380738807136032,3.4286027669617836,-0.003116314642615803,0.003116314642615803
4,ring,free,0.0,0.006918309709189363,-0.11806072734751469,0.17557468513424404,0.6380728742907263,3.4286042436577917,-0.0031888685897364308,0.0031888685897364308
4,ring,free,0.0,0.00707945784384138,-0.12081014798395384,0.17557520499644158,0.6380718204481286,3.4286057899254923,-0.0032631100796960306,0.0032631100796960306
4,ring,free,0.0,0.007244359600749898,-0.12362357031311261,0.17557574935270553,0.6380707169521004,3.428607409041496,-0.0033390782448725932,0.0033390782448725932
4,ring,free,0.0,0.007413102413009177,-0.1265024822275262,0.17557631935679996,0.6380695614637661,3.428609104436624,-0.00341681311660914,0.00341681311660914
4,ring,free,0.0,0.007585775750291836,-0.12944840607003003,0.17557691621680518,0.6380683515341407,3.428610879703148,-0.0034963556452593525,0.0034963556452593525
4,ring,free,0.0,0.00776247116628692,-0.13246289942142223,0.17557754119767244,0.6380670845989511,3.428612738602389,-0.0035777477206318624,0.0035777477206318624
4,ring,free,0.0,0.007943282347242814,-0.13554755590539405,0.17557819562389831,0.6380657579732155,3.4286146850726498,-0.0036610321928466985,0.0036610321928466985
4,ring,free,0.0,0.008128305161640995,-0.13870400601109348,0.1755788808823238,0.6380643688455658,3.4286167232375333,-0.003746252893600293,0.003746252893600293
4,ring,free,0.0,0.008317637711026709,-0.14193391793363105,0.17557959842506507,0.6380629142723105,3.428618857414647,-0.0038334546578511937,0.0038334546578511937
4,ring,free,0.0,0.008511380382023767,-0.1452389984328596,0.17558034977258233,0.6380613911712129,3.428621092124711,-0.003922683345922256,0.003922683345922256
4,ring,free,0.0,0.008709635899560805,-0.14862099371077162,0.1755811365168907,0.6380597963149756,3.4286234321010958,-0.004013985866032195,0.004013985866032195
4,ring,free,0.0,0.008912509381337459,-0.15208169030784724,0.17558196032492343,0.638058126324431,3.428625882299802,-0.004107410197251707,0.004107410197251707
4,ring,free,0.0,0.009120108393559097,-0.15562291601866923,0.1755828229420524,0.6380563776614004,3.428628447909916,-0.0042030054128924695,0.0042030054128924695
4,ring,free,0.0,0.009332543007969905,-0.1592465408271691,0.1755837261957716,0.6380545466212251,3.428631134364544,-0.004300821704330687,0.004300821704330687
4,ring,free,0.0,0.009549925860214359,-0.16295447786182352,0.17558467199955582,0.638052629324946,3.428633947352264,-0.004400910405264552,0.004400910405264552
4,ring,free,0.0,0.009772372209558112,-0.1667486843711226,0.17558566235689876,0.6380506217111194,3.4286368928291044,-0.0045033240164133286,0.0045033240164133286
4,ring,free,0.0,0.01,-0.17063116271967704,0.1755866993655385,0.6380485195272445,3.4286399770310863,-0.004608116230652128,0.004608116230652128
4,ring,free,0.0,0.010232929922807542,-0.17460396140526616,0.17558778522188395,0.6380463183207977,3.4286432064873646,-0.004715341958587187,0.004715341958587187
4,ring,free,0.0,0.010471285480508996,-0.1786691760971565,0.17558892222564465,0.6380440134298389,3.4286465880339514,-0.004825057354573385,0.004825057354573385
4,ring,free,0.0,0.010715193052376065,-0.18282895069603375,0.17559011278468056,0.6380415999731861,3.428650128828103,-0.004937319843166026,0.004937319843166026
4,ring,free,0.0,0.01096478196143185,-0.18708547841584797,0.17559135942007506,0.6380390728401274,3.428653836363376,-0.005052188146013846,0.005052188146013846
4,ring,free,0.0,0.011220184543019636,-0.19144100288789656,0.17559266477144722,0.6380364266796513,3.4286577184853715,-0.005169722309183493,0.005169722309183493
4,ring,free,0.0,0.01148153621496883,-0.19589781928744734,0.17559403160251127,0.6380336558891792,3.4286617834082187,-0.005289983730917144,0.005289983730917144
4,ring,free,0.0,0.011748975549395297,-0.2004582754832018,0.1755954628068951,0.6380307546027639,3.4286660397318354,-0.005413035189815771,0.005413035189815771
4,ring,free,0.0,0.012022644346174132,-0.2051247732098932,0.17559696141423112,0.63802771667875,3.4286704964599655,-0.005538940873443504,0.005538940873443504
4,ring,free,0.0,0.012302687708123818,-0.20989976926429502,0.17559853059652997,0.6380245356868413,3.428675163019083,-0.005667766407345301,0.005667766407345301
4,ring,free,0.0,0.012589254117941675,-0.2147857767249067,0.17560017367485214,0.6380212048945872,3.4286800492781553,-0.005799578884472356,0.005799578884472356
4,ring,free,0.0,0.012882495516931342,-0.21978536619557695,0.17560189412628915,0.638017717253218,3.4286851655693216,-0.005934446895001826,0.005934446895001826
4,ring,free,0.0,0.013182567385564075,-0.22490116707330599,0.17560369559127115,0.6380140653828387,3.428690522709545,-0.006072440556541901,0.006072440556541901
4,ring,free,0.0,0.01348962882591654,-0.23013586884043433,0.1756055818812129,0.638010241556922,3.4286961320232465,-0.006213631544709511,0.006213631544709511
4,ring,free,0.0,0.013803842646028852,-0.2354922223814527,0.1756075569865164,0.63800623768609,3.4287020053660116,-0.0063580931240648855,0.0063580931240648855
4,ring,free,0.0,0.014125375446227547,-0.24097304132457611,0.17560962508494432,0.6380020453011307,3.428708155149363,-0.006505900179387111,0.006505900179387111
4,ring,free,0.0,0.014454397707459272,-0.24658120340828954,0.17561179055038267,0.6379976555352408,3.4287145943667063,-0.0066571292472706045,0.0066571292472706045
4,ring,free,0.0,0.014791083881682071,-0.25231965187295596,0.1756140579620098,0.6379930591054269,3.4287213366204394,-0.0068118585480220414,0.0068118585480220414
4,ring,free,0.0,0.01513561248436208,-0.25819139687762227,0.1756164321138904,0.6379882462930642,3.4287283961503534,-0.006970168017835933,0.006970168017835933
4,ring,free,0.0,0.01548816618912481,-0.26419951694209093,0.1756189180250139,0.6379832069235389,3.4287357878633045,-0.007132139341218022,0.007132139341218022
4,ring,free,0.0,0.015848931924611134,-0.2703471604142953,0.17562152094979713,0.6379779303449549,3.4287435273642597,-0.007297855983631446,0.007297855983631446
4,ring,free,0.0,0.0162181009735893,-0.2766375469629843,0.1756242463890734,0.6379724054058553,3.4287516309887875,-0.007467403224331412,0.007467403224331412
4,ring,free,0.0,0.016595869074375606,-0.2830739690956849,0.17562710010158822,0.6379666204319175,3.428760115837014,-0.00764086818935332,0.00764086818935332
4,ring,free,0.0,0.016982436524617443,-0.2896597937018608,0.1756300881160257,0.6379605632015636,3.4287689998091415,-0.007818339884612946,0.007818339884612946
4,ring,free,0.0,0.017378008287493755,-0.2963984636211179,0.1756332167435901,0.6379542209204577,3.428778301642601,-0.007999909229079671,0.007999909229079671
4,ring,free,0.0,0.01778279410038923,-0.30329349923631765,0.17563649259116643,0.6379475801948183,3.4287880409508964,-0.00818566908796995,0.00818566908796995
4,ring,free,0.0,0.018197008586099836,-0.31034850009130116,0.1756399225750861,0.6379406270035136,3.428798238264216,-0.008375714305914536,0.008375714305914536
4,ring,free,0.0,0.018620871366628676,-0.3175671465329752,0.1756435139355252,0.6379333466688594,3.428808915071899,-0.008570141740037646,0.008570141740037646
4,ring,free,0.0,0.019054607179632473,-0.3249532013773446,0.17564727425156493,0.6379257238260938,3.4288200938668325,-0.008769050292889762,0.008769050292889762
4,ring,free,0.0,0.019498445997580455,-0.33251051159908107,0.17565121145693915,0.6379177423914381,3.4288317981918555,-0.008972540945165919,0.008972540945165919
4,ring,free,0.0,0.0199526231496888,-0.34024301004406576,0.175655333856507,0.6379093855287045,3.4288440526882815,-0.009180716788135604,0.009180716788135604
4,ring,free,0.0,0.020417379446695295,-0.34815471716435226,0.17565965014347457,0.6379006356143724,3.4288568831466,-0.009393683055701131,0.009393683055701131
4,ring,free,0.0,0.020892961308540396,-0.3562497427747628,0.1756641694174047,0.6378914742010713,3.428870316559464,-0.009611547156007885,0.009611547156007885
4,ring,free,0.0,0.021379620895022326,-0.36453228783039754,0.1756689012030467,0.6378818819794033,3.428884381177082,-0.009834418702499376,0.009834418702499376
4,ring,free,0.0,0.02187761623949553,-0.3730066462240861,0.17567385547002373,0.6378718387380207,3.428899106565075,-0.010062409544323983,0.010062409544323983
4,ring,free,0.0,0.0223872113856834,-0.3816772066027595,0.17567904265341264,0.6378613233218952,3.4289145236649445,-0.01029563379598325,0.01029563379598325
4,ring,free,0.0,0.022908676527677734,-0.3905484542016019,0.17568447367525752,0.6378503135886961,3.428930664857232,-0.010534207866096615,0.010534207866096615
4,ring,free,0.0,0.023442288153199226,-0.3996249726946614,0.17569015996705803,0.6378387863631875,3.428947564027503,-0.010778250485161317,0.010778250485161317
4,ring,free,0.0,0.02398832919019491,-0.40891144606050656,0.17569611349327077,0.6378267173895734,3.42896525663525,-0.011027882732160155,0.011027882732160155
4,ring,free,0.0,0.02454708915685031,-0.41841266046128894,0.17570234677587118,0.6378140812816884,3.4289837797858844,-0.011283228059877567,0.011283228059877567
4,ring,free,0.0,0.025118864315095808,-0.42813350613347795,0.1757088729200202,0.6378008514709501,3.4290031723058543,-0.011544412318751363,0.011544412318751363
4,ring,free,0.0,0.025703957827688632,-0.43807897928829453,0.1757157056408811,0.6377870001519785,3.4290234748211357,-0.011811563779094758,0.011811563779094758
4,ring,free,0.0,0.026302679918953815,-0.4482541840197044,0.17572285929163728,0.6377724982257752,3.4290447298391142,-0.01208481315149633,0.01208481315149633
4,ring,free,0.0,0.026915348039269153,-0.45866433421759345,0.17573034889276049,0.6377573152403704,3.429066981834088,-0.012364293605198626,0.012364293605198626
4,ring,free,0.0,0.02754228703338166,-0.46931475548357693,0.17573819016258083,0.6377414193288251,3.429090277336478,-0.01265014078423729,0.01265014078423729
4,ring,free,0.0,0.028183829312644536,-0.4802108870465577,0.17574639954921586,0.6377247771444765,3.429114665025914,-0.012942492821111304,0.012942492821111304
4,ring,free,0.0,0.028840315031266057,-0.4913582836750292,0.1757549942639112,0.6377073537933211,3.4291401958283427,-0.013241490347726134,0.013241490347726134
4,ring,free,0.0,0.029512092266663854,-0.5027626175826719,0.17576399231585163,0.6376891127634138,3.4291669230173274,-0.013547276503354688,0.013547276503354688
4,ring,free,0.0,0.03019951720402016,-0.5144296803236572,0.1757734125485049,0.6376700158511536,3.4291949023196713,-0.013859996939315153,0.013859996939315153
4,ring,free,0.0,0.030902954325135904,-0.5263653846736402,0.1757832746775557,0.6376500230843443,3.4292241920255404,-0.014179799820067715,0.014179799820067715
4,ring,free,0.0,0.03162277660168379,-0.5385757664921511,0.17579359933049737,0.6376290926418936,3.4292548531032865,-0.014506835820394567,0.014506835820394567
4,ring,free,0.0,0.03235936569296283,-0.5510669865617008,0.17580440808794415,0.6376071807700121,3.4292869493190605,-0.014841258118311093,0.014841258118311093
4,ring,free,0.0,0.03311311214825911,-0.5638453323985332,0.17581572352673386,0.637584241694789,3.4293205473614945,-0.015183222383333861,0.015183222383333861
4,ring,free,0.0,0.033884415613920256,-0.576917220029576,0.17582756926488818,0.6375602275309892,3.429355716971533,-0.0155328867596954,0.0155328867596954
4,ring,free,0.0,0.034673685045253165,-0.5902891957296547,0.1758399700085032,0.6375350881869328,3.4293925310776636,-0.015890411844081423,0.015890411844081423
4,ring,free,0.0,0.03548133892335755,-0.603967937712612,0.17585295160064435,0.6375087712653104,3.4294310659366998,-0.016255960657422353,0.016255960657422353
4,ring,free,0.0,0.03630780547701014,-0.6179602577694481,0.17586654107231678,0.6374812219597762,3.4294714012802987,-0.016629698610256455,0.016629698610256455
4,ring,free,0.0,0.03715352290971726,-0.6322731028460887,0.1758807666955939,0.637452382947168,3.4295136204674153,-0.01701179346113066,0.01701179346113066
4,ring,free,0.0,0.038018939632056124,-0.6469135565528071,0.17589565803897617,0.6374221942751913,3.42955781064288,-0.017402415267491048,0.017402415267491048
4,ring,free,0.0,0.03890451449942807,-0.661888840596761,0.1759112460250656,0.6373905932454053,3.429604062902275,-0.017801736328456788,0.017801736328456788
4,ring,free,0.0,0.039810717055349734,-0.677206316128427,0.17592756299063253,0.6373575142913449,3.4296524724633124,-0.01820993111885666,0.01820993111885666
4,ring,free,0.0,0.04073802778041128,-0.6928734849920923,0.17594464274916133,0.6373228888516153,3.4297031388439025,-0.018627176213844923,0.018627176213844923
4,ring,free,0.0,0.04168693834703355,-0.7088979908698153,0.17596252065595513,0.6372866452377766,3.4297561660470848,-0.01905365020338813,0.01905365020338813
4,ring,free,0.0,0.04265795188015928,-0.7252876203075365,0.1759812336758884,0.6372487084968611,3.4298116627530204,-0.019489533595859282,0.019489533595859282
4,ring,free,0.0,0.04365158322401661,-0.7420503036112166,0.1760008204538883,0.6372090002683354,3.429869742518216,-0.019935008709936503,0.019935008709936503
4,ring,free,0.0,0.04466835921509633,-0.759194115600028,0.17602132138823437,0.6371674386353419,3.4299305239821627,-0.020390259553951434,0.020390259553951434
4,ring,free,0.0,0.04570881896148752,-0.7767272762027878,0.17604277870676074,0.637123937970036,3.429994131081549,-0.02085547169177751,0.02085547169177751
4,ring,free,0.0,0.046773514128719815,-0.7946581508827909,0.17606523654604647,0.6370784087728529,3.430060693272207,-0.021330832094310664,0.021330832094310664
4,ring,free,0.0,0.047863009232263824,-0.8129952508753078,0.1760887410336811,0.6370307575055201,3.430130345758952,-0.021816528975522276,0.021816528975522276
4,ring,free,0.0,0.04897788193684462,-0.8317472332209614,0.17611334037368725,0.6369808864176456,3.4302032297334306,-0.022312751612013265,0.022312751612013265
4,ring,free,0.0,0.05011872336272722,-0.8509229005770235,0.17613908493518593,0.6369286933667202,3.430279492620137,-0.022819690144949445,0.022819690144949445
4,ring,free,0.0,0.05128613839913648,-0.8705312007876714,0.1761660273443836,0.6368740716313565,3.430359288330673,-0.023337535363181672,0.023337535363181672
4,ring,free,0.0,0.05248074602497726,-0.8905812261929029,0.1761942225799588,0.636816909717604,3.4304427775263346,-0.023866478466300606,0.023866478466300606
4,ring,free,0.0,0.05370317963702527,-0.9110822126546851,0.17622372807192632,0.6367570911582021,3.430530127889135,-0.024406710806309878,0.024406710806309878
4,ring,free,0.0,0.054954087385762455,-0.9320435382775124,0.17625460380404814,0.6366944943045993,3.4306215144012557,-0.024958423606533026,0.024958423606533026
4,ring,free,0.0,0.05623413251903491,-0.9534747217992317,0.176286912419857,0.6366289921116226,3.4307171196329715,-0.02552180765630732,0.02552180765630732
4,ring,free,0.0,0.057543993733715694,-0.9753854206265873,0.17632071933235544,0.6365604519146577,3.4308171340390023,-0.02609705297994014,0.02609705297994014
4,ring,free,0.0,0.0588843655355589,-0.9977854284884144,0.17635609283744239,0.6364887351992328,3.430921756263267,-0.026684348478349773,0.026684348478349773
4,ring,free,0.0,0.06025595860743578,-1.020684672677987,0.1763931042311166,0.6364136973629099,3.431031193451925,-0.02728388154171621,0.02728388154171621
4,ring,free,0.0,0.06165950018614822,-1.044093210854327,0.17643182793049128,0.6363351874693964,3.4311456615745546,-0.027895837631436243,0.027895837631436243
4,ring,free,0.0,0.06309573444801933,-1.0680212273707643,0.17647234159865083,0.6362530479948268,3.4312653857532984,-0.028520399829569498,0.028520399829569498
4,ring,free,0.0,0.06456542290346556,-1.092479029097366,0.17651472627336193,0.636167114566173,3.431390600599728,-0.029157748353919127,0.029157748353919127
4,ring,free,0.0,0.06606934480075961,-1.1174770407020538,0.1765590664996456,0.6360772156917692,3.431521550559071,-0.02980806003681863,0.02980806003681863
4,ring,free,0.0,0.06760829753919818,-1.1430257993536472,0.17660545046619508,0.6359831724839848,3.4316584902615013,-0.030471507765629846,0.030471507765629846
4,ring,free,0.0,0.06918309709189366,-1.1691359488081765,0.17665397014561343,0.6358847983740815,3.4318016848799604,-0.031148259882899182,0.031148259882899182
4,ring,free,0.0,0.0707945784384138,-1.1958182328381037,0.17670472143842142,0.6357818988193569,3.4319514104940296,-0.03183847954406749,0.03183847954406749
4,ring,free,0.0,0.07244359600749903,-1.2230834879622718,0.1767578043207701,0.6356742710027041,3.4321079544591844,-0.03254232403057347,0.03254232403057347
4,ring,free,0.0,0.07413102413009177,-1.2509426354326307,0.17681332299576494,0.6355617035247633,3.432271615780735,-0.03325994401615548,0.03325994401615548
4,ring,free,0.0,0.0758577575029184,-1.279406672431998,0.17687138604828756,0.6354439760888932,3.432442705491587,-0.033991482784114985,0.033991482784114985
4,ring,free,0.0,0.07762471166286919,-1.3084866624353975,0.17693210660316885,0.635320859179258,3.432621547032909,-0.03473707539328502,0.03473707539328502
4,ring,free,0.0,0.07943282347242818,-1.3381937246857987,0.17699560248653895,0.6351921137323674,3.432808476636567,-0.0354968477904348,0.0354968477904348
4,ring,free,0.0,0.08128305161640995,-1.3685390227334515,0.17706199639014464,0.6350574908024936,3.4330038437081827,-0.03627091586684367,0.03627091586684367
4,ring,free,0.0,0.08317637711026708,-1.3995337519865183,0.17713141603838806,0.6349167312214548,3.4332080112093637,-0.03705938445678464,0.03705938445678464
4,ring,free,0.0,0.08511380382023763,-1.4311891262191614,0.17720399435779857,0.6347695652533405,3.433421356037639,-0.03786234627571666,0.03786234627571666
4,ring,free,0.0,0.08709635899560805,-1.463516362982132,0.17727986964860784,0.6346157122448466,3.43364426940237,-0.03867988079600254,0.03867988079600254
4,ring,free,0.0,0.08912509381337455,-1.4965266678595632,0.17735918575804674,0.6344548802719681,3.43387715719474,-0.03951205305809524,0.03951205305809524
4,ring,free,0.0,0.09120108393559097,-1.5302312175149857,0.1774420922549349,0.6342867657839336,3.4341204403497585,-0.04035891241519457,0.04035891241519457
4,ring,free,0.0,0.0933254300796991,-1.5646411414687322,0.17752874460507304,0.6341110532453502,3.4343745551979676,-0.04122049120954313,0.04122049120954313
4,ring,free,0.0,0.09549925860214359,-1.599767502548563,0.1776193043468879,0.6339274147776692,3.4346399538043233,-0.04209680337869076,0.04209680337869076
4,ring,free,0.0,0.09772372209558107,-1.6356212759553348,0.1777139392667215,0.6337355098012011,3.434917104291515,-0.04298784299023878,0.04298784299023878
4,ring,free,0.0,0.1,-1.67221332688574,0.17781282357307032,0.6335349846790675,3.435206491144674,-0.04389358270386273,0.04389358270386273
4,ring,free,0.0,0.10232929922807547,-1.709554386654939,0.17791613806902634,0.633325472364621,3.435508615494236,-0.044813972159654714,0.044813972159654714
4,ring,free,0.0,0.10471285480508996,-1.7476550272631646,0.17802407032206854,0.6331065920540203,3.4358239953733833,-0.04574893629219445,0.04574893629219445
4,ring,free,0.0,0.10715193052376071,-1.7865256343520166,0.17813681483029145,0.6328779488458329,3.436153165946231,-0.0466983735701369,0.0466983735701369
4,ring,free,0.0,0.1096478196143185,-1.8261763784986917,0.17825457318404345,0.6326391334097156,3.4364966797026186,-0.04766215416155267,0.04766215416155267
4,ring,free,0.0,0.1122018454301963,-1.866617184799368,0.17837755422187285,0.6323897216664286,3.4368551066150594,-0.04864011802576129,0.04864011802576129
4,ring,free,0.0,0.1148153621496883,-1.9078577006967292,0.1785059741795667,0.6321292744816112,3.437229034253077,-0.049632072932975224,0.049632072932975224
4,ring,free,0.0,0.11748975549395291,-1.94990726201135,0.17864005683096057,0.6318573373760181,3.4376190678498353,-0.05063779241373301,0.05063779241373301
4,ring,free,0.0,0.12022644346174131,-1.9927748571421366,0.17878003361909853,0.6315734402550853,3.438025830315649,-0.05165701364077885,0.05165701364077885
4,ring,free,0.0,0.1230268770812381,-2.0364690894074915,0.17892614377619065,0.6312770971609643,3.438449962192584,-0.05268943524689945,0.05268943524689945
4,ring,free,0.0,0.12589254117941676,-2.080998137506633,0.17907863443071415,0.6309678060504049,3.4388921215441295,-0.05373471508304861,0.05373471508304861
4,ring,free,0.0,0.12882495516931336,-2.1263697140889524,0.179237760699862,0.6306450486020999,3.4393529837734476,-0.05479246792211917,0.05479246792211917
4,ring,free,0.0,0.13182567385564073,-2.1725910224295846,0.17940378576543242,0.6303082900573937,3.439833241363523,-0.055862263114722366,0.055862263114722366
4,ring,free,0.0,0.13489628825916533,-2.2196687112203044,0.17957698093111385,0.6299569790984908,3.4403336035321526,-0.05694362220451332,0.05694362220451332
4,ring,free,0.0,0.13803842646028852,-2.267608827497871,0.1797576256589929,0.6295905477686089,3.440854795794472,-0.05803601651180995,0.05803601651180995
4,ring,free,0.0,0.1412537544622754,-2.316416767745653,0.17994600758298063,0.6292084114387458,3.4413975594254045,-0.059138864695603144,0.059138864695603144
4,ring,free,0.0,0.1445439770745928,-2.3660972272203344,0.18014242249671822,0.6288099688260433,3.4419626508142174,-0.06025153030545405,0.06025153030545405
4,ring,free,0.0,0.1479108388168207,-2.4166541475724577,0.18034717431340136,0.6283946020689775,3.4425508407032295,-0.061373319336255616,0.061373319336255616
4,ring,free,0.0,0.15135612484362088,-2.4680906628484003,0.18056057499482722,0.6279616768648748,3.4431629133024315,-0.06250347780044968,0.06250347780044968
4,ring,free,0.0,0.1548816618912481,-2.520409043981765,0.18078294444685247,0.6275105426754997,3.443799665271846,-0.06364118933391277,0.06364118933391277
4,ring,free,0.0,0.15848931924611143,-2.5736106419042026,0.18101461037833427,0.6270405330067216,3.4444619045632994,-0.06478557285343711,0.06478557285343711
4,ring,free,0.0,0.16218100973589297,-2.6276958294292245,0.18125590812051923,0.6265509657684609,3.445150449113432,-0.06593568028551555,0.06593568028551555
4,ring,free,0.0,0.16595869074375613,-2.6826639420878067,0.1815071804037572,0.626041143721349,3.4458661253798124,-0.06709049438790804,0.06709049438790804
4,ring,free,0.0,0.16982436524617442,-2.7385132181211094,0.18176877708832367,0.6255103550166913,3.4466097667123243,-0.06824892668731747,0.06824892668731747
4,ring,free,0.0,0.17378008287493762,-2.7952407378637147,0.18204105484608402,0.6249578738364684,3.447382211552286,-0.0694098155582954,0.0694098155582954
4,ring,free,0.0,0.1778279410038923,-2.8528423627799024,0.1823243767896805,0.6243829611402255,3.448184301452241,-0.07057192447027782,0.07057192447027782
4,ring,free,0.0,0.18197008586099844,-2.9113126744457447,0.18261911204590123,0.6237848655257482,3.449016878909941,-0.07173394043140391,0.07173394043140391
4,ring,free,0.0,0.18620871366628675,-2.970644913800609,0.1829256352698937,0.6231628242104352,3.4498807850107616,-0.07289447265941607,0.07289447265941607
4,ring,free,0.0,0.19054607179632482,-3.030830921023432,0.18324432609692118,0.6225160641402339,3.450776856873678,-0.07405205151141925,0.07405205151141925
4,ring,free,0.0,0.19498445997580455,-3.0918610764203116,0.18357556852842327,0.6218438032328806,3.4517059248969897,-0.07520512770569987,0.07520512770569987
4,ring,free,0.0,0.19952623149688808,-3.153724242741579,0.18391975024924012,0.6211452517619961,3.4526688098011444,-0.07635207186994541,0.07635207186994541
4,ring,free,0.0,0.20417379446695297,-3.2164077093771497,0.18427726187300922,0.6204196138883497,3.4536663194675143,-0.07749117445109699,0.07749117445109699
4,ring,free,0.0,0.20892961308540386,-3.279897138908219,0.18464849611291909,0.6196660893441844,3.454699245573402,-0.07862064602275765,0.07862064602275765
4,ring,free,0.0,0.21379620895022325,-3.3441765165212036,0.18503384687524246,0.6188838752761207,3.455768360025497,-0.07973861802632487,0.07973861802632487
4,ring,free,0.0,0.21877616239495518,-3.409228102815097,0.1854337082733466,0.6180721682515393,3.456874411195821,-0.08084314398195314,0.08084314398195314
4,ring,free,0.0,0.223872113856834,-3.4750323905557976,0.18584847356021983,0.6172301664327188,3.4580181199664377,-0.0819322012049114,0.0819322012049114
4,ring,free,0.0,0.22908676527677724,-3.541568065949387,0.18627853397793134,0.6163570719222107,3.459200175591496,-0.083003693061939,0.083003693061939
4,ring,free,0.0,0.23442288153199228,-3.608811975020846,0.18672427752290058,0.6154520932820485,3.460421231387677,-0.08405545180062513,0.08405545180062513
4,ring,free,0.0,0.239883291901949,-3.6767390956934145,0.18718608762634764,0.6145144482283585,3.4616819002667807,-0.0850852419828102,0.0850852419828102
4,ring,free,0.0,0.2454708915685031,-3.745322516167337,0.18766434174986774,0.6135433665018157,3.462982750126977,-0.08609076455028475,0.08609076455028475
4,ring,free,0.0,0.25118864315095796,-3.814533420192931,0.18815940989669677,0.6125380929130837,3.4643242991221643,-0.08706966154777873,0.08706966154777873
4,ring,free,0.0,0.25703957827688645,-3.8843410798225406,0.18867165303992048,0.6114978905610311,3.4657070108318555,-0.08801952152426928,0.08801952152426928
4,ring,free,0.0,0.26302679918953814,-3.9547128562069584,0.18920142146962154,0.6104220442199444,3.4671312893570483,-0.08893788562904126,0.08893788562904126
4,ring,free,0.0,0.26915348039269166,-4.025614208974994,0.18974905306176243,0.6093098638903507,3.4685974743705965,-0.0898222544136481,0.0898222544136481
4,ring,free,0.0,0.2754228703338166,-4.097008714698361,0.1903148714724451,0.6081606885063031,3.4701058361535737,-0.0906700953450692,0.0906700953450692
4,ring,free,0.0,0.2818382931264455,-4.168858094898881,0.19089918426209526,0.6069738897901128,3.471656570652069,-0.09147885102878883,0.09147885102878883
4,ring,free,0.0,0.28840315031266056,-4.241122253999649,0.19150228095504881,0.6057488762435751,3.473249794591575,-0.09224594813347775,0.09224594813347775
4,ring,free,0.0,0.2951209226666387,-4.313759327557319,0.19212443104100088,0.6044850972626945,3.4748855406887182,-0.09296880700134913,0.09296880700134913
4,ring,free,0.0,0.3019951720402016,-4.386725741038489,0.19276588192576535,0.6031820473608179,3.476563753002358,-0.09364485192020844,0.09364485192020844
4,ring,free,0.0,0.30902954325135923,-4.459976279319932,0.1934268568398252,0.6018392704829549,3.4782842824680427,-0.09427152202484101,0.09427152202484101
4,ring,free,0.0,0.31622776601683794,-4.53346416700083,0.19410755271415608,0.6004563643918864,3.4800468826613695,-0.09484628278669827,0.09484628278669827
4,ring,free,0.0,0.32359365692962844,-4.607141159515714,0.1948081380338413,0.599032985104493,3.4818512058369095,-0.09536663804204693,0.09536663804204693
4,ring,free,0.0,0.3311311214825911,-4.68095764493047,0.19552875068098516,0.5975688513546085,3.483696799289935,-0.09583014249996069,0.09583014249996069
4,ring,free,0.0,0.33884415613920277,-4.754862756193073,0.19626949577940417,0.5960637490565821,3.485583102088232,-0.09623441466271254,0.09623441466271254
4,ring,free,0.0,0.34673685045253166,-4.82880449349436,0.19703044355450294,0.594517535741747,3.4875094422206914,-0.09657715008280077,0.09657715008280077
4,ring,free,0.0,0.3548133892335757,-4.902729856277647,0.19781162722260726,0.5929301449380631,3.489475034208099,-0.09685613487260225,0.09685613487260225
4,ring,free,0.0,0.3630780547701014,-4.976584984317481,0.19861304092482213,0.5913015904614463,3.49147897721962,-0.09706925937519162,0.09706925937519162
4,ring,free,0.0,0.3715352290971724,-5.050315307172396,0.19943463772119427,0.5896319705857106,3.493520253735931,-0.09721453189787077,0.09721453189787077
4,ring,free,0.0,0.38018939632056126,-5.123865701203837,0.20027632766155837,0.587921472056639,3.49559772879652,-0.0972900924039184,0.0972900924039184
4,ring,free,0.0,0.3890451449942805,-5.1971806532476,0.2011379759499528,0.5861703739145601,3.4977101498647474,-0.09729422605276405,0.09729422605276405
4,ring,free,0.0,0.3981071705534973,-5.270204429926221,0.2020194012198362,0.5843790510889088,3.4998561473395804,-0.09722537647467222,0.09722537647467222
4,ring,free,0.0,0.4073802778041126,-5.342881251502694,0.20292037393757675,0.5825479777276683,3.5020342357376406,-0.09708215866290715,0.09708215866290715
4,ring,free,0.0,0.41686938347033553,-5.415155469101051,0.20384061495174094,0.5806777302243065,3.5042428155633707,-0.09686337136444156,0.09686337136444156
4,ring,free,0.0,0.42657951880159256,-5.486971744057499,0.20477979420562417,0.5787689899049211,3.506480175878813,-0.09656800884964167,0.09656800884964167
4,ring,free,0.0,0.4365158322401661,-5.558275228120126,0.2057375296301877,0.5768225453387632,3.5087444975777973,-0.09619527194206978,0.09619527194206978
4,ring,free,0.0,0.44668359215096304,-5.6290117431862186,0.2067133862341253,0.5748392942361661,3.5110338573623077,-0.0957445781914179,0.0957445781914179
4,ring,free,0.0,0.4570881896148752,-5.699127959254619,0.2077068754071301,0.5728202448992014,3.513346232411654,-0.09521557107607848,0.09521557107607848
4,ring,free,0.0,0.4677351412871981,-5.768571569277542,0.20871745445161122,0.5707665171920645,3.5156795057277246,-0.09460812812637864,0.09460812812637864
4,ring,free,0.0,0.47863009232263853,-5.837291459620859,0.20974452635706917,0.5686793430003853,3.51803147213246,-0.09392236786565267,0.09392236786565267
4,ring,free,0.0,0.48977881936844614,-5.9052378748850565,0.2107874398301164,0.5665600661512092,3.5203998448865614,-0.09315865547353908,0.09315865547353908
4,ring,free,0.0,0.5011872336272725,-5.972362575898721,0.2118454895917009,0.5644101417684932,3.5227822628917096,-0.09231760708457815,0.09231760708457815
4,ring,free,0.0,0.5128613839913648,-6.038618989772591,0.21291791695147758,0.5622311350423942,3.525176298432163,-0.09140009264489213,0.09140009264489213
4,ring,free,0.0,0.5248074602497729,-6.103962350992404,0.21400391066746927,0.5600247193945879,3.5275794654057435,-0.09040723726083799,0.09040723726083799
4,ring,free,0.0,0.5370317963702527,-6.168349832632201,0.21510260809717882,0.557792674026137,3.529989227988894,-0.08934042098548467,0.08934042098548467
4,ring,free,0.0,0.5495408738576248,-6.231740666882812,0.21621309664418334,0.5555368808391353,3.5324030096758934,-0.08820127700199953,0.08820127700199953
4,ring,free,0.0,0.5623413251903491,-6.294096254212865,0.21733441550194688,0.5532593207284012,3.5348182026284465,-0.08699168817693015,0.08699168817693015
4,ring,free,0.0,0.5754399373371573,-6.355380260606669,0.21846555769418916,0.5509620692447986,3.537232177268751,-0.08571378197134338,0.08571378197134338
4,ring,free,0.0,0.588843655355589,-6.415558702454829,0.21960547240861755,0.5486472916373439,3.5396422920468735,-0.08436992371330732,0.08436992371330732
4,ring,free,0.0,0.6025595860743581,-6.474600018805367,0.22075306761826477,0.5463172372870205,3.542045903311866,-0.08296270825120211,0.08296270825120211
4,ring,free,0.0,0.6165950018614822,-6.532475130813292,0.22190721298201263,0.5439742335510507,3.5444403752154465,-0.08149495002399432,0.08149495002399432
4,ring,free,0.0,0.6309573444801936,-6.589157488353723,0.2230667430132537,0.5416206790422737,3.546823089577257,-0.0799696716011129,0.0799696716011129
4,ring,free,0.0,0.6456542290346556,-6.644623103884075,0.22423046050300233,0.5392590363741411,3.54919145564184,-0.07839009076133086,0.07839009076133086
4,ring,free,0.0,0.6606934480075958,-6.69885057375495,0.2253971401812029,0.5368918244075043,3.5515429196591404,-0.07675960619629185,0.07675960619629185
4,ring,free,0.0,0.6760829753919819,-6.751821087273132,0.2265655325975041,0.534521610040859,3.5538749742228997,-0.07508178194031534,0.07508178194031534
4,ring,free,0.0,0.6918309709189363,-6.803518423914701,0.22773436820043663,0.5321509995908847,3.5561851673044145,-0.07336033064304592,0.07336033064304592
4,ring,free,0.0,0.707945784384138,-6.853928939169403,0.2289023615917572,0.5297826298148326,3.558471110922832,-0.07159909581560253,0.07159909581560253
4,ring,free,0.0,0.7244359600749899,-6.903041539569023,0.23006821593077278,0.5274191586305937,3.560730489397397,-0.0698020331934337,0.0698020331934337
4,ring,free,0.0,0.7413102413009177,-6.950847647512263,0.2312306274617378,0.5250632555939685,3.5629610671316363,-0.06797319137021218,0.06797319137021218
4,ring,free,0.0,0.7585775750291835,-6.997341156546887,0.23238829013598858,0.5227175921956821,3.565160695884694,-0.06611669186618974,0.06611669186618974
4,ring,free,0.0,0.776247116628692,-7.042518377806622,0.23353990029933017,0.520384832043046,3.5673273214900867,-0.06423670880150145,0.06423670880150145
4,ring,free,0.0,0.7943282347242814,-7.086377978326075,0.23468416141437848,0.5180676209927544,3.5694589899879303,-0.06233744834977428,0.06233744834977428
4,ring,free,0.0,0.8128305161640995,-7.12892091197322,0.23581978878708407,0.5157685773021016,3.5715538531423063,-0.06042312814962547,0.06042312814962547
4,ring,free,0.0,0.8317637711026709,-7.170150343745221,0.2369455142665218,0.5134902818659236,3.5736101733212697,-0.05849795685162773,0.05849795685162773
4,ring,free,0.0,0.8511380382023768,-7.210071568172763,0.23806009088725147,0.511235268605764,3.575626327722909,-0.056566113975449195,0.056566113975449195
4,ring,free,0.0,0.8709635899560805,-7.248691922568881,0.23916229742410336,0.5090060150761725,3.577600811936679,-0.05463173024683354,0.05463173024683354
4,ring,free,0.0,0.8912509381337459,-7.286020695844851,0.2402509428301375,0.5068049333507245,3.5795322428350334,-0.05269886857622974,0.05269886857622974
4,ring,free,0.0,0.9120108393559097,-7.322069033595944,0.241324870529715,0.5046343612472665,3.5814193607960663,-0.05077150583110557,0.05077150583110557
4,ring,free,0.0,0.9332543007969915,-7.356849840137544,0.24238296254011937,0.5024965539482295,3.5832610312633504,-0.04885351554181905,0.04885351554181905
4,ring,free,0.0,0.9549925860214359,-7.39037767814618,0.2434241433968993,0.50039367606755,3.5850562456544863,-0.04694865166712936,0.04694865166712936
4,ring,free,0.0,0.9772372209558111,-7.422668666532605,0.24444738386008297,0.4983277942109957,3.586804121634782,-0.04506053353006134,0.04506053353006134
4,ring,free,0.0,1.0,-7.453740377145487,0.2454517043805676,0.4963008700715198,3.588503902777433,-0.04319263201815593,0.04319263201815593
4,ring,free,0.0,1.0232929922807548,-7.483611730874621,0.2464361783082907,0.4943147540958219,3.5901549576356464,-0.041348257124764976,0.041348257124764976
4,ring,free,0.0,1.0471285480508996,-7.512302893693378,0.24739993482619388,0.4923711797526277,3.5917567782563813,-0.039530546890142126,0.039530546890142126
4,ring,free,0.0,1.071519305237607,-7.539835173150729,0.24834216159646522,0.4904717584274529,3.593308978168772,-0.03774245778285534,0.03774245778285534
4,ring,free,0.0,1.096478196143185,-7.566230915794047,0.24926210710803245,0.48861797496285936,3.5948112898835016,-0.03598675654440031,0.03598675654440031
4,ring,free,0.0,1.1220184543019642,-7.591513405975165,0.25015908271675563,0.48681118385755984,3.5962635619418135,-0.034266013502449955,0.034266013502449955
4,ring,free,0.0,1.1481536214968828,-7.615706766463709,0.2510324643721951,0.4850526061322603,3.5976657555551967,-0.032582597341737074,0.032582597341737074
4,ring,free,0.0,1.1748975549395304,-7.638835861262761,0.25188169402715244,0.4833433268648838,3.599017940877936,-0.03093867130639838,0.03093867130639838
4,ring,free,0.0,1.2022644346174132,-7.660926200993102,0.25270628072842777,0.48168429339295893,3.6003202929560114,-0.029336190793423533,0.029336190793423533
4,ring,free,0.0,1.2302687708123812,-7.682003851182573,0.2535058013893053,0.4800763141764142,3.6015730873960536,-0.027776902284580407,0.027776902284580407
4,ring,free,0.0,1.2589254117941675,-7.702095343765966,0.2542799012462287,0.4785200583099225,3.6027766957979064,-0.02626234355339241,0.02626234355339241
4,ring,free,0.0,1.2882495516931336,-7.721227592069108,0.25502829400388694,0.4770160556702763,3.6039315809936685,-0.02479384507471072,0.02479384507471072
4,ring,free,0.0,1.3182567385564075,-7.73942780951626,0.2557507616745486,0.47556469768106774,3.6050382921348203,-0.023372532557276005,0.023372532557276005
4,ring,free,0.0,1.3489628825916533,-7.756723432264845,0.25644715411889657,0.47416623867418917,3.606097459667235,-0.02199933051419034,0.02199933051419034
4,ring,free,0.0,1.3803842646028852,-7.7731420459329685,0.25711738829688663,0.4728207978253479,3.6071097902317617,-0.020674966782718407,0.020674966782718407
4,ring,free,0.0,1.412537544622754,-7.788711316546186,0.2577614472382589,0.47152836163888445,3.6080760615253324,-0.01939997790261483,0.01939997790261483
4,ring,free,0.0,1.4454397707459279,-7.803458925787677,0.25837937874329575,0.470288786955654,3.6089971171546478,-0.018174715261961794,0.018174715261961794
4,ring,free,0.0,1.4791083881682072,-7.817412510593875,0.2589712938252436,0.46910180445652144,3.6098738615112405,-0.016999351920309103,0.016999351920309103
4,ring,free,0.0,1.5135612484362087,-7.830599607093018,0.2595373649065644,0.46796702263311263,3.61070725469325,-0.015873890021063097,0.015873890021063097
4,ring,free,0.0,1.5488166189124812,-7.843047598840749,0.2600778237817974,0.4668839321967656,3.6114983074957356,-0.014798168708343606,0.014798168708343606
4,ring,free,0.0,1.584893192461114,-7.854783669262598,0.26059295936040816,0.46585191089609485,3.6122480764876514,-0.013771872467492674,0.013771872467492674
4,ring,free,0.0,1.6218100973589298,-7.865834758171937,0.26108311520351696,0.46487022871318834,3.612957659190252,-0.012794539813034689,0.012794539813034689
4,ring,free,0.0,1.6595869074375613,-7.876227522191316,0.2615486868689101,0.4639380534080789,3.613628189368069,-0.011865572253020762,0.011865572253020762
4,ring,free,0.0,1.6982436524617444,-7.8859882988695205,0.2619901190792304,0.4630544563808103,3.6142608324406247,-0.010984243463921572,0.010984243463921572
4,ring,free,0.0,1.7378008287493762,-7.895143074254138,0.2624079027287457,0.46221841882003445,3.6148567810199927,-0.010149708615631692,0.010149708615631692
4,ring,free,0.0,1.7782794100389228,-7.903717453652987,0.26280257174462,0.4614288381066429,3.6154172505769195,-0.009361013791269635,0.009361013791269635
4,ring,free,0.0,1.8197008586099843,-7.911736635296921,0.2631746998191415,0.4606845344404,3.615943475235914,-0.008617105451532492,0.008617105451532492
4,ring,free,0.0,1.8620871366628675,-7.919225386602778,0.2635248970299443,0.4599842576569345,3.616436703698272,-0.007916839897877725,0.007916839897877725
4,ring,free,0.0,1.9054607179632483,-7.9262080227289236,0.2638538063658198,0.4593266942017182,3.6168981952905033,-0.007258992693015998,0.007258992693015998
4,ring,free,0.0,1.9498445997580456,-7.932708387116727,0.26416210017635006,0.4587104742268468,3.6173292161352233,-0.006642268000639717,0.006642268000639717
4,ring,free,0.0,1.9952623149688808,-7.938749833720395,0.26445047656413906,0.4581341787755672,3.6177310354409977,-0.0060653078096377655,0.0060653078096377655
4,ring,free,0.0,2.0417379446695296,-7.9443552106441,0.2647196557390361,0.45759634701860497,3.618104921908176,-0.00552670101031838,0.00552670101031838
4,ring,free,0.0,2.089296130854041,-7.949546844928739,0.26497037635423554,0.45709548350543927,3.6184521402480585,-0.005024992292348873,0.005024992292348873
4,ring,free,0.0,2.1379620895022327,-7.954346528261183,0.2652033918446226,0.4566300653928767,3.618773947814046,-0.004558690835516632,0.004558690835516632
4,ring,free,0.0,2.1877616239495516,-7.958775503414173,0.26541946678808676,0.45619854961255546,3.619071591344428,-0.004126278765636648,0.004126278765636648
4,ring,free,0.0,2.23872113856834,-7.962854451265667,0.26561937331076596,0.4557993799385274,3.619346303818304,-0.0037262193487199724,0.0037262193487199724
4,ring,free,0.0,2.2908676527677723,-7.966603478289787,0.2658038875572722,0.45543099391577424,3.6195993014275887,-0.003356964897103687,0.003356964897103687
4,ring,free,0.0,2.344228815319923,-7.970042104456999,0.2659737862468665,0.45509182961057476,3.6198317806698928,-0.003016964361762575,0.003016964361762575
4,ring,free,0.0,2.39883291901949,-7.973189251526845,0.26612984333624806,0.4547803321440317,3.62004491556884,-0.0027046705855240383,0.0027046705855240383
4,ring,free,0.0,2.454708915685031,-7.9760632317616365,0.26627282680911474,0.45449495997088013,3.6202398550299346,-0.0024185471924638158,0.0024185471924638158
4,ring,free,0.0,2.5118864315095797,-7.978681737131241,0.26640349561190413,0.4542341908669784,3.6204177203416137,-0.0021570750895829605,0.0021570750895829605
4,ring,free,0.0,2.570395782768865,-7.9810618291179445,0.26652259675410744,0.45399652759059017,3.620579602832162,-0.0019187585579003574,0.0019187585579003574
4,ring,free,0.0,2.6302679918953813,-7.983219929262885,0.2666308625903117,0.4537805031848418,3.620726561694184,-0.0017021309115605732,0.0017021309115605732
4,ring,free,0.0,2.691534803926917,-7.985171810623003,0.2667290082996066,0.45358468589143836,3.6208596219886156,-0.0015057597053167449,0.0015057597053167449
4,ring,free,0.0,2.7542287033381663,-7.9869325903267265,0.26681772957626343,0.4534076836489655,3.6209797728404913,-0.0013282514729819894,0.0013282514729819894
4,ring,free,0.0,2.818382931264455,-7.988516723429172,0.26689770054360595,0.4532481481527595,3.62108796583816,-0.0011682559821801775,0.0011682559821801775
4,ring,free,0.0,2.8840315031266055,-7.989937998270754,0.26696957190084203,0.45310477845742664,3.62118511364692,-0.0010244699938311008,0.0010244699938311008
4,ring,free,0.0,2.951209226666387,-7.991209533540094,0.2670339693102756,0.4529763241075461,3.621272088846677,-0.0008956405181685945,0.0008956405181685945
4,ring,free,0.0,3.019951720402016,-7.992343777228939,0.26709149202983956,0.45286158778682395,3.6213497230017238,-0.0007805675632170939,0.0007805675632170939
4,ring,free,0.0,3.090295432513592,-7.993352507647863,0.26714271179333143,0.4527594274809408,3.6214188059685974,-0.0006781063755290084,0.0006781063755290084
4,ring,free,0.0,3.1622776601683795,-7.99424683664507,0.26718817193810457,0.4526687581543932,3.6214800854456635,-0.0005871691774630428,0.0005871691774630428
4,ring,free,0.0,3.2359365692962845,-7.9950372151385185,0.2672283867773357,0.4525885529467879,3.6215342667655204,-0.0005067264097911028,0.0005067264097911028
4,ring,free,0.0,3.311311214825911,-7.9957334410346625,0.2672638412114165,0.45251784389907,3.6215820129284984,-0.00043580749282279285,0.00043580749282279285
4,ring,free,0.0,3.3884415613920273,-7.996344669567476,0.26729499057052114,0.4524557222250956,3.6216239448727823,-0.00037350112363654375,0.00037350112363654375
4,ring,free,0.0,3.4673685045253166,-7.9968794260482605,0.2673222606780419,0.45240133814859584,3.6216606419736657,-0.0003189551313904637,0.0003189551313904637
4,ring,free,0.0,3.548133892335757,-7.99734562097453,0.2673460481224211,0.45235390032987854,3.621692642761718,-0.00027137591644033066,0.00027137591644033066
4,ring,free,0.0,3.630780547701014,-7.997750567403568,0.26736672072295053,0.45231267491051386,3.6217204458469867,-0.00023002750274514483,0.00023002750274514483
4,ring,free,0.0,3.715352290971728,-7.998101000455739,0.2673846181734205,0.452276984207609,3.62174451103387,-0.00019423023611508938,0.00019423023611508938
4,ring,free,0.0,3.801893963205613,-7.9984030987756185,0.26740005284609286,0.45224620509210706,3.621765260609066,-0.0001633591634990772,0.0001633591634990772
4,ring,free,0.0,3.890451449942805,-7.998662507745783,0.2674133107373791,0.45221976708776435,3.6217830807832847,-0.00013684213057940653,0.00013684213057940653
4,ring,free,0.0,3.981071705534973,-7.998884364220011,0.26742465253582914,0.45219715022901824,3.621798323265812,-0.00011415763640965082,0.00011415763640965082
4,ring,free,0.0,4.073802778041126,-7.99907332252066,0.26743431479258806,0.45217788271688764,3.621811306950023,-9.483248465835814e-05,9.483248465835814e-05
4,ring,free,0.0,4.168693834703355,-7.999233581428676,0.2674425111743993,0.4521615384122967,3.621822319687343,-7.843927109307813e-05,7.843927109307813e-05
4,ring,free,0.0,4.265795188015925,-7.999368911885072,0.2674494337793995,0.45214773420583054,3.621831620126869,-6.459374676692775e-05,6.459374676692775e-05
4,ring,free,0.0,4.365158322401661,-7.999482685119945,0.26745525449651913,0.45213612730192776,3.6218394395981526,-5.2952094963920615e-05,5.2952094963920615e-05
4,ring,free,0.0,4.46683592150963,-7.99957790092782,0.267460126390083,0.4521264124539491,3.621845984015285,-4.320815865543892e-05,4.320815865543892e-05
4,ring,free,0.0,4.570881896148752,-7.999657215817591,0.26746418509226655,0.4521183191844762,3.621851435781409,-3.509065297579994e-05,3.509065297579994e-05
4,ring,free,0.0,4.677351412871981,-7.999722970779786,0.26746755018736734,0.45211160902267006,3.6218559556741505,-2.8360394635384978e-05,2.8360394635384978e-05
4,ring,free,0.0,4.786300923226385,-7.99977721843274,0.26747032657330216,0.4521060727876026,3.621859684694047,-2.2807577392924827e-05,2.2807577392924827e-05
4,ring,free,0.0,4.897788193684462,-7.999821749333144,0.26747260578736404,0.45210152794331415,3.6218627458599935,-1.824911936321172e-05,1.824911936321172e-05
4,ring,free,0.0,5.011872336272725,-7.999858117261986,0.26747446728498314,0.45209781604792876,3.6218652459376957,-1.4526104618273195e-05,1.4526104618273195e-05
4,ring,free,0.0,5.1286138399136485,-7.999887663325853,0.26747597966200787,0.45209480031565336,3.621867277089324,-1.1501337975339254e-05,1.1501337975339254e-05
4,ring,free,0.0,5.248074602497728,-7.999911538742959,0.2674772018128121,0.45209236330694313,3.6218689184347213,-9.057028326875383e-06,9.057028326875383e-06
4,ring,free,0.0,5.370317963702527,-7.9999307262137975,0.26747818401830625,0.4520904047585972,3.6218702375168195,-7.09261225750879e-06,7.09261225750879e-06
4,ring,free,0.0,5.4954087385762485,-7.999946059805897,0.2674789689596183,0.45208883956217344,3.621871291665994,-5.522726465478911e-06,5.522726465478911e-06
4,ring,free,0.0,5.623413251903491,-7.999958243310912,0.267479592654853,0.45208759589587827,3.621872129260188,-4.275334038794654e-06,4.275334038794654e-06
4,ring,free,0.0,5.754399373371572,-7.999967867059119,0.26748008531779827,0.4520866135121453,3.621872790879598,-3.2900069553143396e-06,3.2900069553143396e-06
4,ring,free,0.0,5.88843655355589,-7.999975423201362,0.2674804721388302,0.4520858421804023,3.6218733103563734,-2.5163641730330255e-06,2.5163641730330255e-06
4,ring,free,0.0,6.025595860743581,-7.999981319489938,0.2674807739894401,0.4520852402821609,3.6218737157214504,-1.9126625234733297e-06,1.9126625234733297e-06
4,ring,free,0.0,6.165950018614822,-7.999985891609275,0.26748100805284014,0.4520847735535306,3.621874030051854,-1.4445354707959268e-06,1.4445354707959268e-06
4,ring,free,0.0,6.309573444801936,-7.999989414122904,0.2674811883839533,0.45208441396856,3.6218742722230406,-1.0838730983842026e-06,1.0838730983842026e-06
4,ring,free,0.0,6.456542290346556,-7.9999921101156914,0.26748132640275946,0.45208413875547077,3.6218744575716153,-8.078354030160995e-07,8.078354030160995e-07
4,ring,free,0.0,6.606934480075965,-7.999994159619927,0.2674814313254821,0.45208392953685195,3.6218745984745055,-5.97989910922081e-07,5.97989910922081e-07
4,ring,free,0.0,6.760829753919819,-7.99999570692006,0.2674815105384336,0.4520837715841909,3.6218747048510975,-4.395639829901654e-07,4.395639829901654e-07
4,ring,free,0.0,6.918309709189363,-7.999996866834577,0.2674815699195414,0.4520836531767424,3.62187478459506,-3.208017518296913e-07,3.208017518296913e-07
4,ring,free,0.0,7.07945784384138,-7.999997730074457,0.26748161411262594,0.4520835650546036,3.621874843942714,-2.3241557567388327e-07,2.3241557567388327e-07
4,ring,free,0.0,7.244359600749899,-7.999998367776595,0.26748164675945946,0.4520834999559858,3.6218748877846885,-1.6712190387124792e-07,1.6712190387124792e-07
4,ring,free,0.0,7.413102413009177,-7.999998835307348,0.2674816706944719,0.4520834522289629,3.6218749199274054,-1.1925187548555982e-07,1.1925187548555982e-07
4,ring,free,0.0,7.585775750291836,-7.999999175427037,0.26748168810674383,0.4520834175084504,3.621874943310622,-8.442732957192334e-08,8.442732957192334e-08
4,ring,free,0.0,7.76247116628692,-7.999999420900293,0.2674817006736398,0.45208339244974116,3.621874960186902,-5.9293539855787e-08,5.9293539855787e-08
4,ring,free,0.0,7.943282347242813,-7.999999596630831,0.26748170967008955,0.45208337451059216,3.6218749722683725,-4.130063846474741e-08,4.130063846474741e-08
4,ring,free,0.0,8.128305161640995,-7.999999721391801,0.2674817160571752,0.4520833617745815,3.6218749808456883,-2.8526466966383168e-08,2.8526466966383168e-08
4,ring,free,0.0,8.317637711026709,-7.999999809216102,0.2674817205533044,0.4520833528091858,3.6218749868836073,-1.9534209805271985e-08,1.9534209805271985e-08
4,ring,free,0.0,8.511380382023768,-7.999999870503224,0.2674817236908737,0.4520833465527934,3.621874991097097,-1.3259070286153474e-08,1.3259070286153474e-08
4,ring,free,0.0,8.709635899560805,-7.999999912892333,0.2674817258609666,0.4520833422255727,3.621874994011347,-8.918885185948966e-09,8.918885185948966e-09
4,ring,free,0.0,8.91250938133746,-7.999999941944587,0.2674817273482851,0.4520833392598219,3.6218749960086907,-5.94424776068081e-09,5.94424776068081e-09
4,ring,free,0.0,9.120108393559097,-7.99999996167126,0.2674817283581844,0.45208333724605687,3.621874997364897,-3.924449654135742e-09,3.924449654135742e-09
4,ring,free,0.0,9.332543007969914,-7.999999974938553,0.26748172903739803,0.4520833358916878,3.6218749982770246,-2.5660216174117068e-09,2.5660216174117068e-09
4,ring,free,0.0,9.549925860214358,-7.999999983774807,0.2674817294897667,0.45208333498965336,3.621874998884517,-1.661285331522322e-09,1.661285331522322e-09
4,ring,free,0.0,9.772372209558112,-7.9999999896013865,0.26748172978805607,0.452083334394857,3.6218749992850956,-1.0647056569723645e-09,1.0647056569723645e-09
4,ring,free,0.0,10.0,-7.9999999934043045,0.267481729982745,0.45208333400664225,3.621874999546546,-6.753282377758296e-10,6.753282377758296e-10
4,ring,free,0.0,10.232929922807536,-7.999999995860575,0.26748173010849263,0.45208333375589843,3.6218749997154145,-4.2383252463196186e-10,4.2383252463196186e-10
4,ring,free,0.0,10.471285480509007,-7.9999999974301526,0.26748173018884663,0.4520833335956704,3.621874999823322,-2.631246331930015e-10,2.631246331930015e-10
4,ring,free,0.0,10.71519305237607,-7.999999998422198,0.2674817302396341,0.45208333349439894,3.621874999891526,-1.6154988458083608e-10,1.6154988458083608e-10
4,ring,free,0.0,10.964781961431852,-7.999999999042229,0.26748173027137623,0.4520833334311045,3.6218749999341533,-9.806511158672038e-11,9.806511158672038e-11
4,ring,free,0.0,11.220184543019629,-7.9999999994253255,0.2674817302909887,0.4520833333919967,3.621874999960491,-5.88400439482939e-11,5.88400439482939e-11
4,ring,free,0.0,11.481536214968841,-7.999999999659266,0.2674817303029652,0.4520833333681151,3.6218749999765745,-3.488720423661107e-11,3.488720423661107e-11
4,ring,free,0.0,11.748975549395302,-7.999999999800418,0.2674817303101914,0.45208333335370576,3.621874999986279,-2.043476499125063e-11,2.043476499125063e-11
4,ring,free,0.0,12.02264434617413,-7.999999999884545,0.26748173031449823,0.4520833333451181,3.6218749999920634,-1.1820766587788967e-11,1.1820766587788967e-11
4,ring,free,0.0,12.30268770812381,-7.999999999934054,0.26748173031703304,0.4520833333400636,3.6218749999954665,-6.752376435770202e-12,6.752376435770202e-12
4,ring,free,0.0,12.589254117941662,-7.999999999962821,0.26748173031850575,0.4520833333371269,3.6218749999974436,-3.806732706834737e-12,3.806732706834737e-12
4,ring,free,0.0,12.88249551693135,-7.999999999979315,0.26748173031935024,0.4520833333354428,3.6218749999985773,-2.1183055309847987e-12,2.1183055309847987e-12
4,ring,free,0.0,13.182567385564074,-7.999999999988648,0.26748173031982797,0.45208333333449024,3.6218749999992204,-1.162625551387464e-12,1.162625551387464e-12
4,ring,free,0.0,13.489628825916533,-7.999999999993858,0.26748173032009465,0.45208333333395867,3.6218749999995783,-6.283862319378386e-13,6.283862319378386e-13
4,ring,free,0.0,13.803842646028839,-7.999999999996723,0.26748173032024136,0.4520833333336662,3.6218749999997755,-3.348432642269472e-13,3.348432642269472e-13
4,ring,free,0.0,14.125375446227554,-7.999999999998278,0.267481730320321,0.4520833333335076,3.6218749999998825,-1.7497114868092467e-13,1.7497114868092467e-13
4,ring,free,0.0,14.45439770745928,-7.999999999999105,0.2674817303203634,0.4520833333334227,3.6218749999999384,-9.14823772291129e-14,9.14823772291129e-14
4,ring,free,0.0,14.791083881682072,-7.999999999999544,0.26748173032038575,0.45208333333337813,3.6218749999999695,-4.6629367034256575e-14,4.6629367034256575e-14
4,ring,free,0.0,15.135612484362072,-7.999999999999771,0.26748173032039746,0.4520833333333551,3.621874999999985,-2.3092638912203256e-14,2.3092638912203256e-14
4,ring,free,0.0,15.488166189124827,-7.999999999999886,0.26748173032040334,0.4520833333333431,3.621874999999992,-1.0658141036401503e-14,1.0658141036401503e-14
4,ring,free,0.0,15.848931924611142,-7.999999999999942,0.2674817303204063,0.4520833333333372,3.6218749999999957,-5.773159728050814e-15,5.773159728050814e-15
4,ring,free,0.0,16.218100973589298,-7.999999999999972,0.2674817303204077,0.4520833333333343,3.6218749999999984,-3.552713678800501e-15,3.552713678800501e-15
4,ring,free,0.0,16.595869074375596,-7.999999999999984,0.26748173032040845,0.45208333333333284,3.621874999999999,-1.7763568394002505e-15,1.7763568394002505e-15
4,ring,free,0.0,16.98243652461746,-7.999999999999992,0.26748173032040884,0.45208333333333206,3.621875000000001,-8.881784197001252e-16,8.881784197001252e-16
4,ring,free,0.0,17.378008287493763,-7.999999999999994,0.267481730320409,0.4520833333333317,3.6218749999999993,-1.3322676295501878e-15,1.3322676295501878e-15
4,ring,free,0.0,17.78279410038923,-7.999999999999995,0.26748173032040895,0.45208333333333156,3.6218750000000006,-1.3322676295501878e-15,1.3322676295501878e-15
4,ring,free,0.0,18.197008586099827,-7.999999999999996,0.2674817303204091,0.4520833333333313,3.6218749999999993,-4.440892098500626e-16,4.440892098500626e-16
4,ring,free,0.0,18.620871366628695,-7.999999999999998,0.2674817303204092,0.45208333333333134,3.6218750000000006,0.0,-0.0
4,ring,free,0.0,19.054607179632484,-7.999999999999998,0.2674817303204092,0.4520833333333313,3.621875,0.0,-0.0
4,ring,free,0.0,19.498445997580454,-7.999999999999998,0.26748173032040923,0.45208333333333134,3.6218750000000006,0.0,-0.0
4,ring,free,0.0,19.952623149688787,-7.999999999999998,0.2674817303204093,0.45208333333333134,3.621875000000001,0.0,-0.0
4,ring,free,0.0,20.417379446695318,-7.999999999999998,0.26748173032040923,0.4520833333333313,3.6218750000000006,-4.440892098500626e-16,4.440892098500626e-16
4,ring,free,0.0,20.892961308540407,-7.999999999999998,0.2674817303204093,0.45208333333333117,3.6218750000000006,0.0,-0.0
4,ring,free,0.0,21.379620895022324,-7.999999999999998,0.26748173032040934,0.45208333333333117,3.6218750000000015,0.0,-0.0
4,ring,free,0.0,21.87761623949552,-7.999999999999998,0.2674817303204094,0.4520833333333311,3.621875000000001,4.440892098500626e-16,-4.440892098500626e-16
4,ring,free,0.0,22.387211385683422,-7.999999999999998,0.26748173032040934,0.45208333333333106,3.621875000000001,-4.440892098500626e-16,4.440892098500626e-16
4,ring,free,0.0,22.90867652767775,-7.999999999999998,0.2674817303204094,0.45208333333333106,3.621875000000001,0.0,-0.0
4,ring,free,0.0,23.442288153199225,-7.999999999999998,0.2674817303204094,0.45208333333333095,3.6218750000000015,0.0,-0.0
4,ring,free,0.0,23.9883291901949,-7.999999999999998,0.26748173032040945,0.45208333333333095,3.621875000000001,4.440892098500626e-16,-4.440892098500626e-16
4,ring,free,0.0,24.547089156850287,-7.999999999999998,0.2674817303204094,0.45208333333333084,3.621875000000001,0.0,-0.0
4,ring,free,0.0,25.11886431509582,-7.999999999999998,0.26748173032040945,0.45208333333333084,3.621875000000001,0.0,-0.0
4,ring,free,0.0,25.703957827688647,-7.999999999999998,0.2674817303204095,0.45208333333333084,3.6218750000000015,0.0,-0.0
4,ring,free,0.0,26.302679918953814,-7.999999999999998,0.2674817303204095,0.45208333333333073,3.621875000000001,0.0,-0.0
4,ring,free,0.0,26.91534803926914,-7.999999999999998,0.2674817303204095,0.4520833333333307,3.621875000000001,0.0,-0.0
4,ring,free,0.0,27.54228703338169,-7.999999999999998,0.26748173032040956,0.4520833333333306,3.621875000000002,0.0,-0.0
4,ring,free,0.0,28.18382931264455,-7.999999999999998,0.2674817303204096,0.4520833333333306,3.621875000000002,0.0,-0.0
4,ring,free,0.0,28.84031503126606,-7.999999999999998,0.2674817303204096,0.4520833333333305,3.6218750000000015,4.440892098500626e-16,-4.440892098500626e-16
4,ring,free,0.0,29.51209226666384,-7.999999999999998,0.2674817303204096,0.45208333333333045,3.6218750000000015,0.0,-0.0
4,ring,free,0.0,30.199517204020193,-7.999999999999998,0.26748173032040967,0.4520833333333304,3.6218750000000015,0.0,-0.0
4,ring,free,0.0,30.90295432513592,-7.999999999999998,0.26748173032040967,0.4520833333333304,3.621875000000002,-4.440892098500626e-16,4.440892098500626e-16
4,ring,free,0.0,31.622776601683793,-7.999999999999998,0.26748173032040967,0.45208333333333023,3.621875000000002,-4.440892098500626e-16,4.440892098500626e-16
4,ring,free,0.0,32.35936569296281,-7.999999999999998,0.2674817303204098,0.45208333333333023,3.6218750000000024,4.440892098500626e-16,-4.440892098500626e-16
4,ring,free,0.0,33.11311214825915,-7.999999999999998,0.2674817303204098,0.4520833333333302,3.621875000000002,4.440892098500626e-16,-4.440892098500626e-16
4,ring,free,0.0,33.884415613920275,-7.999999999999998,0.26748173032040984,0.4520833333333302,3.621875000000003,0.0,-0.0
4,ring,free,0.0,34.673685045253166,-7.999999999999998,0.26748173032040984,0.4520833333333301,3.621875000000003,0.0,-0.0
4,ring,free,0.0,35.481338923357534,-7.999999999999998,0.2674817303204099,0.45208333333333,3.6218750000000024,0.0,-0.0
4,ring,free,0.0,36.30780547701018,-7.999999999999998,0.2674817303204099,0.45208333333332995,3.6218750000000024,0.0,-0.0
4,ring,free,0.0,37.15352290971728,-7.9999999999999964,0.2674817303204099,0.4520833333333298,3.621875000000002,-4.440892098500626e-16,4.440892098500626e-16
4,ring,free,0.0,38.018939632056124,-7.999999999999998,0.26748173032040995,0.45208333333332973,3.6218750000000024,0.0,-0.0
4,ring,free,0.0,38.904514499428046,-7.999999999999998,0.26748173032041006,0.45208333333332973,3.621875000000003,0.0,-0.0
4,ring,free,0.0,39.81071705534978,-7.999999999999998,0.26748173032041006,0.45208333333332956,3.6218750000000024,0.0,-0.0
4,ring,free,0.0,40.7380277804113,-7.999999999999998,0.26748173032041006,0.4520833333333295,3.621875000000003,0.0,-0.0
4,ring,free,0.0,41.68693834703355,-7.999999999999998,0.2674817303204101,0.4520833333333295,3.6218750000000033,0.0,-0.0
4,ring,free,0.0,42.65795188015925,-7.999999999999997,0.2674817303204101,0.4520833333333293,3.621875000000003,-4.440892098500626e-16,4.440892098500626e-16
4,ring,free,0.0,43.65158322401656,-7.999999999999998,0.26748173032041017,0.4520833333333293,3.621875000000003,0.0,-0.0
4,ring,free,0.0,44.668359215096345,-7.9999999999999964,0.26748173032041017,0.4520833333333292,3.621875000000003,-8.881784197001252e-16,8.881784197001252e-16
4,ring,free,0.0,45.708818961487516,-7.999999999999998,0.2674817303204103,0.4520833333333292,3.6218750000000033,0.0,-0.0
4,ring,free,0.0,46.77351412871981,-7.999999999999998,0.26748173032041034,0.45208333333332906,3.6218750000000037,0.0,-0.0
4,ring,free,0.0,47.863009232263806,-7.999999999999998,0.2674817303204104,0.45208333333332906,3.6218750000000037,0.0,-0.0
4,ring,free,0.0,48.97788193684466,-7.999999999999998,0.26748173032041045,0.4520833333333289,3.621875000000004,4.440892098500626e-16,-4.440892098500626e-16
4,ring,free,0.0,50.11872336272725,-7.999999999999998,0.26748173032041045,0.45208333333332873,3.6218750000000033,0.0,-0.0
4,ring,free,0.0,51.28613839913648,-7.999999999999998,0.2674817303204105,0.4520833333333287,3.6218750000000037,0.0,-0.0
4,ring,free,0.0,52.48074602497723,-7.999999999999998,0.26748173032041056,0.4520833333333286,3.621875000000004,0.0,-0.0
4,ring,free,0.0,53.70317963702533,-7.999999999999998,0.2674817303204106,0.4520833333333285,3.621875000000004,0.0,-0.0
4,ring,free,0.0,54.954087385762485,-7.999999999999998,0.2674817303204107,0.45208333333332845,3.6218750000000046,4.440892098500626e-16,-4.440892098500626e-16
4,ring,free,0.0,56.23413251903491,-7.999999999999998,0.2674817303204107,0.4520833333333283,3.621875000000004,0.0,-0.0
4,ring,free,0.0,57.543993733715666,-7.999999999999998,0.2674817303204107,0.4520833333333281,3.6218750000000046,0.0,-0.0
4,ring,free,0.0,58.884365535558956,-7.999999999999998,0.26748173032041084,0.45208333333332806,3.621875000000005,0.0,-0.0
4,ring,free,0.0,60.25595860743581,-7.999999999999998,0.26748173032041084,0.4520833333333279,3.621875000000004,0.0,-0.0
4,ring,free,0.0,61.65950018614822,-7.999999999999997,0.2674817303204109,0.45208333333332773,3.621875000000004,0.0,-0.0
4,ring,free,0.0,63.0957344480193,-7.999999999999998,0.26748173032041095,0.45208333333332773,3.621875000000005,0.0,-0.0
4,ring,free,0.0,64.56542290346563,-7.9999999999999964,0.267481730320411,0.45208333333332756,3.6218750000000046,-4.440892098500626e-16,4.440892098500626e-16
4,ring,free,0.0,66.06934480075964,-7.9999999999999964,0.26748173032041106,0.4520833333333274,3.621875000000005,-4.440892098500626e-16,4.440892098500626e-16
4,ring,free,0.0,67.60829753919819,-7.999999999999998,0.26748173032041117,0.4520833333333273,3.6218750000000055,0.0,-0.0
4,ring,free,0.0,69.18309709189363,-7.999999999999998,0.2674817303204112,0.4520833333333272,3.6218750000000055,0.0,-0.0
4,ring,free,0.0,70.79457843841388,-7.999999999999998,0.2674817303204113,0.45208333333332706,3.6218750000000064,0.0,-0.0
4,ring,free,0.0,72.44359600749905,-8.0,0.2674817303204114,0.452083333333327,3.621875000000007,4.440892098500626e-16,-4.440892098500626e-16
4,ring,free,0.0,74.13102413009177,-7.999999999999998,0.2674817303204114,0.45208333333332684,3.6218750000000055,0.0,-0.0
4,ring,free,0.0,75.85775750291836,-7.999999999999998,0.2674817303204115,0.45208333333332673,3.621875000000007,0.0,-0.0
4,ring,free,0.0,77.62471166286912,-7.999999999999998,0.26748173032041156,0.4520833333333265,3.6218750000000064,-4.440892098500626e-16,4.440892098500626e-16
4,ring,free,0.0,79.43282347242821,-7.999999999999998,0.26748173032041167,0.4520833333333264,3.621875000000007,0.0,-0.0
4,ring,free,0.0,81.28305161640995,-7.999999999999998,0.26748173032041167,0.45208333333332623,3.6218750000000073,0.0,-0.0
4,ring,free,0.0,83.17637711026708,-7.999999999999998,0.2674817303204118,0.4520833333333261,3.6218750000000073,-4.440892098500626e-16,4.440892098500626e-16
4,ring,free,0.0,85.11380382023759,-7.999999999999998,0.26748173032041184,0.45208333333332595,3.6218750000000073,0.0,-0.0
4,ring,free,0.0,87.09635899560814,-7.999999999999998,0.26748173032041195,0.45208333333332573,3.6218750000000073,4.440892098500626e-16,-4.440892098500626e-16
4,ring,free,0.0,89.12509381337459,-7.999999999999998,0.267481730320412,0.4520833333333255,3.6218750000000073,0.0,-0.0
4,ring,free,0.0,91.20108393559097,-7.999999999999998,0.2674817303204121,0.45208333333332534,3.621875000000008,0.0,-0.0
4,ring,free,0.0,93.32543007969905,-7.999999999999998,0.26748173032041217,0.4520833333333252,3.6218750000000077,0.0,-0.0
4,ring,free,0.0,95.49925860214368,-7.999999999999998,0.2674817303204123,0.452083333333325,3.6218750000000086,0.0,-0.0
4,ring,free,0.0,97.72372209558111,-7.999999999999998,0.26748173032041234,0.45208333333332484,3.621875000000008,0.0,-0.0
4,ring,free,0.0,100.0,-7.999999999999998,0.26748173032041245,0.4520833333333247,3.621875000000009,-4.440892098500626e-16,4.440892098500626e-16
4,ring,free,0.0,102.32929922807536,-7.999999999999998,0.26748173032041256,0.45208333333332446,3.6218750000000095,0.0,-0.0
4,ring,free,0.0,104.71285480509006,-7.999999999999998,0.2674817303204126,0.4520833333333243,3.6218750000000095,0.0,-0.0
4,ring,free,0.0,107.1519305237607,-7.9999999999999964,0.2674817303204127,0.45208333333332407,3.621875000000009,-4.440892098500626e-16,4.440892098500626e-16
4,ring,free,0.0,109.64781961431851,-7.9999999999999964,0.26748173032041284,0.45208333333332384,3.6218750000000095,0.0,-0.0
4,ring,free,0.0,112.2018454301963,-7.999999999999998,0.26748173032041295,0.4520833333333237,3.62187500000001,0.0,-0.0
4,ring,free,0.0,114.81536214968841,-7.999999999999998,0.267481730320413,0.4520833333333234,3.6218750000000104,-4.440892098500626e-16,4.440892098500626e-16
4,ring,free,0.0,117.48975549395303,-7.999999999999998,0.26748173032041317,0.45208333333332323,3.621875000000011,0.0,-0.0
4,ring,free,0.0,120.22644346174131,-7.999999999999998,0.2674817303204132,0.45208333333332296,3.6218750000000104,-4.440892098500626e-16,4.440892098500626e-16
4,ring,free,0.0,123.02687708123811,-7.999999999999998,0.2674817303204134,0.45208333333332273,3.621875000000011,0.0,-0.0
4,ring,free,0.0,125.89254117941688,-7.999999999999998,0.2674817303204135,0.4520833333333225,3.6218750000000113,0.0,-0.0
4,ring,free,0.0,128.82495516931348,-7.999999999999998,0.2674817303204136,0.45208333333332223,3.6218750000000117,0.0,-0.0
4,ring,free,0.0,131.82567385564073,-7.999999999999998,0.2674817303204137,0.452083333333322,3.6218750000000117,0.0,-0.0
4,ring,free,0.0,134.89628825916532,-7.999999999999998,0.26748173032041384,0.45208333333332174,3.6218750000000126,0.0,-0.0
4,ring,free,0.0,138.03842646028838,-7.999999999999998,0.26748173032041395,0.4520833333333215,3.6218750000000126,0.0,-0.0
4,ring,free,0.0,141.25375446227554,-7.999999999999998,0.26748173032041406,0.45208333333332124,3.6218750000000126,0.0,-0.0
4,ring,free,0.0,144.5439770745928,-7.999999999999998,0.2674817303204142,0.45208333333332096,3.621875000000013,4.440892098500626e-16,-4.440892098500626e-16
4,ring,free,0.0,147.91083881682073,-7.999999999999998,0.26748173032041433,0.45208333333332074,3.621875000000014,-4.440892098500626e-16,4.440892098500626e-16
4,ring,free,0.0,151.3561248436207,-8.0,0.26748173032041456,0.45208333333332046,3.621875000000015,8.881784197001252e-16,-8.881784197001252e-16
4,ring,free,0.0,154.88166189124829,-7.999999999999998,0.26748173032041467,0.4520833333333201,3.6218750000000144,0.0,-0.0
4,ring,free,0.0,158.48931924611142,-7.999999999999998,0.2674817303204148,0.4520833333333198,3.621875000000015,0.0,-0.0
4,ring,free,0.0,162.18100973589299,-7.999999999999998,0.26748173032041495,0.45208333333331957,3.6218750000000153,0.0,-0.0
4,ring,free,0.0,165.95869074375597,-7.999999999999998,0.2674817303204151,0.45208333333331924,3.6218750000000157,0.0,-0.0
4,ring,free,0.0,169.8243652461746,-7.999999999999998,0.2674817303204152,0.45208333333331885,3.6218750000000157,0.0,-0.0
4,ring,free,0.0,173.78008287493762,-7.999999999999998,0.2674817303204154,0.4520833333333185,3.621875000000016,0.0,-0.0
4,ring,free,0.0,177.82794100389228,-7.999999999999998,0.26748173032041556,0.4520833333333182,3.621875000000016,4.440892098500626e-16,-4.440892098500626e-16
4,ring,free,0.0,181.97008586099827,-7.999999999999998,0.2674817303204157,0.4520833333333179,3.6218750000000175,0.0,-0.0
4,ring,free,0.0,186.20871366628694,-7.999999999999998,0.26748173032041594,0.45208333333331757,3.6218750000000175,4.440892098500626e-16,-4.440892098500626e-16
4,ring,free,0.0,190.54607179632484,-7.999999999999998,0.26748173032041606,0.45208333333331713,3.621875000000018,0.0,-0.0
4,ring,free,0.0,194.98445997580455,-7.999999999999998,0.2674817303204163,0.4520833333333168,3.621875000000019,0.0,-0.0
4,ring,free,0.0,199.52623149688787,-7.999999999999998,0.2674817303204164,0.4520833333333164,3.621875000000019,0.0,-0.0
4,ring,free,0.0,204.17379446695315,-7.999999999999998,0.2674817303204166,0.45208333333331613,3.6218750000000193,0.0,-0.0
4,ring,free,0.0,208.92961308540407,-8.0,0.26748173032041683,0.4520833333333158,3.6218750000000206,4.440892098500626e-16,-4.440892098500626e-16
4,ring,free,0.0,213.79620895022325,-7.999999999999998,0.267481730320417,0.45208333333331524,3.6218750000000206,0.0,-0.0
4,ring,free,0.0,218.77616239495518,-7.999999999999998,0.2674817303204172,0.4520833333333149,3.621875000000021,0.0,-0.0
4,ring,free,0.0,223.87211385683423,-7.999999999999998,0.26748173032041744,0.45208333333331446,3.621875000000022,0.0,-0.0
4,ring,free,0.0,229.08676527677747,-7.999999999999998,0.2674817303204176,0.45208333333331396,3.621875000000022,0.0,-0.0
4,ring,free,0.0,234.42288153199226,-7.999999999999998,0.26748173032041783,0.4520833333333136,3.6218750000000224,0.0,-0.0
4,ring,free,0.0,239.88329190194898,-7.999999999999998,0.26748173032041805,0.45208333333331313,3.6218750000000233,0.0,-0.0
4,ring,free,0.0,245.47089156850285,-7.999999999999998,0.2674817303204183,0.45208333333331263,3.6218750000000237,0.0,-0.0
4,ring,free,0.0,251.18864315095823,-7.999999999999998,0.2674817303204185,0.4520833333333122,3.621875000000024,0.0,-0.0
4,ring,free,0.0,257.03957827688646,-7.999999999999998,0.2674817303204187,0.45208333333331163,3.621875000000024,0.0,-0.0
4,ring,free,0.0,263.02679918953817,-7.999999999999998,0.26748173032041894,0.4520833333333112,3.621875000000025,0.0,-0.0
4,ring,free,0.0,269.1534803926914,-7.999999999999998,0.26748173032041916,0.45208333333331063,3.6218750000000255,0.0,-0.0
4,ring,free,0.0,275.4228703338169,-7.999999999999998,0.26748173032041944,0.4520833333333102,3.621875000000027,0.0,-0.0
4,ring,free,0.0,281.8382931264455,-7.999999999999998,0.2674817303204197,0.4520833333333096,3.621875000000027,0.0,-0.0
4,ring,free,0.0,288.40315031266056,-7.999999999999998,0.26748173032042,0.45208333333330913,3.621875000000028,0.0,-0.0
4,ring,free,0.0,295.1209226666384,-7.999999999999998,0.2674817303204202,0.4520833333333085,3.621875000000028,-4.440892098500626e-16,4.440892098500626e-16
4,ring,free,0.0,301.9951720402019,-7.999999999999998,0.26748173032042055,0.45208333333330797,3.621875000000029,0.0,-0.0
4,ring,free,0.0,309.0295432513592,-7.999999999999998,0.2674817303204208,0.45208333333330736,3.62187500000003,-4.440892098500626e-16,4.440892098500626e-16
4,ring,free,0.0,316.22776601683796,-7.999999999999998,0.2674817303204211,0.4520833333333068,3.6218750000000304,0.0,-0.0
4,ring,free,0.0,323.5936569296281,-7.999999999999998,0.2674817303204214,0.4520833333333062,3.6218750000000313,0.0,-0.0
4,ring,free,0.0,331.1311214825914,-7.999999999999998,0.26748173032042166,0.4520833333333055,3.621875000000032,-4.440892098500626e-16,4.440892098500626e-16
4,ring,free,0.0,338.84415613920277,-8.0,0.26748173032042205,0.452083333333305,3.621875000000034,4.440892098500626e-16,-4.440892098500626e-16
4,ring,free,0.0,346.73685045253166,-7.999999999999998,0.2674817303204223,0.4520833333333043,3.6218750000000335,0.0,-0.0
4,ring,free,0.0,354.8133892335753,-7.999999999999998,0.2674817303204226,0.4520833333333036,3.621875000000035,0.0,-0.0
4,ring,free,0.0,363.07805477010174,-7.999999999999997,0.26748173032042294,0.4520833333333029,3.621875000000035,-4.440892098500626e-16,4.440892098500626e-16
4,ring,free,0.0,371.53522909717276,-7.999999999999998,0.26748173032042327,0.45208333333330225,3.621875000000036,0.0,-0.0
4,ring,free,0.0,380.1893963205613,-7.999999999999998,0.26748173032042366,0.45208333333330153,3.621875000000037,0.0,-0.0
4,ring,free,0.0,389.04514499428046,-7.999999999999998,0.267481730320424,0.45208333333330075,3.6218750000000375,0.0,-0.0
4,ring,free,0.0,398.1071705534977,-7.999999999999998,0.2674817303204244,0.45208333333330003,3.621875000000039,0.0,-0.0
4,ring,free,0.0,407.380277804113,-7.999999999999998,0.2674817303204247,0.45208333333329936,3.62187500000004,0.0,-0.0
4,ring,free,0.0,416.8693834703355,-7.999999999999998,0.2674817303204251,0.4520833333332986,3.621875000000041,-4.440892098500626e-16,4.440892098500626e-16
4,ring,free,0.0,426.57951880159254,-7.999999999999998,0.2674817303204255,0.4520833333332977,3.621875000000042,0.0,-0.0
4,ring,free,0.0,436.51583224016565,-7.999999999999998,0.2674817303204259,0.45208333333329687,3.621875000000043,0.0,-0.0
4,ring,free,0.0,446.6835921509635,-7.999999999999998,0.2674817303204263,0.45208333333329603,3.621875000000044,4.440892098500626e-16,-4.440892098500626e-16
4,ring,free,0.0,457.0881896148752,-7.999999999999998,0.2674817303204267,0.4520833333332952,3.621875000000045,0.0,-0.0
4,ring,free,0.0,467.73514128719813,-7.999999999999998,0.2674817303204271,0.45208333333329426,3.6218750000000455,-4.440892098500626e-16,4.440892098500626e-16
4,ring,free,0.0,478.630092322638,-7.999999999999998,0.2674817303204276,0.45208333333329337,3.621875000000047,0.0,-0.0
4,ring,free,0.0,489.77881936844665,-7.999999999999998,0.26748173032042805,0.4520833333332925,3.6218750000000486,0.0,-0.0
4,ring,free,0.0,501.18723362727246,-7.999999999999998,0.2674817303204285,0.45208333333329154,3.6218750000000495,0.0,-0.0
4,ring,free,0.0,512.8613839913648,-7.999999999999998,0.267481730320429,0.4520833333332906,3.621875000000051,4.440892098500626e-16,-4.440892098500626e-16
4,ring,free,0.0,524.8074602497722,-7.999999999999998,0.26748173032042943,0.4520833333332896,3.6218750000000517,0.0,-0.0
4,ring,free,0.0,537.0317963702532,-7.999999999999998,0.2674817303204299,0.45208333333328854,3.6218750000000526,0.0,-0.0
4,ring,free,0.0,549.5408738576248,-7.999999999999998,0.2674817303204304,0.4520833333332875,3.621875000000054,0.0,-0.0
4,ring,free,0.0,562.341325190349,-7.999999999999998,0.26748173032043093,0.45208333333328654,3.6218750000000557,0.0,-0.0
4,ring,free,0.0,575.4399373371566,-7.999999999999998,0.2674817303204315,0.4520833333332855,3.6218750000000575,0.0,-0.0
4,ring,free,0.0,588.8436553555896,-7.999999999999998,0.26748173032043193,0.45208333333328427,3.621875000000058,-4.440892098500626e-16,4.440892098500626e-16
4,ring,free,0.0,602.5595860743581,-7.999999999999998,0.2674817303204325,0.45208333333328315,3.6218750000000592,-4.440892098500626e-16,4.440892098500626e-16
4,ring,free,0.0,616.5950018614822,-7.999999999999998,0.2674817303204331,0.452083333333282,3.621875000000061,0.0,-0.0
4,ring,free,0.0,630.957344480193,-7.999999999999998,0.2674817303204337,0.4520833333332808,3.6218750000000624,0.0,-0.0
4,ring,free,0.0,645.6542290346563,-7.9999999999999964,0.2674817303204342,0.4520833333332796,3.6218750000000637,-4.440892098500626e-16,4.440892098500626e-16
4,ring,free,0.0,660.6934480075964,-7.999999999999998,0.2674817303204349,0.4520833333332784,3.621875000000066,0.0,-0.0
4,ring,free,0.0,676.0829753919819,-7.999999999999998,0.2674817303204355,0.4520833333332771,3.6218750000000677,0.0,-0.0
4,ring,free,0.0,691.8309709189363,-7.999999999999998,0.2674817303204361,0.45208333333327577,3.6218750000000686,0.0,-0.0
4,ring,free,0.0,707.9457843841387,-7.999999999999998,0.2674817303204368,0.4520833333332745,3.621875000000071,4.440892098500626e-16,-4.440892098500626e-16
4,ring,free,0.0,724.4359600749906,-7.999999999999998,0.2674817303204374,0.45208333333327316,3.621875000000072,0.0,-0.0
4,ring,free,0.0,741.3102413009177,-7.999999999999998,0.26748173032043804,0.4520833333332717,3.621875000000074,0.0,-0.0
4,ring,free,0.0,758.5775750291835,-7.999999999999998,0.2674817303204388,0.45208333333327033,3.6218750000000757,0.0,-0.0
4,ring,free,0.0,776.2471166286912,-7.999999999999998,0.2674817303204395,0.45208333333326883,3.621875000000077,0.0,-0.0
4,ring,free,0.0,794.3282347242822,-7.999999999999998,0.2674817303204402,0.45208333333326733,3.621875000000079,0.0,-0.0
4,ring,free,0.0,812.8305161640995,-7.999999999999998,0.2674817303204409,0.4520833333332658,3.6218750000000806,0.0,-0.0
4,ring,free,0.0,831.7637711026708,-7.999999999999998,0.26748173032044176,0.4520833333332643,3.6218750000000832,4.440892098500626e-16,-4.440892098500626e-16
4,ring,free,0.0,851.1380382023759,-7.999999999999998,0.2674817303204425,0.4520833333332626,3.6218750000000846,0.0,-0.0
4,ring,free,0.0,870.9635899560815,-7.999999999999998,0.2674817303204433,0.45208333333326106,3.6218750000000868,4.440892098500626e-16,-4.440892098500626e-16
4,ring,free,0.0,891.2509381337459,-7.999999999999998,0.2674817303204441,0.4520833333332593,3.6218750000000886,4.440892098500626e-16,-4.440892098500626e-16
4,ring,free,0.0,912.0108393559096,-7.999999999999998,0.26748173032044487,0.4520833333332577,3.6218750000000908,0.0,-0.0
4,ring,free,0.0,933.2543007969905,-7.999999999999998,0.26748173032044575,0.4520833333332559,3.6218750000000925,0.0,-0.0
4,ring,free,0.0,954.9925860214369,-7.999999999999998,0.26748173032044664,0.4520833333332541,3.621875000000095,0.0,-0.0
4,ring,free,0.0,977.2372209558112,-7.999999999999998,0.26748173032044753,0.45208333333325224,3.6218750000000974,4.440892098500626e-16,-4.440892098500626e-16
4,ring,free,0.0,1000.0,-7.999999999999998,0.2674817303204485,0.4520833333332504,3.6218750000001,0.0,-0.0
4,ring,free,0.0,inf,-7.999999999999998,0.26748173032040845,0.45208333333333295,3.621874999999999,0.0,0.0
4,ring,U1,1.0,0.0,7.200000000000001,0.17556365302394783,0.6380952380952383,3.4285714285714297,-0.3457815551323409,0.3457815551323409
4,ring,U1,1.0,0.001,7.179225190594056,0.17590970717644042,0.6373937567037952,3.4296000159647915,-0.34632617810102384,0.34632617810102384
4,ring,U1,1.0,0.0010232929922807535,7.178741158336152,0.1759177742967064,0.6373774045232928,3.4296239751748723,-0.3463388230567118,0.3463388230567118
4,ring,U1,1.0,0.0010471285480508996,7.178245845695797,0.17592602962922968,0.6373606708601249,3.4296484924799424,-0.34635176061613193,0.34635176061613193
4,ring,U1,1.0,0.001071519305237606,7.177738989648859,0.17593447757235708,0.6373435468006473,3.4296735808801606,-0.3463649975033021,0.3463649975033021
4,ring,U1,1.0,0.0010964781961431851,7.177220321032155,0.17594312262755823,0.6373260232222877,3.429699253678512,-0.3463785405945229,0.3463785405945229
4,ring,U1,1.0,0.001122018454301963,7.176689564399873,0.17595196940185734,0.6373080907886193,3.4297255244878526,-0.34639239692170576,0.34639239692170576
4,ring,U1,1.0,0.0011481536214968829,7.176146437876653,0.17596102261032698,0.637289739944316,3.429752407238135,-0.3464065736757974,0.3464065736757974
4,ring,U1,1.0,0.001174897554939529,7.1755906530072,0.1759702870786372,0.6372709609099879,3.429779916183788,-0.3464210782102414,0.3464210782102414
4,ring,U1,1.0,0.001202264434617413,7.175021914602388,0.1759797677456684,0.6372517436768894,3.4298080659112804,-0.346435918044533,0.346435918044533
4,ring,U1,1.0,0.0012302687708123812,7.1744399205817055,0.1759894696661859,0.6372320780015079,3.4298368713468435,-0.34645110086783415,0.34645110086783415
4,ring,U1,1.0,0.0012589254117941675,7.173844361812073,0.17599939801357956,0.6372119534000166,3.4298663477643943,-0.34646663454267224,0.34646663454267224
4,ring,U1,1.0,0.0012882495516931337,7.173234921942806,0.17600955808266627,0.6371913591425975,3.4298965107936317,-0.34648252710869176,0.34648252710869176
4,ring,U1,1.0,0.0013182567385564075,7.172611277236742,0.17601995529256356,0.6371702842476274,3.4299273764283185,-0.3464987867865058,0.3464987867865058
4,ring,U1,1.0,0.0013489628825916532,7.171973096397385,0.17603059518962838,0.6371487174757262,3.4299589610347585,-0.34651542198160046,0.34651542198160046
4,ring,U1,1.0,0.0013803842646028853,7.171320040391994,0.17604148345046922,0.6371266473236619,3.429991281360485,-0.3465324412883315,0.3465324412883315
4,ring,U1,1.0,0.001412537544622754,7.1706517622705235,0.17605262588502932,0.6371040620181063,3.4300243545431237,-0.3465498534939959,0.3465498534939959
4,ring,U1,1.0,0.001445439770745928,7.1699679069802755,0.17606402843974372,0.6370809495092457,3.4300581981194878,-0.34656766758297153,0.34656766758297153
4,ring,U1,1.0,0.0014791083881682072,7.169268111176234,0.17607569720077337,0.6370572974642362,3.4300928300348668,-0.34658589274095397,0.34658589274095397
4,ring,U1,1.0,0.0015135612484362087,7.168552003026923,0.17608763839731614,0.6370330932605001,3.430128268652544,-0.34660453835926197,0.34660453835926197
4,ring,U1,1.0,0.0015488166189124811,7.167819202015695,0.17609985840499748,0.6370083239788629,3.430164532763532,-0.34662361403922615,0.34662361403922615
4,ring,U1,1.0,0.001584893192461114,7.167069318737348,0.17611236374934386,0.6369829763965246,3.430201641596525,-0.34664312959666765,0.34664312959666765
4,ring,U1,1.0,0.0016218100973589297,7.166301954689982,0.1761251611093387,0.6369570369798612,3.4302396148280945,-0.34666309506645543,0.34666309506645543
4,ring,U1,1.0,0.0016595869074375613,7.165516702061909,0.17613825732106567,0.6369304918770541,3.4302784725931237,-0.34668352070715047,0.34668352070715047
4,ring,U1,1.0,0.0016982436524617442,7.164713143513606,0.17615165938143798,0.6369033269105409,3.4303182354954704,-0.34670441700573384,0.34670441700573384
4,ring,U1,1.0,0.0017378008287493763,7.163890851954496,0.17616537445201924,0.6368755275692832,3.43035892461889,-0.3467257946824228,0.3467257946824228
4,ring,U1,1.0,0.0017782794100389228,7.163049390314494,0.17617940986293718,0.6368470790008481,3.4304005615382085,-0.3467476646955804,0.3467476646955804
4,ring,U1,1.0,0.0018197008586099826,7.162188311310172,0.17619377311689044,0.6368179660033012,3.4304431683307604,-0.34677003824670427,0.34677003824670427
4,ring,U1,1.0,0.0018620871366628676,7.1613071572054166,0.176208471893254,0.6367881730168987,3.430486767588082,-0.3467929267855129,0.3467929267855129
4,ring,U1,1.0,0.0019054607179632482,7.16040545956645,0.17622351405228318,0.6367576841155802,3.430531382427883,-0.3468163420151157,0.3468163420151157
4,ring,U1,1.0,0.0019498445997580456,7.159482739011078,0.17623890763942,0.6367264829982577,3.430577036506295,-0.3468402958972794,0.3468402958972794
4,ring,U1,1.0,0.001995262314968879,7.158538504952052,0.17625466088970496,0.6366945529798914,3.430623754030416,-0.3468648006577889,0.3468648006577889
4,ring,U1,1.0,0.0020417379446695297,7.157572255334352,0.17627078223229428,0.6366618769823472,3.4306715597711177,-0.3468898687918893,0.3468898687918893
4,ring,U1,1.0,0.0020892961308540386,7.156583476366306,0.17628728029508858,0.6366284375250367,3.430720479076185,-0.3469155130698306,0.3469155130698306
4,ring,U1,1.0,0.0021379620895022326,7.155571642244361,0.1763041639094739,0.6365942167153256,3.430770537883734,-0.34694174654250654,0.34694174654250654
4,ring,U1,1.0,0.002187761623949552,7.154536214871366,0.17632144211517817,0.6365591962387105,3.43082176273596,-0.34696858254718066,0.34696858254718066
4,ring,U1,1.0,0.00223872113856834,7.153476643568215,0.17633912416524564,0.6365233573487561,3.4308741807931855,-0.34699603471330975,0.34699603471330975
4,ring,U1,1.0,0.0022908676527677724,7.15239236477871,0.17635721953113398,0.6364866808567889,3.4309278198482565,-0.3470241169684669,0.3470241169684669
4,ring,U1,1.0,0.0023442288153199225,7.15128280176742,0.17637573790793493,0.6364491471213363,3.430982708341258,-0.34705284354435006,0.34705284354435006
4,ring,U1,1.0,0.00239883291901949,7.150147364310461,0.1763946892197229,0.6364107360373111,3.431038875374571,-0.3470822289828914,0.3470822289828914
4,ring,U1,1.0,0.002454708915685031,7.148985448378956,0.1764140836250358,0.636371427024929,3.431096350728291,-0.34711228814246786,0.34711228814246786
4,ring,U1,1.0,0.0025118864315095794,7.14779643581503,0.1764339315224872,0.6363311990183578,3.4311551648759893,-0.3471430362041864,0.3471430362041864
4,ring,U1,1.0,0.0025703957827688645,7.146579694000179,0.17645424355651967,0.6362900304540852,3.431215349000852,-0.34717448867828704,0.34717448867828704
4,ring,U1,1.0,0.0026302679918953813,7.145334575515772,0.176475030623298,0.636247899259007,3.4312769350121872,-0.3472066614106284,0.3472066614106284
4,ring,U1,1.0,0.0026915348039269166,7.1440604177955835,0.17649630387674595,0.6362047828382162,3.4313399555623048,-0.3472395705892628,0.3472395705892628
4,ring,U1,1.0,0.002754228703338166,7.142756542770116,0.17651807473473383,0.6361606580624982,3.4314044440638227,-0.34727323275111543,0.34727323275111543
4,ring,U1,1.0,0.002818382931264455,7.141422256502488,0.17654035488541772,0.6361155012555156,3.4314704347073235,-0.3473076647887502,0.3473076647887502
4,ring,U1,1.0,0.0028840315031266055,7.140056848815783,0.17656315629373437,0.6360692881806795,3.4315379624794655,-0.34734288395722235,0.34734288395722235
4,ring,U1,1.0,0.002951209226666387,7.138659592911552,0.17658649120805733,0.6360219940276941,3.431607063181482,-0.347378907881031,0.347378907881031
4,ring,U1,1.0,0.003019951720402016,7.137229744979341,0.17661037216701736,0.6359735933987748,3.4316777734481345,-0.3474157545611535,0.3474157545611535
4,ring,U1,1.0,0.003090295432513592,7.1357665437969615,0.17663481200649142,0.6359240602945211,3.4317501307670772,-0.3474534423821657,0.3474534423821657
4,ring,U1,1.0,0.0031622776601683794,7.13426921032136,0.17665982386676535,0.6358733680994447,3.4318241734986876,-0.34749199011945653,0.34749199011945653
4,ring,U1,1.0,0.003235936569296281,7.132736947269794,0.17668542119987357,0.6358214895671362,3.431899940896364,-0.34753141694651524,0.34753141694651524
4,ring,U1,1.0,0.003311311214825911,7.131168938691121,0.17671161777712144,0.6357683968050679,3.4319774731272608,-0.3475717424423064,0.3475717424423064
4,ring,U1,1.0,0.0033884415613920273,7.129564349526966,0.176738427696795,0.6357140612590144,3.432056811293533,-0.34761298659872475,0.34761298659872475
4,ring,U1,1.0,0.0034673685045253167,7.127922325162516,0.1767658653920612,0.6356584536970948,3.4321379974540656,-0.34765516982811584,0.34765516982811584
4,ring,U1,1.0,0.0035481338923357532,7.126241990966709,0.17679394563906725,0.6356015441934126,3.4322210746466872,-0.34769831297088394,0.34769831297088394
4,ring,U1,1.0,0.003630780547701014,7.124522451821546,0.17682268356524009,0.6355433021112865,3.432306086910915,-0.34774243730316023,0.34774243730316023
4,ring,U1,1.0,0.003715352290971728,7.122762791640294,0.1768520946577943,0.6354836960860737,3.432393079311225,-0.34778756454453597,0.34778756454453597
4,ring,U1,1.0,0.0038018939632056127,7.120962072874301,0.17688219477245182,0.6354226940075524,3.4324820979608393,-0.34783371686585607,0.34783371686585607
4,ring,U1,1.0,0.003890451449942805,7.119119336008162,0.17691300014238193,0.6353602630018742,3.4325731900460843,-0.3478809168970839,0.3478809168970839
4,ring,U1,1.0,0.003981071705534973,7.117233599042961,0.17694452738736352,0.6352963694130616,3.432666403851297,-0.347929187735197,0.347929187735197
4,ring,U1,1.0,0.004073802778041126,7.115303856967291,0.17697679352317777,0.6352309787840417,3.432761788784308,-0.3479785529521402,0.3479785529521402
4,ring,U1,1.0,0.004168693834703355,7.113329081215794,0.17700981597123788,0.6351640558372076,3.4328593954025064,-0.3480290366028198,0.3480290366028198
4,ring,U1,1.0,0.004265795188015926,7.111308219114912,0.1770436125684618,0.6350955644544893,3.4329592754395173,-0.34808066323314,0.34808066323314
4,ring,U1,1.0,0.004365158322401661,7.109240193315535,0.17707820157739007,0.6350254676569282,3.4330614818324725,-0.3481334578880376,0.3481334578880376
4,ring,U1,1.0,0.0044668359215096305,7.1071239012122716,0.17711360169656434,0.6349537275837324,3.433166068749923,-0.3481874461195783,0.3481874461195783
4,ring,U1,1.0,0.004570881896148752,7.104958214348983,0.1771498320711638,0.6348803054708098,3.433273091620387,-0.34824265399502563,0.34824265399502563
4,ring,U1,1.0,0.004677351412871981,7.1027419778103225,0.17718691230391476,0.6348051616287579,3.433382607161551,-0.34829910810495346,0.34829910810495346
4,ring,U1,1.0,0.004786300923226385,7.100474009598875,0.17722486246627178,0.6347282554202975,3.433494673410135,-0.3483568355713066,0.3483568355713066
4,ring,U1,1.0,0.004897788193684461,7.098153099997614,0.17726370310988745,0.6346495452371398,3.433609349752453,-0.3484158640554854,0.3484158640554854
4,ring,U1,1.0,0.005011872336272725,7.09577801091736,0.17730345527837107,0.6345689884762622,3.433726696955664,-0.34847622176638815,0.34847622176638815
4,ring,U1,1.0,0.005128613839913648,7.093347475228794,0.17734414051934702,0.6344865415155866,3.433846777199734,-0.3485379374684141,0.3485379374684141
4,ring,U1,1.0,0.005248074602497723,7.090860196078755,0.1773857808968199,0.6344021596890436,3.43396965411014,-0.3486010404894152,0.3486010404894152
4,ring,U1,1.0,0.005370317963702527,7.088314846190434,0.17742839900385698,0.6343157972609981,3.434095392791303,-0.34866556072859534,0.34866556072859534
4,ring,U1,1.0,0.005495408738576248,7.085710067147074,0.1774720179755923,0.6342274074000247,3.4342240598607865,-0.3487315286643161,0.3487315286643161
4,ring,U1,1.0,0.005623413251903491,7.08304446865882,0.17751666150256598,0.6341369421520215,3.434355723484294,-0.34879897536182825,0.34879897536182825
4,ring,U1,1.0,0.005754399373371567,7.080316627812308,0.17756235384440297,0.6340443524126311,3.434490453411421,-0.34886793248087355,0.34886793248087355
4,ring,U1,1.0,0.00588843655355589,7.077525088302615,0.17760911984384511,0.633949587898961,3.434628321012256,-0.34893843228317956,0.34893843228317956
4,ring,U1,1.0,0.0060255958607435805,7.074668359647171,0.17765698494114152,0.6338525971205815,3.43476939931479,-0.34901050763979546,0.34901050763979546
4,ring,U1,1.0,0.006165950018614822,7.071744916381185,0.17770597518881176,0.6337533273497777,3.4349137630431725,-0.3490841920382747,0.3490841920382747
4,ring,U1,1.0,0.00630957344480193,7.068753197234222,0.1777561172667869,0.6336517245910461,3.435061488656842,-0.3491595195896603,0.3491595195896603
4,ring,U1,1.0,0.006456542290346556,7.065691604287451,0.17780743849794348,0.6335477335497993,3.4352126543905332,-0.3492365250352749,0.3492365250352749
4,ring,U1,1.0,0.006606934480075964,7.062558502111165,0.17785996686403716,0.6334412976002749,3.4353673402951777,-0.3493152437532686,0.3493152437532686
4,ring,U1,1.0,0.006760829753919818,7.059352216882091,0.17791373102205008,0.6333323587526111,3.4355256282797346,-0.34939571176491446,0.34939571176491446
4,ring,U1,1.0,0.006918309709189363,7.0560710354801,0.1779687603209603,0.6332208576190835,3.435687602153953,-0.3494779657406165,0.3494779657406165
4,ring,U1,1.0,0.00707945784384138,7.052713204563785,0.17802508481894777,0.6331067333794617,3.4358533476720994,-0.34956204300560767,0.34956204300560767
4,ring,U1,1.0,0.007244359600749898,7.049276929624494,0.17808273530104693,0.6329899237454777,3.4360229525776447,-0.34964798154530385,0.34964798154530385
4,ring,U1,1.0,0.007413102413009177,7.045760374018318,0.17814174329725815,0.6328703649243737,3.4361965066489732,-0.34973582001027814,0.34973582001027814
4,ring,U1,1.0,0.007585775750291836,7.042161657975536,0.1782021411011302,0.6327479915815041,3.4363741017460776,-0.34982559772081356,0.34982559772081356
4,ring,U1,1.0,0.00776247116628692,7.03847885758709,0.1782639617888297,0.6326227368019733,3.43655583185832,-0.3499173546710318,0.3499173546710318
4,ring,U1,1.0,0.007943282347242814,7.034710003767503,0.17832723923870755,0.6324945320512749,3.4367417931532267,-0.3500111315325163,0.3500111315325163
4,ring,U1,1.0,0.008128305161640995,7.030853081193806,0.17839200815137515,0.6323633071349094,3.4369320840263735,-0.35010696965739874,0.35010696965739874
4,ring,U1,1.0,0.008317637711026709,7.026906027219919,0.17845830407030885,0.6322289901569513,3.4371268051523636,-0.350204911080888,0.350204911080888
4,ring,U1,1.0,0.008511380382023767,7.022866730765995,0.17852616340299385,0.6320915074775403,3.437326059536921,-0.35030499852316954,0.35030499852316954
4,ring,U1,1.0,0.008709635899560805,7.018733031182187,0.17859562344262161,0.6319507836692617,3.437529952570135,-0.3504072753906323,0.3504072753906323
4,ring,U1,1.0,0.008912509381337459,7.014502717086295,0.17866672239035974,0.6318067414723929,3.4377385920808545,-0.35051178577637565,0.35051178577637565
4,ring,U1,1.0,0.009120108393559097,7.010173525174777,0.17873949937820446,0.6316593017489793,3.4379520883922656,-0.3506185744599235,0.3506185744599235
4,ring,U1,1.0,0.009332543007969905,7.005743139006584,0.17881399449243837,0.6315083834357109,3.4381705543786794,-0.3507276869061159,0.3507276869061159
4,ring,U1,1.0,0.009549925860214359,7.001209187759229,0.17889024879770307,0.6313539034955664,3.438394105523536,-0.3508391692630789,0.3508391692630789
4,ring,U1,1.0,0.009772372209558112,6.996569244956592,0.17896830436170985,0.6311957768681954,3.438622859978662,-0.35095306835923445,0.35095306835923445
4,ring,U1,1.0,0.01,6.99182082716788,0.17904820428059967,0.6310339164189964,3.438856938624789,-0.3510694316992574,0.3510694316992574
4,ring,U1,1.0,0.010232929922807542,6.9869613926771565,0.1791299927049777,0.6308682328868634,3.439096465133365,-0.35118830745893004,0.35118830745893004
4,ring,U1,1.0,0.010471285480508996,6.981988340122947,0.1792137148666313,0.6306986348305612,3.43934156602967,-0.3513097444787744,0.3513097444787744
4,ring,U1,1.0,0.010715193052376065,6.976899007107284,0.1792994171059599,0.630525028573697,3.4395923707572753,-0.35143379225642657,0.35143379225642657
4,ring,U1,1.0,0.01096478196143185,6.971690668773668,0.17938714690012753,0.6303473181482437,3.4398490117438283,-0.3515605009376105,0.3515605009376105
4,ring,U1,1.0,0.011220184543019636,6.966360536353402,0.17947695289196525,0.6301654052365824,3.4401116244682477,-0.35168992130567456,0.35168992130567456
4,ring,U1,1.0,0.01148153621496883,6.960905755679664,0.1795688849196362,0.6299791891120216,3.440380347529267,-0.35182210476952624,0.35182210476952624
4,ring,U1,1.0,0.011748975549395297,6.955323405668861,0.1796629940470908,0.6297885665777603,3.440655322715429,-0.35195710334991315,0.35195710334991315
4,ring,U1,1.0,0.012022644346174132,6.949610496768607,0.17975933259532736,0.6295934319042358,3.4409366950764815,-0.35209496966390097,0.35209496966390097
4,ring,U1,1.0,0.012302687708123818,6.94376396937189,0.1798579541744855,0.6293936767648374,3.441224612996245,-0.35223575690745434,0.35223575690745434
4,ring,U1,1.0,0.012589254117941675,6.937780692196756,0.17995891371678854,0.629189190169926,3.4415192282669373,-0.3523795188359652,0.3523795188359652
4,ring,U1,1.0,0.012882495516931342,6.931657460631113,0.18006226751036228,0.6289798583991182,3.441820696164986,-0.35252630974262256,0.35252630974262256
4,ring,U1,1.0,0.013182567385564075,6.925390995042037,0.180168073233951,0.6287655649318002,3.4421291755283403,-0.352676184434465,0.352676184434465
4,ring,U1,1.0,0.01348962882591654,6.9189779390491415,0.18027638999255508,0.6285461903758152,3.4424448288353178,-0.35282919820597114,0.35282919820597114
4,ring,U1,1.0,0.013803842646028852,6.912414857761435,0.18038727835401364,0.6283216123942766,3.4427678222849583,-0.3529854068100259,0.3529854068100259
4,ring,U1,1.0,0.014125375446227547,6.905698235977338,0.1805008003865582,0.6280917056304715,3.443098325878944,-0.35314486642610277,0.35314486642610277
4,ring,U1,1.0,0.014454397707459272,6.898824476347235,0.18061701969736021,0.6278563416307922,3.44343651350508,-0.353307633625465,0.353307633625465
4,ring,U1,1.0,0.014791083881682071,6.891789897498285,0.18073600147210062,0.6276153887656575,3.4437825630223284,-0.3534737653332253,0.3534737653332253
4,ring,U1,1.0,0.01513561248436208,6.884590732121001,0.18085781251558639,0.6273687121483649,3.4441366563474443,-0.35364331878704525,0.35364331878704525
4,ring,U1,1.0,0.01548816618912481,6.877223125017278,0.18098252129343814,0.6271161735518331,3.4444989795431784,-0.3538163514922593,0.3538163514922593
4,ring,U1,1.0,0.015848931924611134,6.869683131109512,0.18111019797488098,0.6268576313231701,3.4448697229080913,-0.35399292117322967,0.35399292117322967
4,ring,U1,1.0,0.0162181009735893,6.861966713410524,0.1812409144766605,0.6265929402960287,3.445249081067953,-0.35417308572066153,0.35417308572066153
4,ring,U1,1.0,0.016595869074375606,6.854069740954072,0.181374744508115,0.626321951700689,3.4456372530687474,-0.3543569031346625,0.3543569031346625
4,ring,U1,1.0,0.016982436524617443,6.8459879866856825,0.18151176361743,0.6260445130718146,3.4460344424712734,-0.35454443146325565,0.35454443146325565
4,ring,U1,1.0,0.017378008287493755,6.837717125313732,0.181652049239105,0.625760468153831,3.446440857447334,-0.3547357287360956,0.3547357287360956
4,ring,U1,1.0,0.01778279410038923,6.829252731120641,0.1817956807426592,0.6254696568038742,3.4468567108775243,-0.3549308528930706,0.3549308528930706
4,ring,U1,1.0,0.018197008586099836,6.820590275734179,0.18194273948260734,0.6251719148922517,3.4472822204505853,-0.35512986170750926,0.35512986170750926
4,ring,U1,1.0,0.018620871366628676,6.8117251258589375,0.18209330884973082,0.6248670742003606,3.4477176087643224,-0.3553328127036277,0.3553328127036277
4,ring,U1,1.0,0.019054607179632473,6.802652540968106,0.1822474743236791,0.6245549623160166,3.44816310342808,-0.3555397630679251,0.3555397630679251
4,ring,U1,1.0,0.019498445997580455,6.79336767095575,0.18240532352692368,0.6242354025261261,3.448618937166718,-0.3557507695541079,0.3557507695541079
4,ring,U1,1.0,0.0199526231496888,6.783865553749941,0.1825669462800992,0.6239082137066666,3.449085347926111,-0.3559658883812048,0.3559658883812048
4,ring,U1,1.0,0.020417379446695295,6.774141112887138,0.18273243465875716,0.6235732102098984,3.449562578980093,-0.3561851751244376,0.3561851751244376
4,ring,U1,1.0,0.020892961308540396,6.764189155048372,0.18290188305156407,0.6232302017487774,3.4500508790388356,-0.35640868459844544,0.35640868459844544
4,ring,U1,1.0,0.021379620895022326,6.754004367557905,0.18307538821996988,0.6228789932785023,3.4505505023586154,-0.35663647073239824,0.35663647073239824
4,ring,U1,1.0,0.02187761623949553,6.743581315845132,0.18325304935937545,0.6225193848751531,3.451061708852913,-0.3568685864365191,0.3568685864365191
4,ring,U1,1.0,0.0223872113856834,6.732914440870721,0.18343496816182883,0.6221511716113665,3.451584764204796,-0.35710508345954384,0.35710508345954384
4,ring,U1,1.0,0.022908676527677734,6.721998056518088,0.18362124888027312,0.6217741434290065,3.452119939980509,-0.35734601223655604,0.35734601223655604
4,ring,U1,1.0,0.023442288153199226,6.710826346951481,0.18381199839437667,0.6213880850087785,3.45266751374422,-0.35759142172667546,0.35759142172667546
4,ring,U1,1.0,0.02398832919019491,6.699393363942181,0.1840073262779673,0.6209927756367501,3.4532277691738242,-0.3578413592399948,0.3578413592399948
4,ring,U1,1.0,0.02454708915685031,6.6876930241645045,0.184207344868095,0.6205879890677305,3.45380099617771,-0.3580958702531566,0.3580958702531566
4,ring,U1,1.0,0.025118864315095808,6.675719106463504,0.18441216933574772,0.6201734933854796,3.454387491012433,-0.3583549982129275,0.3583549982129275
4,ring,U1,1.0,0.025703957827688632,6.6634652490965784,0.184621917758239,0.6197490508597073,3.454987556401112,-0.3586187843270944,0.3586187843270944
4,ring,U1,1.0,0.026302679918953815,6.650924946951345,0.18483671119328726,0.6193144177998372,3.4556015016524966,-0.3588872673419494,0.3588872673419494
4,ring,U1,1.0,0.026915348039269153,6.638091548742556,0.18505667375480397,0.6188693444055081,3.4562296427805266,-0.35916048330563055,0.35916048330563055
4,ring,U1,1.0,0.02754228703338166,6.624958254191025,0.1852819326904058,0.6184135746137912,3.4568723026242543,-0.3594384653165259,0.3594384653165259
4,ring,U1,1.0,0.028183829312644536,6.611518111187953,0.18551261846066097,0.61794684594312,3.457529810967955,-0.3597212432559014,0.3597212432559014
4,ring,U1,1.0,0.028840315031266057,6.597764012948344,0.18574886482008154,0.6174688893339145,3.4582025046612697,-0.3600088435039023,0.3600088435039023
4,ring,U1,1.0,0.029512092266663854,6.583688695157609,0.18599080889986322,0.6169794289859047,3.458890727739145,-0.36030128863798894,0.36030128863798894
4,ring,U1,1.0,0.03019951720402016,6.5692847331159,0.1862385912923786,0.6164781821921717,3.4595948315413967,-0.36059859711288667,0.36059859711288667
4,ring,U1,1.0,0.030902954325135904,6.554544538885103,0.18649235613741696,0.6159648591699057,3.4603151748316523,-0.36090078292100525,0.36090078292100525
4,ring,U1,1.0,0.03162277660168379,6.539460358443963,0.18675225121016603,0.6154391628879345,3.4610521239153984,-0.3612078552323186,0.3612078552323186
4,ring,U1,1.0,0.03235936569296283,6.5240242688573025,0.1870184280109224,0.6149007888910395,3.4618060527568963,-0.3615198180125827,0.3615198180125827
4,ring,U1,1.0,0.03311311214825911,6.508228175465846,0.18729104185651022,0.6143494251211306,3.4625773430946234,-0.36183666961875205,0.36183666961875205
4,ring,U1,1.0,0.033884415613920256,6.492063809103797,0.18757025197338403,0.6137847517353373,3.46336638455497,-0.3621584023703911,0.3621584023703911
4,ring,U1,1.0,0.034673685045253165,6.475522723351917,0.187856221592384,0.6132064409211023,3.464173574763777,-0.3624850020958408,0.3624850020958408
4,ring,U1,1.0,0.03548133892335755,6.458596291834545,0.18814911804510187,0.6126141567083744,3.4649993194553987,-0.36281644765182297,0.36281644765182297
4,ring,U1,1.0,0.03630780547701014,6.441275705569782,0.1884491128618084,0.6120075547790226,3.465844032578834,-0.3631527104151262,0.3631527104151262
4,ring,U1,1.0,0.03715352290971726,6.423551970382792,0.18875638187088528,0.6113862822736057,3.4667081364005154,-0.3634937537449675,0.3634937537449675
4,ring,U1,1.0,0.038018939632056124,6.405415904393038,0.18907110529968882,0.6107499775956639,3.4675920616032423,-0.36383953241454237,0.36383953241454237
4,ring,U1,1.0,0.03890451449942807,6.386858135587212,0.18939346787676842,0.6100982702137056,3.468496247380798,-0.3641899920102559,0.3641899920102559
4,ring,U1,1.0,0.039810717055349734,6.367869099490467,0.1897236589353426,0.6094307804611175,3.4694211415276337,-0.3645450682970306,0.3645450682970306
4,ring,U1,1.0,0.04073802778041128,6.348439036949773,0.19006187251792941,0.6087471193342207,3.4703672005230914,-0.3649046865480827,0.3649046865480827
4,ring,U1,1.0,0.04168693834703355,6.32855799204408,0.1904083074820036,0.6080468882887602,3.471334889609455,-0.36526876083743676,0.36526876083743676
4,ring,U1,1.0,0.04265795188015928,6.308215810137359,0.19076316760654616,0.6073296790351203,3.4723246828632037,-0.365637193293463,0.365637193293463
4,ring,U1,1.0,0.04365158322401661,6.287402136091651,0.19112666169932788,0.6065950733326188,3.473337063258702,-0.3660098733116218,0.3660098733116218
4,ring,U1,1.0,0.04466835921509633,6.266106412658724,0.19149900370474995,0.6058426427832604,3.474372522723531,-0.36638667672457703,0.36638667672457703
4,ring,U1,1.0,0.04570881896148752,6.244317879070192,0.19188041281204476,0.6050719486253725,3.475431562184639,-0.36676746492776635,0.36676746492776635
4,ring,U1,1.0,0.046773514128719815,6.222025569847538,0.19227111356361778,0.6042825415276047,3.4765146916043803,-0.3671520839585156,0.3671520839585156
4,ring,U1,1.0,0.047863009232263824,6.199218313855071,0.19267133596328506,0.6034739613838178,3.477622430005495,-0.3675403635267165,0.3675403635267165
4,ring,U1,1.0,0.04897788193684462,6.1758847336203235,0.19308131558413053,0.6026457371094346,3.4787553054839813,-0.3679321159950254,0.3679321159950254
4,ring,U1,1.0,0.05011872336272722,6.152013244948475,0.19350129367569013,0.6017973864399065,3.4799138552087725,-0.3683271353066243,0.3683271353066243
4,ring,U1,1.0,0.05128613839913648,6.127592056858894,0.19393151727012078,0.6009284157319951,3.481098625407034,-0.36872519585841523,0.36872519585841523
4,ring,U1,1.0,0.05248074602497726,6.102609171874107,0.194372239286995,0.6000383197686437,3.4823101713338134,-0.3691260513176533,0.3691260513176533
4,ring,U1,1.0,0.05370317963702527,6.077052386693443,0.1948237186363154,0.5991265815682931,3.4835490572247485,-0.36952943337994115,0.36952943337994115
4,ring,U1,1.0,0.054954087385762455,6.050909293285762,0.19528622031930432,0.5981926721995723,3.4848158562303784,-0.3699350504665413,0.3699350504665413
4,ring,U1,1.0,0.05623413251903491,6.024167280438009,0.1957600155264878,0.5972360506023752,3.4861111503305686,-0.3703425863590243,0.3703425863590243
4,ring,U1,1.0,0.057543993733715694,5.996813535798611,0.19624538173254352,0.5962561634164476,3.4874355302274513,-0.3707516987692989,0.3707516987692989
4,ring,U1,1.0,0.0588843655355589,5.968835048457305,0.19674260278732816,0.5952524448186767,3.488789595215186,-0.37116201784310454,0.37116201784310454
4,ring,U1,1.0,0.06025595860743578,5.940218612105542,0.19725196900245887,0.5942243163704142,3.490173953024761,-0.3715731445952112,0.3715731445952112
4,ring,U1,1.0,0.06165950018614822,5.9109508288242045,0.19777377723276088,0.5931711868762546,3.4915892196419014,-0.3719846492746247,0.3719846492746247
4,ring,U1,1.0,0.06309573444801933,5.881018113548348,0.19830833095182887,0.5920924522558173,3.4930360190961487,-0.37239606965824634,0.37239606965824634
4,ring,U1,1.0,0.06456542290346556,5.8504066992613435,0.19885594032089826,0.5909874954302227,3.4945149832189144,-0.3728069092716455,0.3728069092716455
4,ring,U1,1.0,0.06606934480075961,5.819102642973954,0.19941692225014304,0.5898556862250651,3.496026751368376,-0.37321663553576967,0.37321663553576967
4,ring,U1,1.0,0.06760829753919818,5.787091832546758,0.1999916004514498,0.5886963812918572,3.497571970118794,-0.3736246778386755,0.3736246778386755
4,ring,U1,1.0,0.06918309709189366,5.754359994417587,0.20058030548164185,0.5875089240500494,3.499151292911851,-0.37403042553167776,0.37403042553167776
4,ring,U1,1.0,0.0707945784384138,5.720892702298725,0.20118337477504322,0.5862926446519221,3.5007653796674147,-0.3744332258496159,0.3744332258496159
4,ring,U1,1.0,0.07244359600749903,5.686675386911876,0.2018011526641852,0.5850468599727847,3.502414896351017,-0.3748323817553375,0.3748323817553375
4,ring,U1,1.0,0.07413102413009177,5.6516933468321096,0.20243399038737514,0.5837708736291248,3.5041005144952555,-0.3752271497089741,0.3752271497089741
4,ring,U1,1.0,0.0758577575029184,5.61593176051528,0.20308224608173997,0.5824639760275339,3.5058229106721885,-0.3756167373630467,0.3756167373630467
4,ring,U1,1.0,0.07762471166286919,5.579375699586568,0.20374628476026496,0.5811254444474304,3.507582765913619,-0.3760003011850451,0.3760003011850451
4,ring,U1,1.0,0.07943282347242818,5.542010143471021,0.2044264782712419,0.5797545431608132,3.5093807650761493,-0.37637694400979826,0.37637694400979826
4,ring,U1,1.0,0.08128305161640995,5.503819995449974,0.20512320523842661,0.5783505235925056,3.5112175961477194,-0.3767457125246372,0.3767457125246372
4,ring,U1,1.0,0.08317637711026708,5.4647901002302435,0.20583685098009444,0.5769126245245584,3.5130939494921947,-0.37710559469122273,0.37710559469122273
4,ring,U1,1.0,0.08511380382023763,5.4249052631157,0.2065678074050641,0.5754400723487353,3.5150105170285624,-0.37745551710880665,0.37745551710880665
4,ring,U1,1.0,0.08709635899560805,5.384150270873465,0.2073164728836334,0.5739320813712345,3.5169679913411365,-0.3777943423247191,0.3777943423247191
4,ring,U1,1.0,0.08912509381337455,5.3425099143891766,0.20808325209124745,0.5723878541740465,3.5189670647171107,-0.37812086609900564,0.37812086609900564
4,ring,U1,1.0,0.09120108393559097,5.299969013207768,0.20886855582258462,0.570806582037618,3.521008428107726,-0.37843381463137005,0.37843381463137005
4,ring,U1,1.0,0.0933254300796991,5.25651244205771,0.20967280077362135,0.56918744542973,3.523092770009291,-0.3787318417599761,0.3787318417599761
4,ring,U1,1.0,0.09549925860214359,5.2121251594577584,0.21049640928908994,0.5675296145657711,3.5252207752602347,-0.3790135261431098,0.3790135261431098
4,ring,U1,1.0,0.09772372209558107,5.166792238505676,0.21133980907261907,0.5658322500458579,3.5273931237503486,-0.37927736843637505,0.37927736843637505
4,ring,U1,1.0,0.1,5.120498899948249,0.21220343285670457,0.5640945035744863,3.5296104890384727,-0.37952178847983953,0.37952178847983953
4,ring,U1,1.0,0.10232929922807547,5.073230547630986,0.21308771802952278,0.5623155187686857,3.5318735368747762,-0.37974512251146253,0.37974512251146253
4,ring,U1,1.0,0.10471285480508996,5.024972806423995,0.2139931062154726,0.5604944320608756,3.5341829236240003,-0.37994562042520363,0.37994562042520363
4,ring,U1,1.0,0.10715193052376071,4.975711562717849,0.2149200428061977,0.5586303737028752,3.5365392945860914,-0.38012144309441986,0.38012144309441986
4,ring,U1,1.0,0.1096478196143185,4.925433007579131,0.2158689764387216,0.5567224688777265,3.5389432822107527,-0.38027065978347596,0.38027065978347596
4,ring,U1,1.0,0.1122018454301963,4.8741236826503584,0.21684035841721824,0.5547698389262196,3.5413955042027476,-0.3803912456730627,0.3803912456730627
4,ring,U1,1.0,0.1148153621496883,4.821770528872213,0.21783464207483128,0.5527716026951665,3.5438965615149356,-0.3804810795272817,0.3804810795272817
4,ring,U1,1.0,0.11748975549395291,4.7683609380980325,0.21885228207187543,0.5507268780146318,3.546447036226433,-0.3805379415334069,0.3805379415334069
4,ring,U1,1.0,0.12022644346174131,4.713882807660516,0.21989373362666811,0.548634783311454,3.5490474893035366,-0.3805595113480389,0.3805595113480389
4,ring,U1,1.0,0.1230268770812381,4.658324597939049,0.2209594516752013,0.5464944393664509,3.551698458241644,-0.38054336638645847,0.38054336638645847
4,ring,U1,1.0,0.12589254117941676,4.601675392962191,0.2220498899558239,0.5443049712227271,3.5544004545867343,-0.3804869803950186,0.3804869803950186
4,ring,U1,1.0,0.12882495516931336,4.543924964064111,0.223165500015103,0.5420655102524895,3.5571539613357452,-0.380387722349557,0.380387722349557
4,ring,U1,1.0,0.13182567385564073,4.48506383659528,0.22430673013107294,0.5397751963896422,3.5599594302156996,-0.38024285572602956,0.38024285572602956
4,ring,U1,1.0,0.13489628825916533,4.425083359667301,0.22547402415013293,0.5374331805352885,3.5628172788423336,-0.38004953819269705,0.38004953819269705
4,ring,U1,1.0,0.13803842646028852,4.363975778887983,0.22666782023397566,0.535038627142984,3.565727887759728,-0.3798048217763278,0.3798048217763278
4,ring,U1,1.0,0.1412537544622754,4.3017343120169595,0.22788854951307144,0.5325907169902294,3.5686915973634625,-0.379505653557891,0.379505653557891
4,ring,U1,1.0,0.1445439770745928,4.238353227442786,0.22913663464345563,0.5300886501422398,3.5717087047109026,-0.37914887695607924,0.37914887695607924
4,ring,U1,1.0,0.1479108388168207,4.1738279253507455,0.230412488263812,0.5275316491134149,3.5747794602233083,-0.3787312336595955,0.3787312336595955
4,ring,U1,1.0,0.15135612484362088,4.108155021415213,0.23171651135019694,0.5249189622312405,3.577904064285808,-0.378249366271487,0.378249366271487
4,ring,U1,1.0,0.1548816618912481,4.041332432812673,0.23304909146613242,0.5222498672064869,3.5810826637526594,-0.3776998217307249,0.3776998217307249
4,ring,U1,1.0,0.15848931924611143,3.973359466310058,0.23441060090627963,0.519523674912541,3.5843153483666543,-0.3770790555776491,0.3770790555776491
4,ring,U1,1.0,0.16218100973589297,3.9042369081393313,0.2358013947324636,0.5167397333755569,3.587602147103229,-0.376383437130807,0.376383437130807
4,ring,U1,1.0,0.16595869074375613,3.8339671153220864,0.23722180870146384,0.513897431975721,3.5909430244513953,-0.37560925564282954,0.37560925564282954
4,ring,U1,1.0,0.16982436524617442,3.762554108058824,0.2386721570847296,0.5109962058584164,3.5943378766455716,-0.3747527275023994,0.3747527275023994
4,ring,U1,1.0,0.17378008287493762,3.690003662745479,0.24015273038101492,0.5080355405523068,3.5977865278641206,-0.3738100045477568,0.3738100045477568
4,ring,U1,1.0,0.1778279410038923,3.616323405126447,0.2416637929238682,0.5050149767894323,3.601288726412433,-0.3727771835545928,0.3727771835545928
4,ring,U1,1.0,0.18197008586099844,3.5415229030378854,0.2432055803869641,0.501934115520255,3.6048441409104,-0.37165031695737105,0.37165031695737105
4,ring,U1,1.0,0.18620871366628675,3.4656137581393716,0.24477829719141167,0.4987926231142294,3.6084523565060844,-0.3704254248580292,0.3704254248580292
4,ring,U1,1.0,0.19054607179632482,3.388609695975395,0.2463821138204456,0.4955902367339086,3.61211287113956,-0.369098508369483,0.369098508369483
4,ring,U1,1.0,0.19498445997580455,3.3105266536527806,0.24801716404826743,0.4923267698678025,3.6158250918828707,-0.3676655643332976,0.3676655643332976
4,ring,U1,1.0,0.19952623149688808,3.231382864365544,0.24968354209128873,0.48900211800423166,3.6195883313840276,-0.36612260144121056,0.36612260144121056
4,ring,U1,1.0,0.20417379446695297,3.1511989379471883,0.25138129969159245,0.48561626442526357,3.6234018044450043,-0.36446565777877815,0.36446565777877815
4,ring,U1,1.0,0.20892961308540386,3.0699979365818426,0.2531104431441068,0.48216928609644844,3.6272646247654037,-0.3626908197962444,0.3626908197962444
4,ring,U1,1.0,0.21379620895022325,2.9878054447623716,0.25487093028072044,0.4786613596246069,3.6311758018851488,-0.3607942426967213,0.3607942426967213
4,ring,U1,1.0,0.21877616239495518,2.9046496325459286,0.25666266742639826,0.4750927672522974,3.6351342383611223,-0.35877217221499214,0.35877217221499214
4,ring,U1,1.0,0.223872113856834,2.820561311127293,0.2584855063442144,0.471463902853888,3.6391387272137603,-0.35662096774163476,0.35662096774163476
4,ring,U1,1.0,0.22908676527677724,2.735573979729121,0.2603392411881323,0.46777527789442025,3.6431879496807107,-0.3543371267269303,0.3543371267269303
4,ring,U1,1.0,0.23442288153199228,2.64972386279688,0.2622236054842646,0.46402752730868607,3.647280473315189,-0.3519173102771404,0.3519173102771404
4,ring,U1,1.0,0.239883291901949,2.5630499364868666,0.26413826916325056,0.4602214152542614,3.6514147504669645,-0.349358369832548,0.349358369832548
4,ring,U1,1.0,0.2454708915685031,2.475593943448907,0.2660828356682364,0.45635784068864343,3.6555891171837276,-0.3466573747922701,0.3466573747922701
4,ring,U1,1.0,0.25118864315095796,2.387400394933075,0.2680568391647225,0.4524378427172322,3.6598017925699287,-0.34381164092564126,0.34381164092564126
4,ring,U1,1.0,0.25703957827688645,2.298516559292482,0.27005974188019977,0.4484626056557544,3.66405087863913,-0.3408187593842412,0.3408187593842412
4,ring,U1,1.0,0.26302679918953814,2.2089924360135322,0.2720909316030121,0.4444334637478737,3.668334360694126,-0.33767662610286014,0.33767662610286014
4,ring,U1,1.0,0.26915348039269166,2.1188807144808868,0.2741497193712009,0.4403519054763232,3.6726501082669785,-0.3343834713522421,0.3343834713522421
4,ring,U1,1.0,0.2754228703338166,2.028236716778091,0.27623533738317957,0.43621957740394984,3.6769958766482613,-0.33093788918196076,0.33093788918196076
4,ring,U1,1.0,0.2818382931264455,1.9371183239354963,0.27834693716289594,0.432038287479665,3.6813693090314636,-0.3273388664686684,0.3273388664686684
4,ring,U1,1.0,0.28840315031266056,1.8455858851653717,0.2804835880126482,0.4278100077436108,3.6857679392945384,-0.32358581126394226,0.32358581126394226
4,ring,U1,1.0,0.2951209226666387,1.7537021097684515,0.2826442757868565,0.4235368763658199,3.6901891954361323,-0.3196785801175257,0.3196785801175257
4,ring,U1,1.0,0.3019951720402016,1.6615319415562229,0.2848279020198383,0.4192211989534675,3.6946304036789175,-0.3156175040366005,0.3156175040366005
4,ring,U1,1.0,0.30902954325135923,1.5691424158066751,0.2870332834399644,0.4148654490635069,3.699088793247059,-0.3114034127304089,0.3114034127304089
4,ring,U1,1.0,0.31622776601683794,1.4766024989567825,0.2892591519013968,0.41047226786006585,3.7035615018188017,-0.3070376567825778,0.3070376567825778
4,ring,U1,1.0,0.32359365692962844,1.383982911429328,0.29150415476301356,0.4060444628595877,3.708045581648959,-0.30252212739153317,0.30252212739153317
4,ring,U1,1.0,0.3311311214825911,1.2913559341928655,0.29376685574192335,0.40158500571130584,3.712538006349448,-0.2978592733226758,0.2978592733226758
4,ring,U1,1.0,0.33884415613920277,1.1987951998573636,0.29604573626635766,0.3970970289662703,3.717035678309319,-0.2930521147251192,0.2930521147251192
4,ring,U1,1.0,0.34673685045253166,1.1063754693119594,0.2983391973494754,0.3925838217948333,3.72153543672885,-0.28810425348081214,0.28810425348081214
4,ring,U1,1.0,0.3548133892335757,1.0141723951103507,0.3006455620019266,0.3880488246202129,3.726034066235465,-0.2830198797751051,0.2830198797751051
4,ring,U1,1.0,0.3630780547701014,0.9222622730009369,0.3029630781967607,0.3834956226444487,3.7305283060425403,-0.27780377460519323,0.27780377460519323
4,ring,U1,1.0,0.3715352290971724,0.8307217831778556,0.30528992239555225,0.3789279382527166,3.7350148596057284,-0.27246130797632173,0.27246130797632173
4,ring,U1,1.0,0.38018939632056126,0.7396277229928137,0.307624203639432,0.37434962229249275,3.739490404725278,-0.26699843257493744,0.26699843257493744
4,ring,U1,1.0,0.3890451449942805,0.6490567330116067,0.3099639682031187,0.3697646442353446,3.7439516040371803,-0.261421672752706,0.261421672752706
4,ring,U1,1.0,0.3981071705534973,0.5590850184207276,0.31230720480411406,0.365177081241116,3.748395115830869,-0.2557381087050469,0.2557381087050469
4,ring,U1,1.0,0.4073802778041126,0.46978806788565913,0.31465185035296445,0.36059110615674883,3.7528176051266064,-0.2499553557818819,0.2499553557818819
4,ring,U1,1.0,0.41686938347033553,0.38124037203061095,0.3169957962240703,0.3560109744949133,3.7572157549420058,-0.24408153892598555,0.24408153892598555
4,ring,U1,1.0,0.42657951880159256,0.2935151437486509,0.31933689501990153,0.35144101045071274,3.761586277673851,-0.23812526229477926,0.23812526229477926
4,ring,U1,1.0,0.4365158322401661,0.2066840425596269,0.3216729677948746,0.34688559202790686,3.7659259265192904,-0.23209557418378768,0.23209557418378768
4,ring,U1,1.0,0.44668359215096304,0.1208169052115634,0.3240018116985381,0.34234913535911876,3.770231506858786,-0.22600192743327363,0.22600192743327363
4,ring,U1,1.0,0.4570881896148752,0.03598148466886448,0.326321207991316,0.3378360783171507,3.7744998875225906,-0.21985413556278796,0.21985413556278796
4,ring,U1,1.0,0.4677351412871981,-0.04775680045016679,0.3286289303798635,0.3333508635266528,3.778728011862596,-0.21366232494052878,0.21366232494052878
4,ring,U1,1.0,0.47863009232263853,-0.13033510403254195,0.3309227536133196,0.32889792089673603,3.782912908552177,-0.20743688335437793,0.20743688335437793
4,ring,U1,1.0,0.48977881936844614,-0.2116933764054641,0.33320046227640515,0.32448164980546185,3.7870517020383936,-0.20118840540834831,0.20118840540834831
4,ring,U1,1.0,0.5011872336272725,-0.29177457238116516,0.33545985971061254,0.3201064010762997,3.791141622573052,-0.1949276352208253,0.1949276352208253
4,ring,U1,1.0,0.5128613839913648,-0.3705248419196612,0.3376987769906638,0.3157764588943991,3.795180015752161,-0.1886654069485129,0.1886654069485129
4,ring,U1,1.0,0.5248074602497729,-0.4478937021067948,0.33991508188022324,0.3114960228166561,3.799164351496832,-0.18241258370143404,0.18241258370143404
4,ring,U1,1.0,0.5370317963702527,-0.5238341893456313,0.34210668768845054,0.30726919003393105,3.803092232412762,-0.17617999544882626,0.17617999544882626
4,ring,U1,1.0,0.5495408738576248,-0.5983029908684167,0.3442715619476299,0.30309993804618157,3.8069614014700415,-0.16997837654253828,0.16997837654253828
4,ring,U1,1.0,0.5623413251903491,-0.671260554889637,0.3464077348317579,0.29899210791162556,3.810769748950059,-0.16381830350281787,0.16381830350281787
4,ring,U1,1.0,0.5754399373371573,-0.7426711789356415,0.3485133072367121,0.294949388229183,3.814515318611795,-0.15771013372064668,0.15771013372064668
4,ring,U1,1.0,0.588843655355589,-0.8125030760988885,0.3505864584445231,0.2909753000093604,3.8181963130355174,-0.15166394573048997,0.15166394573048997
4,ring,U1,1.0,0.6025595860743581,-0.8807284191733138,0.352625453297272,0.28707318258231107,3.8218110981082627,-0.14568948169716484,0.14568948169716484
4,ring,U1,1.0,0.6165950018614822,-0.947323362828137,0.35462864881035355,0.2832461806831256,3.8253582066216953,-0.13979609274034444,0.13979609274034444
4,ring,U1,1.0,0.6309573444801936,-1.0122680441696394,0.35659450016008676,0.27949723284348577,3.8288363409600197,-0.13399268768996098,0.13399268768996098
4,ring,U1,1.0,0.6456542290346556,-1.0755465622212117,0.3585215659870482,0.27582906120576073,3.832244374862314,-0.1282876858257161,0.1282876858257161
4,ring,U1,1.0,0.6606934480075958,-1.137146937020965,0.36040851296384835,0.2722441628605807,3.8355813542510515,-0.12268897410439678,0.12268897410439678
4,ring,U1,1.0,0.6760829753919819,-1.1970610491913354,0.36225411958429105,0.268744802792124,3.8388464971258025,-0.11720386932048565,0.11720386932048565
4,ring,U1,1.0,0.6918309709189363,-1.2552845609762782,0.3640572791398852,0.2653330084970215,3.8420391925286914,-0.11183908557938621,0.11183908557938621
4,ring,U1,1.0,0.707945784384138,-1.3118168198677398,0.3658170018593116,0.2620105663231476,3.845158998595588,-0.10660070738965066,0.10660070738965066
4,ring,U1,1.0,0.7244359600749899,-1.3666607460536941,0.36753241619650845,0.2587790195541122,3.848205639714531,-0.10149416860218596,0.10149416860218596
4,ring,U1,1.0,0.7413102413009177,-1.4198227050150432,0.36920276926347567,0.25563966824414275,3.8511790028204107,-0.09652423734187321,0.09652423734187321
4,ring,U1,1.0,0.7585775750291835,-1.4713123666773777,0.37082742641431926,0.2525935707868009,3.854079132861986,-0.09169500699223265,0.09169500699223265
4,ring,U1,1.0,0.776247116628692,-1.5211425525863655,0.3724058699974726,0.2496415471798895,3.856906227484531,-0.08700989320815844,0.08700989320815844
4,ring,U1,1.0,0.7943282347242814,-1.5693290726218168,0.37393769730312043,0.24678418392842996,3.8596606309778023,-0.0824716368472771,0.0824716368472771
4,ring,U1,1.0,0.8128305161640995,-1.615890552795725,0.37542261774246094,0.24402184050804393,3.862342827545493,-0.07808231262892495,0.07808231262892495
4,ring,U1,1.0,0.8317637711026709,-1.6608482556935709,0.3768604493044171,0.2413546572928885,3.86495343395776,-0.0738433432526796,0.0738433432526796
4,ring,U1,1.0,0.8511380382023768,-1.7042258951164662,0.3782511143435542,0.23878256483572574,3.8674931916536446,-0.06975551863760487,0.06975551863760487
4,ring,U1,1.0,0.8709635899560805,-1.746049446464478,0.37959463476013433,0.2363052943731141,3.8699629583644715,-0.06581901988016703,0.06581901988016703
4,ring,U1,1.0,0.8912509381337459,-1.7863469543694297,0.3808911266393697,0.2339223894162705,3.8723636993329276,-0.06203344747444717,0.06203344747444717
4,ring,U1,1.0,0.9120108393559097,-1.82514833903921,0.38214079442185706,0.23163321827811184,3.8746964782052054,-0.05839785329376734,0.05839785329376734
4,ring,U1,1.0,0.9332543007969915,-1.86248520271625,0.38334392468088213,0.2294369873794396,3.876962447675561,-0.054910775798868605,0.054910775798868605
4,ring,U1,1.0,0.9549925860214359,-1.8983906375811856,0.38450087958471774,0.22733275517226106,3.879162839963506,-0.05157027791467628,0.05157027791467628
4,ring,U1,1.0,0.9772372209558111,-1.932899036350401,0.38561209012320635,0.2253194465158658,3.8812989572039465,-0.04837398700563045,0.04837398700563045
4,ring,U1,1.0,1.0,-1.9660459067242426,0.38667804917782533,0.22339586734144212,3.88337216182971,-0.045319136378249136,0.045319136378249136
4,ring,U1,1.0,1.0232929922807548,-1.997867690743196,0.38769930451317514,0.22156071944360753,3.8853838670241037,-0.04240260774862448,0.04240260774862448
4,ring,U1,1.0,1.0471285480508996,-2.028401590003398,0.3886764517654283,0.21981261524211101,3.8873355273186068,-0.039620974131167275,0.039620974131167275
4,ring,U1,1.0,1.071519305237607,-2.05768539757289,0.38961012749989965,0.21815009236394045,3.8892286294073255,-0.036970542632097536,0.036970542632097536
4,ring,U1,1.0,1.096478196143185,-2.0857573373371086,0.3905010024055941,0.21657162790487047,3.8910646832458107,-0.034447396665935104,0.034447396665935104
4,ring,U1,1.0,1.1220184543019642,-2.112655911388693,0.3913497746895382,0.2150756522399078,3.892845213496925,-0.032047437154197445,0.032047437154197445
4,ring,U1,1.0,1.1481536214968828,-2.138419755963822,0.3921571637280204,0.2136605622638172,3.8945717513813567,-0.029766422311423013,0.029766422311423013
4,ring,U1,1.0,1.1748975549395304,-2.1630875063171966,0.39292390402572097,0.21232473395564203,3.8962458269842495,-0.027600005673009687,0.027600005673009687
4,ring,U1,1.0,1.2022644346174132,-2.1866976708212866,0.393650739527195,0.21106653417464452,3.897868962063685,-0.02554377207104863,0.02554377207104863
4,ring,U1,1.0,1.2302687708123812,-2.209288514474416,0.39433841831850314,0.20988433160899897,3.899442663399966,-0.023593271316811437,0.023593271316811437
4,ring,U1,1.0,1.2589254117941675,-2.2308979519073313,0.39498768775001736,0.20877650681271162,3.9009684167183276,-0.021744049400699628,0.021744049400699628
4,ring,U1,1.0,1.2882495516931336,-2.2515634498900705,0.39559929000473115,0.20774146128028723,3.9024476812108966,-0.01999167707126437,0.01999167707126437
4,ring,U1,1.0,1.3182567385564075,-2.2713219392609907,0.3961739581298791,0.2067776255224317,3.903881884677178,-0.018331775703224973,0.018331775703224973
4,ring,U1,1.0,1.3489628825916533,-2.2902097361278373,0.3967124125433636,0.2058834661193662,3.9052724192956805,-0.016760040409629196,0.016760040409629196
4,ring,U1,1.0,1.3803842646028852,-2.3082624721271805,0.39721535802058716,0.20505749174096496,3.9066206380329445,-0.015272260394591841,0.015272260394591841
4,ring,U1,1.0,1.412537544622754,-2.3255150334731467,0.39768348116167956,0.20429825813479088,3.907927851689982,-0.013864336580231784,0.013864336580231784
4,ring,U1,1.0,1.4454397707459279,-2.342001508479173,0.3981174483340499,0.20360437209407842,3.9091953265801997,-0.012532296573779744,0.012532296573779744
4,ring,U1,1.0,1.4791083881682072,-2.3577551431966994,0.39851790408049675,0.20297449442775503,3.9104242828271647,-0.011272307068752707,0.011272307068752707
4,ring,U1,1.0,1.5135612484362087,-2.372808304782327,0.39888546997896857,0.2024073419636227,3.911615893265192,-0.010080683797047851,0.010080683797047851
4,ring,U1,1.0,1.5488166189124812,-2.387192452178844,0.3992207439363503,0.20190168862386884,3.9127712829207244,-0.008953899167369661,0.008953899167369661
4,ring,U1,1.0,1.584893192461114,-2.4009381136753722,0.39952429989546767,0.20145636561909808,3.9138915290477128,-0.007888587739472208,0.007888587739472208
4,ring,U1,1.0,1.6218100973589298,-2.414074870896784,0.3997966879316868,0.2010702608131378,3.914977661685786,-0.0068815496939432785,0.0068815496939432785
4,ring,U1,1.0,1.6595869074375613,-2.426631348762036,0.40003843471320316,0.20074231731597245,3.916030664706152,-0.005929752463639915,0.005929752463639915
4,ring,U1,1.0,1.6982436524617444,-2.43863521094407,0.4002500442971529,0.2004715313663646,3.9170514773062224,-0.005030330696328522,0.005030330696328522
4,ring,U1,1.0,1.7378008287493762,-2.450113160360514,0.40043199923215034,0.2002569495690717,3.918040995910907,-0.004180584718564306,0.004180584718564306
4,ring,U1,1.0,1.7782794100389228,-2.4610909442233653,0.4005847619366566,0.20009766555410402,3.9190000764353217,-0.0033779776692074437,0.0033779776692074437
4,ring,U1,1.0,1.8197008586099843,-2.4715933631774085,0.4007087763217258,0.19999281612725026,3.9199295368612987,-0.002620131467344522,0.002620131467344522
4,ring,U1,1.0,1.8620871366628675,-2.481644284060453,0.40080446962609356,0.19994157698215406,3.9208301600777595,-0.001904821774447285,0.001904821774447285
4,ring,U1,1.0,1.9054607179632483,-2.4912666558239236,0.40087225443135344,0.1999431580446104,3.921702696933326,-0.0012299721043605993,0.0012299721043605993
4,ring,U1,1.0,1.9498445997580456,-2.5004825281593495,0.40091253082493006,0.19999679851946123,3.922547869448249,-0.0005936472279313154,0.0005936472279313154
4,ring,U1,1.0,1.9952623149688808,-2.509313072385345,0.40092568867888195,0.20010176170958294,3.9233663741320064,5.953988478024641e-06,-5.953988478024641e-06
4,ring,U1,1.0,2.0417379446695296,-2.517778604160377,0.4009121100131062,0.20025732967493368,3.9241588853524854,0.0005705061791119181,-0.0005705061791119181
4,ring,U1,1.0,2.089296130854041,-2.5258986075996583,0.4008721714123319,0.20046279779753529,3.924926058703176,0.0011015653861197183,-0.0011015653861197183
4,ring,U1,1.0,2.1379620895022327,-2.5336917603895506,0.400806246467386,0.20071746931558182,3.9256685343155935,0.0016005771627856102,-0.0016005771627856102
4,ring,U1,1.0,2.1877616239495516,-2.541175959510512,0.4007147082125576,0.20102064988663185,3.9263869400656612,0.002068884765662471,-0.002068884765662471
4,ring,U1,1.0,2.23872113856834,-2.548368347199713,0.40059793153248724,0.2013716422360753,3.927081894625056,0.002507737336926219,-0.002507737336926219
4,ring,U1,1.0,2.2908676527677723,-2.5552853368074064,0.4004562955138789,0.2017697409427919,3.9277540103113333,0.002918297986704399,-0.002918297986704399
4,ring,U1,1.0,2.344228815319923,-2.5619426382267583,0.40029018571942154,0.20221422740918796,3.9284038956942062,0.0033016516936987816,-0.0033016516936987816
4,ring,U1,1.0,2.39883291901949,-2.5683552826052005,0.4000999963636329,0.20270436505764733,3.929032157919373,0.0036588129511159195,-0.0036588129511159195
4,ring,U1,1.0,2.454708915685031,-2.574537646076454,0.39988613237284387,0.20323939478996497,3.9296394047162413,0.003990733093801824,-0.003990733093801824
4,ring,U1,1.0,2.5118864315095797,-2.5805034722857476,0.3996490113142135,0.20381853074056802,3.9302262460610744,0.004298307251568989,-0.004298307251568989
4,ring,U1,1.0,2.570395782768865,-2.586265893516322,0.399389065181449,0.20444095634843648,3.9307932954729203,0.004582380882904857,-0.004582380882904857
4,ring,U1,1.0,2.6302679918953813,-2.591837450262514,0.3991067420277481,0.20510582076665354,3.931341170925914,0.004843755852635079,-0.004843755852635079
4,ring,U1,1.0,2.691534803926917,-2.5972301091332413,0.3988025074393457,0.20581223562261125,3.931870495367947,0.005083196026566483,-0.005083196026566483
4,ring,U1,1.0,2.7542287033381663,-2.60245527900877,0.39847684584584114,0.20655927213616568,3.9323818968425,0.005301432365493852,-0.005301432365493852
4,ring,U1,1.0,2.818382931264455,-2.607523825413049,0.3981302616661627,0.2073459585976205,3.9328760082170384,0.005499167510245817,-0.005499167510245817
4,ring,U1,1.0,2.8840315031266055,-2.6124460831025953,0.3977632802915326,0.2081712782024304,3.9333534665281893,0.005677079858426026,-0.005677079858426026
4,ring,U1,1.0,2.951209226666387,-2.6172318669106396,0.39737644890902707,0.20903416723510138,3.933814911960266,0.00583582714201536,-0.00583582714201536
4,ring,U1,1.0,3.019951720402016,-2.6218904809213703,0.39697033717128494,0.20993351359100879,3.934260986480054,0.005976049523048532,-0.005976049523048532
4,ring,U1,1.0,3.090295432513592,-2.626430726082917,0.396545537719472,0.2108681556218711,3.9346923321564016,0.006098372231733817,-0.006098372231733817
4,ring,U1,1.0,3.1622776601683795,-2.630860906398925,0.3961026665677817,0.21183688128847888,3.9351095891984382,0.0062034077777839425,-0.0062034077777839425
4,ring,U1,1.0,3.2359365692962845,-2.635188833866697,0.39564236335848657,0.21283842760303923,3.9355133937508855,0.006291757771093476,-0.006291757771093476
4,ring,U1,1.0,3.311311214825911,-2.6394218323545022,0.3951652914967763,0.21387148034319076,3.9359043754886915,0.006364014392042705,-0.006364014392042705
4,ring,U1,1.0,3.3884415613920273,-2.6435667406317136,0.3946721381744493,0.2149346740203608,3.936283155056488,0.0064207615548979025,-0.0064207615548979025
4,ring,U1,1.0,3.4673685045253166,-2.64762991478233,0.39416361429080043,0.2160265920866701,3.936650341400582,0.00646257580942633,-0.00646257580942633
4,ring,U1,1.0,3.548133892335757,-2.651617230245603,0.39364045427794736,0.21714576736695015,3.9370065290426304,0.006490027026492484,-0.006490027026492484
4,ring,U1,1.0,3.630780547701014,-2.6555340837363435,0.39310341583628916,0.21829068270556945,3.9373522953448243,0.006503678912657129,-0.006503678912657129
4,ring,U1,1.0,3.715352290971728,-2.659385395302227,0.39255327958391995,0.21945977182152424,3.9376881978161076,0.0065040893969467994,-0.0065040893969467994
4,ring,U1,1.0,3.801893963205613,-2.663175610776138,0.39199084862163774,0.22065142036951857,3.938014771507828,0.006491810929958763,-0.006491810929958763
4,ring,U1,1.0,3.890451449942805,-2.666908704878152,0.3914169480128094,0.22186396720933907,3.938332526545459,0.006467390731508038,-0.006467390731508038
4,ring,U1,1.0,3.981071705534973,-2.670588185214354,0.3908324241748625,0.22309570589058106,3.93864194584027,0.0064313710182068995,-0.0064313710182068995
4,ring,U1,1.0,4.073802778041126,-2.674217097408338,0.3902381441766374,0.2243448863644673,3.9389434830215615,0.006384289236808893,-0.006384289236808893
4,ring,U1,1.0,4.168693834703355,-2.67779803158615,0.3896349949334114,0.22560971693893736,3.939237560626165,0.006326678323157253,-0.006326678323157253
4,ring,U1,1.0,4.265795188015925,-2.6813331304164985,0.389023882289161,0.2268883664971425,3.939524568577308,0.006259067000210283,-0.006259067000210283
4,ring,U1,1.0,4.365158322401661,-2.684824098885685,0.38840572997365225,0.22817896700278137,3.939804862980041,0.006181980122059727,-0.006181980122059727
4,ring,U1,1.0,4.46683592150963,-2.688272215960825,0.38778147842044175,0.22947961631811298,3.9400787652550378,0.006095939064495237,-0.006095939064495237
4,ring,U1,1.0,4.570881896148752,-2.691678348265871,0.3871520834307847,0.23078838136185445,3.940346561626854,0.006001462156439263,-0.006001462156439263
4,ring,U1,1.0,4.677351412871981,-2.6950429658628994,0.38651851466799575,0.23210330163431164,3.940608502976904,0.005899065140850146,-0.005899065140850146
4,ring,U1,1.0,4.786300923226385,-2.698366160196348,0.3858817539670062,0.23342239313589072,3.940864805065339,0.005789261648583732,-0.005789261648583732
4,ring,U1,1.0,4.897788193684462,-2.7016476642209417,0.38524279344476414,0.23474365270251746,3.941115649120025,0.005672563664390617,-0.005672563664390617
4,ring,U1,1.0,5.011872336272725,-2.704886874695089,0.38460263339879064,0.2360650627773644,3.9413611827848234,0.00554948196078886,-0.00554948196078886
4,ring,U1,1.0,5.1286138399136485,-2.7080828765813365,0.3839622799836441,0.23738459663268738,3.941601521413597,0.005420526473229215,-0.005420526473229215
4,ring,U1,1.0,5.248074602497728,-2.711234469454678,0.38332274265821,0.23870022404852909,3.9418367496907876,0.005286206588690279,-0.005286206588690279
4,ring,U1,1.0,5.370317963702527,-2.7143401957785396,0.38268503140067156,0.2400099174466669,3.9420669235543406,0.00514703131981209,-0.00514703131981209
4,ring,U1,1.0,5.4954087385762485,-2.7173983708683704,0.3820501536925469,0.2413116584686166,3.9422920723919126,0.005003509337810463,-0.005003509337810463
4,ring,U1,1.0,5.623413251903491,-2.7204071143242707,0.381419111278311,0.24260344497597025,3.942512201477195,0.00485614883970098,-0.00485614883970098
4,ring,U1,1.0,5.754399373371572,-2.7233643826783283,0.38079289671268257,0.24388329844009277,3.942727294609583,0.004705457228825871,-0.004705457228825871
4,ring,U1,1.0,5.88843655355589,-2.7262680029698982,0.3801724897135089,0.24514927167654585,3.9429373169175457,0.004551940592094628,-0.004551940592094628
4,ring,U1,1.0,6.025595860743581,-2.7291157069339627,0.37955885334418116,0.2463994568678686,3.9431422177838833,0.004396102962682891,-0.004396102962682891
4,ring,U1,1.0,6.165950018614822,-2.7319051654647217,0.37895293005546676,0.2476319938069028,3.943341933849709,0.004238445362968024,-0.004238445362968024
4,ring,U1,1.0,6.309573444801936,-2.734634022999436,0.3783556376223571,0.2488450782820836,3.9435363920534177,0.004079464628984786,-0.004079464628984786
4,ring,U1,1.0,6.456542290346556,-2.737299931456917,0.37776786501683435,0.25003697051639173,3.943725512661133,0.0039196520245254884,-0.0039196520245254884
4,ring,U1,1.0,6.606934480075965,-2.739900583361338,0.37719046826213953,0.25120600356336353,3.943909212246238,0.0037594916598293615,-0.0037594916598293615
4,ring,U1,1.0,6.760829753919819,-2.742433743785557,0.3766242663180093,0.25235059155700545,3.9440874065773546,0.0035994587364209796,-0.0035994587364209796
4,ring,U1,1.0,6.918309709189363,-2.744897280759019,0.37607003704929864,0.253469237707954,3.94426001337672,0.003440017645853777,-0.003440017645853777
4,ring,U1,1.0,7.07945784384138,-2.747289193803388,0.37552851333225273,0.2545605419360156,3.9444269549141744,0.0032816199555474324,-0.0032816199555474324
4,ring,U1,1.0,7.244359600749899,-2.7496076402840184,0.3750003793533616,0.2556232080294527,3.944588160405652,0.00312470231951556,-0.00312470231951556
4,ring,U1,1.0,7.413102413009177,-2.751850959296764,0.37448626715513866,0.2566560502241789,3.944743568189486,0.002969684355229374,-0.002969684355229374
4,ring,U1,1.0,7.585775750291836,-2.7540176928466935,0.37398675348129656,0.2576579991013827,3.9448931276584065,0.0028169665301969182,-0.0028169665301969182
4,ring,U1,1.0,7.76247116628692,-2.756106604117007,0.3735023569706563,0.25862810670992237,3.9450368009299956,0.0026669281027651426,-0.0026669281027651426
4,ring,U1,1.0,7.943282347242813,-2.758116692672213,0.37303353574478254,0.2595655508300269,3.9451745642435716,0.0025199251613534646,-0.0025199251613534646
4,ring,U1,1.0,8.128305161640995,-2.7600472064877293,0.372580685428883,0.2604696383070756,3.9453064090763768,0.00237628880460683,-0.00237628880460683
4,ring,U1,1.0,8.317637711026709,-2.761897650747933,0.37214413763908494,0.2613398073982914,3.9454323429770466,0.002236323502076143,-0.002236323502076143
4,ring,U1,1.0,8.511380382023768,-2.763667793404641,0.37172415896197,0.262175629090641,3.9455523901191403,0.0021003056709540946,-0.0021003056709540946
4,ring,U1,1.0,8.709635899560805,-2.765357667537146,0.3713209504443965,0.2629768073647176,3.9456665915819302,0.001968482499358437,-0.001968482499358437
4,ring,U1,1.0,8.91250938133746,-2.7669675706019956,0.3709346476033893,0.26374317839642086,3.9457750053698626,0.001841071040825426,-0.001841071040825426
4,ring,U1,1.0,9.120108393559097,-2.76849806070476,0.37056532095744643,0.26447470870542605,3.945877706185697,0.0017182575982854775,-0.0017182575982854775
4,ring,U1,1.0,9.332543007969914,-2.7699499500660867,0.37021297707220463,0.26517149227626524,3.9459747849755313,0.0016001974090116278,-0.0016001974090116278
4,ring,U1,1.0,9.549925860214358,-2.771324295889715,0.36987756010527756,0.26583374669393606,3.9460663482665534,0.0014870146352072844,-0.0014870146352072844
4,ring,U1,1.0,9.772372209558112,-2.772622388870126,0.36955895382736403,0.2664618083509048,3.946152517320353,0.0013788026580754398,-0.0013788026580754398
4,ring,U1,1.0,10.0,-2.7738457396019136,0.3692569840896902,0.2670561267958317,3.946233427126191,0.001275624666848163,-0.001275624666848163
4,ring,U1,1.0,10.232929922807536,-2.7749960631712107,0.3689714217015462,0.26761725830605804,3.9463092252595096,0.0011775145282382216,-0.0011775145282382216
4,ring,U1,1.0,10.471285480509007,-2.776075262221933,0.36870198567632323,0.2681458587756158,3.9463800706313363,0.001084477916564186,-0.001084477916564186
4,ring,U1,1.0,10.71519305237607,-2.777085408795881,0.3684483468000696,0.26864267601811703,3.946446132154182,0.000996493680233801,-0.000996493680233801
4,ring,U1,1.0,10.964781961431852,-2.7780287252465063,0.3682101314732598,0.2691085415892826,3.946507587349402,0.0009135154166901582,-0.0009135154166901582
4,ring,U1,1.0,11.220184543019629,-2.778907564521409,0.367986925774217,0.2695443622370335,3.946564620920062,0.0008354732251629748,-0.0008354732251629748
4,ring,U1,1.0,11.481536214968841,-2.779724390099138,0.36777827969142685,0.269951111088102,3.946617423311942,0.0007622756047767076,-0.0007622756047767076
4,ring,U1,1.0,11.748975549395302,-2.7804817558520303,0.3675837114718199,0.2703298186790755,3.9466661892838086,0.0006938114646597437,-0.0006938114646597437
4,ring,U1,1.0,12.02264434617413,-2.7811822860892255,0.3674027120328746,0.2706815639368616,3.9467111165060524,0.0006299522126502755,-0.0006299522126502755
4,ring,U1,1.0,12.30268770812381,-2.781828656013502,0.36723474938806766,0.2710074652089409,3.9467524042049473,0.000570553889918779,-0.000570553889918779
4,ring,U1,1.0,12.589254117941662,-2.782423572802501,0.3670792730376258,0.2713086714376714,3.946790251867448,0.0005154593202316704,-0.0005154593202316704
4,ring,U1,1.0,12.88249551693135,-2.7829697575002865,0.36693571827964133,0.27158635356558736,3.946824858019355,0.0004645002445768931,-0.0004645002445768931
4,ring,U1,1.0,13.182567385564074,-2.7834699278793678,0.36680351040025544,0.27184169625032434,3.9468564190873647,0.0004174994143251176,-0.0004174994143251176
4,ring,U1,1.0,13.489628825916533,-2.783926782407062,0.36668206870569237,0.2720758899587798,3.9468851283533652,0.00037427261892042374,-0.00037427261892042374
4,ring,U1,1.0,13.803842646028839,-2.7843429854238226,0.36657081036330325,0.2722901235006038,3.9469111750071257,0.0003346306271305721,-0.0003346306271305721
4,ring,U1,1.0,14.125375446227554,-2.7847211536155547,0.3664691540233651,0.2724855770513603,3.946934743301611,0.00029838102410928435,-0.00029838102410928435
4,ring,U1,1.0,14.45439770745928,-2.785063843837196,0.36637652319804054,0.27266341570589975,3.946956011813088,0.0002653299297259437,-0.0002653299297259437
4,ring,U1,1.0,14.791083881682072,-2.7853735423215458,0.36629234937858185,0.27282478359284584,3.946975152806588,0.00023528358683133632,-0.00023528358683133632
4,ring,U1,1.0,15.135612484362072,-2.785652655285582,0.36621607487642843,0.2729707985717632,3.946992331705577,0.0002080498111944884,-0.0002080498111944884
4,ring,U1,1.0,15.488166189124827,-2.78590350092667,0.3661471553782817,0.2731025475257071,3.9470077066633555,0.0001834392977531074,-0.0001834392977531074
4,ring,U1,1.0,15.848931924611142,-2.7861283027832022,0.36608506220942805,0.27322108225353586,3.9470214282324307,0.00016126678049865895,-0.00016126678049865895
4,ring,U1,1.0,16.218100973589298,-2.7863291844185176,0.3660292843035269,0.27332741595871435,3.947033639127102,0.00014135204576093408,-0.00014135204576093408
4,ring,U1,1.0,16.595869074375596,-2.786508165373357,0.3659793298807057,0.27342252032438114,3.9470444740736284,0.00012352080080546557,-0.00012352080080546557
4,ring,U1,1.0,16.98243652461746,-2.786667158320735,0.36593472783910824,0.273507323158257,3.9470540597416663,0.00010760540154541864,-0.00010760540154541864
4,ring,U1,1.0,17.378008287493763,-2.786807967347829,0.36589502886800024,0.2735827065855432,3.947062514750193,9.344544476408423e-05,-9.344544476408423e-05
4,ring,U1,1.0,17.78279410038923,-2.7869322872822395,0.3658598062931363,0.2736495057633096,3.9470699497407606,8.088823155949498e-05,-8.088823155949498e-05
4,ring,U1,1.0,18.197008586099827,-2.787041703974663,0.365828656667338,0.273708508085979,3.9470764675107444,6.978910976918051e-05,-6.978910976918051e-05
4,ring,U1,1.0,18.620871366628695,-2.7871376954465292,0.36580120012112577,0.27376045284837386,3.947082163199213,6.0011703952866924e-05,-6.0011703952866924e-05
4,ring,U1,1.0,19.054607179632484,-2.7872216338092994,0.36577708048979796,0.2738060313303533,3.9470871245180876,5.1428042074253e-05,-5.1428042074253e-05
4,ring,U1,1.0,19.498445997580454,-2.7872947878617413,0.3657559652345613,0.27384588726530784,3.9470914320214447,4.3918588385372104e-05,-4.3918588385372104e-05
4,ring,U1,1.0,19.952623149688787,-2.787358326272522,0.365737545176223,0.2738806176536459,3.947095159406067,3.7372192208229293e-05,-3.7372192208229293e-05
4,ring,U1,1.0,20.417379446695318,-2.787413321257576,0.36572153406055213,0.273910773881857,3.9470983738367127,3.1685962338157125e-05,-3.1685962338157125e-05
4,ring,U1,1.0,20.892961308540407,-2.787460752664872,0.36570766797473114,0.2739368631077242,3.9471011362899304,2.676507662835448e-05,-2.676507662835448e-05
4,ring,U1,1.0,21.379620895022324,-2.7875015123831886,0.36569570463438306,0.27395934987272824,3.947103501910728,2.252253614010158e-05,-2.252253614010158e-05
4,ring,U1,1.0,21.87761623949552,-2.7875364089962416,0.36568542256046754,0.2739786579035954,3.947105520376877,1.8878872841021632e-05,-1.8878872841021632e-05
4,ring,U1,1.0,22.387211385683422,-2.787566172608672,0.36567662016493185,0.2739951720662329,3.947107236266095,1.5761819445847536e-05,-1.5761819445847536e-05
4,ring,U1,1.0,22.90867652767775,-2.787591459776133,0.36566911476340186,0.2740092404369339,3.9471086894219347,1.3105949493441571e-05,-1.3105949493441571e-05
4,ring,U1,1.0,23.442288153199225,-2.7876128584776088,0.3656627415324083,0.2740211764576523,3.9471099153146376,1.085229521446962e-05,-1.085229521446962e-05
4,ring,U1,1.0,23.9883291901949,-2.787630893074228,0.36565735242770775,0.27403126114431814,3.947110945393769,8.947950169257979e-06,-8.947950169257979e-06
4,ring,U1,1.0,24.547089156850287,-2.7876460292050482,0.3656528150791816,0.2740397453195351,3.94711180742994,7.345663023183846e-06,-7.345663023183846e-06
4,ring,U1,1.0,25.11886431509582,-2.7876586785764186,0.3656490116766116,0.2740468518435121,3.947112525843323,6.0034282081122825e-06,-6.0034282081122825e-06
4,ring,U1,1.0,25.703957827688647,-2.787669203607678,0.36564583785936233,0.2740527778197253,3.9471131220172193,4.884078604217024e-06,-4.884078604217024e-06
4,ring,U1,1.0,26.302679918953814,-2.7876779219017784,0.36564320162165503,0.27405769675449954,3.9471136145952372,3.954884729262531e-06,-3.954884729262531e-06
4,ring,U1,1.0,26.91534803926914,-2.787685110515192,0.3656410222437447,0.27406176065243404,3.947114019761111,3.187164319129465e-06,-3.187164319129465e-06
4,ring,U1,1.0,27.54228703338169,-2.7876910100067924,0.36563922925790376,0.2740651020323144,3.947114351500458,2.5559055838453304e-06,-2.5559055838453304e-06
4,ring,U1,1.0,28.18382931264455,-2.7876958282505537,0.3656377614567209,0.2740678358508345,3.9471146218441637,2.0394068371842877e-06,-2.0394068371842877e-06
4,ring,U1,1.0,28.84031503126606,-2.7876997440015905,0.3656365659498396,0.27407006132404027,3.94711484109328,1.6189346487838208e-06,-1.6189346487838208e-06
4,ring,U1,1.0,29.51209226666384,-2.787702910209427,0.36563559727393036,0.27407186363889546,3.947115018025623,1.2784021454770311e-06,-1.2784021454770311e-06
4,ring,U1,1.0,30.199517204020193,-2.7877054570763353,0.3656348165594075,0.2740733155497143,3.947115160084439,1.0040686115875275e-06,-1.0040686115875275e-06
4,ring,U1,1.0,30.90295432513592,-2.7877074948620875,0.36563419075620546,0.2740744788563833,3.947115273549692,7.842610796338079e-07,-7.842610796338079e-07
4,ring,U1,1.0,31.622776601683793,-2.787709116439554,0.3656336919198113,0.27407540576328865,3.947115363692643,6.091182054301925e-07,-6.091182054301925e-07
4,ring,U1,1.0,32.35936569296281,-2.787710399608292,0.3656332965577461,0.2740761401196632,3.947115434914564,4.703563638575048e-07,-4.703563638575048e-07
4,ring,U1,1.0,33.11311214825915,-2.7877114091754596,0.36563298503578323,0.2740767185436423,3.947115490870454,3.610575827206475e-07,-3.610575827206475e-07
4,ring,U1,1.0,33.884415613920275,-2.787712198815273,0.3656327410424084,0.27407717143367716,3.9471155345787334,2.754786616598892e-07,-2.754786616598892e-07
4,ring,U1,1.0,34.673685045253166,-2.7877128127196316,0.36563255110936155,0.2740775238720937,3.947115568517912,2.08880598817629e-07,-2.08880598817629e-07
4,ring,U1,1.0,35.481338923357534,-2.7877132870536165,0.36563240418555665,0.2740777964264952,3.9471155947112613,1.5737727365738863e-07,-1.5737727365738863e-07
4,ring,U1,1.0,36.30780547701018,-2.787713651230248,0.36563229126124613,0.2740780058554083,3.947115614800504,1.1780218178714108e-07,-1.1780218178714108e-07
4,ring,U1,1.0,37.15352290971728,-2.787713929019317,0.3656322050389881,0.27407816572506916,3.947115630109547,8.759194436436246e-08,-8.759194436436246e-08
4,ring,U1,1.0,38.018939632056124,-2.7877141395051535,0.3656321396477605,0.2740782869445482,3.947115641699243,6.468522317781833e-08,-6.468522317781833e-08
4,ring,U1,1.0,38.904514499428046,-2.787714297908041,0.36563209039646305,0.2740783782265461,3.9471156504141276,4.743567272313953e-08,-4.743567272313953e-08
4,ring,U1,1.0,39.81071705534978,-2.78771441628361,0.3656320535630211,0.274078446481168,3.9471156569220316,3.453754793270036e-08,-3.453754793270036e-08
4,ring,U1,1.0,40.7380277804113,-2.787714504113943,0.36563202621536495,0.2740784971498305,3.9471156617474334,2.4962619082913307e-08,-2.4962619082913307e-08
4,ring,U1,1.0,41.68693834703355,-2.7877145688034006,0.3656320060606714,0.27407853448618064,3.9471156652993242,1.7907092475510922e-08,-1.7907092475510922e-08
4,ring,U1,1.0,42.65795188015925,-2.7877146160913506,0.3656319913194327,0.2740785617905576,3.947115667894337,1.2747313649086323e-08,-1.2747313649086323e-08
4,ring,U1,1.0,43.65158322401656,-2.7877146503930192,0.36563198062112306,0.2740785816040901,3.9471156697757785,9.003089385117846e-09,-9.003089385117846e-09
4,ring,U1,1.0,44.668359215096345,-2.787714675078744,0.36563197291848126,0.27407859586805605,3.947115671129191,6.307578237496614e-09,-6.307578237496614e-09
4,ring,U1,1.0,45.708818961487516,-2.787714692700889,0.3656319674176821,0.2740786060536216,3.9471156720949567,4.382772145206104e-09,-4.382772145206104e-09
4,ring,U1,1.0,46.77351412871981,-2.787714705176695,0.3656319635219443,0.27407861326656346,3.9471156727784433,3.0197122580233327e-09,-3.0197122580233327e-09
4,ring,U1,1.0,47.863009232263806,-2.787714713934357,0.3656319607863857,0.27407861833105923,3.9471156732580823,2.062652049161784e-09,-2.062652049161784e-09
4,ring,U1,1.0,48.97788193684466,-2.7877147200287222,0.36563195888220906,0.2740786218561368,3.947115673591765,1.3965011369521108e-09,-1.3965011369521108e-09
4,ring,U1,1.0,50.11872336272725,-2.787714724232103,0.365631957568546,0.27407862428789337,3.9471156738218554,9.36960287134525e-10,-9.36960287134525e-10
4,ring,U1,1.0,51.28613839913648,-2.787714727104908,0.36563195667052834,0.2740786259501527,3.9471156739790785,6.22834450680898e-10,-6.22834450680898e-10
4,ring,U1,1.0,52.48074602497723,-2.787714729050071,0.3656319560623702,0.27407862707582226,3.947115674085513,4.101106121368048e-10,-4.101106121368048e-10
4,ring,U1,1.0,53.70317963702533,-2.7877147303545926,0.36563195565444245,0.27407862783084624,3.9471156741568816,2.674294119486831e-10,-2.674294119486831e-10
4,ring,U1,1.0,54.954087385762485,-2.787714731220944,0.3656319553834935,0.2740786283323225,3.947115674204272,1.7266277296812405e-10,-1.7266277296812405e-10
4,ring,U1,1.0,56.23413251903491,-2.78771473179056,0.3656319552053256,0.27407862866206834,3.9471156742354263,1.1034906322038296e-10,-1.1034906322038296e-10
4,ring,U1,1.0,57.543993733715666,-2.787714732161252,0.365631955089366,0.2740786288766764,3.9471156742556994,6.979328226464077e-11,-6.979328226464077e-11
4,ring,U1,1.0,58.884365535558956,-2.787714732399968,0.36563195501468404,0.27407862901488805,3.947115674268752,4.367395334270441e-11,-4.367395334270441e-11
4,ring,U1,1.0,60.25595860743581,-2.7877147325520513,0.3656319549671016,0.2740786291029463,3.9471156742770686,2.7033486560412712e-11,-2.7033486560412712e-11
4,ring,U1,1.0,61.65950018614822,-2.787714732647881,0.36563195493711714,0.2740786291584356,3.9471156742823075,1.6547430092828108e-11,-1.6547430092828108e-11
4,ring,U1,1.0,63.0957344480193,-2.787714732707588,0.3656319549184342,0.27407862919301007,3.9471156742855724,1.0013545548304137e-11,-1.0013545548304137e-11
4,ring,U1,1.0,64.56542290346563,-2.787714732744363,0.3656319549069266,0.2740786292143058,3.9471156742875837,5.9894311732477945e-12,-5.9894311732477945e-12
4,ring,U1,1.0,66.06934480075964,-2.7877147327667466,0.3656319548999217,0.2740786292272685,3.9471156742888067,3.539613047109924e-12,-3.539613047109924e-12
4,ring,U1,1.0,67.60829753919819,-2.7877147327802088,0.36563195489570904,0.2740786292350644,3.9471156742895435,2.0665691380372664e-12,-2.0665691380372664e-12
4,ring,U1,1.0,69.18309709189363,-2.7877147327882046,0.3656319548932066,0.27407862923969506,3.9471156742899796,1.191491350027718e-12,-1.191491350027718e-12
4,ring,U1,1.0,70.79457843841388,-2.7877147327928937,0.36563195489173883,0.27407862924241116,3.947115674290236,6.781242234410456e-13,-6.781242234410456e-13
4,ring,U1,1.0,72.44359600749905,-2.7877147327956093,0.3656319548908889,0.27407862924398374,3.9471156742903837,3.808064974464287e-13,-3.808064974464287e-13
4,ring,U1,1.0,74.13102413009177,-2.7877147327971614,0.36563195489040345,0.27407862924488247,3.94711567429047,2.1116441928370477e-13,-2.1116441928370477e-13
4,ring,U1,1.0,75.85775750291836,-2.7877147327980363,0.36563195489012973,0.27407862924538895,3.947115674290518,1.156852391659413e-13,-1.156852391659413e-13
4,ring,U1,1.0,77.62471166286912,-2.7877147327985217,0.36563195488997746,0.27407862924567045,3.947115674290543,6.195044477408373e-14,-6.195044477408373e-14
4,ring,U1,1.0,79.43282347242821,-2.7877147327987886,0.3656319548898941,0.27407862924582477,3.947115674290558,3.2862601528904634e-14,-3.2862601528904634e-14
4,ring,U1,1.0,81.28305161640995,-2.787714732798933,0.3656319548898491,0.2740786292459082,3.947115674290566,1.7319479184152442e-14,-1.7319479184152442e-14
4,ring,U1,1.0,83.17637711026708,-2.787714732799009,0.3656319548898251,0.27407862924595255,3.94711567429057,8.881784197001252e-15,-8.881784197001252e-15
4,ring,U1,1.0,85.11380382023759,-2.7877147327990492,0.3656319548898125,0.2740786292459758,3.947115674290572,4.440892098500626e-15,-4.440892098500626e-15
4,ring,U1,1.0,87.09635899560814,-2.7877147327990697,0.36563195488980604,0.27407862924598775,3.9471156742905733,2.220446049250313e-15,-2.220446049250313e-15
4,ring,U1,1.0,89.12509381337459,-2.7877147327990803,0.3656319548898027,0.2740786292459939,3.947115674290574,8.881784197001252e-16,-8.881784197001252e-16
4,ring,U1,1.0,91.20108393559097,-2.787714732799085,0.36563195488980105,0.2740786292459969,3.947115674290574,2.220446049250313e-16,-2.220446049250313e-16
4,ring,U1,1.0,93.32543007969905,-2.7877147327990883,0.36563195488980027,0.27407862924599846,3.9471156742905746,2.220446049250313e-16,-2.220446049250313e-16
4,ring,U1,1.0,95.49925860214368,-2.787714732799089,0.36563195488979994,0.2740786292459992,3.9471156742905746,0.0,-0.0
4,ring,U1,1.0,97.72372209558111,-2.7877147327990905,0.3656319548897997,0.2740786292459995,3.947115674290575,0.0,-0.0
4,ring,U1,1.0,100.0,-2.7877147327990905,0.36563195488979966,0.2740786292459997,3.9471156742905746,2.220446049250313e-16,-2.220446049250313e-16
4,ring,U1,1.0,102.32929922807536,-2.787714732799091,0.3656319548897996,0.27407862924599974,3.947115674290575,0.0,-0.0
4,ring,U1,1.0,104.71285480509006,-2.7877147327990905,0.36563195488979955,0.27407862924599974,3.947115674290574,0.0,-0.0
4,ring,U1,1.0,107.1519305237607,-2.7877147327990905,0.36563195488979955,0.2740786292459998,3.9471156742905746,0.0,-0.0
4,ring,U1,1.0,109.64781961431851,-2.7877147327990905,0.36563195488979955,0.2740786292459998,3.9471156742905746,0.0,-0.0
4,ring,U1,1.0,112.2018454301963,-2.7877147327990905,0.36563195488979955,0.2740786292459998,3.9471156742905746,0.0,-0.0
4,ring,U1,1.0,114.81536214968841,-2.7877147327990905,0.36563195488979955,0.2740786292459998,3.9471156742905746,0.0,-0.0
4,ring,U1,1.0,117.48975549395303,-2.7877147327990905,0.36563195488979955,0.2740786292459998,3.9471156742905746,0.0,-0.0
4,ring,U1,1.0,120.22644346174131,-2.7877147327990905,0.36563195488979955,0.2740786292459998,3.9471156742905746,0.0,-0.0
4,ring,U1,1.0,123.02687708123811,-2.7877147327990905,0.36563195488979955,0.2740786292459998,3.9471156742905746,0.0,-0.0
4,ring,U1,1.0,125.89254117941688,-2.7877147327990905,0.36563195488979955,0.2740786292459998,3.9471156742905746,0.0,-0.0
4,ring,U1,1.0,128.82495516931348,-2.7877147327990905,0.36563195488979955,0.2740786292459998,3.9471156742905746,0.0,-0.0
4,ring,U1,1.0,131.82567385564073,-2.7877147327990905,0.36563195488979955,0.2740786292459998,3.9471156742905746,0.0,-0.0
4,ring,U1,1.0,134.89628825916532,-2.7877147327990905,0.36563195488979955,0.2740786292459998,3.9471156742905746,0.0,-0.0
4,ring,U1,1.0,138.03842646028838,-2.7877147327990905,0.36563195488979955,0.2740786292459998,3.9471156742905746,0.0,-0.0
4,ring,U1,1.0,141.25375446227554,-2.7877147327990905,0.36563195488979955,0.2740786292459998,3.9471156742905746,0.0,-0.0
4,ring,U1,1.0,144.5439770745928,-2.7877147327990905,0.36563195488979955,0.2740786292459998,3.9471156742905746,0.0,-0.0
4,ring,U1,1.0,147.91083881682073,-2.7877147327990905,0.36563195488979955,0.2740786292459998,3.9471156742905746,0.0,-0.0
4,ring,U1,1.0,151.3561248436207,-2.7877147327990905,0.36563195488979955,0.2740786292459998,3.9471156742905746,0.0,-0.0
4,ring,U1,1.0,154.88166189124829,-2.7877147327990905,0.36563195488979955,0.2740786292459998,3.9471156742905746,0.0,-0.0
4,ring,U1,1.0,158.48931924611142,-2.7877147327990905,0.36563195488979955,0.2740786292459998,3.9471156742905746,0.0,-0.0
4,ring,U1,1.0,162.18100973589299,-2.7877147327990905,0.36563195488979955,0.2740786292459998,3.9471156742905746,0.0,-0.0
4,ring,U1,1.0,165.95869074375597,-2.7877147327990905,0.36563195488979955,0.2740786292459998,3.9471156742905746,0.0,-0.0
4,ring,U1,1.0,169.8243652461746,-2.7877147327990905,0.36563195488979955,0.2740786292459998,3.9471156742905746,0.0,-0.0
4,ring,U1,1.0,173.78008287493762,-2.7877147327990905,0.36563195488979955,0.2740786292459998,3.9471156742905746,0.0,-0.0
4,ring,U1,1.0,177.82794100389228,-2.7877147327990905,0.36563195488979955,0.2740786292459998,3.9471156742905746,0.0,-0.0
4,ring,U1,1.0,181.97008586099827,-2.7877147327990905,0.36563195488979955,0.2740786292459998,3.9471156742905746,0.0,-0.0
4,ring,U1,1.0,186.20871366628694,-2.7877147327990905,0.36563195488979955,0.2740786292459998,3.9471156742905746,0.0,-0.0
4,ring,U1,1.0,190.54607179632484,-2.7877147327990905,0.36563195488979955,0.2740786292459998,3.9471156742905746,0.0,-0.0
4,ring,U1,1.0,194.98445997580455,-2.7877147327990905,0.36563195488979955,0.2740786292459998,3.9471156742905746,0.0,-0.0
4,ring,U1,1.0,199.52623149688787,-2.7877147327990905,0.36563195488979955,0.2740786292459998,3.9471156742905746,0.0,-0.0
4,ring,U1,1.0,204.17379446695315,-2.7877147327990905,0.36563195488979955,0.2740786292459998,3.9471156742905746,0.0,-0.0
4,ring,U1,1.0,208.92961308540407,-2.7877147327990905,0.36563195488979955,0.2740786292459998,3.9471156742905746,0.0,-0.0
4,ring,U1,1.0,213.79620895022325,-2.7877147327990905,0.36563195488979955,0.2740786292459998,3.9471156742905746,0.0,-0.0
4,ring,U1,1.0,218.77616239495518,-2.7877147327990905,0.36563195488979955,0.2740786292459998,3.9471156742905746,0.0,-0.0
4,ring,U1,1.0,223.87211385683423,-2.7877147327990905,0.36563195488979955,0.2740786292459998,3.9471156742905746,0.0,-0.0
4,ring,U1,1.0,229.08676527677747,-2.7877147327990905,0.36563195488979955,0.2740786292459998,3.9471156742905746,0.0,-0.0
4,ring,U1,1.0,234.42288153199226,-2.7877147327990905,0.36563195488979955,0.2740786292459998,3.9471156742905746,0.0,-0.0
4,ring,U1,1.0,239.88329190194898,-2.7877147327990905,0.36563195488979955,0.2740786292459998,3.9471156742905746,0.0,-0.0
4,ring,U1,1.0,245.47089156850285,-2.7877147327990905,0.36563195488979955,0.2740786292459998,3.9471156742905746,0.0,-0.0
4,ring,U1,1.0,251.18864315095823,-2.7877147327990905,0.36563195488979955,0.2740786292459998,3.9471156742905746,0.0,-0.0
4,ring,U1,1.0,257.03957827688646,-2.7877147327990905,0.36563195488979955,0.2740786292459998,3.9471156742905746,0.0,-0.0
4,ring,U1,1.0,263.02679918953817,-2.7877147327990905,0.36563195488979955,0.2740786292459998,3.9471156742905746,0.0,-0.0
4,ring,U1,1.0,269.1534803926914,-2.7877147327990905,0.36563195488979955,0.2740786292459998,3.9471156742905746,0.0,-0.0
4,ring,U1,1.0,275.4228703338169,-2.7877147327990905,0.36563195488979955,0.2740786292459998,3.9471156742905746,0.0,-0.0
4,ring,U1,1.0,281.8382931264455,-2.7877147327990905,0.36563195488979955,0.2740786292459998,3.9471156742905746,0.0,-0.0
4,ring,U1,1.0,288.40315031266056,-2.7877147327990905,0.36563195488979955,0.2740786292459998,3.9471156742905746,0.0,-0.0
4,ring,U1,1.0,295.1209226666384,-2.7877147327990905,0.36563195488979955,0.2740786292459998,3.9471156742905746,0.0,-0.0
4,ring,U1,1.0,301.9951720402019,-2.7877147327990905,0.36563195488979955,0.2740786292459998,3.9471156742905746,0.0,-0.0
4,ring,U1,1.0,309.0295432513592,-2.7877147327990905,0.36563195488979955,0.2740786292459998,3.9471156742905746,0.0,-0.0
4,ring,U1,1.0,316.22776601683796,-2.7877147327990905,0.36563195488979955,0.2740786292459998,3.9471156742905746,0.0,-0.0
4,ring,U1,1.0,323.5936569296281,-2.7877147327990905,0.36563195488979955,0.2740786292459998,3.9471156742905746,0.0,-0.0
4,ring,U1,1.0,331.1311214825914,-2.7877147327990905,0.36563195488979955,0.2740786292459998,3.9471156742905746,0.0,-0.0
4,ring,U1,1.0,338.84415613920277,-2.7877147327990905,0.36563195488979955,0.2740786292459998,3.9471156742905746,0.0,-0.0
4,ring,U1,1.0,346.73685045253166,-2.7877147327990905,0.36563195488979955,0.2740786292459998,3.9471156742905746,0.0,-0.0
4,ring,U1,1.0,354.8133892335753,-2.7877147327990905,0.36563195488979955,0.2740786292459998,3.9471156742905746,0.0,-0.0
4,ring,U1,1.0,363.07805477010174,-2.7877147327990905,0.36563195488979955,0.2740786292459998,3.9471156742905746,0.0,-0.0
4,ring,U1,1.0,371.53522909717276,-2.7877147327990905,0.36563195488979955,0.2740786292459998,3.9471156742905746,0.0,-0.0
4,ring,U1,1.0,380.1893963205613,-2.7877147327990905,0.36563195488979955,0.2740786292459998,3.9471156742905746,0.0,-0.0
4,ring,U1,1.0,389.04514499428046,-2.7877147327990905,0.36563195488979955,0.2740786292459998,3.9471156742905746,0.0,-0.0
4,ring,U1,1.0,398.1071705534977,-2.7877147327990905,0.36563195488979955,0.2740786292459998,3.9471156742905746,0.0,-0.0
4,ring,U1,1.0,407.380277804113,-2.7877147327990905,0.36563195488979955,0.2740786292459998,3.9471156742905746,0.0,-0.0
4,ring,U1,1.0,416.8693834703355,-2.7877147327990905,0.36563195488979955,0.2740786292459998,3.9471156742905746,0.0,-0.0
4,ring,U1,1.0,426.57951880159254,-2.7877147327990905,0.36563195488979955,0.2740786292459998,3.9471156742905746,0.0,-0.0
4,ring,U1,1.0,436.51583224016565,-2.7877147327990905,0.36563195488979955,0.2740786292459998,3.9471156742905746,0.0,-0.0
4,ring,U1,1.0,446.6835921509635,-2.7877147327990905,0.36563195488979955,0.2740786292459998,3.9471156742905746,0.0,-0.0
4,ring,U1,1.0,457.0881896148752,-2.7877147327990905,0.36563195488979955,0.2740786292459998,3.9471156742905746,0.0,-0.0
4,ring,U1,1.0,467.73514128719813,-2.7877147327990905,0.36563195488979955,0.2740786292459998,3.9471156742905746,0.0,-0.0
4,ring,U1,1.0,478.630092322638,-2.7877147327990905,0.36563195488979955,0.2740786292459998,3.9471156742905746,0.0,-0.0
4,ring,U1,1.0,489.77881936844665,-2.7877147327990905,0.36563195488979955,0.2740786292459998,3.9471156742905746,0.0,-0.0
4,ring,U1,1.0,501.18723362727246,-2.7877147327990905,0.36563195488979955,0.2740786292459998,3.9471156742905746,0.0,-0.0
4,ring,U1,1.0,512.8613839913648,-2.7877147327990905,0.36563195488979955,0.2740786292459998,3.9471156742905746,0.0,-0.0
4,ring,U1,1.0,524.8074602497722,-2.7877147327990905,0.36563195488979955,0.2740786292459998,3.9471156742905746,0.0,-0.0
4,ring,U1,1.0,537.0317963702532,-2.7877147327990905,0.36563195488979955,0.2740786292459998,3.9471156742905746,0.0,-0.0
4,ring,U1,1.0,549.5408738576248,-2.7877147327990905,0.36563195488979955,0.2740786292459998,3.9471156742905746,0.0,-0.0
4,ring,U1,1.0,562.341325190349,-2.7877147327990905,0.36563195488979955,0.2740786292459998,3.9471156742905746,0.0,-0.0
4,ring,U1,1.0,575.4399373371566,-2.7877147327990905,0.36563195488979955,0.2740786292459998,3.9471156742905746,0.0,-0.0
4,ring,U1,1.0,588.8436553555896,-2.7877147327990905,0.36563195488979955,0.2740786292459998,3.9471156742905746,0.0,-0.0
4,ring,U1,1.0,602.5595860743581,-2.7877147327990905,0.36563195488979955,0.2740786292459998,3.9471156742905746,0.0,-0.0
4,ring,U1,1.0,616.5950018614822,-2.7877147327990905,0.36563195488979955,0.2740786292459998,3.9471156742905746,0.0,-0.0
4,ring,U1,1.0,630.957344480193,-2.7877147327990905,0.36563195488979955,0.2740786292459998,3.9471156742905746,0.0,-0.0
4,ring,U1,1.0,645.6542290346563,-2.7877147327990905,0.36563195488979955,0.2740786292459998,3.9471156742905746,0.0,-0.0
4,ring,U1,1.0,660.6934480075964,-2.7877147327990905,0.36563195488979955,0.2740786292459998,3.9471156742905746,0.0,-0.0
4,ring,U1,1.0,676.0829753919819,-2.7877147327990905,0.36563195488979955,0.2740786292459998,3.9471156742905746,0.0,-0.0
4,ring,U1,1.0,691.8309709189363,-2.7877147327990905,0.36563195488979955,0.2740786292459998,3.9471156742905746,0.0,-0.0
4,ring,U1,1.0,707.9457843841387,-2.7877147327990905,0.36563195488979955,0.2740786292459998,3.9471156742905746,0.0,-0.0
4,ring,U1,1.0,724.4359600749906,-2.7877147327990905,0.36563195488979955,0.2740786292459998,3.9471156742905746,0.0,-0.0
4,ring,U1,1.0,741.3102413009177,-2.7877147327990905,0.36563195488979955,0.2740786292459998,3.9471156742905746,0.0,-0.0
4,ring,U1,1.0,758.5775750291835,-2.7877147327990905,0.36563195488979955,0.2740786292459998,3.9471156742905746,0.0,-0.0
4,ring,U1,1.0,776.2471166286912,-2.7877147327990905,0.36563195488979955,0.2740786292459998,3.9471156742905746,0.0,-0.0
4,ring,U1,1.0,794.3282347242822,-2.7877147327990905,0.36563195488979955,0.2740786292459998,3.9471156742905746,0.0,-0.0
4,ring,U1,1.0,812.8305161640995,-2.7877147327990905,0.36563195488979955,0.2740786292459998,3.9471156742905746,0.0,-0.0
4,ring,U1,1.0,831.7637711026708,-2.7877147327990905,0.36563195488979955,0.2740786292459998,3.9471156742905746,0.0,-0.0
4,ring,U1,1.0,851.1380382023759,-2.7877147327990905,0.36563195488979955,0.2740786292459998,3.9471156742905746,0.0,-0.0
4,ring,U1,1.0,870.9635899560815,-2.7877147327990905,0.36563195488979955,0.2740786292459998,3.9471156742905746,0.0,-0.0
4,ring,U1,1.0,891.2509381337459,-2.7877147327990905,0.36563195488979955,0.2740786292459998,3.9471156742905746,0.0,-0.0
4,ring,U1,1.0,912.0108393559096,-2.7877147327990905,0.36563195488979955,0.2740786292459998,3.9471156742905746,0.0,-0.0
4,ring,U1,1.0,933.2543007969905,-2.7877147327990905,0.36563195488979955,0.2740786292459998,3.9471156742905746,0.0,-0.0
4,ring,U1,1.0,954.9925860214369,-2.7877147327990905,0.36563195488979955,0.2740786292459998,3.9471156742905746,0.0,-0.0
4,ring,U1,1.0,977.2372209558112,-2.7877147327990905,0.36563195488979955,0.2740786292459998,3.9471156742905746,0.0,-0.0
4,ring,U1,1.0,1000.0,-2.7877147327990905,0.36563195488979955,0.2740786292459998,3.9471156742905746,0.0,-0.0
4,ring,U1,1.0,inf,-2.7877147327990905,0.36563195488979955,0.2740786292459998,3.9471156742905746,0.0,0.0
4,ring,U5,5.0,0.0,35.99999999999999,0.17556365302394775,0.6380952380952383,3.428571428571429,-1.7289077756617015,1.7289077756617015
4,ring,U5,5.0,0.001,35.890584084438196,0.1772938255978877,0.6345885027392053,3.4336982725407945,-1.731405475411047,1.731405475411047
4,ring,U5,5.0,0.0010232929922807535,35.8880407646077,0.1773341558634787,0.6345067749665169,3.4338173102780893,-1.7314613734226754,1.7314613734226754
4,ring,U5,5.0,0.0010471285480508996,35.88543845363332,0.17737542688824118,0.6344231414475631,3.433939102761443,-1.731518465968228,1.731518465968228
4,ring,U5,5.0,0.001071519305237606,35.882775789263654,0.17741766064605088,0.6343375577002404,3.4340637133085017,-1.73157677580578,1.73157677580578
4,ring,U5,5.0,0.0010964781961431851,35.88005137807582,0.17746087962529392,0.6342499782024099,3.4341912066717506,-1.7316363259847734,1.7316363259847734
4,ring,U5,5.0,0.001122018454301963,35.87726379477605,0.17750510684096327,0.6341603563675143,3.434321649070046,-1.731697139841593,1.731697139841593
4,ring,U5,5.0,0.0011481536214968829,35.874411581484864,0.17755036584704065,0.6340686445196254,3.4344551082207944,-1.7317592409943954,1.7317592409943954
4,ring,U5,5.0,0.001174897554939529,35.871493247007315,0.1775966807491734,0.6339747938679006,3.434591653372792,-1.731822653337419,1.731822653337419
4,ring,U5,5.0,0.001202264434617413,35.8685072660874,0.1776440762176486,0.6338787544804423,3.434731355339727,-1.7318874010344452,1.7318874010344452
4,ring,U5,5.0,0.0012302687708123812,35.86545207864653,0.17769257750067746,0.633780475257541,3.4348742865343564,-1.7319535085116247,1.7319535085116247
4,ring,U5,5.0,0.0012589254117941675,35.86232608900589,0.17774221043798968,0.6336799039042913,3.4350205210033824,-1.732021000449345,1.732021000449345
4,ring,U5,5.0,0.0012882495516931337,35.859127665092245,0.17779300147475283,0.6335769869025623,3.435170134463016,-1.732089901773385,1.732089901773385
4,ring,U5,5.0,0.0013182567385564075,35.85585513762685,0.17784497767582108,0.6334716694823103,3.4353232043352695,-1.7321602376451457,1.7321602376451457
4,ring,U5,5.0,0.0013489628825916532,35.85250679929728,0.17789816674031825,0.633363895592217,3.435479809784944,-1.7322320334508055,1.7322320334508055
4,ring,U5,5.0,0.0013803842646028853,35.84908090391174,0.17795259701656863,0.6332536078696375,3.435640031757379,-1.7323053147896061,1.7323053147896061
4,ring,U5,5.0,0.001412537544622754,35.8455756655357,0.17800829751738007,0.6331407476098464,3.4358039530169324,-1.732380107460977,1.732380107460977
4,ring,U5,5.0,0.001445439770745928,35.84198925761024,0.17806529793568834,0.6330252547345531,3.435971658186208,-1.7324564374505425,1.7324564374505425
4,ring,U5,5.0,0.0014791083881682072,35.83831981205214,0.17812362866057282,0.6329070677596866,3.436143233786061,-1.732534330914942,1.732534330914942
4,ring,U5,5.0,0.0015135612484362087,35.834565418335174,0.1781833207936504,0.632786123762419,3.4363187682763865,-1.732613814165374,1.732613814165374
4,ring,U5,5.0,0.0015488166189124811,35.83072412255216,0.1782444061658559,0.632662358347418,3.436498352097675,-1.7326949136497252,1.7326949136497252
4,ring,U5,5.0,0.001584893192461114,35.82679392645787,0.17830691735462348,0.6325357056123018,3.4366820777133755,-1.7327776559334511,1.7327776559334511
4,ring,U5,5.0,0.0016218100973589297,35.82277278649181,0.17837088770146936,0.6324060981122931,3.4368700396530834,-1.7328620676787283,1.7328620676787283
4,ring,U5,5.0,0.0016595869074375613,35.81865861278133,0.17843635132999403,0.6322734668240352,3.4370623345565168,-1.7329481756221972,1.7329481756221972
4,ring,U5,5.0,0.0016982436524617442,35.81444926812379,0.17850334316430932,0.6321377411085656,3.4372590612183553,-1.7330360065509502,1.7330360065509502
4,ring,U5,5.0,0.0017378008287493763,35.810142566948464,0.17857189894790074,0.6319988486734207,3.4374603206338907,-1.7331255872767848,1.7331255872767848
4,ring,U5,5.0,0.0017782794100389228,35.8057362742569,0.17864205526293558,0.6318567155338495,3.4376662160455504,-1.7332169446085466,1.7332169446085466
4,ring,U5,5.0,0.0018197008586099826,35.80122810454197,0.17871384955002842,0.6317112659731257,3.43787685299026,-1.7333101053225581,1.7333101053225581
4,ring,U5,5.0,0.0018620871366628676,35.796615720685196,0.1787873201284722,0.6315624225019287,3.4380923393476914,-1.7334050961309417,1.7334050961309417
4,ring,U5,5.0,0.0019054607179632482,35.791896732831596,0.1788625062169489,0.6314101058167696,3.4383127853893805,-1.7335019436477408,1.7335019436477408
4,ring,U5,5.0,0.0019498445997580456,35.78706869724242,0.178939447954727,0.6312542347574521,3.438538303828731,-1.7336006743527506,1.7336006743527506
4,ring,U5,5.0,0.001995262314968879,35.78212911512467,0.1790181864233621,0.6310947262635401,3.4387690098719217,-1.7337013145529525,1.7337013145529525
4,ring,U5,5.0,0.0020417379446695297,35.77707543143752,0.17909876366890679,0.6309314953298026,3.4390050212697103,-1.73380389034127,1.73380389034127
4,ring,U5,5.0,0.0020892961308540386,35.77190503367533,0.17918122272464634,0.6307644549606278,3.4392464583701483,-1.733908427552775,1.733908427552775
4,ring,U5,5.0,0.0021379620895022326,35.766615250626465,0.1792656076343696,0.6305935161233683,3.4394934441722196,-1.7340149517179224,1.7340149517179224
4,ring,U5,5.0,0.002187761623949552,35.761203351108115,0.17935196347618748,0.6304185877006024,3.4397461043804034,-1.7341234880128429,1.7341234880128429
4,ring,U5,5.0,0.00223872113856834,35.75566654267633,0.179440336386914,0.6302395764412875,3.440004567460167,-1.7342340612064948,1.7342340612064948
4,ring,U5,5.0,0.0022908676527677724,35.7500019703113,0.1795307735870184,0.6300563869107745,3.440268964694396,-1.7343466956044349,1.7343466956044349
4,ring,U5,5.0,0.0023442288153199225,35.744206715077254,0.17962332340616674,0.6298689214396616,3.440539430240771,-1.7344614149891546,1.7344614149891546
4,ring,U5,5.0,0.00239883291901949,35.73827779275666,0.1797180353093618,0.6296770800714662,3.4408161011900873,-1.7345782425566885,1.7345782425566885
4,ring,U5,5.0,0.002454708915685031,35.73221215245888,0.179814959923697,0.6294807605090816,3.441099117625532,-1.734697200849384,1.734697200849384
4,ring,U5,5.0,0.0025118864315095794,35.72600667520206,0.17991414906573794,0.6292798580599945,3.4413886226829016,-1.7348183116845428,1.7348183116845428
4,ring,U5,5.0,0.0025703957827688645,35.71965817246891,0.1800156557695455,0.6290742655802402,3.4416847626118003,-1.7349415960788663,1.7349415960788663
4,ring,U5,5.0,0.0026302679918953813,35.71316338473533,0.18011953431535468,0.6288638734170608,3.441987686837761,-1.735067074168282,1.735067074168282
4,ring,U5,5.0,0.0026915348039269166,35.70651897997199,0.18022584025892513,0.6286485693502482,3.4422975480253584,-1.7351947651231434,1.7351947651231434
4,ring,U5,5.0,0.002754228703338166,35.69972155211844,0.1803346304615731,0.6284282385321326,3.4426145021422543,-1.7353246870583003,1.7353246870583003
4,ring,U5,5.0,0.002818382931264455,35.692767619529505,0.18044596312090994,0.6282027634261981,3.4429387085242187,-1.7354568569381241,1.7354568569381241
4,ring,U5,5.0,0.0028840315031266055,35.68565362339347,0.18055989780229076,0.6279720237442887,3.443270329941076,-1.735591290475801,1.735591290475801
4,ring,U5,5.0,0.002951209226666387,35.678375926122364,0.18067649547099804,0.6277358963823824,3.4436095326636282,-1.7357280020270744,1.7357280020270744
4,ring,U5,5.0,0.003019951720402016,35.67093080971333,0.18079581852516888,0.6274942553548948,3.443956486531501,-1.735867004477642,1.735867004477642
4,ring,U5,5.0,0.003090295432513592,35.66331447408155,0.18091793082949012,0.6272469717274923,3.4443113650219304,-1.7360083091244434,1.7360083091244434
4,ring,U5,5.0,0.0031622776601683794,35.65552303536404,0.18104289774966698,0.6269939135483767,3.444674345319476,-1.736151925549974,1.736151925549974
4,ring,U5,5.0,0.003235936569296281,35.64755252419426,0.1811707861876929,0.6267349457780133,3.445045608386654,-1.7362978614897546,1.7362978614897546
4,ring,U5,5.0,0.003311311214825911,35.639398883947585,0.18130166461792782,0.6264699302172743,3.4454253390354697,-1.7364461226922643,1.7364461226922643
4,ring,U5,5.0,0.0033884415613920273,35.631057968956966,0.18143560312400817,0.6261987254339575,3.4458137259998423,-1.7365967127711563,1.7365967127711563
4,ring,U5,5.0,0.0034673685045253167,35.62252554269925,0.18157267343660122,0.6259211866876624,3.446210962008907,-1.7367496330493006,1.7367496330493006
4,ring,U5,5.0,0.0035481338923357532,35.61379727595153,0.18171294897202403,0.6256371658529805,3.4466172438611755,-1.7369048823942377,1.7369048823942377
4,ring,U5,5.0,0.003630780547701014,35.604868744917624,0.18185650487174315,0.6253465113409716,3.4470327724995213,-1.737062457044659,1.737062457044659
4,ring,U5,5.0,0.003715352290971728,35.595735429324876,0.1820034180427721,0.6250490680188986,3.4474577530870083,-1.7372223504274684,1.7372223504274684
4,ring,U5,5.0,0.0038018939632056127,35.586392710490706,0.1821537671989831,0.6247446771281806,3.447892395083475,-1.7373845529648424,1.7373845529648424
4,ring,U5,5.0,0.003890451449942805,35.57683586935945,0.18230763290335544,0.6244331762005436,3.4483369123229104,-1.7375490518710315,1.7375490518710315
4,ring,U5,5.0,0.003981071705534973,35.567060084509116,0.1824650976111716,0.6241143989723235,3.448791523091556,-1.7377158309381446,1.7377158309381446
4,ring,U5,5.0,0.004073802778041126,35.55706043012827,0.18262624571418393,0.623788175296902,3.4492564502066942,-1.7378848703105634,1.7378848703105634
4,ring,U5,5.0,0.004168693834703355,35.546831873963356,0.18279116358576625,0.6234543310552401,3.4497319210961197,-1.7380561462473088,1.7380561462473088
4,ring,U5,5.0,0.004265795188015926,35.53636927523618,0.18295993962707122,0.6231126880644707,3.4502181678782304,-1.7382296308718574,1.7382296308718574
4,ring,U5,5.0,0.004365158322401661,35.525667382532085,0.1831326643142082,0.6227630639845341,3.450715427442695,-1.738405291908804,1.738405291908804
4,ring,U5,5.0,0.0044668359215096305,35.514720831658906,0.18330943024646085,0.6224052722228127,3.451223941531664,-1.7385830924066044,1.7385830924066044
4,ring,U5,5.0,0.004570881896148752,35.503524143477065,0.18349033219555977,0.6220391218367437,3.4517439568214643,-1.738762990445859,1.738762990445859
4,ring,U5,5.0,0.004677351412871981,35.492071721701,0.18367546715603186,0.6216644174343734,3.4522757250047267,-1.7389449388324847,1.7389449388324847
4,ring,U5,5.0,0.004786300923226385,35.48035785067263,0.18386493439663612,0.6212809590728371,3.45281950287288,-1.7391288847748143,1.7391288847748143
4,ring,U5,5.0,0.004897788193684461,35.468376693106855,0.18405883551291063,0.620888542154724,3.4533755523989687,-1.739314769544145,1.739314769544145
4,ring,U5,5.0,0.005011872336272725,35.456122287810025,0.18425727448083926,0.6204869573223073,3.4539441408207066,-1.739502528117729,1.739502528117729
4,ring,U5,5.0,0.005128613839913648,35.44358854737181,0.18446035771165994,0.620075990349617,3.4545255407236883,-1.739692088803503,1.739692088803503
4,ring,U5,5.0,0.005248074602497723,35.430769255831066,0.18466819410782467,0.619655422032327,3.4551200301247134,-1.7398833728455774,1.7398833728455774
4,ring,U5,5.0,0.005370317963702527,35.41765806631654,0.18488089512013078,0.6192250280754387,3.455727892555111,-1.7400762940097305,1.7400762940097305
4,ring,U5,5.0,0.005495408738576248,35.404248498663186,0.18509857480603303,0.618784578978736,3.456349417143977,-1.7402707581478118,1.7402707581478118
4,ring,U5,5.0,0.005623413251903491,35.39053393700498,0.1853213498891519,0.618333839920003,3.4569848987012324,-1.7404666627401593,1.7404666627401593
4,ring,U5,5.0,0.005754399373371567,35.37650762734538,0.18554933981999064,0.6178725706359759,3.4576346378004272,-1.7406638964149979,1.7406638964149979
4,ring,U5,5.0,0.00588843655355589,35.36216267510621,0.18578266683786954,0.6174005253010273,3.458298940861119,-1.7408623384436437,1.7408623384436437
4,ring,U5,5.0,0.0060255958607435805,35.34749204265656,0.186021456034092,0.6169174524035667,3.4589781202307845,-1.7410618582106325,1.7410618582106325
4,ring,U5,5.0,0.006165950018614822,35.332488546822745,0.18626583541634634,0.6164230946201512,3.459672494266076,-1.741262314657292,1.741262314657292
4,ring,U5,5.0,0.00630957344480193,35.317144856380814,0.18651593597435484,0.6159171886873004,3.4603823874133335,-1.74146355569785,1.74146355569785
4,ring,U5,5.0,0.006456542290346556,35.301453489533095,0.18677189174677192,0.6153994652710185,3.4611081302881983,-1.7416654176065451,1.7416654176065451
4,ring,U5,5.0,0.006606934480075964,35.2854068113708,0.18703383988934025,0.6148696488340268,3.4618500597541755,-1.7418677243747043,1.7418677243747043
4,ring,U5,5.0,0.006760829753919818,35.26899703132386,0.18730192074430202,0.6143274575007102,3.462608518999992,-1.7420702870361051,1.7420702870361051
4,ring,U5,5.0,0.006918309709189363,35.2522162006006,0.1875762779110699,0.6137726029197988,3.4633838576155864,-1.7422729029595265,1.7422729029595265
4,ring,U5,5.0,0.00707945784384138,35.23505620961898,0.1878570583181516,0.6132047901247965,3.4641764316665498,-1.7424753551067154,1.7424753551067154
4,ring,U5,5.0,0.007244359600749898,35.21750878543173,0.18814441229632592,0.6126237173921816,3.4649866037668304,-1.7426774112543937,1.7426774112543937
4,ring,U5,5.0,0.007413102413009177,35.19956548914799,0.18843849365306248,0.6120290760974166,3.4658147431494997,-1.742878823178743,1.742878823178743
4,ring,U5,5.0,0.007585775750291836,35.181217713353895,0.188739459748173,0.6114205505687961,3.466661225735375,-1.7430793258005473,1.7430793258005473
4,ring,U5,5.0,0.00776247116628692,35.162456679534884,0.1890474715706809,0.6107978179391831,3.4675264341992866,-1.7432786362893467,1.7432786362893467
4,ring,U5,5.0,0.007943282347242814,35.14327343550307,0.18936269381689344,0.6101605479956871,3.4684107580337167,-1.743476453124936,1.743476453124936
4,ring,U5,5.0,0.008128305161640995,35.123658852832456,0.18968529496965256,0.6095084030273442,3.4693145936096137,-1.7436724551141474,1.7436724551141474
4,ring,U5,5.0,0.008317637711026709,35.10360362430566,0.1900154473787376,0.608841037670874,3.4702383442340747,-1.743866300361054,1.743866300361054
4,ring,U5,5.0,0.008511380382023767,35.08309826137593,0.1903533273423945,0.6081580987545917,3.471182420204648,-1.7440576251887707,1.7440576251887707
4,ring,U5,5.0,0.008709635899560805,35.062133091648064,0.19069911518995103,0.6074592251405742,3.4721472388599572,-1.7442460430105626,1.7442460430105626
4,ring,U5,5.0,0.008912509381337459,35.040698256382804,0.19105299536547785,0.6067440475651827,3.473133224626319,-1.7444311431482653,1.7444311431482653
4,ring,U5,5.0,0.009120108393559097,35.018783708028614,0.1914151565124499,0.6060121884780616,3.47414080906007,-1.7446124895957498,1.7446124895957498
4,ring,U5,5.0,0.009332543007969905,34.996379207786326,0.19178579155935374,0.6052632618797497,3.47517043088522,-1.744789619725255,1.744789619725255
4,ring,U5,5.0,0.009549925860214359,34.97347432321078,0.19216509780618068,0.6044968731580475,3.4762225360260945,-1.7449620429341497,1.7449620429341497
4,ring,U5,5.0,0.009772372209558112,34.9500584258557,0.19255327701173566,0.6037126189233144,3.477297577634601,-1.7451292392296978,1.7451292392296978
4,ring,U5,5.0,0.01,34.926120688966726,0.1929505354816892,0.6029100868428695,3.478396016111679,-1.7452906577495062,1.7452906577495062
4,ring,U5,5.0,0.010232929922807542,34.90165008522916,0.1933570841572836,0.6020888554747056,3.4795183191225583,-1.74544571521482,1.74544571521482
4,ring,U5,5.0,0.010471285480508996,34.876635384576495,0.19377313870460167,0.6012484941007398,3.4806649616053567,-1.7455937943143578,1.7455937943143578
4,ring,U5,5.0,0.010715193052376065,34.85106515206676,0.19419891960429045,0.600388562559845,3.4818364257725833,-1.7457342420156872,1.7457342420156872
4,ring,U5,5.0,0.01096478196143185,34.82492774583338,0.1946346522416274,0.5995086110809273,3.483033201105027,-1.74586636780165,1.74586636780165
4,ring,U5,5.0,0.011220184543019636,34.798211315118884,0.19508056699679727,0.5986081801163562,3.484255784337557,-1.7459894418288187,1.7459894418288187
4,ring,U5,5.0,0.01148153621496883,34.77090379839862,0.19553689933524118,0.5976868001760609,3.485504679436268,-1.7461026930051489,1.7461026930051489
4,ring,U5,5.0,0.011748975549395297,34.742992921603715,0.19600388989792591,0.5967439916626508,3.4867803975664478,-1.7462053069840424,1.7462053069840424
4,ring,U5,5.0,0.012022644346174132,34.71446619645179,0.19648178459135815,0.5957792647079425,3.488083457050746,-1.7462964240715646,1.7462964240715646
4,ring,U5,5.0,0.012302687708123818,34.685310918894935,0.1969708346771639,0.5947921190113151,3.4894143833169475,-1.7463751370439704,1.7463751370439704
4,ring,U5,5.0,0.012589254117941675,34.65551416769534,0.19747129686103,0.5937820436803456,3.490773708834704,-1.7464404888724667,1.7464404888724667
4,ring,U5,5.0,0.012882495516931342,34.62506280313841,0.19798343338078525,0.5927485170742219,3.4921619730405578,-1.7464914703519439,1.7464914703519439
4,ring,U5,5.0,0.013182567385564075,34.593943465895315,0.19850751209338438,0.591691006650469,3.4935797222505274,-1.7465270176307728,1.7465270176307728
4,ring,U5,5.0,0.01348962882591654,34.562142576045936,0.1990438065605328,0.5906089688155688,3.4950275095595593,-1.7465460096383705,1.7465460096383705
4,ring,U5,5.0,0.013803842646028852,34.529646332275114,0.19959259613266722,0.5895018487800991,3.4965058947270355,-1.746547265407405,1.746547265407405
4,ring,U5,5.0,0.014125375446227547,34.496440711254934,0.2001541660309892,0.588369080419081,3.4980154440475646,-1.746529541287595,1.746529541287595
4,ring,U5,5.0,0.014454397707459272,34.46251146722671,0.20072880742721544,0.5872100861382569,3.499556730206191,-1.7464915280479572,1.7464915280479572
4,ring,U5,5.0,0.014791083881682071,34.42784413179726,0.2013168175206859,0.5860242767470982,3.501130332117172,-1.7464318478643976,1.7464318478643976
4,ring,U5,5.0,0.01513561248436208,34.39242401396429,0.201918499612443,0.5848110513393943,3.5027368347453853,-1.7463490511897648,1.7463490511897648
4,ring,U5,5.0,0.01548816618912481,34.35623620038724,0.20253416317585798,0.583569797182343,3.504376828909438,-1.7462416135033934,1.7462416135033934
4,ring,U5,5.0,0.015848931924611134,34.31926555591969,0.20316412392335328,0.5822998896151278,3.50605091106545,-1.7461079319372566,1.7461079319372566
4,ring,U5,5.0,0.0162181009735893,34.281496724421565,0.20380870386873384,0.5810006919580528,3.5077596830705327,-1.7459463217762847,1.7459463217762847
4,ring,U5,5.0,0.016595869074375606,34.24291412986886,0.2044682313845985,0.5796715554333706,3.509503751924831,-1.745755012830144,1.745755012830144
4,ring,U5,5.0,0.016982436524617443,34.20350197778064,0.20514304125426752,0.5783118190990285,3.511283729491055,-1.7455321456742103,1.7455321456742103
4,ring,U5,5.0,0.017378008287493755,34.16324425698336,0.2058334747176189,0.5769208097966619,3.513100232190302,-1.745275767757824,1.745275767757824
4,ring,U5,5.0,0.01778279410038923,34.122124741733714,0.2065398795101777,0.5754978421152206,3.5149538806730076,-1.7449838293777855,1.7449838293777855
4,ring,U5,5.0,0.018197008586099836,34.080126994222134,0.20726260989476133,0.5740422183717572,3.516845299463726,-1.7446541795158126,1.7446541795158126
4,ring,U5,5.0,0.018620871366628676,34.03723436748032,0.20800202668492618,0.5725532286109836,3.518775116578476,-1.7442845615387208,1.7442845615387208
4,ring,U5,5.0,0.019054607179632473,33.993430008716864,0.2087584972594142,0.5710301506253171,3.5207439631132877,-1.7438726087606842,1.7438726087606842
4,ring,U5,5.0,0.019498445997580455,33.948696863106555,0.20953239556673853,0.5694722499972691,3.5227524728025728,-1.7434158398674073,1.7434158398674073
4,ring,U5,5.0,0.0199526231496888,33.903017678059626,0.21032410211898342,0.5678787801661295,3.524801281545853,-1.7429116542022927,1.7429116542022927
4,ring,U5,5.0,0.020417379446695295,33.85637500799887,0.21113400397384233,0.566248982521056,3.5268910269013865,-1.7423573269158439,1.7423573269158439
4,ring,U5,5.0,0.020892961308540396,33.80875121967334,0.21196249470384096,0.5645820865227953,3.5290223475451152,-1.7417500039797496,1.7417500039797496
4,ring,U5,5.0,0.021379620895022326,33.76012849803874,0.21280997435162446,0.5628773098564156,3.5311958826933934,-1.7410866970678942,1.7410866970678942
4,ring,U5,5.0,0.02187761623949553,33.71048885273594,0.2136768493701226,0.5611338586175779,3.5334122714878116,-1.7403642783078501,1.7403642783078501
4,ring,U5,5.0,0.0223872113856834,33.659814125200114,0.21456353254632085,0.5593509275350355,3.5356721523404615,-1.7395794749067255,1.7395794749067255
4,ring,U5,5.0,0.022908676527677734,33.60808599643465,0.21547044290728778,0.5575277002322089,3.5379761622379,-1.7387288636567906,1.7387288636567906
4,ring,U5,5.0,0.023442288153199226,33.555285995485036,0.21639800560702907,0.5556633495308663,3.5403249360020266,-1.7378088653272252,1.7378088653272252
4,ring,U5,5.0,0.02398832919019491,33.50139550864912,0.21734665179264787,0.5537570378001011,3.5427191055060594,-1.7368157389497298,1.7368157389497298
4,ring,U5,5.0,0.02454708915685031,33.446395789462365,0.21831681844819728,0.5518079173540114,3.545159298843732,-1.7357455760071128,1.7357455760071128
4,ring,U5,5.0,0.025118864315095808,33.390267969496854,0.2193089482145232,0.5498151309016486,3.547646139449794,-1.7345942945355626,1.7345942945355626
4,ring,U5,5.0,0.025703957827688632,33.33299307001536,0.22032348918329112,0.5477778120530274,3.5501802451698747,-1.733357633153087,1.733357633153087
4,ring,U5,5.0,0.026302679918953815,33.2745520145224,0.22136089466329278,0.5456950858851813,3.5527622272777184,-1.732031145028336,1.732031145028336
4,ring,U5,5.0,0.026915348039269153,33.21492564225593,0.22242162291702086,0.5435660695724593,3.5553926894377628,-1.7306101918061856,1.7306101918061856
4,ring,U5,5.0,0.02754228703338166,33.15409472266488,0.22350613686539705,0.5413898730854888,3.5580722266109994,-1.729089937508828,1.729089937508828
4,ring,U5,5.0,0.028183829312644536,33.09203997091856,0.2246149037584237,0.5391655999634362,3.5608014239020656,-1.7274653424331827,1.7274653424331827
4,ring,U5,5.0,0.028840315031266057,33.02874206449602,0.22574839480941916,0.5368923481644245,3.563580855345449,-1.7257311570685276,1.7257311570685276
4,ring,U5,5.0,0.029512092266663854,32.96418166090396,0.22690708479038585,0.5345692109992132,3.5664110826286968,-1.7238819160608099,1.7238819160608099
4,ring,U5,5.0,0.03019951720402016,32.89833941657376,0.2280914515859341,0.5321952781534378,3.56929265375052,-1.7219119322531595,1.7219119322531595
4,ring,U5,5.0,0.030902954325135904,32.83119600698891,0.22930197570308739,0.5297696368039837,3.5722261016116836,-1.7198152908358804,1.7198152908358804
4,ring,U5,5.0,0.03162277660168379,32.76273214809534,0.2305391397341559,0.527291372835246,3.5752119425365625,-1.7175858436421567,1.7175858436421567
4,ring,U5,5.0,0.03235936569296283,32.69292861904824,0.2318034277697707,0.5247595721612971,3.578250674723297,-1.7152172036300763,1.7152172036300763
4,ring,U5,5.0,0.03311311214825911,32.62176628634968,0.23309532475904524,0.5221733221601648,3.5813427766205126,-1.7127027395954455,1.7127027395954455
4,ring,U5,5.0,0.033884415613920256,32.54922612943219,0.23441531581372485,0.5195317132266625,3.5844887052285683,-1.7100355711642061,1.7100355711642061
4,ring,U5,5.0,0.034673685045253165,32.47528926774386,0.2357638854530834,0.5168338404503897,3.5876888943234473,-1.707208564118182,1.707208564118182
4,ring,U5,5.0,0.03548133892335755,32.39993698939122,0.23714151678621964,0.5140788054257265,3.590943752601399,-1.7042143261125497,1.7042143261125497
4,ring,U5,5.0,0.03630780547701014,32.323150781395725,0.23854869062832001,0.5112657182007908,3.594253661742586,-1.7010452028488654,1.7010452028488654
4,ring,U5,5.0,0.03715352290971726,32.24491236162004,0.23998588454736977,0.508393699372495,3.5976189743920965,-1.6976932747728712,1.6976932747728712
4,ring,U5,5.0,0.038018939632056124,32.16520371241987,0.24145357183772495,0.5054618823349395,3.6010400120568513,-1.6941503543722831,1.6941503543722831
4,ring,U5,5.0,0.03890451449942807,32.08400711607561,0.2429522204168987,0.502469415688475,3.604517062917047,-1.6904079841555166,1.6904079841555166
4,ring,U5,5.0,0.039810717055349734,32.00130519205794,0.24448229164187985,0.49941546581682145,3.608050379551013,-1.686457435399003,1.686457435399003
4,ring,U5,5.0,0.04073802778041128,31.917080936178966,0.24604423904127395,0.4962992196396233,3.611640176572633,-1.6822897077568886,1.6822897077568886
4,ring,U5,5.0,0.04168693834703355,31.831317761678925,0.24763850695956913,0.49311988754780406,3.6152866281806415,-1.6778955298340676,1.6778955298340676
4,ring,U5,5.0,0.04265795188015928,31.743999542295377,0.24926552910984542,0.4898767065289499,3.6189898656195094,-1.6732653608299408,1.6732653608299408
4,ring,U5,5.0,0.04365158322401661,31.65511065735885,0.2509257270313132,0.48656894348982277,3.6227499745519265,-1.6683893933677476,1.6683893933677476
4,ring,U5,5.0,0.04466835921509633,31.564636038954486,0.2526195084481554,0.48319589878284613,3.626566992343295,-1.6632575576311304,1.6632575576311304
4,ring,U5,5.0,0.04570881896148752,31.472561221184673,0.25434726552627374,0.47975690994308806,3.6304409052591007,-1.6578595269366856,1.6578595269366856
4,ring,U5,5.0,0.046773514128719815,31.378872391561888,0.25610937302471937,0.4762513556418603,3.6343716455765183,-1.6521847248784134,1.6521847248784134
4,ring,U5,5.0,0.047863009232263824,31.28355644455405,0.25790618633880696,0.47267865986254226,3.638359088612174,-1.6462223341866915,1.6462223341866915
4,ring,U5,5.0,0.04897788193684462,31.186601037297446,0.2597380394321807,0.4690382963035888,3.6424030496686046,-1.6399613074508954,1.6399613074508954
4,ring,U5,5.0,0.05011872336272722,31.087994647482923,0.2616052426554445,0.46532979301295885,3.6465032809026448,-1.6333903798611802,1.6333903798611802
4,ring,U5,5.0,0.05128613839913648,30.98772663341119,0.2635080804493506,0.4615527372572796,3.6506594681197924,-1.6264980841299774,1.6264980841299774
4,ring,U5,5.0,0.05248074602497726,30.885787296201492,0.26544680893103706,0.4577067806280395,3.654871227499358,-1.619272767759698,1.619272767759698
4,ring,U5,5.0,0.05370317963702527,30.78216794412492,0.2674216533623188,0.4537916443858953,3.659138102256233,-1.6117026128259164,1.6117026128259164
4,ring,U5,5.0,0.054954087385762455,30.676860959018786,0.26943280549969384,0.44980712504278936,3.6634595592461077,-1.6037756584492406,1.6037756584492406
4,ring,U5,5.0,0.05623413251903491,30.56985986472278,0.27148042082643614,0.4457531001800175,3.6678349855220653,-1.595479826130397,1.595479826130397
4,ring,U5,5.0,0.057543993733715694,30.461159397458633,0.273564615667963,0.4416295344986076,3.672263684851749,-1.5868029481229504,1.5868029481229504
4,ring,U5,5.0,0.0588843655355589,30.35075557805593,0.2756854641925903,0.4374364860963851,3.676744874205599,-1.577732799017019,1.577732799017019
4,ring,U5,5.0,0.06025595860743578,30.23864578590356,0.2778429953008148,0.43317411296389574,3.681277680228102,-1.568257130702916,1.568257130702916
4,ring,U5,5.0,0.06165950018614822,30.12482883448311,0.28003718940741124,0.4288426796889071,3.6858611357055513,-1.5583637108782318,1.5583637108782318
4,ring,U5,5.0,0.06309573444801933,30.00930504831326,0.28226797512188406,0.42444256435651095,3.690494176045477,-1.5480403652524215,1.5480403652524215
4,ring,U5,5.0,0.06456542290346556,29.892076341106158,0.2845352258342165,0.41997426562891227,3.6951756357846186,-1.5372750235917296,1.5372750235917296
4,ring,U5,5.0,0.06606934480075961,29.773146294905377,0.28683875621435606,0.41543840998578135,3.6999042451443107,-1.5260557697316095,1.5260557697316095
4,ring,U5,5.0,0.06760829753919818,29.652520239942287,0.28917831863552534,0.41083575910258485,3.7046786266540264,-1.5143708956651922,1.5143708956651922
4,ring,U5,5.0,0.06918309709189366,29.530205334911734,0.29155359953320903,0.4061672173405811,3.7094972918659685,-1.5022089597930313,1.5022089597930313
4,ring,U5,5.0,0.0707945784384138,29.406210647330724,0.2939642157135742,0.4014338393181984,3.7143586381857387,-1.4895588493925453,1.4895588493925453
4,ring,U5,5.0,0.07244359600749903,29.280547233603823,0.2964097106270754,0.3966368375292903,3.7192609458464285,-1.4764098473323815,1.4764098473323815
4,ring,U5,5.0,0.07413102413009177,29.153228218377667,0.2988895506251514,0.39177758996930506,3.7242023750556927,-1.462751703020838,1.462751703020838
4,ring,U5,5.0,0.0758577575029184,29.02426887272373,0.3014031212201422,0.38685764772576864,3.729180963347841,-1.4485747075339699,1.4485747075339699
4,ring,U5,5.0,0.07762471166286919,28.89368669064432,0.30394972337089127,0.3818787424846241,3.7341946231752323,-1.4338697728215628,1.4338697728215628
4,ring,U5,5.0,0.07943282347242818,28.761501463351397,0.30652856981890475,0.37684279389901815,3.739241139775721,-1.4186285148349453,1.4186285148349453
4,ring,U5,5.0,0.08128305161640995,28.627735350722226,0.3091387815024,0.37175191676202535,3.74431816935514,-1.4028433403612208,1.4028433403612208
4,ring,U5,5.0,0.08317637711026708,28.492412949290806,0.31177938407807737,0.36660842791970566,3.7494232376260546,-1.3865075372833573,1.3865075372833573
4,ring,U5,5.0,0.08511380382023763,28.355561356089428,0.3144493045829374,0.36141485285576475,3.7545537387461336,-1.3696153679144327,1.3696153679144327
4,ring,U5,5.0,0.08709635899560805,28.217210227612373,0.31714736827093953,0.35617393187409685,3.759706934701288,-1.3521621649785844,1.3521621649785844
4,ring,U5,5.0,0.08912509381337455,28.07739183313369,0.31987229566168357,0.3508886258006304,3.764879955180481,-1.3341444297298333,1.3341444297298333
4,ring,U5,5.0,0.09120108393559097,27.936141101575238,0.32262269984058806,0.34556212112133183,3.7700697979904056,-1.3155599316154793,1.3155599316154793
4,ring,U5,5.0,0.0933254300796991,27.7934956610896,0.325397084052138,0.34019783446901974,3.7752733300591292,-1.2964078088014919,1.2964078088014919
4,ring,U5,5.0,0.09549925860214359,27.64949587049773,0.3281938396296846,0.33479941636790095,3.7804872890783923,-1.276688668787255,1.276688668787255
4,ring,U5,5.0,0.09772372209558107,27.504184841703395,0.3310112443068985,0.32937075414163386,3.785708285834115,-1.2564046882447464,1.2564046882447464
4,ring,U5,5.0,0.1,27.357608452197997,0.3338474609572523,0.32391597388830834,3.7909328072741015,-1.2355597111260153,1.2355597111260153
4,ring,U5,5.0,0.10232929922807547,27.209815346770572,0.3367005368087969,0.3184394414242196,3.7961572203604677,-1.214159343993451,1.214159343993451
4,ring,U5,5.0,0.10471285480508996,27.060856927552116,0.3395684031818946,0.3129457620977765,3.801377776752277,-1.1922110474426466,1.1922110474426466
4,ring,U5,5.0,0.10715193052376071,26.910787331548875,0.34244887579744687,0.3074397793754978,3.8065906183607616,-1.1697242224084885,1.1697242224084885
4,ring,U5,5.0,0.1096478196143185,26.759663394862265,0.3453396557023963,0.3019265721039507,3.8117917838156354,-1.1467102900755037,1.1467102900755037
4,ring,U5,5.0,0.1122018454301963,26.6075446028494,0.3482383308578892,0.29641145035479827,3.8169772158760233,-1.1231827640546665,1.1231827640546665
4,ring,U5,5.0,0.1148153621496883,26.45449302555381,0.3511423784333057,0.29089994976496053,3.8221427698134587,-1.099157313444163,1.099157313444163
4,ring,U5,5.0,0.11748975549395291,26.300573237828942,0.35404916784643425,0.28539782429040383,3.827284222787395,-1.0746518153635733,1.0746518153635733
4,ring,U5,5.0,0.12022644346174131,26.14585222368867,0.3569559645862641,0.2799110373002892,3.8323972842252516,-1.0496863955423041,1.0496863955423041
4,ring,U5,5.0,0.1230268770812381,25.990399264551144,0.3598599348502139,0.27444575094828594,3.837477607209819,-1.0242834555566915,1.0242834555566915
4,ring,U5,5.0,0.12589254117941676,25.834285811192217,0.36275815102203485,0.2690083137697187,3.842520800866135,-0.9984676853481638,0.9984676853481638
4,ring,U5,5.0,0.12882495516931336,25.677585339395442,0.36564759801013974,0.263605246467006,3.8475224437285647,-0.972266059719674,0.972266059719674
4,ring,U5,5.0,0.13182567385564073,25.52037318947195,0.36852518045873756,0.25824322586140197,3.852478098056125,-0.9457078176007876,0.9457078176007876
4,ring,U5,5.0,0.13489628825916533,25.36272639002904,0.37138773083588233,0.2529290670064238,3.8573833250507774,-0.9188244229956481,0.9188244229956481
4,ring,U5,5.0,0.13803842646028852,25.20472346658353,0.3742320183934725,0.24766970347730585,3.862233700919182,-0.8916495066811887,0.8916495066811887
4,ring,U5,5.0,0.1412537544622754,25.0464442358471,0.37705475898441143,0.24247216587130513,3.867024833703832,-0.864218787908202,0.864218787908202
4,ring,U5,5.0,0.1445439770745928,24.887969586748444,0.3798526257116647,0.23734355857537853,3.8717523807944225,-0.836569975571912,0.836569975571912
4,ring,U5,5.0,0.1479108388168207,24.72938124950077,0.3826222603729535,0.23229103488049632,3.8764120670153015,-0.8087426485614557,0.8087426485614557
4,ring,U5,5.0,0.15135612484362088,24.570761554265182,0.3853602856534537,0.22732177054523559,3.8809997031700267,-0.7807781152660294,0.7807781152660294
4,ring,U5,5.0,0.1548816618912481,24.412193181199342,0.38806331800728416,0.22244293593505277,3.885511204909771,-0.7527192525057291,0.7527192525057291
4,ring,U5,5.0,0.15848931924611143,24.253758903906476,0.3907279811569806,0.2176616668872773,3.8899426117789044,-0.7246103244632423,0.7246103244632423
4,ring,U5,5.0,0.16218100973589297,24.095541328512805,0.3933509201287345,0.21298503447505282,3.8942901062788717,-0.6964967825126269,0.6964967825126269
4,ring,U5,5.0,0.16595869074375613,23.937622630788848,0.39592881573019983,0.208420013865656,3.8985500327809066,-0.6684250471677409,0.6684250471677409
4,ring,U5,5.0,0.16982436524617442,23.78008429389259,0.39845839936729255,0.2039734524894304,3.90271891610933,-0.6404422736980848,0.6404422736980848
4,ring,U5,5.0,0.17378008287493762,23.623006849438926,0.4009364680869652,0.19965203775447796,3.9067934796107506,-0.6125961032770562,0.6125961032770562
4,ring,U5,5.0,0.1778279410038923,23.466469624689992,0.4033598997245184,0.1954622645588262,3.910770662520501,-0.5849344018283134,0.5849344018283134
4,ring,U5,5.0,0.18197008586099844,23.310550498704664,0.40572566802698534,0.19141040286557623,3.9146476364365297,-0.557504989012898,0.557504989012898
4,ring,U5,5.0,0.18620871366628675,23.155325670285034,0.40803085761855623,0.18750246561716072,3.918421820712767,-0.5303553600454727,0.5303553600454727
4,ring,U5,5.0,0.19054607179632482,23.000869440502985,0.4102726786701968,0.18374417727195547,3.92209089658901,-0.5035324032342459,0.5035324032342459
4,ring,U5,5.0,0.19498445997580455,22.847254012486633,0.4124484811335955,0.1801409432498096,3.925652819882633,-0.47708211630058983,0.47708211630058983
4,ring,U5,5.0,0.19952623149688808,22.694549310986442,0.41455576839955627,0.17669782057238742,3.929105832078781,-0.45104932464442626,0.45104932464442626
4,ring,U5,5.0,0.20417379446695297,22.542822824031283,0.4165922102429435,0.1734194899794623,3.932448469670417,-0.42547740477678,0.42547740477678
4,ring,U5,5.0,0.20892961308540386,22.39213946872248,0.4185556549203755,0.1703102297933818,3.935679571617091,-0.4004080161379733,0.4004080161379733
4,ring,U5,5.0,0.21379620895022325,22.24256148290599,0.4204441402929483,0.16737389179097875,3.93879828481157,-0.37588084445681424,0.37588084445681424
4,ring,U5,5.0,0.21877616239495518,22.09414834411195,0.4222559038544167,0.16461387932534688,3.9418040674662485,-0.3519333596857166,0.3519333596857166
4,ring,U5,5.0,0.223872113856834,21.946956716762724,0.4239893915552329,0.1620331279193975,3.944696690355764,-0.3286005913666692,0.3286005913666692
4,ring,U5,5.0,0.22908676527677724,21.801040428234234,0.4256432653245996,0.15963408852933547,3.947476235878632,-0.30591492405212506,0.30591492405212506
4,ring,U5,5.0,0.23442288153199228,21.656450473915108,0.4272164092059703,0.1574187136495087,3.950143094927709,-0.28390591512375707,0.28390591512375707
4,ring,U5,5.0,0.239883291901949,21.51323505095554,0.4287079340360772,0.15538844640102145,3.9526979615871416,-0.2626001370304003,0.2626001370304003
4,ring,U5,5.0,0.2454708915685031,21.371439619939085,0.4301171806132716,0.15354421271555077,3.9551418257008994,-0.2420210456102989,0.2420210456102989
4,ring,U5,5.0,0.25118864315095796,21.23110699325581,0.4314437213175308,0.15188641669354644,3.957475963384976,-0.22218887578150337,0.22218887578150337
4,ring,U5,5.0,0.25703957827688645,21.09227744851183,0.43268736016157094,0.150414939183005,3.9597019255810704,-0.20312056548556434,0.20312056548556434
4,ring,U5,5.0,0.26302679918953814,20.954988864887834,0.4338481312698888,0.14912913959184224,3.9618215247735677,-0.1848297083646102,0.1848297083646102
4,ring,U5,5.0,0.26915348039269166,20.819276879961915,0.4349262957999193,0.14802786091413722,3.9638368200135647,-0.16732653524739227,0.16732653524739227
4,ring,U5,5.0,0.2754228703338166,20.685175064151718,0.43592233733659375,0.1471094379186643,3.965750100413059,-0.15061792412647002,0.15061792412647002
4,ring,U5,5.0,0.2818382931264455,20.552715109606986,0.4368369558081308,0.14637170841768382,3.967563867288988,-0.13470743793182116,0.13470743793182116
4,ring,U5,5.0,0.28840315031266056,20.421927030106445,0.4376710599867201,0.14581202750532335,3.969280815150307,-0.11959538905589362,0.11959538905589362
4,ring,U5,5.0,0.2951209226666387,20.292839368282976,0.43842575865255573,0.14542728462841273,3.9709038117316235,-0.10527892926311821,0.10527892926311821
4,ring,U5,5.0,0.3019951720402016,20.165479406322905,0.4391023505133735,0.1452139233286263,3.9724358772839996,-0.09175216333188807,0.09175216333188807
4,ring,U5,5.0,0.30902954325135923,20.03987337616076,0.43970231298398177,0.14516796347344232,3.973880163337482,-0.07900628452829928,0.07900628452829928
4,ring,U5,5.0,0.31622776601683794,19.91604666512316,0.4402272899411768,0.14528502577491129,3.975239931150573,-0.0670297298040019,0.0670297298040019
4,ring,U5,5.0,0.32359365692962844,19.794024012963682,0.44067907857878214,0.14556035837958836,3.9765185300598684,-0.05580835244285787,0.05580835244285787
4,ring,U5,5.0,0.3311311214825911,19.673829696280144,0.44105961549523565,0.14598886530026547,3.9777193759379967,-0.04532560975594002,0.04532560975594002
4,ring,U5,5.0,0.33884415613920277,19.55548769641356,0.44137096215215854,0.1465651364502835,3.978845929960812,-0.03556276333771358,0.03556276333771358
4,ring,U5,5.0,0.34673685045253166,19.43902184709942,0.4416152898465553,0.14728347903413527,3.979901677874997,-0.026499089347968408,0.026499089347968408
4,ring,U5,5.0,0.3548133892335757,19.324455958375186,0.4417948643417895,0.14813795004364652,3.9808901099457716,-0.018112096272153266,0.018112096272153266
4,ring,U5,5.0,0.3630780547701014,19.211813913548603,0.4419120303031654,0.14912238960710333,3.9818147017511496,-0.010377747633842915,0.010377747633842915
4,ring,U5,5.0,0.3715352290971724,19.10111973639323,0.441969195682861,0.1502304549390899,3.982678895974465,-0.0032706871843384278,0.0032706871843384278
4,ring,U5,5.0,0.38018939632056126,18.99239762617194,0.4419688161961756,0.15145565464132524,3.9834860853310983,0.003235535824430258,-0.003235535824430258
4,ring,U5,5.0,0.3890451449942805,18.885671958583156,0.4419133800265216,0.15279138310922225,3.9842395967485316,0.009168243573386192,-0.009168243573386192
4,ring,U5,5.0,0.3981071705534973,18.78096725128752,0.4418053928904997,0.15423095480507087,3.9849426769011576,0.014555410976464955,-0.014555410976464955
4,ring,U5,5.0,0.4073802778041126,18.67830809329304,0.44164736358672063,0.15576763816642852,3.9855984791832957,0.019425453359174227,-0.019425453359174227
4,ring,U5,5.0,0.41686938347033553,18.577719038153358,0.4414417901429475,0.1573946889273413,3.986210052185043,0.02380702236011878,-0.02380702236011878
4,ring,U5,5.0,0.42657951880159256,18.479224461655324,0.44119114666576686,0.15910538264021942,3.9867803297168973,0.02772881171678243,-0.02772881171678243
4,ring,U5,5.0,0.4365158322401661,18.382848385428954,0.4408978709854798,0.16089304619740027,3.987312122409867,0.031219374400196287,-0.031219374400196287
4,ring,U5,5.0,0.44668359215096304,18.28861426868936,0.4405643531764314,0.16275108816353664,3.987808110899027,0.03430695235493886,-0.03430695235493886
4,ring,U5,5.0,0.4570881896148752,18.196544771099298,0.4401929250197803,0.16467302774280626,3.988270840579477,0.03701931988489093,-0.03701931988489093
4,ring,U5,5.0,0.4677351412871981,18.106661490502724,0.43978585046198554,0.1666525222184852,3.9887027179054377,0.039383641501958166,-0.039383641501958166
4,ring,U5,5.0,0.47863009232263853,18.01898468000109,0.43934531710823216,0.16868339271658092,3.9891060081853853,0.041426344830484574,-0.041426344830484574
4,ring,U5,5.0,0.48977881936844614,17.933532949502112,0.43887342877598895,0.17075964815994057,3.9894828348092717,0.04317300893477771,-0.04317300893477771
4,ring,U5,5.0,0.5011872336272725,17.850322957439555,0.4383721991200334,0.1728755072945028,3.9898351798280003,0.04464826821650281,-0.04464826821650281
4,ring,U5,5.0,0.5128613839913648,17.769369098821162,0.4378435463269059,0.17502541868512783,3.990164885791031,0.04587573181535287,-0.04587573181535287
4,ring,U5,5.0,0.5248074602497729,17.690683196084787,0.4372892888641305,0.17720407859471474,3.9904736587351475,0.04687791824339449,-0.04687791824339449
4,ring,U5,5.0,0.5370317963702527,17.61427419941469,0.4367111422577792,0.17940644667708164,3.990763072206614,0.04767620479636214,-0.04767620479636214
4,ring,U5,5.0,0.5495408738576248,17.540147903174002,0.43611071686139696,0.18162775943132498,3.9910345721902596,0.04829079111415879,-0.04829079111415879
4,ring,U5,5.0,0.5623413251903491,17.46830668493786,0.43548951656997026,0.1838635413830573,3.991289482812658,0.048740676113721904,-0.048740676113721904
4,ring,U5,5.0,0.5754399373371573,17.398749273260833,0.4348489384247477,0.1861096139759965,3.9915290126827943,0.04904364739036193,-0.04904364739036193
4,ring,U5,5.0,0.588843655355589,17.331470549786943,0.4341902730482882,0.18836210217575106,3.991754261732299,0.04921628208186579,-0.04921628208186579
4,ring,U5,5.0,0.6025595860743581,17.26646139062033,0.433514705844228,0.19061743880619866,3.9919662284186663,0.049273958113251304,-0.049273958113251304
4,ring,U5,5.0,0.6165950018614822,17.203708551038886,0.432823318892869,0.19287236665744348,3.9921658171588645,0.04923087468961462,-0.04923087468961462
4,ring,U5,5.0,0.6309573444801936,17.143194596673823,0.4321170934717437,0.19512393842277567,3.992353845866919,0.04910008087979012,-0.04910008087979012
4,ring,U5,5.0,0.6456542290346556,17.084897883226546,0.4313969131297336,0.19736951454006993,3.9925310534775664,0.04889351113264162,-0.04889351113264162
4,ring,U5,5.0,0.6606934480075958,17.028792585681533,0.4306635672439548,0.19960675903049632,3.99269810734853,0.04862202658959003,-0.04862202658959003
4,ring,U5,5.0,0.6760829753919819,16.974848776838073,0.4299177549903391,0.20183363344388636,3.9928556104458033,0.048295461098208925,-0.048295461098208925
4,ring,U5,5.0,0.6918309709189363,16.92303255385988,0.4291600896614463,0.204048389035393,3.993004108229497,0.0479226708900482,-0.0479226708900482
4,ring,U5,5.0,0.707945784384138,16.87330621046705,0.4283911032683915,0.206249557311909,3.993144095171768,0.04751158695749336,-0.04751158695749336
4,ring,U5,5.0,0.7244359600749899,16.825628451403475,0.4276112513676199,0.20843593909875188,3.9932760208524782,0.047069269246334144,-0.047069269246334144
4,ring,U5,5.0,0.7413102413009177,16.7799546449335,0.4268209180574956,0.210606592287192,3.9934002955925494,0.0466019618695519,-0.0466019618695519
4,ring,U5,5.0,0.7585775750291835,16.736237108381893,0.426020421094112,0.21276081843125264,3.9935172955986045,0.04611514863943622,-0.04611514863943622
4,ring,U5,5.0,0.776247116628692,16.69442542114716,0.4252100170801794,0.21489814836768015,3.9936273676055736,0.045613608308180176,-0.045613608308180176
4,ring,U5,5.0,0.7943282347242814,16.654466759206265,0.4243899066852904,0.21701832703599067,3.9937308330156758,0.04510146899680745,-0.04510146899680745
4,ring,U5,5.0,0.8128305161640995,16.616306244890875,0.42356023986009445,0.21912129767595506,3.993827991542901,0.044582261378725896,-0.044582261378725896
4,ring,U5,5.0,0.8317637711026709,16.57988730565426,0.4227211210109474,0.2212071855778462,3.993919124380941,0.04405897026357142,-0.04405897026357142
4,ring,U5,5.0,0.8511380382023768,16.54515203565438,0.42187261410536314,0.22327628155627913,3.9940044969203052,0.043534084299721165,-0.043534084299721165
4,ring,U5,5.0,0.8709635899560805,16.512041554241144,0.42101474768204217,0.22532902531168666,3.994084361045841,0.04300964357844883,-0.04300964357844883
4,ring,U5,5.0,0.8912509381337459,16.480496355836785,0.42014751974245945,0.22736598883457199,3.994158957050404,0.04248728497849008,-0.04248728497849008
4,ring,U5,5.0,0.9120108393559097,16.45045664621648,0.41927090250389154,0.22938785999689668,3.9942285152029178,0.041968285138297645,-0.041968285138297645
4,ring,U5,5.0,0.9332543007969915,16.421862660809175,0.4183848469964539,0.23139542646259367,3.9942932570105008,0.04145360098317408,-0.04145360098317408
4,ring,U5,5.0,0.9549925860214359,16.394654961319638,0.4174892874892081,0.2333895600355077,3.9943533962142794,0.0409439077678746,-0.0409439077678746
4,ring,U5,5.0,0.9772372209558111,16.36877470769877,0.41658414573272873,0.23537120154844116,3.9944091395575096,0.040439634622153164,-0.040439634622153164
4,ring,U5,5.0,1.0,16.3441639032331,0.41566933500774217,0.23734134638167376,3.9944606873628032,0.03994099760886538,-0.03994099760886538
4,ring,U5,5.0,1.0232929922807548,16.320765611265067,0.41474476397160015,0.23930103068374892,3.994508233952475,0.03944803032134825,-0.03944803032134825
4,ring,U5,5.0,1.0471285480508996,16.2985241427714,0.41381034029644886,0.24125131835172103,3.9945519679432264,0.03896061206112833,-0.03896061206112833
4,ring,U5,5.0,1.071519305237607,16.27738521469823,0.4128659740950168,0.2431932888128,3.9945920724427473,0.038478493648903545,-0.038478493648903545
4,ring,U5,5.0,1.096478196143185,16.257296079565393,0.41191158113201326,0.245128025634632,3.994628725172486,0.038001320931262406,-0.038001320931262406
4,ring,U5,5.0,1.1220184543019642,16.238205627395153,0.4109470858211322,0.24705660597763762,3.9946620985372183,0.037528656054717224,-0.037528656054717224
4,ring,U5,5.0,1.1481536214968828,16.220064461484156,0.4099724240096692,0.24898009089002246,3.9946923596586803,0.037059996586454425,-0.037059996586454425
4,ring,U5,5.0,1.1748975549395304,16.202824949917474,0.4089875455546838,0.2508995164345286,3.9947196703873287,0.03659479256860365,-0.03659479256860365
4,ring,U5,5.0,1.2022644346174132,16.186441255016437,0.40799241669647157,0.25281588562579893,3.9947441873033793,0.036132461600478116,-0.036132461600478116
4,ring,U5,5.0,1.2302687708123812,16.170869343119918,0.406987022236852,0.2547301611484855,3.994766061715697,0.03567240204971789,-0.03567240204971789
4,ring,U5,5.0,1.2589254117941675,16.156066977224246,0.4059713675313054,0.25664325881903766,3.9947854396647675,0.035214004500284446,-0.035214004500284446
4,ring,U5,5.0,1.2882495516931336,16.141993695055554,0.4049454803053671,0.25855604174839714,3.9948024619342357,0.03475666155101642,-0.03475666155101642
4,ring,U5,5.0,1.3182567385564075,16.128610775127918,0.403909412306787,0.2604693151586986,3.9948172640737556,0.034299776084118605,-0.034299776084118605
4,ring,U5,5.0,1.3489628825916533,16.115881193258303,0.40286324080580005,0.2623838218043533,3.9948299764347803,0.03384276812732079,-0.03384276812732079
4,ring,U5,5.0,1.3803842646028852,16.10376957187633,0.40180706995639154,0.2643002379466309,3.9948407242198947,0.033385080436972636,-0.033385080436972636
4,ring,U5,5.0,1.412537544622754,16.09224212429131,0.4007410320316551,0.2662191698308259,3.9948496275455763,0.032926182931286796,-0.032926182931286796
4,ring,U5,5.0,1.4454397707459279,16.081266595871767,0.3996652885462109,0.2681411506162782,3.9948568015178676,0.032465576103904326,-0.032465576103904326
4,ring,U5,5.0,1.4791083881682072,16.070812203863547,0.39858003127819547,0.2700666377117388,3.9948623563199455,0.03200279354679303,-0.03200279354679303
4,ring,U5,5.0,1.5135612484362087,16.060849577330337,0.3974854832025249,0.27199601047167754,3.994866397310605,0.03153740370953795,-0.03153740370953795
4,ring,U5,5.0,1.5488166189124812,16.051350698453472,0.3963818993460156,0.273929568213009,3.994869025132414,0.03106901101776849,-0.03106901101776849
4,ring,U5,5.0,1.584893192461114,16.04228884618433,0.39526956757351794,0.27586752851620294,3.9948703358283906,0.030597256468325895,-0.030597256468325895
4,ring,U5,5.0,1.6218100973589298,16.033638543007818,0.39414880931251195,0.2778100257796956,3.9948704209660844,0.030121817811973983,-0.030121817811973983
4,ring,U5,5.0,1.6595869074375613,16.02537550535529,0.39301998022166046,0.2797571100018339,3.9948693677679623,0.029642409426666738,-0.029642409426666738
4,ring,U5,5.0,1.6982436524617444,16.01747659800366,0.39188347080667635,0.2817087457700938,3.994867259247128,0.0291587819752257,-0.0291587819752257
4,ring,U5,5.0,1.7378008287493762,16.009919792616675,0.3907397069845235,0.2836648114429449,3.9948641743474465,0.028670721931877807,-0.028670721931877807
4,ring,U5,5.0,1.7782794100389228,16.002684130427152,0.38958915059455074,0.28562509851537277,3.9948601880872503,0.028178051051365394,-0.028178051051365394
4,ring,U5,5.0,1.8197008586099843,15.995749688924604,0.3884322998526293,0.2875893111646074,3.9948553717057966,0.02768062584422104,-0.02768062584422104
4,ring,U5,5.0,1.8620871366628675,15.98909755230265,0.38726968974184717,0.2895570659780039,3.9948497928117312,0.027178337110084883,-0.027178337110084883
4,ring,U5,5.0,1.9054607179632483,15.98270978533265,0.38610189233078834,0.2915278918701565,3.994843515532848,0.02667110957076435,-0.02667110957076435
4,ring,U5,5.0,1.9498445997580456,15.976569410263512,0.38492951700799766,0.2935012302011733,3.9948366006663703,0.026158901633325016,-0.026158901633325016
4,ring,U5,5.0,1.9952623149688808,15.970660386300612,0.383753210618926,0.2954764351125098,3.9948291058290857,0.02564170530309351,-0.02564170530309351
4,ring,U5,5.0,2.0417379446695296,15.964967591187014,0.38257365748951383,0.2974527741008018,3.9948210856066124,0.025119546256444636,-0.025119546256444636
4,ring,U5,5.0,2.089296130854041,15.95947680439554,0.38139157931868767,0.29942942885367047,3.994812591701056,0.024592484073111542,-0.024592484073111542
4,ring,U5,5.0,2.1379620895022327,15.954174691439055,0.3802077349204128,0.30140549637448066,3.994803673076386,0.024060612619114963,-0.024060612619114963
4,ring,U5,5.0,2.1877616239495516,15.949048788815892,0.3790229197946947,0.3033799904253697,3.9947943761008156,0.02352406056233569,-0.02352406056233569
4,ring,U5,5.0,2.23872113856834,15.944087489126158,0.37783796550601995,0.30535184331954596,3.994784744685526,0.0229829919954625,-0.0229829919954625
4,ring,U5,5.0,2.2908676527677723,15.939280025921267,0.37665373884728726,0.3073199080947522,3.9947748204190714,0.02243760713385079,-0.02243760713385079
4,ring,U5,5.0,2.344228815319923,15.934616457881498,0.3754711407673287,0.30928296109985487,3.994764642696865,0.021888143049711317,-0.021888143049711317
4,ring,U5,5.0,2.39883291901949,15.930087651954397,0.37429110504069263,0.31123970502570214,3.9947542488451973,0.021334874399063786,-0.021334874399063786
4,ring,U5,5.0,2.454708915685031,15.925685265128372,0.37311459665950103,0.31318877240961085,3.9947436742392783,0.020778114093732647,-0.020778114093732647
4,ring,U5,5.0,2.5118864315095797,15.921401724561328,0.37194260992894096,0.31512872964005834,3.9947329524148563,0.02021821386778644,-0.02021821386778644
4,ring,U5,5.0,2.570395782768865,15.917230205831764,0.3707761662502978,0.31705808148436926,3.9947221151730403,0.019655564686154037,-0.019655564686154037
4,ring,U5,5.0,2.6302679918953813,15.913164609130398,0.36961631157843006,0.31897527615733345,3.9947111926780825,0.019090596942627158,-0.019090596942627158
4,ring,U5,5.0,2.691534803926917,15.909199533261598,0.36846411354415975,0.32087871094283266,3.99470021354782,0.01852378039560687,-0.01852378039560687
4,ring,U5,5.0,2.7542287033381663,15.905330247377252,0.36732065823625515,0.322766738373722,3.9946892049366904,0.017955623792230035,-0.017955623792230035
4,ring,U5,5.0,2.818382931264455,15.901552660419052,0.36618704664239543,0.324637672967454,3.9946781926112407,0.017386674135270397,-0.017386674135270397
4,ring,U5,5.0,2.8840315031266055,15.897863288298685,0.3650643907537411,0.32648979850638365,3.994667201018121,0.016817515552494555,-0.016817515552494555
4,ring,U5,5.0,2.951209226666387,15.894259218897998,0.3639538093433489,0.3283213758424748,3.9946562533446457,0.016248767734684755,-0.016248767734684755
4,ring,U5,5.0,3.019951720402016,15.89073807502262,0.36285642343463476,0.3301306511963874,3.9946453715720875,0.015681083916142313,-0.015681083916142313
4,ring,U5,5.0,3.090295432513592,15.887297975490833,0.3617733514822042,0.3319158649108973,3.9946345765218787,0.0151151483808043,-0.0151151483808043
4,ring,U5,5.0,3.1622776601683795,15.883937494585306,0.3607057042936274,0.33367526060845004,3.994623887895043,0.0145516734863671,-0.0145516734863671
4,ring,U5,5.0,3.2359365692962845,15.880655620136121,0.3596545797268559,0.33540709469265556,3.994613324305135,0.013991396209859452,-0.013991396209859452
4,ring,U5,5.0,3.311311214825911,15.877451710540035,0.3586210572039574,0.3371096461239173,3.994602903305145,0.013435074228691946,-0.013435074228691946
4,ring,U5,5.0,3.3884415613920273,15.874325451050781,0.35760619208740846,0.3387812263904046,3.9945926414087753,0.012883481562552923,-0.012883481562552923
4,ring,U5,5.0,3.4673685045253166,15.871276809699134,0.35661100997027345,0.34042018958748643,3.994582554106585,0.012337403812396452,-0.012337403812396452
4,ring,U5,5.0,3.548133892335757,15.868305993217962,0.3556365009360139,0.34202494251178367,3.9945726558775934,0.011797633043332034,-0.011797633043332034
4,ring,U5,5.0,3.630780547701014,15.86541340335662,0.3546836138473057,0.34359395467035325,3.9945629601968693,0.011264962367945941,-0.011264962367945941
4,ring,U5,5.0,3.715352290971728,15.86259959397033,0.35375325072595676,0.34512576810143775,3.994553479539805,0.010740180295385038,-0.010740180295385038
4,ring,U5,5.0,3.801893963205613,15.859865229264253,0.3528462612877424,0.3466190069007969,3.9945442253836676,0.010224064918781472,-0.010224064918781472
4,ring,U5,5.0,3.890451449942805,15.857211043558285,0.3519634376965809,0.34807238634705545,3.9945352082071817,0.009717378019524325,-0.009717378019524325
4,ring,U5,5.0,3.981071705534973,15.854637802918084,0.3511055096019659,0.3494847215207812,3.9945264374887746,0.009220859171078288,-0.009220859171078288
4,ring,U5,5.0,4.073802778041126,15.852146268971385,0.35027313952189304,0.35085493531521394,3.994517921704275,0.008735219927022086,-0.008735219927022086
4,ring,U5,5.0,4.168693834703355,15.849737165195906,0.34946691863066054,0.35218206574166616,3.994509668324689,0.008261138178667693,-0.008261138178667693
4,ring,U5,5.0,4.265795188015925,15.847411145928914,0.34868736300697656,0.35346527243952813,3.994501683814832,0.007799252765614106,-0.007799252765614106
4,ring,U5,5.0,4.365158322401661,15.845168768307254,0.34793491039275476,0.3547038423094497,3.9944939736333853,0.00735015841945863,-0.00735015841945863
4,ring,U5,5.0,4.46683592150963,15.84301046730447,0.3472099175069953,0.3558971941984576,3.9944865422351263,0.006914401115133195,-0.006914401115133195
4,ring,U5,5.0,4.570881896148752,15.84093653398626,0.34651265795226593,0.3570448825773218,3.9944793930757965,0.006492473897830031,-0.006492473897830031
4,ring,U5,5.0,4.677351412871981,15.838947097061002,0.34584332074372337,0.35814660016316,3.994472528620213,0.006084813244715548,-0.006084813244715548
4,ring,U5,5.0,4.786300923226385,15.837042107757185,0.34520200948244245,0.3592021794538635,3.9944659503540265,0.005691796011317862,-0.005691796011317862
4,ring,U5,5.0,4.897788193684462,15.835221328016674,0.34458874218625635,0.360211593155095,3.9944596587995305,0.005313737001728214,-0.005313737001728214
4,ring,U5,5.0,5.011872336272725,15.833484321951216,0.3440034517824883,0.3611749534951458,3.994453653535775,0.004950887190873665,-0.004950887190873665
4,ring,U5,5.0,5.1286138399136485,15.831830450471813,0.34344598725809633,0.3620925104375153,3.9944479332232152,0.004603432615374992,-0.004603432615374992
4,ring,U5,5.0,5.248074602497728,15.830258868965455,0.342916115453979,0.36296464881541934,3.994442495632968,0.0042714939379795425,-0.0042714939379795425
4,ring,U5,5.0,5.370317963702527,15.828768527862591,0.34241352348170634,0.36379188442629434,3.9944373376807087,0.003955126679403342,-0.003955126679403342
4,ring,U5,5.0,5.4954087385762485,15.827358175911645,0.3419378217328913,0.36457485913746823,3.9944324554650956,0.003654322100272722,-0.003654322100272722
4,ring,U5,5.0,5.623413251903491,15.826026365954114,0.34148854744394735,0.36531433506629923,3.9944278443105765,0.0033690087058371176,-0.0033690087058371176
4,ring,U5,5.0,5.754399373371572,15.824771462975042,0.34106516877220083,0.36601118790904574,3.994423498814277,0.0030990543369640022,-0.0030990543369640022
4,ring,U5,5.0,5.88843655355589,15.82359165418952,0.34066708933338813,0.3666663995023357,3.994419412896673,0.002844268802509653,-0.002844268802509653
4,ring,U5,5.0,6.025595860743581,15.822484960915515,0.3402936531454954,0.36728104970923703,3.994415579855606,0.0026044070014981102,-0.0026044070014981102
4,ring,U5,5.0,6.165950018614822,15.821449251977272,0.33994414991982574,0.3678563077284728,3.9944119924231853,0.0023791724776369705,-0.0023791724776369705
4,ring,U5,5.0,6.309573444801936,15.820482258380908,0.3396178206370813,0.3683934229302261,3.994408642825063,0.002168221344561516,-0.002168221344561516
4,ring,U5,5.0,6.456542290346556,15.819581589005008,0.339313863344203,0.36889371532519616,3.9944055228415127,0.001971166517112266,-0.001971166517112266
4,ring,U5,5.0,6.606934480075965,15.818744747053184,0.3390314391066717,0.3693585657751157,3.9944026238697434,0.0017875821824855365,-0.0017875821824855365
4,ring,U5,5.0,6.760829753919819,15.817969147022701,0.3387696780509567,0.36978940605284366,3.9943999369868544,0.0016170084446187616,-0.0016170084446187616
4,ring,U5,5.0,6.918309709189363,15.817252131953033,0.33852768543273015,0.3701877088584885,3.994397453012815,0.0014589560762248155,-0.0014589560762248155
4,ring,U5,5.0,7.07945784384138,15.81659099073022,0.3383045476683227,0.3705549778948713,3.994395162572899,0.0013129113147156701,-0.0013129113147156701
4,ring,U5,5.0,7.244359600749899,15.81598297523682,0.338099338269574,0.370892738101127,3.9943930561589815,0.001178340641426523,-0.001178340641426523
4,ring,U5,5.0,7.413102413009177,15.815425317153036,0.3379111236256863,0.3712025261375124,3.994391124189171,0.0010546954871815117,-0.0010546954871815117
4,ring,U5,5.0,7.585775750291836,15.81491524423139,0.33773896857978963,0.3714858812076521,3.994389357065253,0.000941416811987672,-0.000941416811987672
4,ring,U5,5.0,7.76247116628692,15.814449995885534,0.33758194175261674,0.3717443362967197,3.9943877452274714,0.000837939511610486,-0.000837939511610486
4,ring,U5,5.0,7.943282347242813,15.814026837952612,0.33743912057082187,0.3719794098955377,3.994386279206253,0.0007436966094296338,-0.0007436966094296338
4,ring,U5,5.0,8.128305161640995,15.81364307650788,0.33730959596299587,0.37219259827148715,3.9943849496704784,0.0006581231977484947,-0.0006581231977484947
4,ring,U5,5.0,8.317637711026709,15.813296070629967,0.33719247669219055,0.37238536833760266,3.994383747471996,0.0005806600987243726,-0.0005806600987243726
4,ring,U5,5.0,8.511380382023768,15.812983244034877,0.3370868932996975,0.3725591511614586,3.994382663686143,0.0005107572211215938,-0.0005107572211215938
4,ring,U5,5.0,8.709635899560805,15.812702095516025,0.33699200164081,0.3727153361455869,3.9943816896480584,0.00044787659498624066,-0.00044787659498624066
4,ring,U5,5.0,8.91250938133746,15.81245020814683,0.3369069859992502,0.37285526590136053,3.994380816984666,0.00039149507210822776,-0.00039149507210822776
4,ring,U5,5.0,9.120108393559097,15.812225257220542,0.3368310617727787,0.3729802318286726,3.994380037642255,0.00034110668563247515,-0.00034110668563247515
4,ring,U5,5.0,9.332543007969914,15.812025016919538,0.3367634777281335,0.37309147040445906,3.9943793439096225,0.0002962246673128277,-0.0002962246673128277
4,ring,U5,5.0,9.549925860214358,15.811847365722889,0.3367035178288114,0.3731901601742968,3.9943787284368497,0.0002563831256514604,-0.0002563831256514604
4,ring,U5,5.0,9.772372209558112,15.811690290576209,0.33665050264422225,0.37327741943302695,3.9943781842497623,0.00022113839252924095,-0.00022113839252924095
4,ring,U5,5.0,10.0,15.811551889862004,0.33660379035338356,0.37335430457274077,3.9943777047602382,0.00019007004974103126,-0.00019007004974103126
4,ring,U5,5.0,10.232929922807536,15.811430375221358,0.33656277736050966,0.37342180906955813,3.994377283772526,0.0001627816502329793,-0.0001627816502329793
4,ring,U5,5.0,10.471285480509007,15.811324072288905,0.3365268985435651,0.3734808630745231,3.994376915485794,0.0001389011517130001,-0.0001389011517130001
4,ring,U5,5.0,10.71519305237607,15.811231420412831,0.3364956271600529,0.3735323335686683,3.9943765944931675,0.00011808108264066419,-0.00011808108264066419
4,ring,U5,5.0,10.964781961431852,15.81115097143946,0.3364684744369833,0.3735770250378959,3.9943763157775205,9.999846252561895e-05,-9.999846252561895e-05
4,ring,U5,5.0,11.220184543019629,15.811081387648457,0.33644498887409846,0.37361568061981865,3.9943760747043204,8.435449984656174e-05,-8.435449984656174e-05
4,ring,U5,5.0,11.481536214968841,15.811021438929505,0.33642475529101623,0.3736489836720936,3.994375867011848,7.087409177053416e-05,-7.087409177053416e-05
4,ring,U5,5.0,11.748975549395302,15.810969999294203,0.3364073936499956,0.37367755971006755,3.994375688799114,5.9305150465149836e-05,-5.9305150465149836e-05
4,ring,U5,5.0,12.02264434617413,15.810926042818721,0.3363925576865419,0.3737019786607036,3.9943755365118037,4.941778083633608e-05,-4.941778083633608e-05
4,ring,U5,5.0,12.30268770812381,15.8108886391126,0.33637993338007366,0.3737227573797552,3.9943754069265784,4.1003334213307596e-05,-4.1003334213307596e-05
4,ring,U5,5.0,12.589254117941662,15.810856948407757,0.33636923729639784,0.373740362379936,3.9943752971340585,3.3873361947378555e-05,-3.3873361947378555e-05
4,ring,U5,5.0,12.88249551693135,15.810830216359005,0.33636021483281453,0.3737552127193525,3.994375204520814,2.7858491912446937e-05,-2.7858491912446937e-05
4,ring,U5,5.0,13.182567385564074,15.810807768643505,0.33635263839534874,0.3737676830016539,3.9943751267506515,2.2807249740353086e-05,-2.2807249740353086e-05
4,ring,U5,5.0,13.489628825916533,15.810789005441471,0.33634630553591427,0.37377810644212695,3.9943750617454956,1.8584845202340716e-05,-1.8584845202340716e-05
4,ring,U5,5.0,13.803842646028839,15.810773395874692,0.3363410370752291,0.37378677795724646,3.9943750076661155,1.5071942482514089e-05,-1.5071942482514089e-05
4,ring,U5,5.0,14.125375446227554,15.810760472472646,0.3363366752350465,0.37379395723889125,3.994374962892959,1.2163431464706775e-05,-1.2163431464706775e-05
4,ring,U5,5.0,14.45439770745928,15.810749825728807,0.3363330818008311,0.3737998717784488,3.9943749260072905,9.767215188638545e-06,-9.767215188638545e-06
4,ring,U5,5.0,14.791083881682072,15.810741098802131,0.336330136333428,0.37380471981028324,3.994374895772833,7.803026736752372e-06,-7.803026736752372e-06
4,ring,U5,5.0,15.135612484362072,15.810733982410746,0.33632773444561354,0.37380867314841065,3.994374871118079,6.201286928408933e-06,-6.201286928408933e-06
4,ring,U5,5.0,15.488166189124827,15.810728209957063,0.33632578615673864,0.37381187989464,3.9943748511194004,4.902012187280036e-06,-4.902012187280036e-06
4,ring,U5,5.0,15.848931924611142,15.8107235529155,0.33632421433602605,0.37381446700079646,3.9943748349850687,3.853780116358507e-06,-3.853780116358507e-06
4,ring,U5,5.0,16.218100973589298,15.810719816506603,0.3363229532425149,0.3738165426718705,3.994374822040271,3.012758432952012e-06,-3.012758432952012e-06
4,ring,U5,5.0,16.595869074375596,15.810716835673933,0.3363219471672046,0.3738181986009524,3.99437481171317,2.341801309313496e-06,-2.341801309313496e-06
4,ring,U5,5.0,16.98243652461746,15.81071447137347,0.3363211491806743,0.37381951203056224,3.9943748035220454,1.809615466363823e-06,-1.809615466363823e-06
4,ring,U5,5.0,17.378008287493763,15.810712607179084,0.3363205199873745,0.37382054763840644,3.9943747970635393,1.3899969912856136e-06,-1.3899969912856136e-06
4,ring,U5,5.0,17.78279410038923,15.810711146202067,0.3363200268859264,0.37382135924865056,3.9943747920019814,1.0611385796721606e-06,-1.0611385796721606e-06
4,ring,U5,5.0,18.197008586099827,15.810710008318,0.3363196428331486,0.373821991372466,3.9943747880597793,8.050057314079595e-07,-8.050057314079595e-07
4,ring,U5,5.0,18.620871366628695,15.810709127690115,0.3363193456081555,0.3738224805838648,3.994374785008842,6.067795528252873e-07,-6.067795528252873e-07
4,ring,U5,5.0,19.054607179632484,15.81070845057503,0.33631911707175394,0.3738228567386812,3.9943747826629754,4.543630183206915e-07,-4.543630183206915e-07
4,ring,U5,5.0,19.498445997580454,15.810707933394042,0.33631894251548766,0.37382314404599776,3.9943747808712002,3.379469530884194e-07,-3.379469530884194e-07
4,ring,U5,5.0,19.952623149688787,15.81070754105148,0.3363188100940441,0.3738233620023647,3.9943747795119293,2.4963156430857225e-07,-2.4963156430857225e-07
4,ring,U5,5.0,20.417379446695318,15.810707245480117,0.3363187103343173,0.37382352619984693,3.9943747784879218,1.8309907456881547e-07,-1.8309907456881547e-07
4,ring,U5,5.0,20.892961308540407,15.81070702439323,0.33631863571420834,0.3738236490192892,3.994374777721965,1.3333284520911093e-07,-1.3333284520911093e-07
4,ring,U5,5.0,21.379620895022324,15.810706860222657,0.3363185803042026,0.37382374022025483,3.994374777153195,9.63783506335858e-08,-9.63783506335858e-08
4,ring,U5,5.0,21.87761623949552,15.810706739222592,0.33631853946488166,0.37382380743890015,3.9943747767339914,6.914144012881707e-08,-6.914144012881707e-08
4,ring,U5,5.0,22.387211385683422,15.810706650719476,0.33631850959376686,0.37382385660465045,3.994374776427371,4.921953777881072e-08,-4.921953777881072e-08
4,ring,U5,5.0,22.90867652767775,15.81070658648963,0.336318487915239,0.3738238922859801,3.994374776204847,3.476150123304933e-08,-3.476150123304933e-08
4,ring,U5,5.0,23.442288153199225,15.810706540247084,0.33631847230769274,0.3738239179749016,3.9943747760446393,2.4352376115643892e-08,-2.4352376115643892e-08
4,ring,U5,5.0,23.9883291901949,15.810706507225929,0.33631846116256203,0.3738239363190016,3.994374775930238,1.6919364576040152e-08,-1.6919364576040152e-08
4,ring,U5,5.0,24.547089156850287,15.810706483842626,0.3363184532703503,0.37382394930902607,3.994374775849226,1.1655818532574358e-08,-1.1655818532574358e-08
4,ring,U5,5.0,25.11886431509582,15.810706467425474,0.3363184477293175,0.37382395842917565,3.994374775792349,7.960342607304938e-09,-7.960342607304938e-09
4,ring,U5,5.0,25.703957827688647,15.810706455999807,0.3363184438729841,0.373823964776429,3.9943747757527652,5.388438140130347e-09,-5.388438140130347e-09
4,ring,U5,5.0,26.302679918953814,15.810706448119031,0.3363184412131058,0.3738239691544012,3.9943747757254617,3.6144891524259037e-09,-3.6144891524259037e-09
4,ring,U5,5.0,26.91534803926914,15.810706442732998,0.3363184393952408,0.37382397214647867,3.9943747757068016,2.40210429325316e-09,-2.40210429325316e-09
4,ring,U5,5.0,27.54228703338169,15.810706439086397,0.33631843816445806,0.37382397417226043,3.994374775694168,1.5812577913720816e-09,-1.5812577913720816e-09
4,ring,U5,5.0,28.18382931264455,15.810706436641091,0.3363184373391307,0.37382397553069113,3.994374775685696,1.0308225384392244e-09,-1.0308225384392244e-09
4,ring,U5,5.0,28.84031503126606,15.81070643501739,0.33631843679110734,0.3738239764326991,3.9943747756800714,6.653291251268456e-10,-6.653291251268456e-10
4,ring,U5,5.0,29.51209226666384,15.810706433950038,0.3363184364308602,0.3738239770256405,3.994374775676374,4.2507064534902383e-10,-4.2507064534902383e-10
4,ring,U5,5.0,30.199517204020193,15.810706433255596,0.33631843619647567,0.3738239774114209,3.9943747756739674,2.687512434818018e-10,-2.687512434818018e-10
4,ring,U5,5.0,30.90295432513592,15.810706432808512,0.33631843604557865,0.3738239776597866,3.9943747756724184,1.681152994592594e-10,-1.681152994592594e-10
4,ring,U5,5.0,31.622776601683793,15.810706432523768,0.3363184359494732,0.37382397781796955,3.994374775671432,1.0401990380159987e-10,-1.0401990380159987e-10
4,ring,U5,5.0,32.35936569296281,15.810706432344407,0.3363184358889358,0.3738239779176099,3.994374775670811,6.364508919887157e-11,-6.364508919887157e-11
4,ring,U5,5.0,33.11311214825915,15.810706432232694,0.33631843585123106,0.3738239779796692,3.9943747756704235,3.849809360190193e-11,-3.849809360190193e-11
4,ring,U5,5.0,33.884415613920275,15.810706432163915,0.3363184358280171,0.3738239780178778,3.9943747756701855,2.3015367389689345e-11,-2.3015367389689345e-11
4,ring,U5,5.0,34.673685045253166,15.810706432122068,0.33631843581389276,0.37382397804112555,3.9943747756700407,1.3596235248769517e-11,-1.3596235248769517e-11
4,ring,U5,5.0,35.481338923357534,15.81070643209691,0.33631843580540216,0.37382397805510037,3.9943747756699532,7.934097823181219e-12,-7.934097823181219e-12
4,ring,U5,5.0,36.30780547701018,15.810706432081973,0.3363184358003611,0.3738239780633976,3.9943747756699013,4.572342504616245e-12,-4.572342504616245e-12
4,ring,U5,5.0,37.15352290971728,15.810706432073216,0.3363184357974056,0.373823978068262,3.9943747756698706,2.601474591301667e-12,-2.601474591301667e-12
4,ring,U5,5.0,38.018939632056124,15.810706432068152,0.33631843579569537,0.37382397807107703,3.9943747756698538,1.4601653219870059e-12,-1.4601653219870059e-12
4,ring,U5,5.0,38.904514499428046,15.810706432065258,0.3363184357947187,0.3738239780726847,3.994374775669844,8.08242361927114e-13,-8.08242361927114e-13
4,ring,U5,5.0,39.81071705534978,15.810706432063627,0.33631843579416837,0.3738239780735904,3.994374775669838,4.4142467459096224e-13,-4.4142467459096224e-13
4,ring,U5,5.0,40.7380277804113,15.81070643206272,0.3363184357938626,0.3738239780740936,3.9943747756698347,2.3714363805993344e-13,-2.3714363805993344e-13
4,ring,U5,5.0,41.68693834703355,15.810706432062224,0.33631843579369514,0.3738239780743693,3.9943747756698333,1.2612133559741778e-13,-1.2612133559741778e-13
4,ring,U5,5.0,42.65795188015925,15.810706432061956,0.3363184357936047,0.37382397807451806,3.994374775669832,6.661338147750939e-14,-6.661338147750939e-14
4,ring,U5,5.0,43.65158322401656,15.810706432061812,0.3363184357935566,0.3738239780745973,3.9943747756698316,3.4638958368304884e-14,-3.4638958368304884e-14
4,ring,U5,5.0,44.668359215096345,15.810706432061737,0.3363184357935314,0.3738239780746387,3.9943747756698307,1.865174681370263e-14,-1.865174681370263e-14
4,ring,U5,5.0,45.708818961487516,15.8107064320617,0.3363184357935184,0.37382397807466006,3.994374775669831,7.993605777301127e-15,-7.993605777301127e-15
4,ring,U5,5.0,46.77351412871981,15.81070643206168,0.33631843579351184,0.373823978074671,3.9943747756698307,3.552713678800501e-15,-3.552713678800501e-15
4,ring,U5,5.0,47.863009232263806,15.81070643206167,0.33631843579350856,0.3738239780746764,3.9943747756698307,1.7763568394002505e-15,-1.7763568394002505e-15
4,ring,U5,5.0,48.97788193684466,15.810706432061668,0.33631843579350695,0.3738239780746791,3.9943747756698316,0.0,-0.0
4,ring,U5,5.0,50.11872336272725,15.810706432061663,0.3363184357935061,0.3738239780746803,3.9943747756698307,8.881784197001252e-16,-8.881784197001252e-16
4,ring,U5,5.0,51.28613839913648,15.810706432061664,0.3363184357935058,0.373823978074681,3.9943747756698316,0.0,-0.0
4,ring,U5,5.0,52.48074602497723,15.810706432061663,0.33631843579350557,0.37382397807468126,3.994374775669831,8.881784197001252e-16,-8.881784197001252e-16
4,ring,U5,5.0,53.70317963702533,15.810706432061664,0.33631843579350557,0.37382397807468143,3.9943747756698316,-8.881784197001252e-16,8.881784197001252e-16
4,ring,U5,5.0,54.954087385762485,15.81070643206166,0.33631843579350545,0.37382397807468143,3.9943747756698307,0.0,-0.0
4,ring,U5,5.0,56.23413251903491,15.810706432061663,0.3363184357935055,0.3738239780746815,3.994374775669831,0.0,-0.0
4,ring,U5,5.0,57.543993733715666,15.810706432061663,0.33631843579350545,0.3738239780746815,3.994374775669831,0.0,-0.0
4,ring,U5,5.0,58.884365535558956,15.810706432061663,0.33631843579350545,0.3738239780746815,3.994374775669831,0.0,-0.0
4,ring,U5,5.0,60.25595860743581,15.810706432061663,0.33631843579350545,0.3738239780746815,3.994374775669831,0.0,-0.0
4,ring,U5,5.0,61.65950018614822,15.810706432061663,0.33631843579350545,0.3738239780746815,3.994374775669831,0.0,-0.0
4,ring,U5,5.0,63.0957344480193,15.810706432061663,0.33631843579350545,0.3738239780746815,3.994374775669831,0.0,-0.0
4,ring,U5,5.0,64.56542290346563,15.810706432061663,0.33631843579350545,0.3738239780746815,3.994374775669831,0.0,-0.0
4,ring,U5,5.0,66.06934480075964,15.810706432061663,0.33631843579350545,0.3738239780746815,3.994374775669831,0.0,-0.0
4,ring,U5,5.0,67.60829753919819,15.810706432061663,0.33631843579350545,0.3738239780746815,3.994374775669831,0.0,-0.0
4,ring,U5,5.0,69.18309709189363,15.810706432061663,0.33631843579350545,0.3738239780746815,3.994374775669831,0.0,-0.0
4,ring,U5,5.0,70.79457843841388,15.810706432061663,0.33631843579350545,0.3738239780746815,3.994374775669831,0.0,-0.0
4,ring,U5,5.0,72.44359600749905,15.810706432061663,0.33631843579350545,0.3738239780746815,3.994374775669831,0.0,-0.0
4,ring,U5,5.0,74.13102413009177,15.810706432061663,0.33631843579350545,0.3738239780746815,3.994374775669831,0.0,-0.0
4,ring,U5,5.0,75.85775750291836,15.810706432061663,0.33631843579350545,0.3738239780746815,3.994374775669831,0.0,-0.0
4,ring,U5,5.0,77.62471166286912,15.810706432061663,0.33631843579350545,0.3738239780746815,3.994374775669831,0.0,-0.0
4,ring,U5,5.0,79.43282347242821,15.810706432061663,0.33631843579350545,0.3738239780746815,3.994374775669831,0.0,-0.0
4,ring,U5,5.0,81.28305161640995,15.810706432061663,0.33631843579350545,0.3738239780746815,3.994374775669831,0.0,-0.0
4,ring,U5,5.0,83.17637711026708,15.810706432061663,0.33631843579350545,0.3738239780746815,3.994374775669831,0.0,-0.0
4,ring,U5,5.0,85.11380382023759,15.810706432061663,0.33631843579350545,0.3738239780746815,3.994374775669831,0.0,-0.0
4,ring,U5,5.0,87.09635899560814,15.810706432061663,0.33631843579350545,0.3738239780746815,3.994374775669831,0.0,-0.0
4,ring,U5,5.0,89.12509381337459,15.810706432061663,0.33631843579350545,0.3738239780746815,3.994374775669831,0.0,-0.0
4,ring,U5,5.0,91.20108393559097,15.810706432061663,0.33631843579350545,0.3738239780746815,3.994374775669831,0.0,-0.0
4,ring,U5,5.0,93.32543007969905,15.810706432061663,0.33631843579350545,0.3738239780746815,3.994374775669831,0.0,-0.0
4,ring,U5,5.0,95.49925860214368,15.810706432061663,0.33631843579350545,0.3738239780746815,3.994374775669831,0.0,-0.0
4,ring,U5,5.0,97.72372209558111,15.810706432061663,0.33631843579350545,0.3738239780746815,3.994374775669831,0.0,-0.0
4,ring,U5,5.0,100.0,15.810706432061663,0.33631843579350545,0.3738239780746815,3.994374775669831,0.0,-0.0
4,ring,U5,5.0,102.32929922807536,15.810706432061663,0.33631843579350545,0.3738239780746815,3.994374775669831,0.0,-0.0
4,ring,U5,5.0,104.71285480509006,15.810706432061663,0.33631843579350545,0.3738239780746815,3.994374775669831,0.0,-0.0
4,ring,U5,5.0,107.1519305237607,15.810706432061663,0.33631843579350545,0.3738239780746815,3.994374775669831,0.0,-0.0
4,ring,U5,5.0,109.64781961431851,15.810706432061663,0.33631843579350545,0.3738239780746815,3.994374775669831,0.0,-0.0
4,ring,U5,5.0,112.2018454301963,15.810706432061663,0.33631843579350545,0.3738239780746815,3.994374775669831,0.0,-0.0
4,ring,U5,5.0,114.81536214968841,15.810706432061663,0.33631843579350545,0.3738239780746815,3.994374775669831,0.0,-0.0
4,ring,U5,5.0,117.48975549395303,15.810706432061663,0.33631843579350545,0.3738239780746815,3.994374775669831,0.0,-0.0
4,ring,U5,5.0,120.22644346174131,15.810706432061663,0.33631843579350545,0.3738239780746815,3.994374775669831,0.0,-0.0
4,ring,U5,5.0,123.02687708123811,15.810706432061663,0.33631843579350545,0.3738239780746815,3.994374775669831,0.0,-0.0
4,ring,U5,5.0,125.89254117941688,15.810706432061663,0.33631843579350545,0.3738239780746815,3.994374775669831,0.0,-0.0
4,ring,U5,5.0,128.82495516931348,15.810706432061663,0.33631843579350545,0.3738239780746815,3.994374775669831,0.0,-0.0
4,ring,U5,5.0,131.82567385564073,15.810706432061663,0.33631843579350545,0.3738239780746815,3.994374775669831,0.0,-0.0
4,ring,U5,5.0,134.89628825916532,15.810706432061663,0.33631843579350545,0.3738239780746815,3.994374775669831,0.0,-0.0
4,ring,U5,5.0,138.03842646028838,15.810706432061663,0.33631843579350545,0.3738239780746815,3.994374775669831,0.0,-0.0
4,ring,U5,5.0,141.25375446227554,15.810706432061663,0.33631843579350545,0.3738239780746815,3.994374775669831,0.0,-0.0
4,ring,U5,5.0,144.5439770745928,15.810706432061663,0.33631843579350545,0.3738239780746815,3.994374775669831,0.0,-0.0
4,ring,U5,5.0,147.91083881682073,15.810706432061663,0.33631843579350545,0.3738239780746815,3.994374775669831,0.0,-0.0
4,ring,U5,5.0,151.3561248436207,15.810706432061663,0.33631843579350545,0.3738239780746815,3.994374775669831,0.0,-0.0
4,ring,U5,5.0,154.88166189124829,15.810706432061663,0.33631843579350545,0.3738239780746815,3.994374775669831,0.0,-0.0
4,ring,U5,5.0,158.48931924611142,15.810706432061663,0.33631843579350545,0.3738239780746815,3.994374775669831,0.0,-0.0
4,ring,U5,5.0,162.18100973589299,15.810706432061663,0.33631843579350545,0.3738239780746815,3.994374775669831,0.0,-0.0
4,ring,U5,5.0,165.95869074375597,15.810706432061663,0.33631843579350545,0.3738239780746815,3.994374775669831,0.0,-0.0
4,ring,U5,5.0,169.8243652461746,15.810706432061663,0.33631843579350545,0.3738239780746815,3.994374775669831,0.0,-0.0
4,ring,U5,5.0,173.78008287493762,15.810706432061663,0.33631843579350545,0.3738239780746815,3.994374775669831,0.0,-0.0
4,ring,U5,5.0,177.82794100389228,15.810706432061663,0.33631843579350545,0.3738239780746815,3.994374775669831,0.0,-0.0
4,ring,U5,5.0,181.97008586099827,15.810706432061663,0.33631843579350545,0.3738239780746815,3.994374775669831,0.0,-0.0
4,ring,U5,5.0,186.20871366628694,15.810706432061663,0.33631843579350545,0.3738239780746815,3.994374775669831,0.0,-0.0
4,ring,U5,5.0,190.54607179632484,15.810706432061663,0.33631843579350545,0.3738239780746815,3.994374775669831,0.0,-0.0
4,ring,U5,5.0,194.98445997580455,15.810706432061663,0.33631843579350545,0.3738239780746815,3.994374775669831,0.0,-0.0
4,ring,U5,5.0,199.52623149688787,15.810706432061663,0.33631843579350545,0.3738239780746815,3.994374775669831,0.0,-0.0
4,ring,U5,5.0,204.17379446695315,15.810706432061663,0.33631843579350545,0.3738239780746815,3.994374775669831,0.0,-0.0
4,ring,U5,5.0,208.92961308540407,15.810706432061663,0.33631843579350545,0.3738239780746815,3.994374775669831,0.0,-0.0
4,ring,U5,5.0,213.79620895022325,15.810706432061663,0.33631843579350545,0.3738239780746815,3.994374775669831,0.0,-0.0
4,ring,U5,5.0,218.77616239495518,15.810706432061663,0.33631843579350545,0.3738239780746815,3.994374775669831,0.0,-0.0
4,ring,U5,5.0,223.87211385683423,15.810706432061663,0.33631843579350545,0.3738239780746815,3.994374775669831,0.0,-0.0
4,ring,U5,5.0,229.08676527677747,15.810706432061663,0.33631843579350545,0.3738239780746815,3.994374775669831,0.0,-0.0
4,ring,U5,5.0,234.42288153199226,15.810706432061663,0.33631843579350545,0.3738239780746815,3.994374775669831,0.0,-0.0
4,ring,U5,5.0,239.88329190194898,15.810706432061663,0.33631843579350545,0.3738239780746815,3.994374775669831,0.0,-0.0
4,ring,U5,5.0,245.47089156850285,15.810706432061663,0.33631843579350545,0.3738239780746815,3.994374775669831,0.0,-0.0
4,ring,U5,5.0,251.18864315095823,15.810706432061663,0.33631843579350545,0.3738239780746815,3.994374775669831,0.0,-0.0
4,ring,U5,5.0,257.03957827688646,15.810706432061663,0.33631843579350545,0.3738239780746815,3.994374775669831,0.0,-0.0
4,ring,U5,5.0,263.02679918953817,15.810706432061663,0.33631843579350545,0.3738239780746815,3.994374775669831,0.0,-0.0
4,ring,U5,5.0,269.1534803926914,15.810706432061663,0.33631843579350545,0.3738239780746815,3.994374775669831,0.0,-0.0
4,ring,U5,5.0,275.4228703338169,15.810706432061663,0.33631843579350545,0.3738239780746815,3.994374775669831,0.0,-0.0
4,ring,U5,5.0,281.8382931264455,15.810706432061663,0.33631843579350545,0.3738239780746815,3.994374775669831,0.0,-0.0
4,ring,U5,5.0,288.40315031266056,15.810706432061663,0.33631843579350545,0.3738239780746815,3.994374775669831,0.0,-0.0
4,ring,U5,5.0,295.1209226666384,15.810706432061663,0.33631843579350545,0.3738239780746815,3.994374775669831,0.0,-0.0
4,ring,U5,5.0,301.9951720402019,15.810706432061663,0.33631843579350545,0.3738239780746815,3.994374775669831,0.0,-0.0
4,ring,U5,5.0,309.0295432513592,15.810706432061663,0.33631843579350545,0.3738239780746815,3.994374775669831,0.0,-0.0
4,ring,U5,5.0,316.22776601683796,15.810706432061663,0.33631843579350545,0.3738239780746815,3.994374775669831,0.0,-0.0
4,ring,U5,5.0,323.5936569296281,15.810706432061663,0.33631843579350545,0.3738239780746815,3.994374775669831,0.0,-0.0
4,ring,U5,5.0,331.1311214825914,15.810706432061663,0.33631843579350545,0.3738239780746815,3.994374775669831,0.0,-0.0
4,ring,U5,5.0,338.84415613920277,15.810706432061663,0.33631843579350545,0.3738239780746815,3.994374775669831,0.0,-0.0
4,ring,U5,5.0,346.73685045253166,15.810706432061663,0.33631843579350545,0.3738239780746815,3.994374775669831,0.0,-0.0
4,ring,U5,5.0,354.8133892335753,15.810706432061663,0.33631843579350545,0.3738239780746815,3.994374775669831,0.0,-0.0
4,ring,U5,5.0,363.07805477010174,15.810706432061663,0.33631843579350545,0.3738239780746815,3.994374775669831,0.0,-0.0
4,ring,U5,5.0,371.53522909717276,15.810706432061663,0.33631843579350545,0.3738239780746815,3.994374775669831,0.0,-0.0
4,ring,U5,5.0,380.1893963205613,15.810706432061663,0.33631843579350545,0.3738239780746815,3.994374775669831,0.0,-0.0
4,ring,U5,5.0,389.04514499428046,15.810706432061663,0.33631843579350545,0.3738239780746815,3.994374775669831,0.0,-0.0
4,ring,U5,5.0,398.1071705534977,15.810706432061663,0.33631843579350545,0.3738239780746815,3.994374775669831,0.0,-0.0
4,ring,U5,5.0,407.380277804113,15.810706432061663,0.33631843579350545,0.3738239780746815,3.994374775669831,0.0,-0.0
4,ring,U5,5.0,416.8693834703355,15.810706432061663,0.33631843579350545,0.3738239780746815,3.994374775669831,0.0,-0.0
4,ring,U5,5.0,426.57951880159254,15.810706432061663,0.33631843579350545,0.3738239780746815,3.994374775669831,0.0,-0.0
4,ring,U5,5.0,436.51583224016565,15.810706432061663,0.33631843579350545,0.3738239780746815,3.994374775669831,0.0,-0.0
4,ring,U5,5.0,446.6835921509635,15.810706432061663,0.33631843579350545,0.3738239780746815,3.994374775669831,0.0,-0.0
4,ring,U5,5.0,457.0881896148752,15.810706432061663,0.33631843579350545,0.3738239780746815,3.994374775669831,0.0,-0.0
4,ring,U5,5.0,467.73514128719813,15.810706432061663,0.33631843579350545,0.3738239780746815,3.994374775669831,0.0,-0.0
4,ring,U5,5.0,478.630092322638,15.810706432061663,0.33631843579350545,0.3738239780746815,3.994374775669831,0.0,-0.0
4,ring,U5,5.0,489.77881936844665,15.810706432061663,0.33631843579350545,0.3738239780746815,3.994374775669831,0.0,-0.0
4,ring,U5,5.0,501.18723362727246,15.810706432061663,0.33631843579350545,0.3738239780746815,3.994374775669831,0.0,-0.0
4,ring,U5,5.0,512.8613839913648,15.810706432061663,0.33631843579350545,0.3738239780746815,3.994374775669831,0.0,-0.0
4,ring,U5,5.0,524.8074602497722,15.810706432061663,0.33631843579350545,0.3738239780746815,3.994374775669831,0.0,-0.0
4,ring,U5,5.0,537.0317963702532,15.810706432061663,0.33631843579350545,0.3738239780746815,3.994374775669831,0.0,-0.0
4,ring,U5,5.0,549.5408738576248,15.810706432061663,0.33631843579350545,0.3738239780746815,3.994374775669831,0.0,-0.0
4,ring,U5,5.0,562.341325190349,15.810706432061663,0.33631843579350545,0.3738239780746815,3.994374775669831,0.0,-0.0
4,ring,U5,5.0,575.4399373371566,15.810706432061663,0.33631843579350545,0.3738239780746815,3.994374775669831,0.0,-0.0
4,ring,U5,5.0,588.8436553555896,15.810706432061663,0.33631843579350545,0.3738239780746815,3.994374775669831,0.0,-0.0
4,ring,U5,5.0,602.5595860743581,15.810706432061663,0.33631843579350545,0.3738239780746815,3.994374775669831,0.0,-0.0
4,ring,U5,5.0,616.5950018614822,15.810706432061663,0.33631843579350545,0.3738239780746815,3.994374775669831,0.0,-0.0
4,ring,U5,5.0,630.957344480193,15.810706432061663,0.33631843579350545,0.3738239780746815,3.994374775669831,0.0,-0.0
4,ring,U5,5.0,645.6542290346563,15.810706432061663,0.33631843579350545,0.3738239780746815,3.994374775669831,0.0,-0.0
4,ring,U5,5.0,660.6934480075964,15.810706432061663,0.33631843579350545,0.3738239780746815,3.994374775669831,0.0,-0.0
4,ring,U5,5.0,676.0829753919819,15.810706432061663,0.33631843579350545,0.3738239780746815,3.994374775669831,0.0,-0.0
4,ring,U5,5.0,691.8309709189363,15.810706432061663,0.33631843579350545,0.3738239780746815,3.994374775669831,0.0,-0.0
4,ring,U5,5.0,707.9457843841387,15.810706432061663,0.33631843579350545,0.3738239780746815,3.994374775669831,0.0,-0.0
4,ring,U5,5.0,724.4359600749906,15.810706432061663,0.33631843579350545,0.3738239780746815,3.994374775669831,0.0,-0.0
4,ring,U5,5.0,741.3102413009177,15.810706432061663,0.33631843579350545,0.3738239780746815,3.994374775669831,0.0,-0.0
4,ring,U5,5.0,758.5775750291835,15.810706432061663,0.33631843579350545,0.3738239780746815,3.994374775669831,0.0,-0.0
4,ring,U5,5.0,776.2471166286912,15.810706432061663,0.33631843579350545,0.3738239780746815,3.994374775669831,0.0,-0.0
4,ring,U5,5.0,794.3282347242822,15.810706432061663,0.33631843579350545,0.3738239780746815,3.994374775669831,0.0,-0.0
4,ring,U5,5.0,812.8305161640995,15.810706432061663,0.33631843579350545,0.3738239780746815,3.994374775669831,0.0,-0.0
4,ring,U5,5.0,831.7637711026708,15.810706432061663,0.33631843579350545,0.3738239780746815,3.994374775669831,0.0,-0.0
4,ring,U5,5.0,851.1380382023759,15.810706432061663,0.33631843579350545,0.3738239780746815,3.994374775669831,0.0,-0.0
4,ring,U5,5.0,870.9635899560815,15.810706432061663,0.33631843579350545,0.3738239780746815,3.994374775669831,0.0,-0.0
4,ring,U5,5.0,891.2509381337459,15.810706432061663,0.33631843579350545,0.3738239780746815,3.994374775669831,0.0,-0.0
4,ring,U5,5.0,912.0108393559096,15.810706432061663,0.33631843579350545,0.3738239780746815,3.994374775669831,0.0,-0.0
4,ring,U5,5.0,933.2543007969905,15.810706432061663,0.33631843579350545,0.3738239780746815,3.994374775669831,0.0,-0.0
4,ring,U5,5.0,954.9925860214369,15.810706432061663,0.33631843579350545,0.3738239780746815,3.994374775669831,0.0,-0.0
4,ring,U5,5.0,977.2372209558112,15.810706432061663,0.33631843579350545,0.3738239780746815,3.994374775669831,0.0,-0.0
4,ring,U5,5.0,1000.0,15.810706432061663,0.33631843579350545,0.3738239780746815,3.994374775669831,0.0,-0.0
4,ring,U5,5.0,inf,15.810706432061663,0.33631843579350545,0.3738239780746815,3.994374775669831,0.0,0.0
4,ring,U20,20.0,0.0,144.0,0.17556365302394802,0.6380952380952384,3.4285714285714297,-6.9156311026468344,6.9156311026468344
4,ring,U20,20.0,0.001,142.51820521460007,0.1824946341439768,0.624054605322186,3.4488767635616084,-6.9443960366305575,6.9443960366305575
4,ring,U20,20.0,0.0010232929922807535,142.48408085707064,0.18265639611396675,0.6237271409044615,3.4493434021018836,-6.944927917610833,6.944927917610833
4,ring,U20,20.0,0.0010471285480508996,142.44918005965877,0.18282193875288089,0.623392033983813,3.4498206120524246,-6.945465701018641,6.945465701018641
4,ring,U20,20.0,0.001071519305237606,142.41348560363812,0.1829913505627283,0.623049106179592,3.4503086256477054,-6.946009220537018,6.946009220537018
4,ring,U20,20.0,0.0010964781961431851,142.37697990995397,0.1831647221161507,0.6226981749629759,3.450807679874734,-6.946558291813659,6.946558291813659
4,ring,U20,20.0,0.001122018454301963,142.33964503273984,0.18334214610426575,0.6223390535623711,3.4513180165530457,-6.947112711386563,6.947112711386563
4,ring,U20,20.0,0.0011481536214968829,142.30146265277298,0.1835237173855475,0.6219715508668279,3.4518398824151415,-6.947672255554732,6.947672255554732
4,ring,U20,20.0,0.001174897554939529,142.2624140708703,0.183709533035764,0.6215954713274384,3.452373529187313,-6.948236679191854,6.948236679191854
4,ring,U20,20.0,0.001202264434617413,142.22248020122834,0.1838996923989839,0.6212106148566977,3.452919213670781,-6.948805714499837,6.948805714499837
4,ring,U20,20.0,0.0012302687708123812,142.18164156470928,0.18409429713966935,0.6208167767257886,3.453477197823107,-6.94937906969934,6.94937906969934
4,ring,U20,20.0,0.0012589254117941675,142.13987828207843,0.18429345129587288,0.6204137474597811,3.4540477488397783,-6.949956427654836,6.949956427654836
4,ring,U20,20.0,0.0012882495516931337,142.0971700671946,0.1844972613335514,0.6200013127307125,3.4546311392359286,-6.950537444430768,6.950537444430768
4,ring,U20,20.0,0.0013182567385564075,142.0534962201596,0.1847058362020101,0.6195792532485289,3.455227646928086,-6.951121747775495,6.951121747775495
4,ring,U20,20.0,0.0013489628825916532,142.0088356204297,0.18491928739049554,0.6191473446498674,3.4558375553158855,-6.9517089355303945,6.9517089355303945
4,ring,U20,20.0,0.0013803842646028853,141.96316671989433,0.18513772898594583,0.6187053573846628,3.456461153363638,-6.95229857395962,6.95229857395962
4,ring,U20,20.0,0.001412537544622754,141.91646753592732,0.1853612777319118,0.6182530566005564,3.4570987356816723,-6.952890195997668,6.952890195997668
4,ring,U20,20.0,0.001445439770745928,141.86871564441586,0.18559005308866497,0.6177902020250982,3.45775060260735,-6.953483299411154,6.953483299411154
4,ring,U20,20.0,0.0014791083881682072,141.81988817277298,0.1858241772944955,0.6173165478457252,3.458417060285634,-6.954077344869805,6.954077344869805
4,ring,U20,20.0,0.0015135612484362087,141.76996179293985,0.18606377542821667,0.616831842587512,3.4590984207490996,-6.954671753923808,6.954671753923808
4,ring,U20,20.0,0.0015488166189124811,141.71891271438525,0.18630897547288008,0.616335828988681,3.459795001997275,-6.955265906882655,6.955265906882655
4,ring,U20,20.0,0.001584893192461114,141.66671667710793,0.18655990838070985,0.6158282438738737,3.460507128075159,-6.955859140590963,6.955859140590963
4,ring,U20,20.0,0.0016218100973589297,141.61334894465165,0.1868167081392616,0.6153088180251807,3.46123512915081,-6.956450746097165,6.956450746097165
4,ring,U20,20.0,0.0016595869074375613,141.55878429713846,0.18707951183880886,0.6147772760509388,3.461979341591814,-6.957039966209649,6.957039966209649
4,ring,U20,20.0,0.0016982436524617442,141.50299702433162,0.18734845974096018,0.6142333362522964,3.4627401080405287,-6.957625992935988,6.957625992935988
4,ring,U20,20.0,0.0017378008287493763,141.44596091873547,0.18762369534850637,0.613676710487568,3.463517777487891,-6.958207964799822,6.958207964799822
4,ring,U20,20.0,0.0017782794100389228,141.3876492687428,0.18790536547649522,0.613107104034396,3.464312705345656,-6.958784964029938,6.958784964029938
4,ring,U20,20.0,0.0018197008586099826,141.32803485184058,0.18819362032452872,0.6125242154497356,3.465125253516833,-6.959356013616063,6.959356013616063
4,ring,U20,20.0,0.0018620871366628676,141.26708992788423,0.18848861355027668,0.6119277364277051,3.4659557904641827,-6.959920074225732,6.959920074225732
4,ring,U20,20.0,0.0019054607179632482,141.20478623245327,0.18879050234419625,0.6113173516553293,3.4668046912765162,-6.960476040976221,6.960476040976221
4,ring,U20,20.0,0.0019498445997580456,141.14109497030037,0.18909944750544075,0.6106927386662265,3.46767233773262,-6.961022740054961,6.961022740054961
4,ring,U20,20.0,0.001995262314968879,141.07598680890658,0.18941561351894712,0.6100535676922854,3.4685591183625295,-6.961558925182686,6.961558925182686
4,ring,U20,20.0,0.0020417379446695297,141.00943187215756,0.1897391686336733,0.6093995015133982,3.4694654285059725,-6.962083273911819,6.962083273911819
4,ring,U20,20.0,0.0020892961308540386,140.941399734156,0.19007028494196898,0.6087301953053178,3.4703916703676714,-6.962594383754276,6.962594383754276
4,ring,U20,20.0,0.0021379620895022326,140.8718594131836,0.19040913846004343,0.6080452964857155,3.471338253069252,-6.963090768130236,6.963090768130236
4,ring,U20,20.0,0.002187761623949552,140.80077936583288,0.1907559092095015,0.607344444558536,3.4723055926974906,-6.963570852131998,6.963570852131998
4,ring,U20,20.0,0.00223872113856834,140.7281274813228,0.1911107812999043,0.6066272709567482,3.473294112348595,-6.964032968093939,6.964032968093939
4,ring,U20,20.0,0.0022908676527677724,140.6538710760186,0.19147394301231396,0.6058933988836072,3.474304242168173,-6.96447535096188,6.96447535096188
4,ring,U20,20.0,0.0023442288153199225,140.5779768881754,0.19184558688376713,0.6051424431525566,3.475336419386624,-6.964896133452992,6.964896133452992
4,ring,U20,20.0,0.00239883291901949,140.50041107292495,0.1922259097926223,0.604374010025913,3.4763910883495384,-6.965293340998397,6.965293340998397
4,ring,U20,20.0,0.002454708915685031,140.4211391975277,0.19261511304471504,0.603587697052496,3.4774687005427802,-6.9656648864595425,6.9656648864595425
4,ring,U20,20.0,0.0025118864315095794,140.34012623691441,0.19301340246024934,0.6027830929043736,3.4785697146118664,-6.9660085646101955,6.9660085646101955
4,ring,U20,20.0,0.0025703957827688645,140.25733656953796,0.19342098846134284,0.6019597772129182,3.4796945963752273,-6.966322046374135,6.966322046374135
4,ring,U20,20.0,0.0026302679918953813,140.17273397356377,0.19383808616013637,0.6011173204043945,3.480843818830944,-6.9666028728098155,6.9666028728098155
4,ring,U20,20.0,0.0026915348039269166,140.08628162342444,0.19426491544737212,0.6002552835353042,3.482017862156503,-6.966848448833211,6.966848448833211
4,ring,U20,20.0,0.002754228703338166,139.9979420867646,0.19470170108132326,0.5993732181277494,3.4832172137011135,-6.967056036667383,6.967056036667383
4,ring,U20,20.0,0.002818382931264455,139.90767732180848,0.19514867277695952,0.5984706660050972,3.484442367970117,-6.967222749010691,6.967222749010691
4,ring,U20,20.0,0.0028840315031266055,139.81544867517763,0.19560606529521674,0.5975471591282542,3.4856938266009467,-6.9673455419127315,6.9673455419127315
4,ring,U20,20.0,0.002951209226666387,139.72121688019334,0.1960741185322179,0.5966022194328817,3.4869720983301384,-6.967421207347694,6.967421207347694
4,ring,U20,20.0,0.003019951720402016,139.62494205569624,0.19655307760829305,0.5956353586679253,3.488277698950821,-6.967446365475073,6.967446365475073
4,ring,U20,20.0,0.003090295432513592,139.52658370541886,0.197043192956621,0.594646078235845,3.4896111512600956,-6.967417456577294,6.967417456577294
4,ring,U20,20.0,0.0031622776601683794,139.42610071794832,0.1975447204112987,0.5936338690349952,3.490972984995733,-6.967330732662909,6.967330732662909
4,ring,U20,20.0,0.003235936569296281,139.3234513673175,0.19805792129463853,0.5925982113046023,3.4923637367614844,-6.9671822487258055,6.9671822487258055
4,ring,U20,20.0,0.003311311214825911,139.2185933142656,0.19858306250346158,0.5915385744728663,3.4937839499404353,-6.966967853648608,6.966967853648608
4,ring,U20,20.0,0.0033884415613920273,139.1114836082106,0.199120416594144,0.5904544170087208,3.4952341745956117,-6.966683180740212,6.966683180740212
4,ring,U20,20.0,0.0034673685045253167,139.00207868997737,0.19967026186614967,0.5893451862778607,3.496714967357203,-6.96632363789611,6.96632363789611
4,ring,U20,20.0,0.0035481338923357532,138.89033439532895,0.20023288244376541,0.5882103184036634,3.4982268912955807,-6.965884397371909,6.965884397371909
4,ring,U20,20.0,0.003630780547701014,138.77620595934778,0.20080856835571864,0.587049238133711,3.499770515779373,-6.965360385158121,6.965360385158121
4,ring,U20,20.0,0.003715352290971728,138.65964802171885,0.20139761561234903,0.5858613587126462,3.501346416317752,-6.964746269947227,6.964746269947227
4,ring,U20,20.0,0.0038018939632056127,138.5406146329666,0.20200032627996287,0.5846460817621769,3.5029551743861034,-6.964036451681974,6.964036451681974
4,ring,U20,20.0,0.003890451449942805,138.41905926170057,0.20261700855198456,0.5834027971690897,3.5045973772341603,-6.963225049676225,6.963225049676225
4,ring,U20,20.0,0.003981071705534973,138.29493480292763,0.20324797681647158,0.5821308829821996,3.506273617675719,-6.962305890297692,6.962305890297692
4,ring,U20,20.0,0.004073802778041126,138.16819358748893,0.2038935517195479,0.580829705319244,3.5079844938589546,-6.961272494205176,6.961272494205176
4,ring,U20,20.0,0.004168693834703355,138.0387873926856,0.2045540602242582,0.5794986182847837,3.509730609016347,-6.960118063131592,6.960118063131592
4,ring,U20,20.0,0.004265795188015926,137.90666745415595,0.20522983566431563,0.5781369639002674,3.511512571193183,-6.9588354662047855,6.9588354662047855
4,ring,U20,20.0,0.004365158322401661,137.77178447907153,0.20592121779217973,0.5767440720474919,3.5133309929535814,-6.957417225800587,6.957417225800587
4,ring,U20,20.0,0.0044668359215096305,137.63408866072248,0.20662855282085427,0.5753192604267747,3.5151864910628956,-6.955855502921914,6.955855502921914
4,ring,U20,20.0,0.004570881896148752,137.49352969456373,0.20735219345875472,0.5738618345312553,3.51707968614539,-6.954142082099626,6.954142082099626
4,ring,U20,20.0,0.004677351412871981,137.35005679579677,0.20809249893694276,0.5723710876388327,3.5190112023159497,-6.952268355811658,6.952268355811658
4,ring,U20,20.0,0.004786300923226385,137.20361871856554,0.20884983502798998,0.5708463008233549,3.5209816667846354,-6.950225308419764,6.950225308419764
4,ring,U20,20.0,0.004897788193684461,137.05416377684645,0.2096245740556608,0.5692867429867778,3.522991709432773,-6.948003499622782,6.948003499622782
4,ring,U20,20.0,0.005011872336272725,136.90163986711534,0.21041709489456706,0.5676916709141325,3.525041962359316,-6.94559304742873,6.94559304742873
4,ring,U20,20.0,0.005128613839913648,136.74599449287857,0.21122778295888237,0.5660603293532619,3.5271330593960366,-6.942983610650124,6.942983610650124
4,ring,U20,20.0,0.005248074602497723,136.58717479115703,0.21205703017914465,0.5643919511213982,3.529265635590245,-6.940164370929118,6.940164370929118
4,ring,U20,20.0,0.005370317963702527,136.4251275610139,0.21290523496610614,0.5626857572408137,3.5314403266535233,-6.937124014300366,6.937124014300366
4,ring,U20,20.0,0.005495408738576248,136.25979929422326,0.21377280216053363,0.5609409571058888,3.533657768375012,-6.933850712305194,6.933850712305194
4,ring,U20,20.0,0.005623413251903491,136.09113620817502,0.21466014296778488,0.5591567486841035,3.53591859599775,-6.930332102671837,6.930332102671837
4,ring,U20,20.0,0.005754399373371567,135.91908428111816,0.21556767487590953,0.5573323187536072,3.53822344355644,-6.926555269580287,6.926555269580287
4,ring,U20,20.0,0.00588843655355589,135.7435892898461,0.21649582155595767,0.5554668431801875,3.5405729431751096,-6.922506723535719,6.922506723535719
4,ring,U20,20.0,0.0060255958607435805,135.56459684992936,0.21744501274308697,0.5535594872366012,3.5429677243229407,-6.918172380877145,6.918172380877145
4,ring,U20,20.0,0.006165950018614822,135.3820524586062,0.21841568409698398,0.5516094059674418,3.5454084130266588,-6.913537542954241,6.913537542954241
4,ring,U20,20.0,0.00630957344480193,135.1959015404415,0.21940827704002402,0.5496157446028572,3.547895631037697,-6.908586875009416,6.908586875009416
4,ring,U20,20.0,0.006456542290346556,135.0060894958705,0.2204232385715041,0.5475776390246478,3.5504299949524176,-6.903304384808973,6.903304384808973
4,ring,U20,20.0,0.006606934480075964,134.8125617527423,0.2214610210561931,0.5454942162884437,3.5530121152835985,-6.897673401072986,6.897673401072986
4,ring,U20,20.0,0.006760829753919818,134.61526382098444,0.22252208198534618,0.5433645952058741,3.5556425954813418,-6.891676551760934,6.891676551760934
4,ring,U20,20.0,0.006918309709189363,134.4141413505087,0.22360688370822743,0.5411878869908331,3.5583220309015973,-6.88529574227697,6.88529574227697
4,ring,U20,20.0,0.00707945784384138,134.20914019248326,0.2247158931320865,0.5389631959741578,3.561051007720408,-6.878512133667286,6.878512133667286
4,ring,U20,20.0,0.007244359600749898,134.0002064640952,0.22584958138843592,0.5366896203912443,3.5638301017919938,-6.8713061208912904,6.8713061208912904
4,ring,U20,20.0,0.007413102413009177,133.78728661693268,0.22700842346335887,0.5343662532473468,3.5666598774488096,-6.86365731125705,6.86365731125705
4,ring,U20,20.0,0.007585775750291836,133.5703275091119,0.22819289778948032,0.5319921832655072,3.569540886241612,-6.8555445031222035,6.8555445031222035
4,ring,U20,20.0,0.00776247116628692,133.3492764812814,0.2294034857971183,0.5295664959223023,3.572473665617689,-6.846945664972129,6.846945664972129
4,ring,U20,20.0,0.007943282347242814,133.12408143663083,0.23064067142203346,0.5270882745767931,3.5754587375353144,-6.837837915000527,6.837837915000527
4,ring,U20,20.0,0.008128305161640995,132.8946909250356,0.2319049405670745,0.5245566016982876,3.57849660701257,-6.828197501327892,6.828197501327892
4,ring,U20,20.0,0.008317637711026709,132.6610542314656,0.23319678051491996,0.5219705601987394,3.5815877606086404,-6.817999783009181,6.817999783009181
4,ring,U20,20.0,0.008511380382023767,132.42312146878646,0.23451667928900866,0.519329234875808,3.5847326648357862,-6.8072192119950365,6.8072192119950365
4,ring,U20,20.0,0.008709635899560805,132.18084367507984,0.23586512495964634,0.5166317139728109,3.587931764500209,-6.795829316226818,6.795829316226818
4,ring,U20,20.0,0.008912509381337459,131.93417291560664,0.23724260489218643,0.5138770908619814,3.5911854809700796,-6.783802684062525,6.783802684062525
4,ring,U20,20.0,0.009120108393559097,131.6830623895332,0.238649604934081,0.511064465857627,3.5944942103690924,-6.771110950246367,6.771110950246367
4,ring,U20,20.0,0.009332543007969905,131.42746654153697,0.2400866085375241,0.5081929481659332,3.59785832169399,-6.757724783654634,6.757724783654634
4,ring,U20,20.0,0.009549925860214359,131.16734117840272,0.24155409581432716,0.5052616579783132,3.601278154854636,-6.7436138770685865,6.7436138770685865
4,ring,U20,20.0,0.009772372209558112,130.90264359071224,0.24305254251960287,0.502269728715293,3.6047540186352856,-6.728746939244417,6.728746939244417
4,ring,U20,20.0,0.01,130.63333267972556,0.24458241896079086,0.4992163094280355,3.6082861885759425,-6.713091689573098,6.713091689573098
4,ring,U20,20.0,0.010232929922807542,130.35936908953826,0.24614418882850622,0.49610056736463465,3.6118749047727863,-6.696614855641087,6.696614855641087
4,ring,U20,20.0,0.010471285480508996,130.08071534459296,0.24773830794569585,0.4929216907083384,3.6155203695969287,-6.679282174028913,6.679282174028913
4,ring,U20,20.0,0.010715193052376065,129.79733599260507,0.24936522293156832,0.48967889149482424,3.6192227453309544,-6.661058394703129,6.661058394703129
4,ring,U20,20.0,0.01096478196143185,129.5091977529531,0.2510253697768121,0.4863714087155573,3.622982151722968,-6.641907289384314,6.641907289384314
4,ring,U20,20.0,0.011220184543019636,129.216269670562,0.25271917232665164,0.48299851161413326,3.626798663458249,-6.621791664293298,6.621791664293298
4,ring,U20,20.0,0.01148153621496883,128.91852327529185,0.25444704066838975,0.47955950318228785,3.630672307548859,-6.600673377703821,6.600673377703821
4,ring,U20,20.0,0.011748975549395297,128.61593274681897,0.2562093694202053,0.47605372386197636,3.634603060642026,-6.5785133627526164,6.5785133627526164
4,ring,U20,20.0,0.012022644346174132,128.3084750849737,0.2580065359181225,0.4724805554595568,3.638590846248554,-6.55527165597865,6.55527165597865
4,ring,U20,20.0,0.012302687708123818,127.99613028546841,0.25983889829828516,0.4688394252776611,3.6426355318929775,-6.530907432088117,6.530907432088117
4,ring,U20,20.0,0.012589254117941675,127.6788815209181,0.26170679347191655,0.46512981046976526,3.6467369261877556,-6.505379045460593,6.505379045460593
4,ring,U20,20.0,0.012882495516931342,127.35671532701934,0.26361053499064513,0.46135124262180843,3.65089477583446,-6.478644078931321,6.478644078931321
4,ring,U20,20.0,0.013182567385564075,127.02962179371376,0.2655504108002455,0.45750331256440757,3.6551087625554675,-6.450659400402451,6.450659400402451
4,ring,U20,20.0,0.01348962882591654,126.69759476111682,0.26752668088127196,0.45358567541829764,3.6593784999606154,-6.42138122785018,6.42138122785018
4,ring,U20,20.0,0.013803842646028852,126.36063201994295,0.26953957477555024,0.4495980558745411,3.663703530353924,-6.390765203305801,6.390765203305801
4,ring,U20,20.0,0.014125375446227547,126.0187355161049,0.27158928899807566,0.44554025370982947,3.6680833214865216,-6.358766476397534,6.358766476397534
4,ring,U20,20.0,0.014454397707459272,125.67191155910149,0.2736759843345078,0.44141214953580893,3.672517263262889,-6.325339798041522,6.325339798041522
4,ring,U20,20.0,0.014791083881682071,125.32017103374592,0.27579978302519553,0.43721371077977184,3.67700466440857,-6.290439624869034,6.290439624869034
4,ring,U20,20.0,0.01513561248436208,124.96352961471202,0.27796076583749063,0.4329449978923161,3.6815447491087974,-6.254020234968088,6.254020234968088
4,ring,U20,20.0,0.01548816618912481,124.60200798329724,0.28015896902904514,0.42860617077559193,3.6861366536286306,-6.216035855502689,6.216035855502689
4,ring,U20,20.0,0.015848931924611134,124.23563204571701,0.2823943812057915,0.42419749542359986,3.690779422926697,-6.176440802746768,6.176440802746768
4,ring,U20,20.0,0.0162181009735893,123.8644331521528,0.2846669400794732,0.41971935076361455,3.695472007276071,-6.135189635041527,6.135189635041527
4,ring,U20,20.0,0.016595869074375606,123.48844831567595,0.28697652913078997,0.415172235685202,3.7002132589073913,-6.092237319135613,6.092237319135613
4,ring,U20,20.0,0.016982436524617443,123.10772043006568,0.2893229741856182,0.41055677624046516,3.705001928691061,-6.04753941031915,6.04753941031915
4,ring,U20,20.0,0.017378008287493755,122.72229848542474,0.2917060399132027,0.4058737329960971,3.709836662877131,-6.001052246691646,6.001052246691646
4,ring,U20,20.0,0.01778279410038923,122.33223778037835,0.29412542625680405,0.4011240085145196,3.7147159999133477,-5.952733157824763,5.952733157824763
4,ring,U20,20.0,0.018197008586099836,121.93760012951536,0.29658076480897577,0.39630865493789585,3.719638367363838,-5.902540687985823,5.902540687985823
4,ring,U20,20.0,0.018620871366628676,121.5384540645994,0.2990716151454454,0.3914288816450627,3.7246020789529393,-5.8504348339776975,5.8504348339776975
4,ring,U20,20.0,0.019054607179632473,121.13487502794183,0.30159746113346325,0.38648606294751425,3.7296053317608115,-5.796377297522149,5.796377297522149
4,ring,U20,20.0,0.019498445997580455,120.7269455561864,0.30415770723248164,0.3814817457864616,3.7346462035995653,-5.740331751970228,5.740331751970228
4,ring,U20,20.0,0.0199526231496888,120.3147554526125,0.30675167480710175,0.3764176573887221,3.7397226506009362,-5.682264122959612,5.682264122959612
4,ring,U20,20.0,0.020417379446695295,119.89840194591974,0.30937859847437266,0.3712957128348055,3.7448325050485884,-5.62214288245945,5.62214288245945
4,ring,U20,20.0,0.020892961308540396,119.47798983330871,0.3120376225097133,0.36611802248807296,3.749973473490386,-5.559939355440676,5.559939355440676
4,ring,U20,20.0,0.021379620895022326,119.053631605535,0.31472779733796896,0.3608868992293197,3.7551431351680225,-5.495628038195569,5.495628038195569
4,ring,U20,20.0,0.02187761623949553,118.62544755146999,0.31744807613833914,0.35560486543660363,3.7603389408033743,-5.429186927091571,5.429186927091571
4,ring,U20,20.0,0.0223872113856834,118.19356583957725,0.32019731159411857,0.350274659645685,3.7655582117828197,-5.360597856293268,5.360597856293268
4,ring,U20,20.0,0.022908676527677734,117.75812257358879,0.32297425282036535,0.344899242822115,3.770798139782361,-5.289846842719179,5.289846842719179
4,ring,U20,20.0,0.023442288153199226,117.31926181956405,0.3257775425046527,0.3394818041719125,3.7760557868778215,-5.216924436218996,5.216924436218996
4,ring,U20,20.0,0.02398832919019491,116.87713560142318,0.32860571429800667,0.33402576641393683,3.781328086185419,-5.141826072665985,5.141826072665985
4,ring,U20,20.0,0.02454708915685031,116.43190386198363,0.33145719049487,0.3285347904336638,3.786611843078715,-5.064552427361846,5.064552427361846
4,ring,U20,20.0,0.025118864315095808,115.98373438648824,0.3343302800424645,0.3230127792351319,3.791903737028194,-4.985109765851426,4.985109765851426
4,ring,U20,20.0,0.025703957827688632,115.53280268560563,0.33722317692115356,0.3174638811054953,3.797200324109456,-4.903510288944332,4.903510288944332
4,ring,U20,20.0,0.026302679918953815,115.07929183491247,0.34013395893833215,0.31189249190501017,3.8024980402250352,-4.819772468453159,4.819772468453159
4,ring,U20,20.0,0.026915348039269153,114.62339226793584,0.3430605869788698,0.3063032563944801,3.8077932050834633,-4.73392136987821,4.73392136987821
4,ring,U20,20.0,0.02754228703338166,114.16530151995049,0.34600090475521794,0.30070106851232903,3.813082026976768,-4.6459889580167655,4.6459889580167655
4,ring,U20,20.0,0.028183829312644536,113.70522391988972,0.3489526390998309,0.29509107051468514,3.818360608394549,-4.556014381243656,4.556014381243656
4,ring,U20,20.0,0.028840315031266057,113.24337022795245,0.3519134008415818,0.2894786508942077,3.8236249525088364,-4.464044230025998,4.464044230025998
4,ring,U20,20.0,0.029512092266663854,112.77995721676834,0.3548806863062032,0.2838694409970397,3.828870970558934,-4.370132765084769,4.370132765084769
4,ring,U20,20.0,0.03019951720402016,112.31520719432714,0.3578518794785443,0.27826931026224444,3.834094490159674,-4.274342110531073,4.274342110531073
4,ring,U20,20.0,0.030902954325135904,111.84934746728761,0.360824254861425,0.27268436001452206,3.8392912645495554,-4.176742407273437,4.176742407273437
4,ring,U20,20.0,0.03162277660168379,111.38260974375765,0.3637949810621731,0.26712091574891017,3.8444569827873822,-4.077411922039083,4.077411922039083
4,ring,U20,20.0,0.03235936569296283,110.91522947518258,0.3667611251334592,0.26158551785561585,3.849587280897113,-3.976437107475519,3.976437107475519
4,ring,U20,20.0,0.03311311214825911,110.4474451375895,0.3697196576898086,0.2560849107440963,3.8546777539507002,-3.87391260900835,3.87391260900835
4,ring,U20,20.0,0.033884415613920256,109.97949745311105,0.37266745881516855,0.25062603033798,3.859723969068017,-3.769941214432258,3.769941214432258
4,ring,U20,20.0,0.034673685045253165,109.51162855345079,0.3756013247702094,0.24521598992633503,3.864721479301203,-3.664633742614541,3.664633742614541
4,ring,U20,20.0,0.03548133892335755,109.04408108774155,0.378517975500585,0.23986206437205473,3.869665838358522,-3.558108868184945,3.558108868184945
4,ring,U20,20.0,0.03630780547701014,108.57709727808863,0.38141406293935004,0.23457167269460033,3.874552616109828,-3.4504928796864007,3.4504928796864007
4,ring,U20,20.0,0.03715352290971726,108.11091792696494,0.3842861800881171,0.22935235906181783,3.8793774148024416,-3.3419193693554448,3.3419193693554448
4,ring,U20,20.0,0.038018939632056124,107.64578138152739,0.38713087085247366,0.22421177224384722,3.884135885902748,-3.232528853488155,3.232528853488155
4,ring,U20,20.0,0.03890451449942807,107.18192246083723,0.3899446405978124,0.21915764360094103,3.8888237474652776,-3.122468323221746,3.122468323221746
4,ring,U20,20.0,0.039810717055349734,106.71957135288218,0.39272396738213156,0.21419776369606983,3.8934368019179573,-3.0118907265059676,3.0118907265059676
4,ring,U20,20.0,0.04073802778041128,106.25895248918687,0.39546531381278466,0.2093399576421054,3.8979709541395446,-2.9009543830445637,2.9009543830445637
4,ring,U20,20.0,0.04168693834703355,105.80028340566008,0.39816513946468246,0.20459205931182167,3.902422229693575,-2.789822335035943,2.789822335035943
4,ring,U20,20.0,0.04265795188015928,105.34377359912813,0.4008199137883478,0.19996188455651287,3.906786793072635,-2.678661637613324,2.678661637613324
4,ring,U20,20.0,0.04365158322401661,104.88962338973563,0.4034261294275925,0.1954572035952988,3.911060965797667,-2.5676425939540124,2.5676425939540124
4,ring,U20,20.0,0.04466835921509633,104.43802280003673,0.40598031585875155,0.19108571275176364,3.9152412442097506,-2.456937941080959,2.456937941080959
4,ring,U20,20.0,0.04570881896148752,103.98915046213527,0.4084790532564089,0.1868550057270348,3.9193243167865965,-2.346721993375013,2.346721993375013
4,ring,U20,20.0,0.046773514128719815,103.54317256464418,0.4109189864847331,0.18277254460838688,3.9233070808130264,-2.2371697517459097,2.2371697517459097
4,ring,U20,20.0,0.047863009232263824,103.10024185151467,0.41329683910894593,0.17884563081957175,3.9271866582342847,-2.128455987233842,2.128455987233842
4,ring,U20,20.0,0.04897788193684462,102.66049668491544,0.41560942731832856,0.17508137622304004,3.9309604105233413,-2.020754308515116,2.020754308515116
4,ring,U20,20.0,0.05011872336272722,102.22406018432464,0.41785367365059684,0.17148667458476244,3.9346259523982763,-1.9142362233395858,1.9142362233395858
4,ring,U20,20.0,0.05128613839913648,101.79103945381885,0.42002662040758354,0.16806817360929607,3.9381811642337787,-1.8090702043134712,1.8090702043134712
4,ring,U20,20.0,0.05248074602497726,101.36152490920826,0.4221254426539895,0.1648322477459609,3.941624203021458,-1.7054207696434744,1.7054207696434744
4,ring,U20,20.0,0.05370317963702527,100.93558971618363,0.42414746069457376,0.1617849719564684,3.944953511746902,-1.6034475894679048,1.6034475894679048
4,ring,U20,20.0,0.054954087385762455,100.51328935000708,0.4260901519304773,0.15893209662015048,3.948167827067518,-1.5033046282032316,1.5033046282032316
4,ring,U20,20.0,0.05623413251903491,100.09466128651371,0.42795116200239547,0.15627902373522023,3.951266185193148,-1.4051393329360664,1.4051393329360664
4,ring,U20,20.0,0.057543993733715694,99.67972483331073,0.4297283151369306,0.15383078455353444,3.95424792589181,-1.309091877294172,1.309091877294172
4,ring,U20,20.0,0.0588843655355589,99.26848110907419,0.4314196236224827,0.1515920187624703,3.9571126945645645,-1.2152944694373957,1.2152944694373957
4,ring,U20,20.0,0.06025595860743578,98.86091317778214,0.433023296352354,0.14956695530120054,3.9598604423564825,-1.1238707318493155,1.1238707318493155
4,ring,U20,20.0,0.06165950018614822,98.45698634359472,0.43453774638504994,0.14775939487043294,3.9624914242944156,-1.0349351594861815,1.0349351594861815
4,ring,U20,20.0,0.06309573444801933,98.05664861092943,0.43596159748490937,0.14617269416511636,3.9650061954660933,-0.9485926615951144,0.9485926615951144
4,ring,U20,20.0,0.06456542290346556,97.65983131309088,0.4372936896197879,0.1448097518294335,3.96740560527872,-0.8649381911541667,0.8649381911541667
4,ring,U20,20.0,0.06606934480075961,97.26644991162561,0.4385330834063811,0.14367299610328801,3.969690789858145,-0.7840564644659054,0.7840564644659054
4,ring,U20,20.0,0.06760829753919818,96.87640496738615,0.43967906350751107,0.14276437410023288,3.971863162671184,-0.7060217719669382,0.7060217719669382
4,ring,U20,20.0,0.06918309709189366,96.48958328312357,0.4407311409990304,0.14208534262917474,3.9739244034736885,-0.630897879842486,0.630897879842486
4,ring,U20,20.0,0.0707945784384138,96.10585921627357,0.44168905473664255,0.14163686044701146,3.9758764457047144,-0.5587380205846628,0.5587380205846628
4,ring,U20,20.0,0.07244359600749903,95.72509615946197,0.4425527717645304,0.14141938180744285,3.9777214624626835,-0.48958496923632566,0.48958496923632566
4,ring,U20,20.0,0.07413102413009177,95.34714818511502,0.44332248681802083,0.14143285115332768,3.9794618512120996,-0.423471200750555,0.423471200750555
4,ring,U20,20.0,0.0758577575029184,94.97186184939257,0.44399862098124226,0.14167669878689687,3.9811002173795367,-0.3604191226858262,0.3604191226858262
4,ring,U20,20.0,0.07762471166286919,94.59907814945092,0.4445818195677127,0.14214983734463466,3.9826393570045373,-0.30044137638470403,0.30044137638470403
4,ring,U20,20.0,0.07943282347242818,94.22863462673952,0.44507294929670305,0.14285065890234816,3.984082238615451,-0.24354119884666403,0.24354119884666403
4,ring,U20,20.0,0.08128305161640995,93.86036760761121,0.44547309484099845,0.1437770325415235,3.9854319845015156,-0.18971283674055428,0.18971283674055428
4,ring,U20,20.0,0.08317637711026708,93.49411457092874,0.4457835548220898,0.1449263022210035,3.9866918515514813,-0.13894200339871077,0.13894200339871077
4,ring,U20,20.0,0.08511380382023763,93.12971663053804,0.4460058373268141,0.14629528481879067,3.9878652118253317,-0.09120636921471714,0.09120636921471714
4,ring,U20,20.0,0.08709635899560805,92.76702111840481,0.44614165501496983,0.14788026823766584,3.988955533020209,-0.04647607562717582,0.04647607562717582
4,ring,U20,20.0,0.08912509381337455,92.40588425183947,0.44619291988042703,0.14967700950548507,3.989966358984234,-0.004714262817572035,0.004714262817572035
4,ring,U20,20.0,0.09120108393559097,92.04617386553053,0.4461617377187924,0.1516807328464554,3.9909012904232326,0.03412239861783206,-0.03412239861783206
4,ring,U20,20.0,0.0933254300796991,91.68777218605909,0.446050402342875,0.15388612775310656,3.9917639659357143,0.07008318144347214,-0.07008318144347214
4,ring,U20,20.0,0.09549925860214359,91.33057862317291,0.4458613895731892,0.1562873471495797,3.9925580435012247,0.10322278992551048,-0.10322278992551048
4,ring,U20,20.0,0.09772372209558107,90.97451254838491,0.4455973510147937,0.15887800580435418,3.993287182536677,0.1336008705689622,-0.1336008705689622
4,ring,U20,20.0,0.1,90.61951602748846,0.4452611076142247,0.16165117922341574,3.9939550266248744,0.16128155280535594,-0.16128155280535594
4,ring,U20,20.0,0.10232929922807547,90.26555646942455,0.4448556429715357,0.16459940333147755,3.994565187009318,0.18633302593876522,-0.18633302593876522
4,ring,U20,20.0,0.10471285480508996,89.91262914973187,0.4443840963631248,0.16771467532706852,3.9951212269398657,0.20882715742236257,-0.20882715742236257
4,ring,U20,20.0,0.10715193052376071,89.56075956271002,0.44384975541165006,0.1709884561744724,3.9956266469448805,0.2288391561457317,-0.2288391561457317
4,ring,U20,20.0,0.1096478196143185,89.21000555263764,0.4432560483207544,0.1744116752685218,3.996084871097305,0.24644728285663575,-0.24644728285663575
4,ring,U20,20.0,0.1122018454301963,88.8604591711443,0.4426065355753747,0.17797473787351056,3.9964992343345314,0.2617326081545954,-0.2617326081545954
4,ring,U20,20.0,0.1148153621496883,88.51224820541105,0.44190490099401764,0.18166753599092256,3.996872970884977,0.2747788166972782,-0.2747788166972782
4,ring,U20,20.0,0.11748975549395291,88.16553732056046,0.4411549420086803,0.185479463347958,3.997209203847668,0.2856720543956399,-0.2856720543956399
4,ring,U20,20.0,0.12022644346174131,87.8205287597023,0.440360559042004,0.18939943521543848,3.997510935964678,0.29450081349092017,-0.29450081349092017
4,ring,U20,20.0,0.1230268770812381,87.47746254692566,0.43952574385097204,0.1934159137550948,3.9977810416197883,0.3013558485664305,-0.3013558485664305
4,ring,U20,20.0,0.12589254117941676,87.1366161423501,0.4386545667128347,0.19751693955838,3.998022260089854,0.30633011482606776,-0.30633011482606776
4,ring,U20,20.0,0.12882495516931336,86.7983035044038,0.43775116234290407,0.20169016996822592,3.9982371900677465,0.3095187184530346,-0.3095187184530346
4,ring,U20,20.0,0.13182567385564073,86.46287352294695,0.43681971445594114,0.20592292466910386,3.998428285467479,0.31101886763612185,-0.31101886763612185
4,ring,U20,20.0,0.13489628825916533,86.13070779776977,0.43586443891335175,0.21020223888808545,3.9985978525125088,0.3109298120150541,-0.3109298120150541
4,ring,U20,20.0,0.13803842646028852,85.80221775031913,0.4348895654372234,0.21451492437093853,3.998748048097623,0.30935275793612504,-0.30935275793612504
4,ring,U20,20.0,0.1412537544622754,85.47784107205572,0.4338993179187757,0.21884763808502755,3.998880879402997,0.3063907471052474,-0.3063907471052474
4,ring,U20,20.0,0.1445439770745928,85.15803753027146,0.4328978934019472,0.22318695835973917,3.9989982047258907,0.30214848703966624,-0.30214848703966624
4,ring,U20,20.0,0.1479108388168207,84.84328417101342,0.4318894398810505,0.22751946791225955,3.9991017354818226,0.2967321231724256,-0.2967321231724256
4,ring,U20,20.0,0.15135612484362088,84.5340699783109,0.43087803311241346,0.2318318429310998,3.999193039312383,0.2902489445685319,-0.2902489445685319
4,ring,U20,20.0,0.1548816618912481,84.23089006841866,0.42986765270120286,0.23611094711300848,3.9992735442224547,0.28280701790470886,-0.28280701790470886
4,ring,U20,20.0,0.15848931924611143,83.93423951638772,0.4288621577831498,0.24034392928358234,3.9993445436553117,0.27451474757039307,-0.27451474757039307
4,ring,U20,20.0,0.16218100973589297,83.6446069290312,0.42786526267351543,0.24451832299166243,3.999407202400842,0.26548036332807357,-0.26548036332807357
4,ring,U20,20.0,0.16595869074375613,83.36246789233915,0.42688051289917167,0.24862214626621612,3.9994625632205016,0.25581134075367373,-0.25581134075367373
4,ring,U20,20.0,0.16982436524617442,83.08827843174495,0.42591126206109026,0.25264399957476885,3.999511554063046,0.24561376346761676,-0.24561376346761676
4,ring,U20,20.0,0.17378008287493762,82.82246862962776,0.4249606499913325,0.2565731599357543,3.9995549957382197,0.23499163973536952,-0.23499163973536952
4,ring,U20,20.0,0.1778279410038923,82.56543654548871,0.4240315826687891,0.26039966912184764,3.9995936099119005,0.22404618915462038,-0.22404618915462038
4,ring,U20,20.0,0.18197008586099844,82.3175425800692,0.42312671434036014,0.264114413952463,3.9996280272857403,0.21287511763966194,-0.21287511763966194
4,ring,U20,20.0,0.18620871366628675,82.07910441523663,0.4222484322587976,0.2677091968121669,3.999658795827643,0.20157190059522634,-0.20157190059522634
4,ring,U20,20.0,0.19054607179632482,81.85039264700437,0.4213988443958736,0.2711767947444025,3.9996863889258685,0.19022509491774997,-0.19022509491774997
4,ring,U20,20.0,0.19498445997580455,81.63162721012554,0.42057977042174777,0.274511005749162,3.9997112133495576,0.17891770020391817,-0.17891770020391817
4,ring,U20,20.0,0.19952623149688808,81.4229746700887,0.4197927361611043,0.2777066812475398,3.99973361691106,0.16772658828908504,-0.16772658828908504
4,ring,U20,20.0,0.20417379446695297,81.22454643305805,0.4190389716472817,0.2807597440508108,3.999753895740375,0.15672201805293895,-0.15672201805293895
4,ring,U20,20.0,0.20892961308540386,81.03639789749516,0.41831941280132556,0.2836671915699454,3.999772301098633,0.1459672494361115,-0.1459672494361115
4,ring,U20,20.0,0.21379620895022325,80.85852854407307,0.4176347066677632,0.28642708440512915,3.999789045675021,0.13551826700898317,-0.13551826700898317
4,ring,U20,20.0,0.21877616239495518,80.6908829342712,0.41698522004732647,0.2890385208460853,3.999804309329074,0.12542361941842728,-0.12542361941842728
4,ring,U20,20.0,0.223872113856834,80.53335256381068,0.4163710512826329,0.2915015981758412,3.999818244257597,0.11572437686601944,-0.11572437686601944
4,ring,U20,20.0,0.22908676527677724,80.38577849583393,0.4157920448794859,0.29381736198865427,3.999830979581274,0.10645420465526456,-0.10645420465526456
4,ring,U20,20.0,0.23442288153199228,80.2479546811835,0.41524780858651394,0.29598774499550934,3.999842625360449,0.09763954702349054,-0.09763954702349054
4,ring,U20,20.0,0.239883291901949,80.11963185981215,0.4147377325112982,0.29801549699003044,3.999853276061837,0.08929991210849408,-0.08929991210849408
4,ring,U20,20.0,0.2454708915685031,80.00052192851021,0.41426100982270647,0.2999041077796173,3.9998630135079045,0.08144824614792867,-0.08144824614792867
4,ring,U20,20.0,0.25118864315095796,79.89030265577898,0.41381665857699507,0.30165772495073406,3.9998719093482817,0.07409138295028583,-0.07409138295028583
4,ring,U20,20.0,0.25703957827688645,79.78862262459293,0.41340354420853803,0.3032810683364783,3.9998800270978165,0.06723055335150008,-0.06723055335150008
4,ring,U20,20.0,0.26302679918953814,79.69510628757737,0.41302040224331654,0.30477934299476384,3.99988742378883,0.060861938778202784,-0.060861938778202784
4,ring,U20,20.0,0.26915348039269166,79.60935902623598,0.4126658608226221,0.30615815239468624,3.9998941512862887,0.05497725311819579,-0.05497725311819579
4,ring,U20,20.0,0.2754228703338166,79.53097211565455,0.41233846266341706,0.30742341335653134,3.9999002573136924,0.04956433777572755,-0.04956433777572755
4,ring,U20,20.0,0.2818382931264455,79.45952750789975,0.4120366861279875,0.30858127410774433,3.999905786235585,0.04460775595536859,-0.04460775595536859
4,ring,U20,20.0,0.28840315031266056,79.39460236043492,0.41175896512636345,0.3096380366134666,3.999910779639266,0.04008937375913746,-0.04008937375913746
4,ring,U20,20.0,0.2951209226666387,79.33577324964766,0.41150370762815164,0.31060008412586226,3.9999152767545096,0.03598891747039801,-0.03598891747039801
4,ring,U20,20.0,0.3019951720402016,79.28262002342808,0.41126931261366595,0.31147381468043484,3.9999193147456227,0.03228449833255098,-0.03228449833255098
4,ring,U20,20.0,0.30902954325135923,79.23472926016697,0.4110541853458141,0.31226558105762897,3.999922928905815,0.02895309809031943,-0.02895309809031943
4,ring,U20,20.0,0.31622776601683794,79.19169731414702,0.41085675089250673,0.31298163753041985,3.99992615277916,0.025971010477611856,-0.025971010477611856
4,ring,U20,20.0,0.32359365692962844,79.15313293877759,0.4106754658733513,0.313628093538252,3.999929018231299,0.02331423561991386,-0.02331423561991386
4,ring,U20,20.0,0.3311311214825911,79.1186594892689,0.41050882844323633,0.3142108742677049,3.999931555485938,0.020958825936723713,-0.020958825936723713
4,ring,U20,20.0,0.33884415613920277,79.0879167150342,0.4103553865587067,0.31473568798278073,3.9999337931407015,0.018881183532634793,-0.018881183532634793
4,ring,U20,20.0,0.34673685045253166,79.06056215930725,0.4102137446005911,0.3152079998332762,3.9999357581726085,0.017058310248373232,-0.017058310248373232
4,ring,U20,20.0,0.3548133892335757,79.03627218919245,0.4100825684482536,0.3156330117782201,3.999937475940965,0.015468012494046945,-0.015468012494046945
4,ring,U20,20.0,0.3630780547701014,79.01474268369228,0.4099605891174101,0.3160156481916704,3.9999389701929506,0.014089063716163253,-0.014089063716163253
4,ring,U20,20.0,0.3715352290971724,78.99568941029494,0.40984660508501713,0.31636054666875896,3.9999402630755734,0.012901327875248114,-0.012901327875248114
4,ring,U20,20.0,0.38018939632056126,78.97884812258309,0.40973948343190597,0.31667205351861916,3.999941375156019,0.011885847646134096,-0.011885847646134096
4,ring,U20,20.0,0.3890451449942805,78.9639744121863,0.40963815993703734,0.3169542234155965,3.999942325451394,0.011024901233767537,-0.011024901233767537
4,ring,U20,20.0,0.3981071705534973,78.95084334840091,0.4095416382572013,0.3172108226785699,3.999943131467998,0.010302031734902073,-0.010302031734902073
4,ring,U20,20.0,0.4073802778041126,78.9392489380796,0.40944898832311843,0.31744533565798067,3.999943809249552,0.009702052910810721,-0.009702052910810721
4,ring,U20,20.0,0.41686938347033553,78.9290034370991,0.40935934407785096,0.3176609737291358,3.9999443734335434,0.0092110350788559,-0.0092110350788559
4,ring,U20,20.0,0.42657951880159256,78.9199365429704,0.40927190067665187,0.3178606864164815,3.9999448373144832,0.00881627461397727,-0.00881627461397727
4,ring,U20,20.0,0.4365158322401661,78.91189449607802,0.409185911259332,0.3180471742050014,3.9999452129127,0.008506250286458794,-0.008506250286458794
4,ring,U20,20.0,0.44668359215096304,78.90473911473379,0.4091006833972913,0.3182229026300945,3.9999455110474234,0.00827056937182391,-0.00827056937182391
4,ring,U20,20.0,0.4570881896148752,78.89834678678307,0.4090155753079194,0.3183901172747982,3.9999457414126898,0.008099906161312731,-0.008099906161312731
4,ring,U20,20.0,0.4677351412871981,78.89260743799102,0.408929991919339,0.3185508593419369,3.999945912654878,0.007985935194213312,-0.007985935194213312
4,ring,U20,20.0,0.47863009232263853,78.88742349492396,0.4088433808587561,0.3187069815076472,3.999946032450672,0.007921261228538867,-0.007921261228538867
4,ring,U20,20.0,0.48977881936844614,78.88270885757575,0.4087552284281518,0.3188601638009838,3.9999461075844307,0.007899347675433432,-0.007899347675433432
4,ring,U20,20.0,0.5011872336272725,78.8783878946131,0.4086650556218307,0.31901192929132216,3.999946144024036,0.007914444948838195,-0.007914444948838195
4,ring,U20,20.0,0.5128613839913648,78.87439447186038,0.40857241423162993,0.31916365940052005,3.99994614699445,0.007961519925736127,-0.007961519925736127
4,ring,U20,20.0,0.5248074602497729,78.8706710225361,0.40847688307736524,0.31931660868991146,3.999946121048377,0.008036187482460377,-0.008036187482460377
4,ring,U20,20.0,0.5370317963702527,78.8671676658069,0.4083780643925442,0.31947191900291144,3.9999460701334906,0.008134644859680407,-0.008134644859680407
4,ring,U20,20.0,0.5495408738576248,78.86384137845634,0.4082755803884215,0.3196306328721098,3.999945997655887,0.008253609424691888,-0.008253609424691888
4,ring,U20,20.0,0.5623413251903491,78.86065522287566,0.4081690700132473,0.31979370612513197,3.9999459065394696,0.008390260234072855,-0.008390260234072855
4,ring,U20,20.0,0.5754399373371573,78.85757763317814,0.408058185917992,0.31996201964617954,3.9999457992811243,0.008542183658718727,-0.008542183658718727
4,ring,U20,20.0,0.588843655355589,78.85458176001758,0.40794259163497165,0.32013639027004004,3.9999456780015974,0.008707323210572326,-0.008707323210572326
4,ring,U20,20.0,0.6025595860743581,78.85164487364653,0.40782195897159684,0.32031758080253464,3.999945544492091,0.008883933609318717,-0.008883933609318717
4,ring,U20,20.0,0.6165950018614822,78.84874782387644,0.4076959656179268,0.3205063091759373,3.9999454002566486,0.009070539042561165,-0.009070539042561165
4,ring,U20,20.0,0.6309573444801936,78.84587455489154,0.40756429296378677,0.32070325675996847,3.999945246550446,0.009265895504377397,-0.009265895504377397
4,ring,U20,20.0,0.6456542290346556,78.84301167230845,0.40742662411885183,0.3209090758586762,3.999945084414166,0.009468957045058346,-0.009468957045058346
4,ring,U20,20.0,0.6606934480075958,78.84014805945242,0.4072826421273091,0.321124396431089,3.9999449147046753,0.009678845723186669,-0.009678845723186669
4,ring,U20,20.0,0.6760829753919819,78.83727453952457,0.4071320283673832,0.32134983207905327,3.999944738122181,0.009894825024119314,-0.009894825024119314
4,ring,U20,20.0,0.6918309709189363,78.83438358015314,0.4069744611251591,0.32158598534945676,3.999944555234204,0.010116276488631115,-0.010116276488631115
4,ring,U20,20.0,0.707945784384138,78.83146903673236,0.4068096143316414,0.32183345240019157,3.9999443664965293,0.010342679287340673,-0.010342679287340673
4,ring,U20,20.0,0.7244359600749899,78.82852593095132,0.40663715645188314,0.3220928270800108,3.999944172271447,0.010573592472653104,-0.010573592472653104
4,ring,U20,20.0,0.7413102413009177,78.82555026098153,0.4064567495151614,0.32236470447203663,3.999943972843546,0.0108086396435354,-0.0108086396435354
4,ring,U20,20.0,0.7585775750291835,78.82253883991328,0.40626804827559554,0.32264968394930255,3.999943768433272,0.011047495767336102,-0.011047495767336102
4,ring,U20,20.0,0.776247116628692,78.81948915919891,0.40607069949320135,0.32294837178854596,3.9999435592085293,0.01128987591395969,-0.01128987591395969
4,ring,U20,20.0,0.7943282347242814,78.81639927405996,0.405864341326146,0.32326138338568633,3.999943345294543,0.011535525672464075,-0.011535525672464075
4,ring,U20,20.0,0.8128305161640995,78.81326770803541,0.40564860282582466,0.32358934511317394,3.9999431267821737,0.011784213037628888,-0.011784213037628888
4,ring,U20,20.0,0.8317637711026709,78.81009337408526,0.4054231035273446,0.32393289585586765,3.9999429037349294,0.012035721570750724,-0.012035721570750724
4,ring,U20,20.0,0.8511380382023768,78.80687550990105,0.4051874531289851,0.3242926882583556,3.9999426761947965,0.012289844658429416,-0.012289844658429416
4,ring,U20,20.0,0.8709635899560805,78.80361362531691,0.4049412512552173,0.3246693897128635,3.9999424441871065,0.012546380710428906,-0.012546380710428906
4,ring,U20,20.0,0.8912509381337459,78.80030745994515,0.40468408729887306,0.32506368311312,3.9999422077245503,0.012805129156323147,-0.012805129156323147
4,ring,U20,20.0,0.9120108393559097,78.79695694938383,0.4044155403390106,0.3254762673959025,3.9999419668104985,0.013065887118283825,-0.013065887118283825
4,ring,U20,20.0,0.9332543007969915,78.79356219855246,0.4041351791319665,0.325907857888505,3.9999417214416964,0.01332844665273214,-0.01332844665273214
4,ring,U20,20.0,0.9549925860214359,78.79012346090455,0.40384256217395076,0.3263591864770923,3.999941471610499,0.013592592469240827,-0.013592592469240827
4,ring,U20,20.0,0.9772372209558111,78.7866411224417,0.4035372378343333,0.32683100160789436,3.999941217306673,0.01385810004911292,-0.01385810004911292
4,ring,U20,20.0,1.0,78.78311568961266,0.4032187445595064,0.3273240681304463,3.9999409585188674,0.014124734098547975,-0.014124734098547975
4,ring,U20,20.0,1.0232929922807548,78.77954778032236,0.4028866111478501,0.32783916698961674,3.999940695235825,0.01439224728162003,-0.01439224728162003
4,ring,U20,20.0,1.0471285480508996,78.77593811739753,0.4025403570968836,0.3283770947710021,3.999940427447349,0.014660379190164718,-0.014660379190164718
4,ring,U20,20.0,1.071519305237607,78.77228752396647,0.4021794930241679,0.3289386631023822,3.999940155145115,0.014928855514387607,-0.014928855514387607
4,ring,U20,20.0,1.096478196143185,78.76859692030062,0.40180352116391493,0.3295246979123349,3.9999398783233273,0.0151973873864506,-0.0151973873864506
4,ring,U20,20.0,1.1220184543019642,78.76486732174591,0.4014119359415554,0.3301360385457842,3.9999395969792735,0.015465670875975945,-0.015465670875975945
4,ring,U20,20.0,1.1481536214968828,78.76109983743723,0.40100422462874397,0.33077353673519494,3.9999393111137787,0.015733386621352707,-0.015733386621352707
4,ring,U20,20.0,1.1748975549395304,78.75729566954662,0.40057986808141455,0.33143805542530946,3.9999390207316057,0.016000199585143093,-0.016000199585143093
4,ring,U20,20.0,1.2022644346174132,78.75345611285933,0.40013834156354333,0.33213046744874314,3.999938725841774,0.01626575892659332,-0.01626575892659332
4,ring,U20,20.0,1.2302687708123812,78.74958255451159,0.399679115659261,0.3328516540493941,3.9999384264578746,0.01652969798589865,-0.01652969798589865
4,ring,U20,20.0,1.2589254117941675,78.74567647375281,0.3992016572758301,0.3336025032504656,3.9999381225982997,0.016791634378961362,-0.016791634378961362
4,ring,U20,20.0,1.2882495516931336,78.74173944162106,0.39870543073983084,0.33438390806395,3.9999378142864837,0.01705117020154745,-0.01705117020154745
4,ring,U20,20.0,1.3182567385564075,78.73777312043914,0.3981898989886204,0.33519676453862945,3.9999375015511,0.017307892344547327,-0.017307892344547327
4,ring,U20,20.0,1.3489628825916533,78.73377926305545,0.3976545248587968,0.33604196964406186,3.9999371844262326,0.017561372922106244,-0.017561372922106244
4,ring,U20,20.0,1.3803842646028852,78.7297597117657,0.3970987724729708,0.33692041898857017,3.9999368629515413,0.017811169815921346,-0.017811169815921346
4,ring,U20,20.0,1.412537544622754,78.72571639686282,0.3965221087256752,0.33783300436995994,3.999936537172398,0.018056827337897374,-0.018056827337897374
4,ring,U20,20.0,1.4454397707459279,78.72165133476999,0.39592400486865587,0.3387806111585578,3.999936207139995,0.01829787701513297,-0.01829787701513297
4,ring,U20,20.0,1.4791083881682072,78.71756662571927,0.39530393819518217,0.33976411551314006,3.999935872911454,0.01853383849940471,-0.01853383849940471
4,ring,U20,20.0,1.5135612484362087,78.71346445094476,0.394661393822301,0.3407843814314483,3.999935534549901,0.018764220603689097,-0.018764220603689097
4,ring,U20,20.0,1.5488166189124812,78.70934706936421,0.3939958665692092,0.34184225763821485,3.999935192124526,0.018988522467445534,-0.018988522467445534
4,ring,U20,20.0,1.584893192461114,78.70521681372901,0.3933068629291037,0.34293857431496316,3.9999348457106167,0.019206234851335324,-0.019206234851335324
4,ring,U20,20.0,1.6218100973589298,78.70107608622733,0.3925939031310059,0.34407413967727896,3.999934495389574,0.019416841561060494,-0.019416841561060494
4,ring,U20,20.0,1.6595869074375613,78.6969273535305,0.3918565232871474,0.34524973640676265,3.9999341412489087,0.019619820999011495,-0.019619820999011495
4,ring,U20,20.0,1.6982436524617444,78.69277314127818,0.3910942776205625,0.34646611794644905,3.9999337833822013,0.019814647840831867,-0.019814647840831867
4,ring,U20,20.0,1.7378008287493762,78.68861602800422,0.39030674076656546,0.3477240046701114,3.999933421889047,0.020000794832593982,-0.020000794832593982
4,ring,U20,20.0,1.7782794100389228,78.6844586385096,0.38949351014080597,0.34902407993752305,3.999933056874976,0.020177734703317185,-0.020177734703317185
4,ring,U20,20.0,1.8197008586099843,78.68030363669737,0.388654208365612,0.35036698604942007,3.9999326884513486,0.020344942184728154,-0.020344942184728154
4,ring,U20,20.0,1.8620871366628675,78.67615371788924,0.3877884857453502,0.35175332011756205,3.999932316735216,0.020501896130038944,-0.020501896130038944
4,ring,U20,20.0,1.9054607179632483,78.6720116006514,0.386896022780583,0.35318362986691465,3.9999319418491726,0.02064808172078969,-0.02064808172078969
4,ring,U20,20.0,1.9498445997580456,78.66788001816444,0.38597653270988497,0.35465840938853715,3.9999315639211663,0.020782992749463602,-0.020782992749463602
4,ring,U20,20.0,1.9952623149688808,78.66376170917933,0.3850297640673183,0.35617809486323904,3.9999311830843043,0.020906133964135876,-0.020906133964135876
4,ring,U20,20.0,2.0417379446695296,78.6596594086085,0.3840555032427731,0.35774306027743386,3.999930799476615,0.021017023459993567,-0.021017023459993567
4,ring,U20,20.0,2.089296130854041,78.65557583780974,0.38305357703166515,0.3593536131538591,3.9999304132408167,0.02111519510047799,-0.02111519510047799
4,ring,U20,20.0,2.1379620895022327,78.65151369462586,0.38202385515986653,0.3610099903208896,3.999930024524037,0.021200200950847403,-0.021200200950847403
4,ring,U20,20.0,2.1877616239495516,78.64747564325279,0.3809662527692437,0.36271235374508115,3.9999296334775476,0.02127161370433228,-0.02127161370433228
4,ring,U20,20.0,2.23872113856834,78.64346430401243,0.37988073284878626,0.3644607864522473,3.9999292402564586,0.021329029081737616,-0.021329029081737616
4,ring,U20,20.0,2.2908676527677723,78.63948224311531,0.37876730859606683,0.3662552885628517,3.999928845019422,0.021372068183623583,-0.021372068183623583
4,ring,U20,20.0,2.344228815319923,78.63553196250143,0.37762604569365066,0.3680957734677211,3.99992844792832,0.021400379774643596,-0.021400379774643596
4,ring,U20,20.0,2.39883291901949,78.63161588985353,0.37645706448511684,0.36998206417006846,3.9999280491479503,0.02141364247925992,-0.02141364247925992
4,ring,U20,20.0,2.454708915685031,78.6277363688798,0.375260542035523,0.3719138898195544,3.9999276488457105,0.02141156686854373,-0.02141156686854373
4,ring,U20,20.0,2.5118864315095797,78.62389564996576,0.37403671406147887,0.373890882463596,3.999927247191297,0.02139389741855524,-0.02139389741855524
4,ring,U20,20.0,2.570395782768865,78.62009588129632,0.37278587671645597,0.37591257404037837,3.9999268443564002,0.021360414321549115,-0.021360414321549115
4,ring,U20,20.0,2.6302679918953813,78.61633910054819,0.3715083882175618,0.37797839363703617,3.9999264405144186,0.021310935132955677,-0.021310935132955677
4,ring,U20,20.0,2.691534803926917,78.61262722725179,0.37020467030072796,0.38008766503527813,3.9999260358401925,0.02124531623866943,-0.02124531623866943
4,ring,U20,20.0,2.7542287033381663,78.6089620559185,0.3688752094920848,0.3822396045653408,3.9999256305097592,0.021163454128952708,-0.021163454128952708
4,ring,U20,20.0,2.818382931264455,78.60534525002339,0.3675205581842075,0.3844333192876237,3.9999252247001236,0.021065286468083144,-0.021065286468083144
4,ring,U20,20.0,2.8840315031266055,78.60177833692843,0.36614133550689665,0.3866678055196992,3.9999248185890797,0.020950792950731767,-0.020950792950731767
4,ring,U20,20.0,2.951209226666387,78.59826270382163,0.3647382279831665,0.38894194772465124,3.99992441235504,0.020819995939344693,-0.020819995939344693
4,ring,U20,20.0,3.019951720402016,78.5947995947393,0.3633119899621534,0.3912545177749239,3.9999240061769163,0.020672960879135616,-0.020672960879135616
4,ring,U20,20.0,3.090295432513592,78.59139010872613,0.3618634438216685,0.39360417460409375,3.999923600234041,0.020509796490554066,-0.020509796490554066
4,ring,U20,20.0,3.1622776601683795,78.58803519917606,0.36039347993410387,0.39598946425725506,3.9999231947061102,0.020330654741592014,-0.020330654741592014
4,ring,U20,20.0,3.2359365692962845,78.58473567438269,0.35890305639031594,0.39840882034909697,3.9999227897731933,0.020135730605499447,-0.020135730605499447
4,ring,U20,20.0,3.311311214825911,78.58149219931273,0.3573931984769411,0.4008605649372454,3.999922385615756,0.019925261611625444,-0.019925261611625444
4,ring,U20,20.0,3.3884415613920273,78.57830529860088,0.3558649979033204,0.40334290981713655,3.999921982414752,0.019699527199843914,-0.019699527199843914
4,ring,U20,20.0,3.4673685045253166,78.57517536074701,0.35431961177481175,0.40585395824354825,3.999921580351727,0.019458847891034026,-0.019458847891034026
4,ring,U20,20.0,3.548133892335757,78.57210264348038,0.35275826130973603,0.40839170708301237,3.9999211796089815,0.019203584287712516,-0.019203584287712516
4,ring,U20,20.0,3.630780547701014,78.56908728023805,0.3511822302975371,0.4109540494006319,3.9999207803697496,0.018934135920368078,-0.018934135920368078
4,ring,U20,20.0,3.715352290971728,78.56612928768783,0.3495928632959347,0.41353877748436046,3.9999203828184156,0.018650939955914936,-0.018650939955914936
4,ring,U20,20.0,3.801893963205613,78.5632285742099,0.3479915635649323,0.4161435863095231,3.999919987140753,0.018354469784959804,-0.018354469784959804
4,ring,U20,20.0,3.890451449942805,78.56038494923483,0.3463797907355173,0.41876607744626326,3.9999195935241723,0.018045233504672353,-0.018045233504672353
4,ring,U20,20.0,3.981071705534973,78.55759813332229,0.34475905821080194,0.42140376341262925,3.999919202157989,0.01772377231315403,-0.01772377231315403
4,ring,U20,20.0,4.073802778041126,78.5548677688499,0.3431309302972205,0.42405407247610777,3.9999188132336747,0.017390658830468197,-0.017390658830468197
4,ring,U20,20.0,4.168693834703355,78.55219343117204,0.3414970190632771,0.4267143539065283,3.999918426945126,0.017046495359583247,-0.017046495359583247
4,ring,U20,20.0,4.265795188015925,78.54957464009662,0.3398589809232733,0.42938188368326885,3.999918043488889,0.01669191209882115,-0.01669191209882115
4,ring,U20,20.0,4.365158322401661,78.54701087152223,0.3382185129434934,0.43205387065956713,3.999917663064369,0.01632756531504853,-0.01632756531504853
4,ring,U20,20.0,4.46683592150963,78.54450156907205,0.336577348868549,0.43472746318632116,3.9999172858740004,0.01595413548421476,-0.01595413548421476
4,ring,U20,20.0,4.570881896148752,78.54204615555852,0.3349372548660379,0.4373997561969992,3.9999169121233713,0.015572325403272913,-0.015572325403272913
4,ring,U20,20.0,4.677351412871981,78.53964404411296,0.3333000249884281,0.4400677987540395,3.999916542021275,0.015182858274783939,-0.015182858274783939
4,ring,U20,20.0,4.786300923226385,78.53729464881762,0.3316674763521813,0.4427286020553375,3.999916175779713,0.014786475762743834,-0.014786475762743834
4,ring,U20,20.0,4.897788193684462,78.53499739468319,0.33004144403564556,0.44537914789697297,3.9999158136138018,0.014383936015530452,-0.014383936015530452
4,ring,U20,20.0,5.011872336272725,78.53275172682325,0.32842377569920456,0.4480163975851944,3.999915455741604,0.013976011649923237,-0.013976011649923237
4,ring,U20,20.0,5.1286138399136485,78.53055711868944,0.3268163259336203,0.4506373012867451,3.9999151023838593,0.013563487687967779,-0.013563487687967779
4,ring,U20,20.0,5.248074602497728,78.52841307924375,0.3252209503454521,0.45323880780190967,3.9999147537636146,0.013147159437135514,-0.013147159437135514
4,ring,U20,20.0,5.370317963702527,78.52631915896224,0.3236394993918831,0.4558178747391217,3.9999144101057547,0.012727830303635557,-0.012727830303635557
4,ring,U20,20.0,5.4954087385762485,78.52427495458238,0.32207381198122603,0.45837147906367376,3.9999140716364145,0.012306309528202775,-0.012306309528202775
4,ring,U20,20.0,5.623413251903491,78.52228011252699,0.3205257088597726,0.460896627986029,3.9999137385822907,0.011883409834485548,-0.011883409834485548
4,ring,U20,20.0,5.754399373371572,78.52033433096011,0.3189969858104283,0.4633903701475736,3.9999134111698376,0.011459944981275783,-0.011459944981275783
4,ring,U20,20.0,5.88843655355589,78.51843736045328,0.31748940669368225,0.46584980705346907,3.9999130896243575,0.011036727211955366,-0.011036727211955366
4,ring,U20,20.0,6.025595860743581,78.51658900326528,0.3160046963667689,0.46827210469374336,3.9999127741689957,0.010614564596856724,-0.010614564596856724
4,ring,U20,20.0,6.165950018614822,78.51478911126215,0.3145445335222926,0.4706545052850867,3.999912465023632,0.010194258268029444,-0.010194258268029444
4,ring,U20,20.0,6.309573444801936,78.513037582529,0.3131105434929485,0.4729943390572067,3.9999121624036955,0.009776599549468301,-0.009776599549468301
4,ring,U20,20.0,6.456542290346556,78.5113343567486,0.31170429107415487,0.47528903599930356,3.9999118665189,0.00936236699019588,-0.00936236699019588
4,ring,U20,20.0,6.606934480075965,78.50967940944373,0.3103272734212216,0.4775361374744986,3.999911577571928,0.008952323312559685,-0.008952323312559685
4,ring,U20,20.0,6.760829753919819,78.50807274520109,0.3089809130819868,0.47973330760317195,3.999911295757061,0.008547212292491224,-0.008547212292491224
4,ring,U20,20.0,6.918309709189363,78.50651439001265,0.3076665512294514,0.48187834431038973,3.9999110212587916,0.008147755593860495,-0.008147755593860495
4,ring,U20,20.0,7.07945784384138,78.50500438288667,0.30638544116171496,0.48396918992820853,3.9999107542504273,0.007754649583187501,-0.007754649583187501
4,ring,U20,20.0,7.244359600749899,78.50354276689235,0.305138742138263,0.4860039412408551,3.9999104948926942,0.007368562155768643,-0.007368562155768643
4,ring,U20,20.0,7.413102413009177,78.50212957981293,0.3039275136223025,0.48798085885982345,3.9999102433323888,0.006990129607668649,-0.006990129607668649
4,ring,U20,20.0,7.585775750291836,78.5007648445866,0.3027527099982371,0.48989837581696144,3.999909999701069,0.006619953591432193,-0.006619953591432193
4,ring,U20,20.0,7.76247116628692,78.49944855971773,0.3016151758314604,0.49175510526677857,3.9999097641138213,0.006258598195572063,-0.006258598195572063
4,ring,U20,20.0,7.943282347242813,78.49818068983949,0.3005156417343922,0.4935498471945521,3.9999095366681248,0.005906587188928114,-0.005906587188928114
4,ring,U20,20.0,8.128305161640995,78.49696115660278,0.2994547208980445,0.4952815940343556,3.9999093174428135,0.005564401471673364,-0.005564401471673364
4,ring,U20,20.0,8.317637711026709,78.49578983005895,0.2984329063424697,0.49694953511083406,3.999909106497182,0.0052324767735534294,-0.0052324767735534294
4,ring,U20,20.0,8.511380382023768,78.49466652069104,0.29745056893222416,0.49855305983027226,3.9999089038702236,0.004911201638183371,-0.004911201638183371
4,ring,U20,20.0,8.709635899560805,78.49359097223295,0.2965079561946441,0.5000917595600887,3.999908709580033,0.0046009157290214375,-0.0046009157290214375
4,ring,U20,20.0,8.91250938133746,78.49256285539906,0.2956051919693768,0.501565428151081,3.9999085236233696,0.004301908488784534,-0.004301908488784534
4,ring,U20,20.0,9.120108393559097,78.49158176262668,0.29474227690745364,0.50297406107327,3.999908345975415,0.004014418178666546,-0.004014418178666546
4,ring,U20,20.0,9.332543007969914,78.49064720391182,0.29391908982740556,0.5043178531537034,3.9999081765896887,0.0037386313185088227,-0.0037386313185088227
4,ring,U20,20.0,9.549925860214358,78.48975860379737,0.29313538992476684,0.5055971949227296,3.99990801539818,0.0034746825419311733,-0.0034746825419311733
4,ring,U20,20.0,9.772372209558112,78.48891529954874,0.2923908198199877,0.5068126675936274,3.999907862311642,0.0032226548741931538,-0.0032226548741931538
4,ring,U20,20.0,10.0,78.48811654052959,0.29168490941856473,0.5079650367187147,3.999907717220085,0.002982580432998816,-0.002982580432998816
4,ring,U20,20.0,10.232929922807536,78.48736148876785,0.2910170805463047,0.5090552445827408,3.9999075799934416,0.0027544415455764693,-0.0027544415455764693
4,ring,U20,20.0,10.471285480509007,78.48664922068085,0.29038665231233085,0.510084401411122,3.9999074504823997,0.002538172268039318,-0.002538172268039318
4,ring,U20,20.0,10.71519305237607,78.48597872990894,0.2897928471428995,0.5110537754860741,3.999907328519408,0.002333660286499395,-0.002333660286499395
4,ring,U20,20.0,10.964781961431852,78.48534893118801,0.28923479742053854,0.5119647822775882,3.9999072139198097,0.002140749173594969,-0.002140749173594969
4,ring,U20,20.0,11.220184543019629,78.48475866517754,0.28871155265560683,0.51281897270825,3.99990710648312,0.0019592409678210743,-0.0019592409678210743
4,ring,U20,20.0,11.481536214968841,78.48420670414572,0.2882220871112189,0.5136180206808814,3.999907005994408,0.0017888990390666493,-0.0017888990390666493
4,ring,U20,20.0,11.748975549395302,78.48369175840388,0.28776530779770915,0.5143637100057356,3.9999069122257893,0.001629451199718801,-0.001629451199718801
4,ring,U20,20.0,12.02264434617413,78.48321248337395,0.2873400627494587,0.5150579208694099,3.999906824937978,0.0014805930175754156,-0.0014805930175754156
4,ring,U20,20.0,12.30268770812381,78.48276748716744,0.28694514949502326,0.5157026159906909,3.9999067438819105,0.001341991285485733,-0.001341991285485733
4,ring,U20,20.0,12.589254117941662,78.48235533855213,0.2865793236310565,0.5162998266092486,3.9999066688003997,0.0012132876010610971,-0.0012132876010610971
4,ring,U20,20.0,12.88249551693135,78.48197457518214,0.2862413074114923,0.5168516384515155,3.9999065994298078,0.0010941020104660026,-0.0010941020104660026
4,ring,U20,20.0,13.182567385564074,78.48162371196942,0.285929798265754,0.517360177814307,3.9999065355017236,0.0009840366707507542,-0.0009840366707507542
4,ring,U20,20.0,13.489628825916533,78.48130124947883,0.2856434771633048,0.5178275979009586,3.999906476744613,0.0008826794872689447,-0.0008826794872689447
4,ring,U20,20.0,13.803842646028839,78.48100568223494,0.2853810167465313,0.5182560655371293,3.9999064228854366,0.000789607684946958,-0.000789607684946958
4,ring,U20,20.0,14.125375446227554,78.4807355068366,0.2851410891596172,0.5186477483841763,3.999906373651217,0.0007043912754305381,-0.0007043912754305381
4,ring,U20,20.0,14.45439770745928,78.48048922978386,0.2849223735075845,0.5190048027573724,3.999906328770529,0.0006265963856293411,-0.0006265963856293411
4,ring,U20,20.0,14.791083881682072,78.48026537493182,0.2847235628868969,0.5193293621444851,3.999906287974914,0.0005557884172056049,-0.0005557884172056049
4,ring,U20,20.0,15.135612484362072,78.48006249049718,0.28454337093677784,0.5196235265075724,3.9999062510002084,0.0004915350106564631,-0.0004915350106564631
4,ring,U20,20.0,15.488166189124827,78.47987915555309,0.28438053786853973,0.5198893524375742,3.9999062175877564,0.00043340879237163676,-0.00043340879237163676
4,ring,U20,20.0,15.848931924611142,78.47971398596081,0.28423383593860163,0.5201288442176215,3.9999061874855193,0.000380989887265315,-0.000380989887265315
4,ring,U20,20.0,16.218100973589298,78.47956563969721,0.2841020743393437,0.5203439458371694,3.9999061604490715,0.0003338681837483648,-0.0003338681837483648
4,ring,U20,20.0,16.595869074375596,78.47943282154822,0.28398410349035696,0.5205365339853297,3.9999061362424735,0.000291645343025948,-0.000291645343025948
4,ring,U20,20.0,16.98243652461746,78.47931428714936,0.2838788187208951,0.5207084120383557,3.9999061146390136,0.00025393654786398656,-0.00025393654786398656
4,ring,U20,20.0,17.378008287493763,78.47920884636595,0.2837851633422749,0.5208613050432553,3.9999060954218404,0.0002203719902276191,-0.0002203719902276191
4,ring,U20,20.0,17.78279410038923,78.47911536601292,0.28370213111651643,0.5209968556872174,3.999906078384464,0.00019059810115251707,-0.00019059810115251707
4,ring,U20,20.0,18.197008586099827,78.4790327719259,0.2836287681345695,0.5211166212310253,3.999906063331138,0.0001642785286826154,-0.0001642785286826154
4,ring,U20,20.0,18.620871366628695,78.47896005040145,0.28356417412394763,0.5212220713740641,3.999906050077129,0.0001410948734630324,-0.0001410948734630324
4,ring,U20,20.0,19.054607179632484,78.47889624903256,0.2835075032114364,0.5213145870089976,3.9999060384488634,0.00012074719336396811,-0.00012074719336396811
4,ring,U20,20.0,19.498445997580454,78.47884047697221,0.28345796417169045,0.5213954598157945,3.999906028283987,0.00010295429111195631,-0.00010295429111195631
4,ring,U20,20.0,19.952623149688787,78.47879190466247,0.28341482019694947,0.5214658926375689,3.9999060194313127,8.745380051067286e-05,-8.745380051067286e-05
4,ring,U20,20.0,20.417379446695318,78.47874976307172,0.2833773882267613,0.5215270005747418,3.9999060117506815,7.400208823327148e-05,-7.400208823327148e-05
4,ring,U20,20.0,20.892961308540407,78.47871334248615,0.2833450378794814,0.5215798127293287,3.9999060051127455,6.237398905994951e-05,-6.237398905994951e-05
4,ring,U20,20.0,21.379620895022324,78.47868199090398,0.2833171900294194,0.5216252745277251,3.9999059993986736,5.236239335104642e-05,-5.236239335104642e-05
4,ring,U20,20.0,21.87761623949552,78.47865511208313,0.2832933150748392,0.5216642505481852,3.9999059944997963,4.377770557084659e-05,-4.377770557084659e-05
4,ring,U20,20.0,22.387211385683422,78.478632163293,0.28327293094260025,0.5216975277782431,3.999905990317197,3.644719296502785e-05,-3.644719296502785e-05
4,ring,U20,20.0,22.90867652767775,78.47861265282192,0.2832556008750997,0.521725819227537,3.999905986761258,3.021424307192433e-05,-3.021424307192433e-05
4,ring,U20,20.0,23.442288153199225,78.47859613729022,0.2832409310443635,0.521749767822813,3.999905983751172,2.4937548253944897e-05,-2.4937548253944897e-05
4,ring,U20,20.0,23.9883291901949,78.47858221881805,0.2832285680367049,0.5217699505142327,3.999905981214419,2.049023467520783e-05,-2.049023467520783e-05
4,ring,U20,20.0,24.547089156850287,78.47857054209422,0.28321819624937633,0.5217868825253552,3.999905979086244,1.6758952313011832e-05,-1.6758952313011832e-05
4,ring,U20,20.0,25.11886431509582,78.47856079138974,0.28320953523814724,0.5218010216832306,3.9999059773091,1.3642941347313808e-05,-1.3642941347313808e-05
4,ring,U20,20.0,25.703957827688647,78.47855268755703,0.2832023370518342,0.5218127727697974,3.9999059758321116,1.1053088975643277e-05,-1.1053088975643277e-05
4,ring,U20,20.0,26.302679918953814,78.47854598505116,0.2831963835865527,0.5218224918410829,3.999905974610526,8.910989549804071e-06,-8.910989549804071e-06
4,ring,U20,20.0,26.91534803926914,78.47854046900633,0.2831914839889483,0.5218304904664441,3.999905973605183,7.148019406599815e-06,-7.148019406599815e-06
4,ring,U20,20.0,27.54228703338169,78.47853595239629,0.28318747213397333,0.5218370398461158,3.9999059727819954,5.704436013331815e-06,-5.704436013331815e-06
4,ring,U20,20.0,28.18382931264455,78.47853227330317,0.2831842041989863,0.5218423747715075,3.999905972111451,4.528510110901607e-06,-4.528510110901607e-06
4,ring,U20,20.0,28.84031503126606,78.47852929231517,0.28318155635214987,0.5218466973989088,3.9999059715681415,3.5756976224377013e-06,-3.5756976224377013e-06
4,ring,U20,20.0,29.51209226666384,78.47852689006865,0.28317942256936135,0.5218501808133661,3.999905971130314,2.8078566316480646e-06,-2.8078566316480646e-06
4,ring,U20,20.0,30.199517204020193,78.47852496494713,0.283177712590332,0.521852972365395,3.9999059707794453,2.1925138860012794e-06,-2.1925138860012794e-06
4,ring,U20,20.0,30.90295432513592,78.47852343094493,0.28317635002101427,0.5218551967687811,3.9999059704998605,1.7021831943964116e-06,-1.7021831943964116e-06
4,ring,U20,20.0,31.622776601683793,78.4785222157003,0.28317527058639186,0.5218569589529123,3.999905970278373,1.313737651997826e-06,-1.313737651997826e-06
4,ring,U20,20.0,32.35936569296281,78.47852125869868,0.28317442053476033,0.5218583466677997,3.9999059701039514,1.0078360759280258e-06,-1.0078360759280258e-06
4,ring,U20,20.0,33.11311214825915,78.4785205096453,0.2831737551920544,0.5218594328441498,3.999905969967431,7.684031473331743e-07,-7.684031473331743e-07
4,ring,U20,20.0,33.884415613920275,78.47851992700237,0.2831732376625472,0.5218602777144791,3.999905969861239,5.821621904544827e-07,-5.821621904544827e-07
4,ring,U20,20.0,34.673685045253166,78.47851947668484,0.2831728376703776,0.5218609307043306,3.9999059697791655,4.3821843931368676e-07,-4.3821843931368676e-07
4,ring,U20,20.0,35.481338923357534,78.47851913090678,0.2831725305348378,0.5218614321051225,3.9999059697161443,3.2769042235258894e-07,-3.2769042235258894e-07
4,ring,U20,20.0,36.30780547701018,78.47851886716904,0.28317229627118684,0.5218618145420758,3.9999059696680765,2.4338647008903536e-07,-2.4338647008903536e-07
4,ring,U20,20.0,37.15352290971728,78.47851866737805,0.2831721188079142,0.521862104252037,3.999905969631662,1.7952307374002885e-07,-1.7952307374002885e-07
4,ring,U20,20.0,38.018939632056124,78.47851851708496,0.28317198531084764,0.5218623221868777,3.9999059696042703,1.3148165223242358e-07,-1.3148165223242358e-07
4,ring,U20,20.0,38.904514499428046,78.47851840483368,0.2831718856042451,0.5218624849585631,3.999905969583812,9.560034897049263e-08,-9.560034897049263e-08
4,ring,U20,20.0,39.81071705534978,78.47851832160747,0.2831718116790088,0.5218626056419983,3.9999059695686427,6.899694682260815e-08,-6.899694682260815e-08
4,ring,U20,20.0,40.7380277804113,78.47851826036235,0.2831717572783581,0.5218626944514189,3.9999059695574806,4.9419821124274677e-08,-4.9419821124274677e-08
4,ring,U20,20.0,41.68693834703355,78.47851821563742,0.28317171755167786,0.5218627593054861,3.9999059695493293,3.512340640554612e-08,-3.512340640554612e-08
4,ring,U20,20.0,42.65795188015925,78.47851818323204,0.28317168876777116,0.5218628062954033,3.9999059695434225,2.476496163694719e-08,-2.476496163694719e-08
4,ring,U20,20.0,43.65158322401656,78.4785181599407,0.28317166807935945,0.5218628400693717,3.9999059695391774,1.7319830902806643e-08,-1.7319830902806643e-08
4,ring,U20,20.0,44.668359215096345,78.47851814333717,0.2831716533313524,0.5218628641455905,3.999905969536152,1.2012471017897042e-08,-1.2012471017897042e-08
4,ring,U20,20.0,45.708818961487516,78.47851813160028,0.28317164290613217,0.5218628811648309,3.9999059695340122,8.26075563509221e-09,-8.26075563509221e-09
4,ring,U20,20.0,46.77351412871981,78.47851812337473,0.2831716355998264,0.5218628930924236,3.999905969532514,5.6314348739761044e-09,-5.6314348739761044e-09
4,ring,U20,20.0,47.863009232263806,78.47851811766057,0.2831716305242634,0.5218629013783134,3.999905969531472,3.8049030592901545e-09,-3.8049030592901545e-09
4,ring,U20,20.0,48.97788193684466,78.47851811372668,0.2831716270300025,0.5218629070827173,3.999905969530755,2.5474271581060748e-09,-2.5474271581060748e-09
4,ring,U20,20.0,50.11872336272725,78.47851811104327,0.2831716246464751,0.5218629109738415,3.9999059695302654,1.689656414782803e-09,-1.689656414782803e-09
4,ring,U20,20.0,51.28613839913648,78.47851810923005,0.2831716230358833,0.5218629136031433,3.9999059695299355,1.1100524943685741e-09,-1.1100524943685741e-09
4,ring,U20,20.0,52.48074602497723,78.47851810801659,0.28317162195803897,0.5218629153627312,3.999905969529714,7.22174320344493e-10,-7.22174320344493e-10
4,ring,U20,20.0,53.70317963702533,78.47851810721251,0.28317162124381534,0.5218629165287059,3.9999059695295673,4.651425911106344e-10,-4.651425911106344e-10
4,ring,U20,20.0,54.954087385762485,78.47851810668504,0.28317162077530394,0.5218629172935539,3.9999059695294714,2.96541458055799e-10,-2.96541458055799e-10
4,ring,U20,20.0,56.23413251903491,78.47851810634262,0.2831716204711371,0.5218629177901084,3.9999059695294092,1.8707879689827678e-10,-1.8707879689827678e-10
4,ring,U20,20.0,57.543993733715666,78.47851810612265,0.28317162027574594,0.5218629181090856,3.999905969529369,1.1676348776745726e-10,-1.1676348776745726e-10
4,ring,U20,20.0,58.884365535558956,78.47851810598286,0.2831716201515831,0.5218629183117824,3.999905969529344,7.208456054286216e-11,-7.208456054286216e-11
4,ring,U20,20.0,60.25595860743581,78.478518105895,0.2831716200735527,0.5218629184391675,3.999905969529328,4.4003911625623005e-11,-4.4003911625623005e-11
4,ring,U20,20.0,61.65950018614822,78.47851810584042,0.2831716200250675,0.5218629185183199,3.999905969529318,2.6556534749033744e-11,-2.6556534749033744e-11
4,ring,U20,20.0,63.0957344480193,78.47851810580691,0.2831716199952884,0.5218629185669346,3.999905969529312,1.5834444866413833e-11,-1.5834444866413833e-11
4,ring,U20,20.0,64.56542290346563,78.47851810578653,0.28317161997721424,0.5218629185964405,3.9999059695293075,9.336531547887716e-12,-9.336531547887716e-12
4,ring,U20,20.0,66.06934480075964,78.47851810577436,0.28317161996637696,0.5218629186141326,3.9999059695293058,5.432099214885966e-12,-5.432099214885966e-12
4,ring,U20,20.0,67.60829753919819,78.47851810576712,0.2831716199599592,0.5218629186246097,3.999905969529305,3.126388037344441e-12,-3.126388037344441e-12
4,ring,U20,20.0,69.18309709189363,78.4785181057629,0.28317161995620665,0.5218629186307356,3.999905969529303,1.77280412572145e-12,-1.77280412572145e-12
4,ring,U20,20.0,70.79457843841388,78.47851810576046,0.2831716199540409,0.5218629186342711,3.999905969529303,9.947598300641403e-13,-9.947598300641403e-13
4,ring,U20,20.0,72.44359600749905,78.47851810575908,0.28317161995280754,0.5218629186362848,3.999905969529303,5.471179065352771e-13,-5.471179065352771e-13
4,ring,U20,20.0,74.13102413009177,78.47851810575828,0.2831716199521146,0.521862918637416,3.999905969529303,3.090860900556436e-13,-3.090860900556436e-13
4,ring,U20,20.0,75.85775750291836,78.47851810575786,0.28317161995173074,0.5218629186380425,3.999905969529302,1.6342482922482304e-13,-1.6342482922482304e-13
4,ring,U20,20.0,77.62471166286912,78.47851810575762,0.2831716199515211,0.5218629186383849,3.9999059695293027,8.881784197001252e-14,-8.881784197001252e-14
4,ring,U20,20.0,79.43282347242821,78.4785181057575,0.28317161995140827,0.521862918638569,3.9999059695293027,4.973799150320701e-14,-4.973799150320701e-14
4,ring,U20,20.0,81.28305161640995,78.47851810575743,0.28317161995134843,0.5218629186386667,3.9999059695293027,2.4868995751603507e-14,-2.4868995751603507e-14
4,ring,U20,20.0,83.17637711026708,78.47851810575739,0.2831716199513172,0.5218629186387177,3.9999059695293027,1.7763568394002505e-14,-1.7763568394002505e-14
4,ring,U20,20.0,85.11380382023759,78.47851810575739,0.28317161995130113,0.521862918638744,3.999905969529303,7.105427357601002e-15,-7.105427357601002e-15
4,ring,U20,20.0,87.09635899560814,78.47851810575736,0.283171619951293,0.5218629186387572,3.9999059695293027,1.0658141036401503e-14,-1.0658141036401503e-14
4,ring,U20,20.0,89.12509381337459,78.47851810575736,0.283171619951289,0.5218629186387639,3.9999059695293027,0.0,-0.0
4,ring,U20,20.0,91.20108393559097,78.47851810575736,0.28317161995128703,0.5218629186387671,3.9999059695293027,0.0,-0.0
4,ring,U20,20.0,93.32543007969905,78.47851810575735,0.283171619951286,0.5218629186387685,3.999905969529302,7.105427357601002e-15,-7.105427357601002e-15
4,ring,U20,20.0,95.49925860214368,78.47851810575737,0.2831716199512856,0.5218629186387694,3.999905969529303,0.0,-0.0
4,ring,U20,20.0,97.72372209558111,78.47851810575737,0.2831716199512854,0.5218629186387698,3.999905969529303,-7.105427357601002e-15,7.105427357601002e-15
4,ring,U20,20.0,100.0,78.47851810575736,0.2831716199512853,0.5218629186387699,3.9999059695293027,0.0,-0.0
4,ring,U20,20.0,102.32929922807536,78.47851810575737,0.28317161995128526,0.52186291863877,3.999905969529303,-3.552713678800501e-15,3.552713678800501e-15
4,ring,U20,20.0,104.71285480509006,78.47851810575736,0.2831716199512852,0.52186291863877,3.9999059695293027,3.552713678800501e-15,-3.552713678800501e-15
4,ring,U20,20.0,107.1519305237607,78.47851810575736,0.2831716199512852,0.52186291863877,3.9999059695293027,0.0,-0.0
4,ring,U20,20.0,109.64781961431851,78.47851810575736,0.2831716199512852,0.52186291863877,3.9999059695293027,0.0,-0.0
4,ring,U20,20.0,112.2018454301963,78.47851810575736,0.2831716199512852,0.52186291863877,3.9999059695293027,0.0,-0.0
4,ring,U20,20.0,114.81536214968841,78.47851810575736,0.2831716199512852,0.52186291863877,3.9999059695293027,0.0,-0.0
4,ring,U20,20.0,117.48975549395303,78.47851810575736,0.2831716199512852,0.52186291863877,3.9999059695293027,0.0,-0.0
4,ring,U20,20.0,120.22644346174131,78.47851810575736,0.2831716199512852,0.52186291863877,3.9999059695293027,0.0,-0.0
4,ring,U20,20.0,123.02687708123811,78.47851810575736,0.2831716199512852,0.52186291863877,3.9999059695293027,0.0,-0.0
4,ring,U20,20.0,125.89254117941688,78.47851810575736,0.2831716199512852,0.52186291863877,3.9999059695293027,0.0,-0.0
4,ring,U20,20.0,128.82495516931348,78.47851810575736,0.2831716199512852,0.52186291863877,3.9999059695293027,0.0,-0.0
4,ring,U20,20.0,131.82567385564073,78.47851810575736,0.2831716199512852,0.52186291863877,3.9999059695293027,0.0,-0.0
4,ring,U20,20.0,134.89628825916532,78.47851810575736,0.2831716199512852,0.52186291863877,3.9999059695293027,0.0,-0.0
4,ring,U20,20.0,138.03842646028838,78.47851810575736,0.2831716199512852,0.52186291863877,3.9999059695293027,0.0,-0.0
4,ring,U20,20.0,141.25375446227554,78.47851810575736,0.2831716199512852,0.52186291863877,3.9999059695293027,0.0,-0.0
4,ring,U20,20.0,144.5439770745928,78.47851810575736,0.2831716199512852,0.52186291863877,3.9999059695293027,0.0,-0.0
4,ring,U20,20.0,147.91083881682073,78.47851810575736,0.2831716199512852,0.52186291863877,3.9999059695293027,0.0,-0.0
4,ring,U20,20.0,151.3561248436207,78.47851810575736,0.2831716199512852,0.52186291863877,3.9999059695293027,0.0,-0.0
4,ring,U20,20.0,154.88166189124829,78.47851810575736,0.2831716199512852,0.52186291863877,3.9999059695293027,0.0,-0.0
4,ring,U20,20.0,158.48931924611142,78.47851810575736,0.2831716199512852,0.52186291863877,3.9999059695293027,0.0,-0.0
4,ring,U20,20.0,162.18100973589299,78.47851810575736,0.2831716199512852,0.52186291863877,3.9999059695293027,0.0,-0.0
4,ring,U20,20.0,165.95869074375597,78.47851810575736,0.2831716199512852,0.52186291863877,3.9999059695293027,0.0,-0.0
4,ring,U20,20.0,169.8243652461746,78.47851810575736,0.2831716199512852,0.52186291863877,3.9999059695293027,0.0,-0.0
4,ring,U20,20.0,173.78008287493762,78.47851810575736,0.2831716199512852,0.52186291863877,3.9999059695293027,0.0,-0.0
4,ring,U20,20.0,177.82794100389228,78.47851810575736,0.2831716199512852,0.52186291863877,3.9999059695293027,0.0,-0.0
4,ring,U20,20.0,181.97008586099827,78.47851810575736,0.2831716199512852,0.52186291863877,3.9999059695293027,0.0,-0.0
4,ring,U20,20.0,186.20871366628694,78.47851810575736,0.2831716199512852,0.52186291863877,3.9999059695293027,0.0,-0.0
4,ring,U20,20.0,190.54607179632484,78.47851810575736,0.2831716199512852,0.52186291863877,3.9999059695293027,0.0,-0.0
4,ring,U20,20.0,194.98445997580455,78.47851810575736,0.2831716199512852,0.52186291863877,3.9999059695293027,0.0,-0.0
4,ring,U20,20.0,199.52623149688787,78.47851810575736,0.2831716199512852,0.52186291863877,3.9999059695293027,0.0,-0.0
4,ring,U20,20.0,204.17379446695315,78.47851810575736,0.2831716199512852,0.52186291863877,3.9999059695293027,0.0,-0.0
4,ring,U20,20.0,208.92961308540407,78.47851810575736,0.2831716199512852,0.52186291863877,3.9999059695293027,0.0,-0.0
4,ring,U20,20.0,213.79620895022325,78.47851810575736,0.2831716199512852,0.52186291863877,3.9999059695293027,0.0,-0.0
4,ring,U20,20.0,218.77616239495518,78.47851810575736,0.2831716199512852,0.52186291863877,3.9999059695293027,0.0,-0.0
4,ring,U20,20.0,223.87211385683423,78.47851810575736,0.2831716199512852,0.52186291863877,3.9999059695293027,0.0,-0.0
4,ring,U20,20.0,229.08676527677747,78.47851810575736,0.2831716199512852,0.52186291863877,3.9999059695293027,0.0,-0.0
4,ring,U20,20.0,234.42288153199226,78.47851810575736,0.2831716199512852,0.52186291863877,3.9999059695293027,0.0,-0.0
4,ring,U20,20.0,239.88329190194898,78.47851810575736,0.2831716199512852,0.52186291863877,3.9999059695293027,0.0,-0.0
4,ring,U20,20.0,245.47089156850285,78.47851810575736,0.2831716199512852,0.52186291863877,3.9999059695293027,0.0,-0.0
4,ring,U20,20.0,251.18864315095823,78.47851810575736,0.2831716199512852,0.52186291863877,3.9999059695293027,0.0,-0.0
4,ring,U20,20.0,257.03957827688646,78.47851810575736,0.2831716199512852,0.52186291863877,3.9999059695293027,0.0,-0.0
4,ring,U20,20.0,263.02679918953817,78.47851810575736,0.2831716199512852,0.52186291863877,3.9999059695293027,0.0,-0.0
4,ring,U20,20.0,269.1534803926914,78.47851810575736,0.2831716199512852,0.52186291863877,3.9999059695293027,0.0,-0.0
4,ring,U20,20.0,275.4228703338169,78.47851810575736,0.2831716199512852,0.52186291863877,3.9999059695293027,0.0,-0.0
4,ring,U20,20.0,281.8382931264455,78.47851810575736,0.2831716199512852,0.52186291863877,3.9999059695293027,0.0,-0.0
4,ring,U20,20.0,288.40315031266056,78.47851810575736,0.2831716199512852,0.52186291863877,3.9999059695293027,0.0,-0.0
4,ring,U20,20.0,295.1209226666384,78.47851810575736,0.2831716199512852,0.52186291863877,3.9999059695293027,0.0,-0.0
4,ring,U20,20.0,301.9951720402019,78.47851810575736,0.2831716199512852,0.52186291863877,3.9999059695293027,0.0,-0.0
4,ring,U20,20.0,309.0295432513592,78.47851810575736,0.2831716199512852,0.52186291863877,3.9999059695293027,0.0,-0.0
4,ring,U20,20.0,316.22776601683796,78.47851810575736,0.2831716199512852,0.52186291863877,3.9999059695293027,0.0,-0.0
4,ring,U20,20.0,323.5936569296281,78.47851810575736,0.2831716199512852,0.52186291863877,3.9999059695293027,0.0,-0.0
4,ring,U20,20.0,331.1311214825914,78.47851810575736,0.2831716199512852,0.52186291863877,3.9999059695293027,0.0,-0.0
4,ring,U20,20.0,338.84415613920277,78.47851810575736,0.2831716199512852,0.52186291863877,3.9999059695293027,0.0,-0.0
4,ring,U20,20.0,346.73685045253166,78.47851810575736,0.2831716199512852,0.52186291863877,3.9999059695293027,0.0,-0.0
4,ring,U20,20.0,354.8133892335753,78.47851810575736,0.2831716199512852,0.52186291863877,3.9999059695293027,0.0,-0.0
4,ring,U20,20.0,363.07805477010174,78.47851810575736,0.2831716199512852,0.52186291863877,3.9999059695293027,0.0,-0.0
4,ring,U20,20.0,371.53522909717276,78.47851810575736,0.2831716199512852,0.52186291863877,3.9999059695293027,0.0,-0.0
4,ring,U20,20.0,380.1893963205613,78.47851810575736,0.2831716199512852,0.52186291863877,3.9999059695293027,0.0,-0.0
4,ring,U20,20.0,389.04514499428046,78.47851810575736,0.2831716199512852,0.52186291863877,3.9999059695293027,0.0,-0.0
4,ring,U20,20.0,398.1071705534977,78.47851810575736,0.2831716199512852,0.52186291863877,3.9999059695293027,0.0,-0.0
4,ring,U20,20.0,407.380277804113,78.47851810575736,0.2831716199512852,0.52186291863877,3.9999059695293027,0.0,-0.0
4,ring,U20,20.0,416.8693834703355,78.47851810575736,0.2831716199512852,0.52186291863877,3.9999059695293027,0.0,-0.0
4,ring,U20,20.0,426.57951880159254,78.47851810575736,0.2831716199512852,0.52186291863877,3.9999059695293027,0.0,-0.0
4,ring,U20,20.0,436.51583224016565,78.47851810575736,0.2831716199512852,0.52186291863877,3.9999059695293027,0.0,-0.0
4,ring,U20,20.0,446.6835921509635,78.47851810575736,0.2831716199512852,0.52186291863877,3.9999059695293027,0.0,-0.0
4,ring,U20,20.0,457.0881896148752,78.47851810575736,0.2831716199512852,0.52186291863877,3.9999059695293027,0.0,-0.0
4,ring,U20,20.0,467.73514128719813,78.47851810575736,0.2831716199512852,0.52186291863877,3.9999059695293027,0.0,-0.0
4,ring,U20,20.0,478.630092322638,78.47851810575736,0.2831716199512852,0.52186291863877,3.9999059695293027,0.0,-0.0
4,ring,U20,20.0,489.77881936844665,78.47851810575736,0.2831716199512852,0.52186291863877,3.9999059695293027,0.0,-0.0
4,ring,U20,20.0,501.18723362727246,78.47851810575736,0.2831716199512852,0.52186291863877,3.9999059695293027,0.0,-0.0
4,ring,U20,20.0,512.8613839913648,78.47851810575736,0.2831716199512852,0.52186291863877,3.9999059695293027,0.0,-0.0
4,ring,U20,20.0,524.8074602497722,78.47851810575736,0.2831716199512852,0.52186291863877,3.9999059695293027,0.0,-0.0
4,ring,U20,20.0,537.0317963702532,78.47851810575736,0.2831716199512852,0.52186291863877,3.9999059695293027,0.0,-0.0
4,ring,U20,20.0,549.5408738576248,78.47851810575736,0.2831716199512852,0.52186291863877,3.9999059695293027,0.0,-0.0
4,ring,U20,20.0,562.341325190349,78.47851810575736,0.2831716199512852,0.52186291863877,3.9999059695293027,0.0,-0.0
4,ring,U20,20.0,575.4399373371566,78.47851810575736,0.2831716199512852,0.52186291863877,3.9999059695293027,0.0,-0.0
4,ring,U20,20.0,588.8436553555896,78.47851810575736,0.2831716199512852,0.52186291863877,3.9999059695293027,0.0,-0.0
4,ring,U20,20.0,602.5595860743581,78.47851810575736,0.2831716199512852,0.52186291863877,3.9999059695293027,0.0,-0.0
4,ring,U20,20.0,616.5950018614822,78.47851810575736,0.2831716199512852,0.52186291863877,3.9999059695293027,0.0,-0.0
4,ring,U20,20.0,630.957344480193,78.47851810575736,0.2831716199512852,0.52186291863877,3.9999059695293027,0.0,-0.0
4,ring,U20,20.0,645.6542290346563,78.47851810575736,0.2831716199512852,0.52186291863877,3.9999059695293027,0.0,-0.0
4,ring,U20,20.0,660.6934480075964,78.47851810575736,0.2831716199512852,0.52186291863877,3.9999059695293027,0.0,-0.0
4,ring,U20,20.0,676.0829753919819,78.47851810575736,0.2831716199512852,0.52186291863877,3.9999059695293027,0.0,-0.0
4,ring,U20,20.0,691.8309709189363,78.47851810575736,0.2831716199512852,0.52186291863877,3.9999059695293027,0.0,-0.0
4,ring,U20,20.0,707.9457843841387,78.47851810575736,0.2831716199512852,0.52186291863877,3.9999059695293027,0.0,-0.0
4,ring,U20,20.0,724.4359600749906,78.47851810575736,0.2831716199512852,0.52186291863877,3.9999059695293027,0.0,-0.0
4,ring,U20,20.0,741.3102413009177,78.47851810575736,0.2831716199512852,0.52186291863877,3.9999059695293027,0.0,-0.0
4,ring,U20,20.0,758.5775750291835,78.47851810575736,0.2831716199512852,0.52186291863877,3.9999059695293027,0.0,-0.0
4,ring,U20,20.0,776.2471166286912,78.47851810575736,0.2831716199512852,0.52186291863877,3.9999059695293027,0.0,-0.0
4,ring,U20,20.0,794.3282347242822,78.47851810575736,0.2831716199512852,0.52186291863877,3.9999059695293027,0.0,-0.0
4,ring,U20,20.0,812.8305161640995,78.47851810575736,0.2831716199512852,0.52186291863877,3.9999059695293027,0.0,-0.0
4,ring,U20,20.0,831.7637711026708,78.47851810575736,0.2831716199512852,0.52186291863877,3.9999059695293027,0.0,-0.0
4,ring,U20,20.0,851.1380382023759,78.47851810575736,0.2831716199512852,0.52186291863877,3.9999059695293027,0.0,-0.0
4,ring,U20,20.0,870.9635899560815,78.47851810575736,0.2831716199512852,0.52186291863877,3.9999059695293027,0.0,-0.0
4,ring,U20,20.0,891.2509381337459,78.47851810575736,0.2831716199512852,0.52186291863877,3.9999059695293027,0.0,-0.0
4,ring,U20,20.0,912.0108393559096,78.47851810575736,0.2831716199512852,0.52186291863877,3.9999059695293027,0.0,-0.0
4,ring,U20,20.0,933.2543007969905,78.47851810575736,0.2831716199512852,0.52186291863877,3.9999059695293027,0.0,-0.0
4,ring,U20,20.0,954.9925860214369,78.47851810575736,0.2831716199512852,0.52186291863877,3.9999059695293027,0.0,-0.0
4,ring,U20,20.0,977.2372209558112,78.47851810575736,0.2831716199512852,0.52186291863877,3.9999059695293027,0.0,-0.0
4,ring,U20,20.0,1000.0,78.47851810575736,0.2831716199512852,0.52186291863877,3.9999059695293027,0.0,-0.0
4,ring,U20,20.0,inf,78.47851810575736,0.2831716199512852,0.52186291863877,3.9999059695293027,0.0,0.0
