K,state_index_at_K,block,j1,j2,j3,j4,k_pair,J_total,all_four_faces_active,q012_mean,rs_mean,rs_second_moment,rs_sd,al_mean,al_second_moment,al_sd
12,1,b0000,0.0,0.0,6.0,6.0,0.0,0,False,0.0,0.0,0.0,0.0,0.0,0.0,0.0
12,2,b0001,0.0,0.5,5.5,6.0,0.5,0,False,0.0,0.0,0.0,0.0,0.0,0.0,0.0
12,3,b0002,0.0,0.5,6.0,5.5,0.5,0,False,0.0,0.0,0.0,0.0,0.0,0.0,0.0
12,4,b0003,0.0,1.0,5.0,6.0,1.0,0,False,0.0,0.0,0.0,0.0,0.0,0.0,0.0
12,5,b0004,0.0,1.0,5.5,5.5,1.0,0,False,0.0,0.0,0.0,0.0,0.0,0.0,0.0
12,6,b0005,0.0,1.0,6.0,5.0,1.0,0,False,0.0,0.0,0.0,0.0,0.0,0.0,0.0
12,7,b0006,0.0,1.5,4.5,6.0,1.5,0,False,0.0,0.0,0.0,0.0,0.0,0.0,0.0
12,8,b0007,0.0,1.5,5.0,5.5,1.5,0,False,0.0,0.0,0.0,0.0,0.0,0.0,0.0
12,9,b0008,0.0,1.5,5.5,5.0,1.5,0,False,0.0,0.0,0.0,0.0,0.0,0.0,0.0
12,10,b0009,0.0,1.5,6.0,4.5,1.5,0,False,0.0,0.0,0.0,0.0,0.0,0.0,0.0
12,11,b0010,0.0,2.0,4.0,6.0,2.0,0,False,0.0,0.0,0.0,0.0,0.0,0.0,0.0
12,12,b0011,0.0,2.0,4.5,5.5,2.0,0,False,0.0,0.0,0.0,0.0,0.0,0.0,0.0
12,13,b0012,0.0,2.0,5.0,5.0,2.0,0,False,0.0,0.0,0.0,0.0,0.0,0.0,0.0
12,14,b0013,0.0,2.0,5.5,4.5,2.0,0,False,0.0,0.0,0.0,0.0,0.0,0.0,0.0
12,15,b0014,0.0,2.0,6.0,4.0,2.0,0,False,0.0,0.0,0.0,0.0,0.0,0.0,0.0
12,16,b0015,0.0,2.5,3.5,6.0,2.5,0,False,0.0,0.0,0.0,0.0,0.0,0.0,0.0
12,17,b0016,0.0,2.5,4.0,5.5,2.5,0,False,0.0,0.0,0.0,0.0,0.0,0.0,0.0
12,18,b0017,0.0,2.5,4.5,5.0,2.5,0,False,0.0,0.0,0.0,0.0,0.0,0.0,0.0
12,19,b0018,0.0,2.5,5.0,4.5,2.5,0,False,0.0,0.0,0.0,0.0,0.0,0.0,0.0
12,20,b0019,0.0,2.5,5.5,4.0,2.5,0,False,0.0,0.0,0.0,0.0,0.0,0.0,0.0
12,21,b0020,0.0,2.5,6.0,3.5,2.5,0,False,0.0,0.0,0.0,0.0,0.0,0.0,0.0
12,22,b0021,0.0,3.0,3.0,6.0,3.0,0,False,0.0,0.0,0.0,0.0,0.0,0.0,0.0
12,23,b0022,0.0,3.0,3.5,5.5,3.0,0,False,0.0,0.0,0.0,0.0,0.0,0.0,0.0
12,24,b0023,0.0,3.0,4.0,5.0,3.0,0,False,0.0,0.0,0.0,0.0,0.0,0.0,0.0
12,25,b0024,0.0,3.0,4.5,4.5,3.0,0,False,0.0,0.0,0.0,0.0,0.0,0.0,0.0
12,26,b0025,0.0,3.0,5.0,4.0,3.0,0,False,0.0,0.0,0.0,0.0,0.0,0.0,0.0
12,27,b0026,0.0,3.0,5.5,3.5,3.0,0,False,0.0,0.0,0.0,0.0,0.0,0.0,0.0
12,28,b0027,0.0,3.0,6.0,3.0,3.0,0,False,0.0,0.0,0.0,0.0,0.0,0.0,0.0
12,29,b0028,0.0,3.5,2.5,6.0,3.5,0,False,0.0,0.0,0.0,0.0,0.0,0.0,0.0
12,30,b0029,0.0,3.5,3.0,5.5,3.5,0,False,0.0,0.0,0.0,0.0,0.0,0.0,0.0
12,31,b0030,0.0,3.5,3.5,5.0,3.5,0,False,0.0,0.0,0.0,0.0,0.0,0.0,0.0
12,32,b0031,0.0,3.5,4.0,4.5,3.5,0,False,0.0,0.0,0.0,0.0,0.0,0.0,0.0
12,33,b0032,0.0,3.5,4.5,4.0,3.5,0,False,0.0,0.0,0.0,0.0,0.0,0.0,0.0
12,34,b0033,0.0,3.5,5.0,3.5,3.5,0,False,0.0,0.0,0.0,0.0,0.0,0.0,0.0
12,35,b0034,0.0,3.5,5.5,3.0,3.5,0,False,0.0,0.0,0.0,0.0,0.0,0.0,0.0
12,36,b0035,0.0,3.5,6.0,2.5,3.5,0,False,0.0,0.0,0.0,0.0,0.0,0.0,0.0
12,37,b0036,0.0,4.0,2.0,6.0,4.0,0,False,0.0,0.0,0.0,0.0,0.0,0.0,0.0
12,38,b0037,0.0,4.0,2.5,5.5,4.0,0,False,0.0,0.0,0.0,0.0,0.0,0.0,0.0
12,39,b0038,0.0,4.0,3.0,5.0,4.0,0,False,0.0,0.0,0.0,0.0,0.0,0.0,0.0
12,40,b0039,0.0,4.0,3.5,4.5,4.0,0,False,0.0,0.0,0.0,0.0,0.0,0.0,0.0
12,41,b0040,0.0,4.0,4.0,4.0,4.0,0,False,0.0,0.0,0.0,0.0,0.0,0.0,0.0
12,42,b0041,0.0,4.0,4.5,3.5,4.0,0,False,0.0,0.0,0.0,0.0,0.0,0.0,0.0
12,43,b0042,0.0,4.0,5.0,3.0,4.0,0,False,0.0,0.0,0.0,0.0,0.0,0.0,0.0
12,44,b0043,0.0,4.0,5.5,2.5,4.0,0,False,0.0,0.0,0.0,0.0,0.0,0.0,0.0
12,45,b0044,0.0,4.0,6.0,2.0,4.0,0,False,0.0,0.0,0.0,0.0,0.0,0.0,0.0
12,46,b0045,0.0,4.5,1.5,6.0,4.5,0,False,0.0,0.0,0.0,0.0,0.0,0.0,0.0
12,47,b0046,0.0,4.5,2.0,5.5,4.5,0,False,0.0,0.0,0.0,0.0,0.0,0.0,0.0
12,48,b0047,0.0,4.5,2.5,5.0,4.5,0,False,0.0,0.0,0.0,0.0,0.0,0.0,0.0
12,49,b0048,0.0,4.5,3.0,4.5,4.5,0,False,0.0,0.0,0.0,0.0,0.0,0.0,0.0
12,50,b0049,0.0,4.5,3.5,4.0,4.5,0,False,0.0,0.0,0.0,0.0,0.0,0.0,0.0
12,51,b0050,0.0,4.5,4.0,3.5,4.5,0,False,0.0,0.0,0.0,0.0,0.0,0.0,0.0
12,52,b0051,0.0,4.5,4.5,3.0,4.5,0,False,0.0,0.0,0.0,0.0,0.0,0.0,0.0
12,53,b0052,0.0,4.5,5.0,2.5,4.5,0,False,0.0,0.0,0.0,0.0,0.0,0.0,0.0
12,54,b0053,0.0,4.5,5.5,2.0,4.5,0,False,0.0,0.0,0.0,0.0,0.0,0.0,0.0
12,55,b0054,0.0,4.5,6.0,1.5,4.5,0,False,0.0,0.0,0.0,0.0,0.0,0.0,0.0
12,56,b0055,0.0,5.0,1.0,6.0,5.0,0,False,0.0,0.0,0.0,0.0,0.0,0.0,0.0
12,57,b0056,0.0,5.0,1.5,5.5,5.0,0,False,0.0,0.0,0.0,0.0,0.0,0.0,0.0
12,58,b0057,0.0,5.0,2.0,5.0,5.0,0,False,0.0,0.0,0.0,0.0,0.0,0.0,0.0
12,59,b0058,0.0,5.0,2.5,4.5,5.0,0,False,0.0,0.0,0.0,0.0,0.0,0.0,0.0
12,60,b0059,0.0,5.0,3.0,4.0,5.0,0,False,0.0,0.0,0.0,0.0,0.0,0.0,0.0
12,61,b0060,0.0,5.0,3.5,3.5,5.0,0,False,0.0,0.0,0.0,0.0,0.0,0.0,0.0
12,62,b0061,0.0,5.0,4.0,3.0,5.0,0,False,0.0,0.0,0.0,0.0,0.0,0.0,0.0
12,63,b0062,0.0,5.0,4.5,2.5,5.0,0,False,0.0,0.0,0.0,0.0,0.0,0.0,0.0
12,64,b0063,0.0,5.0,5.0,2.0,5.0,0,False,0.0,0.0,0.0,0.0,0.0,0.0,0.0
12,65,b0064,0.0,5.0,5.5,1.5,5.0,0,False,0.0,0.0,0.0,0.0,0.0,0.0,0.0
12,66,b0065,0.0,5.0,6.0,1.0,5.0,0,False,0.0,0.0,0.0,0.0,0.0,0.0,0.0
12,67,b0066,0.0,5.5,0.5,6.0,5.5,0,False,0.0,0.0,0.0,0.0,0.0,0.0,0.0
12,68,b0067,0.0,5.5,1.0,5.5,5.5,0,False,0.0,0.0,0.0,0.0,0.0,0.0,0.0
12,69,b0068,0.0,5.5,1.5,5.0,5.5,0,False,0.0,0.0,0.0,0.0,0.0,0.0,0.0
12,70,b0069,0.0,5.5,2.0,4.5,5.5,0,False,0.0,0.0,0.0,0.0,0.0,0.0,0.0
12,71,b0070,0.0,5.5,2.5,4.0,5.5,0,False,0.0,0.0,0.0,0.0,0.0,0.0,0.0
12,72,b0071,0.0,5.5,3.0,3.5,5.5,0,False,0.0,0.0,0.0,0.0,0.0,0.0,0.0
12,73,b0072,0.0,5.5,3.5,3.0,5.5,0,False,0.0,0.0,0.0,0.0,0.0,0.0,0.0
12,74,b0073,0.0,5.5,4.0,2.5,5.5,0,False,0.0,0.0,0.0,0.0,0.0,0.0,0.0
12,75,b0074,0.0,5.5,4.5,2.0,5.5,0,False,0.0,0.0,0.0,0.0,0.0,0.0,0.0
12,76,b0075,0.0,5.5,5.0,1.5,5.5,0,False,0.0,0.0,0.0,0.0,0.0,0.0,0.0
12,77,b0076,0.0,5.5,5.5,1.0,5.5,0,False,0.0,0.0,0.0,0.0,0.0,0.0,0.0
12,78,b0077,0.0,5.5,6.0,0.5,5.5,0,False,0.0,0.0,0.0,0.0,0.0,0.0,0.0
12,79,b0078,0.0,6.0,0.0,6.0,6.0,0,False,0.0,0.0,0.0,0.0,0.0,0.0,0.0
12,80,b0079,0.0,6.0,0.5,5.5,6.0,0,False,0.0,0.0,0.0,0.0,0.0,0.0,0.0
12,81,b0080,0.0,6.0,1.0,5.0,6.0,0,False,0.0,0.0,0.0,0.0,0.0,0.0,0.0
12,82,b0081,0.0,6.0,1.5,4.5,6.0,0,False,0.0,0.0,0.0,0.0,0.0,0.0,0.0
12,83,b0082,0.0,6.0,2.0,4.0,6.0,0,False,0.0,0.0,0.0,0.0,0.0,0.0,0.0
12,84,b0083,0.0,6.0,2.5,3.5,6.0,0,False,0.0,0.0,0.0,0.0,0.0,0.0,0.0
12,85,b0084,0.0,6.0,3.0,3.0,6.0,0,False,0.0,0.0,0.0,0.0,0.0,0.0,0.0
12,86,b0085,0.0,6.0,3.5,2.5,6.0,0,False,0.0,0.0,0.0,0.0,0.0,0.0,0.0
12,87,b0086,0.0,6.0,4.0,2.0,6.0,0,False,0.0,0.0,0.0,0.0,0.0,0.0,0.0
12,88,b0087,0.0,6.0,4.5,1.5,6.0,0,False,0.0,0.0,0.0,0.0,0.0,0.0,0.0
12,89,b0088,0.0,6.0,5.0,1.0,6.0,0,False,0.0,0.0,0.0,0.0,0.0,0.0,0.0
12,90,b0089,0.0,6.0,5.5,0.5,6.0,0,False,0.0,0.0,0.0,0.0,0.0,0.0,0.0
12,91,b0090,0.0,6.0,6.0,0.0,6.0,0,False,0.0,0.0,0.0,0.0,0.0,0.0,0.0
12,92,b0091,0.5,0.0,5.5,6.0,0.5,0,False,0.0,0.0,0.0,0.0,0.0,0.0,0.0
12,93,b0092,0.5,0.0,6.0,5.5,0.5,0,False,0.0,0.0,0.0,0.0,0.0,0.0,0.0
12,94,b0093,0.5,0.5,5.0,6.0,1.0,0,True,0.0,0.0,0.0,0.0,0.0,0.0,0.0
12,95,b0094,0.5,0.5,5.5,5.5,0.0,0,True,-0.0,0.8004964789357476,0.6407946127885298,0.0,0.4002482394678739,0.16019865319713253,0.0
12,96,b0094,0.5,0.5,5.5,5.5,1.0,0,True,0.0,0.8004964789357476,0.6407946127885298,0.0,0.4002482394678739,0.16019865319713253,0.0
12,97,b0095,0.5,0.5,6.0,5.0,1.0,0,True,0.0,0.0,0.0,0.0,0.0,0.0,0.0
12,98,b0096,0.5,1.0,4.5,6.0,1.5,0,True,0.0,0.0,0.0,0.0,0.0,0.0,0.0
12,99,b0097,0.5,1.0,5.0,5.5,0.5,0,True,0.0,0.9295414351272504,0.8640472796184283,0.0,0.4647707175636252,0.21601181990460708,0.0
12,100,b0097,0.5,1.0,5.0,5.5,1.5,0,True,0.0,0.9295414351272504,0.8640472796184283,0.0,0.4647707175636252,0.21601181990460708,0.0
12,101,b0098,0.5,1.0,5.5,5.0,0.5,0,True,0.0,0.9295414351272504,0.8640472796184283,0.0,0.4647707175636252,0.21601181990460708,0.0
12,102,b0098,0.5,1.0,5.5,5.0,1.5,0,True,0.0,0.9295414351272504,0.8640472796184283,0.0,0.4647707175636252,0.21601181990460708,0.0
12,103,b0099,0.5,1.0,6.0,4.5,1.5,0,True,0.0,0.0,0.0,0.0,0.0,0.0,0.0
12,104,b0100,0.5,1.5,4.0,6.0,2.0,0,True,0.0,0.0,0.0,0.0,0.0,0.0,0.0
12,105,b0101,0.5,1.5,4.5,5.5,1.0,0,True,0.0,1.0019641796438672,1.0039322172894078,0.0,0.5009820898219336,0.25098305432235196,0.0
12,106,b0101,0.5,1.5,4.5,5.5,2.0,0,True,0.0,1.0019641796438672,1.0039322172894078,0.0,0.5009820898219336,0.25098305432235196,0.0
12,107,b0102,0.5,1.5,5.0,5.0,1.0,0,True,0.0,1.076680580209538,1.1592410718003474,0.0,0.538340290104769,0.28981026795008685,0.0
12,108,b0102,0.5,1.5,5.0,5.0,2.0,0,True,0.0,1.076680580209538,1.1592410718003474,0.0,0.538340290104769,0.28981026795008685,0.0
12,109,b0103,0.5,1.5,5.5,4.5,1.0,0,True,0.0,1.0019641796438672,1.0039322172894078,0.0,0.5009820898219336,0.25098305432235196,0.0
12,110,b0103,0.5,1.5,5.5,4.5,2.0,0,True,0.0,1.0019641796438672,1.0039322172894078,0.0,0.5009820898219336,0.25098305432235196,0.0
12,111,b0104,0.5,1.5,6.0,4.0,2.0,0,True,0.0,0.0,0.0,0.0,0.0,0.0,0.0
12,112,b0105,0.5,2.0,3.5,6.0,2.5,0,True,0.0,0.0,0.0,0.0,0.0,0.0,0.0
12,113,b0106,0.5,2.0,4.0,5.5,1.5,0,True,0.0,1.0454391248975952,1.0929429638666497,0.0,0.5227195624487976,0.2732357409666624,0.0
12,114,b0106,0.5,2.0,4.0,5.5,2.5,0,True,0.0,1.0454391248975952,1.0929429638666497,0.0,0.5227195624487976,0.2732357409666624,0.0
12,115,b0107,0.5,2.0,4.5,5.0,1.5,0,True,0.0,1.1569685776714962,1.3385762897192048,0.0,0.578484288835748,0.3346440724298011,0.0
12,116,b0107,0.5,2.0,4.5,5.0,2.5,0,True,-0.0,1.1569685776714962,1.3385762897192048,0.0,0.578484288835748,0.3346440724298011,0.0
12,117,b0108,0.5,2.0,5.0,4.5,1.5,0,True,0.0,1.1569685776714962,1.3385762897192048,0.0,0.578484288835748,0.3346440724298011,0.0
12,118,b0108,0.5,2.0,5.0,4.5,2.5,0,True,0.0,1.1569685776714962,1.3385762897192048,0.0,0.578484288835748,0.3346440724298011,0.0
12,119,b0109,0.5,2.0,5.5,4.0,1.5,0,True,0.0,1.0454391248975952,1.0929429638666497,0.0,0.5227195624487976,0.2732357409666624,0.0
12,120,b0109,0.5,2.0,5.5,4.0,2.5,0,True,0.0,1.0454391248975952,1.0929429638666497,0.0,0.5227195624487976,0.2732357409666624,0.0
12,121,b0110,0.5,2.0,6.0,3.5,2.5,0,True,0.0,0.0,0.0,0.0,0.0,0.0,0.0
12,122,b0111,0.5,2.5,3.0,6.0,3.0,0,True,0.0,0.0,0.0,0.0,0.0,0.0,0.0
12,123,b0112,0.5,2.5,3.5,5.5,2.0,0,True,0.0,1.069124460217859,1.1430271114361281,0.0,0.5345622301089296,0.28575677785903214,0.0
12,124,b0112,0.5,2.5,3.5,5.5,3.0,0,True,0.0,1.069124460217859,1.1430271114361281,0.0,0.5345622301089296,0.28575677785903214,0.0
12,125,b0113,0.5,2.5,4.0,5.0,2.0,0,True,0.0,1.202425731504657,1.4458276397845093,0.0,0.6012128657523285,0.36145690994612734,0.0
12,126,b0113,0.5,2.5,4.0,5.0,3.0,0,True,0.0,1.202425731504657,1.4458276397845093,0.0,0.6012128657523285,0.36145690994612734,0.0
12,127,b0114,0.5,2.5,4.5,4.5,2.0,0,True,0.0,1.2383585073708887,1.5335317927778553,0.0,0.6191792536854444,0.38338294819446384,0.0
12,128,b0114,0.5,2.5,4.5,4.5,3.0,0,True,0.0,1.2383585073708887,1.5335317927778553,0.0,0.6191792536854444,0.38338294819446384,0.0
12,129,b0115,0.5,2.5,5.0,4.0,2.0,0,True,0.0,1.2024257315046571,1.4458276397845098,0.0,0.6012128657523285,0.36145690994612734,0.0
12,130,b0115,0.5,2.5,5.0,4.0,3.0,0,True,0.0,1.2024257315046571,1.4458276397845098,0.0,0.6012128657523285,0.36145690994612734,0.0
12,131,b0116,0.5,2.5,5.5,3.5,2.0,0,True,0.0,1.069124460217859,1.1430271114361281,0.0,0.5345622301089296,0.28575677785903214,0.0
12,132,b0116,0.5,2.5,5.5,3.5,3.0,0,True,0.0,1.069124460217859,1.1430271114361281,0.0,0.5345622301089296,0.28575677785903214,0.0
12,133,b0117,0.5,2.5,6.0,3.0,3.0,0,True,0.0,0.0,0.0,0.0,0.0,0.0,0.0
12,134,b0118,0.5,3.0,2.5,6.0,3.5,0,True,0.0,0.0,0.0,0.0,0.0,0.0,0.0
12,135,b0119,0.5,3.0,3.0,5.5,2.5,0,True,0.0,1.0766805802095416,1.1592410718003552,0.0,0.5383402901047707,0.2898102679500887,0.0
12,136,b0119,0.5,3.0,3.0,5.5,3.5,0,True,0.0,1.0766805802095416,1.1592410718003552,0.0,0.5383402901047707,0.2898102679500887,0.0
12,137,b0120,0.5,3.0,3.5,5.0,2.5,0,True,0.0,1.2233453267335432,1.4965737884407997,0.0,0.6116726633667716,0.3741434471101999,0.0
12,138,b0120,0.5,3.0,3.5,5.0,3.5,0,True,0.0,1.2233453267335432,1.4965737884407997,0.0,0.6116726633667716,0.3741434471101999,0.0
12,139,b0121,0.5,3.0,4.0,4.5,2.5,0,True,0.0,1.2803962065704424,1.639414445799979,0.0,0.6401981032852212,0.40985361144999477,0.0
12,140,b0121,0.5,3.0,4.0,4.5,3.5,0,True,0.0,1.2803962065704424,1.639414445799979,0.0,0.6401981032852212,0.40985361144999477,0.0
12,141,b0122,0.5,3.0,4.5,4.0,2.5,0,True,0.0,1.2803962065704428,1.6394144457999802,0.0,0.6401981032852213,0.4098536114499949,0.0
12,142,b0122,0.5,3.0,4.5,4.0,3.5,0,True,0.0,1.2803962065704428,1.6394144457999802,0.0,0.6401981032852213,0.4098536114499949,0.0
12,143,b0123,0.5,3.0,5.0,3.5,2.5,0,True,0.0,1.2233453267335432,1.4965737884407997,0.0,0.6116726633667716,0.3741434471101999,0.0
12,144,b0123,0.5,3.0,5.0,3.5,3.5,0,True,0.0,1.2233453267335432,1.4965737884407997,0.0,0.6116726633667716,0.3741434471101999,0.0
12,145,b0124,0.5,3.0,5.5,3.0,2.5,0,True,0.0,1.0766805802095416,1.1592410718003552,0.0,0.5383402901047707,0.2898102679500887,0.0
12,146,b0124,0.5,3.0,5.5,3.0,3.5,0,True,0.0,1.0766805802095416,1.1592410718003552,0.0,0.5383402901047707,0.2898102679500887,0.0
12,147,b0125,0.5,3.0,6.0,2.5,3.5,0,True,0.0,0.0,0.0,0.0,0.0,0.0,0.0
12,148,b0126,0.5,3.5,2.0,6.0,4.0,0,True,0.0,0.0,0.0,0.0,0.0,0.0,0.0
12,149,b0127,0.5,3.5,2.5,5.5,3.0,0,True,0.0,1.069124460217861,1.1430271114361323,0.0,0.5345622301089304,0.2857567778590331,0.0
12,150,b0127,0.5,3.5,2.5,5.5,4.0,0,True,0.0,1.069124460217861,1.1430271114361323,0.0,0.5345622301089304,0.2857567778590331,0.0
12,151,b0128,0.5,3.5,3.0,5.0,3.0,0,True,0.0,1.2233453267335426,1.4965737884407981,0.0,0.6116726633667713,0.37414344711019953,0.0
12,152,b0128,0.5,3.5,3.0,5.0,4.0,0,True,0.0,1.2233453267335426,1.4965737884407981,0.0,0.6116726633667713,0.37414344711019953,0.0
12,153,b0129,0.5,3.5,3.5,4.5,3.0,0,True,0.0,1.293530193752356,1.6732203621490076,0.0,0.6467650968761781,0.41830509053725207,0.0
12,154,b0129,0.5,3.5,3.5,4.5,4.0,0,True,0.0,1.293530193752356,1.6732203621490076,0.0,0.6467650968761781,0.41830509053725207,0.0
12,155,b0130,0.5,3.5,4.0,4.0,3.0,0,True,0.0,1.314570104344711,1.7280945592368646,0.0,0.6572850521723554,0.43202363980921604,0.0
12,156,b0130,0.5,3.5,4.0,4.0,4.0,0,True,0.0,1.314570104344711,1.7280945592368646,0.0,0.6572850521723554,0.43202363980921604,0.0
12,157,b0131,0.5,3.5,4.5,3.5,3.0,0,True,0.0,1.2935301937523562,1.6732203621490083,0.0,0.6467650968761781,0.41830509053725207,0.0
12,158,b0131,0.5,3.5,4.5,3.5,4.0,0,True,0.0,1.2935301937523562,1.6732203621490083,0.0,0.6467650968761781,0.41830509053725207,0.0
12,159,b0132,0.5,3.5,5.0,3.0,3.0,0,True,0.0,1.2233453267335426,1.4965737884407981,0.0,0.6116726633667713,0.37414344711019953,0.0
12,160,b0132,0.5,3.5,5.0,3.0,4.0,0,True,0.0,1.2233453267335426,1.4965737884407981,0.0,0.6116726633667713,0.37414344711019953,0.0
12,161,b0133,0.5,3.5,5.5,2.5,3.0,0,True,0.0,1.069124460217861,1.1430271114361323,0.0,0.5345622301089304,0.2857567778590331,0.0
12,162,b0133,0.5,3.5,5.5,2.5,4.0,0,True,0.0,1.069124460217861,1.1430271114361323,0.0,0.5345622301089304,0.2857567778590331,0.0
12,163,b0134,0.5,3.5,6.0,2.0,4.0,0,True,0.0,0.0,0.0,0.0,0.0,0.0,0.0
12,164,b0135,0.5,4.0,1.5,6.0,4.5,0,True,0.0,0.0,0.0,0.0,0.0,0.0,0.0
12,165,b0136,0.5,4.0,2.0,5.5,3.5,0,True,0.0,1.0454391248975963,1.092942963866652,0.0,0.5227195624487981,0.273235740966663,0.0
12,166,b0136,0.5,4.0,2.0,5.5,4.5,0,True,0.0,1.0454391248975963,1.092942963866652,0.0,0.5227195624487981,0.273235740966663,0.0
12,167,b0137,0.5,4.0,2.5,5.0,3.5,0,True,0.0,1.202425731504657,1.4458276397845093,0.0,0.6012128657523285,0.36145690994612734,0.0
12,168,b0137,0.5,4.0,2.5,5.0,4.5,0,True,0.0,1.202425731504657,1.4458276397845093,0.0,0.6012128657523285,0.36145690994612734,0.0
12,169,b0138,0.5,4.0,3.0,4.5,3.5,0,True,0.0,1.2803962065704424,1.639414445799979,0.0,0.6401981032852212,0.40985361144999477,0.0
12,170,b0138,0.5,4.0,3.0,4.5,4.5,0,True,0.0,1.2803962065704424,1.639414445799979,0.0,0.6401981032852212,0.40985361144999477,0.0
12,171,b0139,0.5,4.0,3.5,4.0,3.5,0,True,0.0,1.3145701043447118,1.7280945592368664,0.0,0.6572850521723559,0.4320236398092166,0.0
12,172,b0139,0.5,4.0,3.5,4.0,4.5,0,True,0.0,1.3145701043447118,1.7280945592368664,0.0,0.6572850521723559,0.4320236398092166,0.0
12,173,b0140,0.5,4.0,4.0,3.5,3.5,0,True,0.0,1.3145701043447118,1.7280945592368664,0.0,0.6572850521723559,0.4320236398092166,0.0
12,174,b0140,0.5,4.0,4.0,3.5,4.5,0,True,0.0,1.3145701043447118,1.7280945592368664,0.0,0.6572850521723559,0.4320236398092166,0.0
12,175,b0141,0.5,4.0,4.5,3.0,3.5,0,True,0.0,1.2803962065704422,1.6394144457999784,0.0,0.6401981032852212,0.40985361144999477,0.0
12,176,b0141,0.5,4.0,4.5,3.0,4.5,0,True,0.0,1.2803962065704422,1.6394144457999784,0.0,0.6401981032852212,0.40985361144999477,0.0
12,177,b0142,0.5,4.0,5.0,2.5,3.5,0,True,0.0,1.202425731504657,1.4458276397845093,0.0,0.6012128657523285,0.36145690994612734,0.0
12,178,b0142,0.5,4.0,5.0,2.5,4.5,0,True,0.0,1.202425731504657,1.4458276397845093,0.0,0.6012128657523285,0.36145690994612734,0.0
12,179,b0143,0.5,4.0,5.5,2.0,3.5,0,True,0.0,1.0454391248975963,1.092942963866652,0.0,0.5227195624487981,0.273235740966663,0.0
12,180,b0143,0.5,4.0,5.5,2.0,4.5,0,True,0.0,1.0454391248975963,1.092942963866652,0.0,0.5227195624487981,0.273235740966663,0.0
12,181,b0144,0.5,4.0,6.0,1.5,4.5,0,True,0.0,0.0,0.0,0.0,0.0,0.0,0.0
12,182,b0145,0.5,4.5,1.0,6.0,5.0,0,True,0.0,0.0,0.0,0.0,0.0,0.0,0.0
12,183,b0146,0.5,4.5,1.5,5.5,4.0,0,True,0.0,1.0019641796438656,1.0039322172894047,0.0,0.5009820898219328,0.2509830543223512,0.0
12,184,b0146,0.5,4.5,1.5,5.5,5.0,0,True,0.0,1.0019641796438656,1.0039322172894047,0.0,0.5009820898219328,0.2509830543223512,0.0
12,185,b0147,0.5,4.5,2.0,5.0,4.0,0,True,0.0,1.1569685776714969,1.3385762897192064,0.0,0.5784842888357484,0.3346440724298016,0.0
12,186,b0147,0.5,4.5,2.0,5.0,5.0,0,True,0.0,1.1569685776714969,1.3385762897192064,0.0,0.5784842888357484,0.3346440724298016,0.0
12,187,b0148,0.5,4.5,2.5,4.5,4.0,0,True,0.0,1.2383585073708865,1.53353179277785,0.0,0.6191792536854432,0.3833829481944625,0.0
12,188,b0148,0.5,4.5,2.5,4.5,5.0,0,True,0.0,1.2383585073708865,1.53353179277785,0.0,0.6191792536854432,0.3833829481944625,0.0
12,189,b0149,0.5,4.5,3.0,4.0,4.0,0,True,0.0,1.2803962065704428,1.6394144457999802,0.0,0.6401981032852213,0.4098536114499949,0.0
12,190,b0149,0.5,4.5,3.0,4.0,5.0,0,True,0.0,1.2803962065704428,1.6394144457999802,0.0,0.6401981032852213,0.4098536114499949,0.0
12,191,b0150,0.5,4.5,3.5,3.5,4.0,0,True,0.0,1.2935301937523562,1.6732203621490083,0.0,0.6467650968761781,0.41830509053725207,0.0
12,192,b0150,0.5,4.5,3.5,3.5,5.0,0,True,0.0,1.2935301937523562,1.6732203621490083,0.0,0.6467650968761781,0.41830509053725207,0.0
12,193,b0151,0.5,4.5,4.0,3.0,4.0,0,True,0.0,1.2803962065704428,1.6394144457999802,0.0,0.6401981032852214,0.40985361144999505,0.0
12,194,b0151,0.5,4.5,4.0,3.0,5.0,0,True,0.0,1.2803962065704428,1.6394144457999802,0.0,0.6401981032852214,0.40985361144999505,0.0
12,195,b0152,0.5,4.5,4.5,2.5,4.0,0,True,0.0,1.2383585073708867,1.5335317927778505,0.0,0.6191792536854434,0.3833829481944626,0.0
12,196,b0152,0.5,4.5,4.5,2.5,5.0,0,True,0.0,1.2383585073708867,1.5335317927778505,0.0,0.6191792536854434,0.3833829481944626,0.0
12,197,b0153,0.5,4.5,5.0,2.0,4.0,0,True,0.0,1.156968577671497,1.338576289719207,0.0,0.5784842888357485,0.33464407242980176,0.0
12,198,b0153,0.5,4.5,5.0,2.0,5.0,0,True,0.0,1.156968577671497,1.338576289719207,0.0,0.5784842888357485,0.33464407242980176,0.0
12,199,b0154,0.5,4.5,5.5,1.5,4.0,0,True,0.0,1.0019641796438656,1.0039322172894047,0.0,0.5009820898219328,0.2509830543223512,0.0
12,200,b0154,0.5,4.5,5.5,1.5,5.0,0,True,0.0,1.0019641796438656,1.0039322172894047,0.0,0.5009820898219328,0.2509830543223512,0.0
12,201,b0155,0.5,4.5,6.0,1.0,5.0,0,True,0.0,0.0,0.0,0.0,0.0,0.0,0.0
12,202,b0156,0.5,5.0,0.5,6.0,5.5,0,True,0.0,0.0,0.0,0.0,0.0,0.0,0.0
12,203,b0157,0.5,5.0,1.0,5.5,4.5,0,True,0.0,0.9295414351272533,0.8640472796184336,0.0,0.46477071756362665,0.2160118199046084,0.0
12,204,b0157,0.5,5.0,1.0,5.5,5.5,0,True,0.0,0.9295414351272533,0.8640472796184336,0.0,0.46477071756362665,0.2160118199046084,0.0
12,205,b0158,0.5,5.0,1.5,5.0,4.5,0,True,0.0,1.0766805802095394,1.1592410718003503,0.0,0.5383402901047697,0.2898102679500876,0.0
12,206,b0158,0.5,5.0,1.5,5.0,5.5,0,True,0.0,1.0766805802095394,1.1592410718003503,0.0,0.5383402901047697,0.2898102679500876,0.0
12,207,b0159,0.5,5.0,2.0,4.5,4.5,0,True,0.0,1.1569685776714969,1.3385762897192064,0.0,0.5784842888357485,0.33464407242980176,0.0
12,208,b0159,0.5,5.0,2.0,4.5,5.5,0,True,0.0,1.1569685776714969,1.3385762897192064,0.0,0.5784842888357485,0.33464407242980176,0.0
12,209,b0160,0.5,5.0,2.5,4.0,4.5,0,True,0.0,1.2024257315046567,1.4458276397845087,0.0,0.6012128657523284,0.36145690994612717,0.0
12,210,b0160,0.5,5.0,2.5,4.0,5.5,0,True,0.0,1.2024257315046567,1.4458276397845087,0.0,0.6012128657523284,0.36145690994612717,0.0
12,211,b0161,0.5,5.0,3.0,3.5,4.5,0,True,0.0,1.223345326733543,1.496573788440799,0.0,0.6116726633667715,0.37414344711019976,0.0
12,212,b0161,0.5,5.0,3.0,3.5,5.5,0,True,0.0,1.223345326733543,1.496573788440799,0.0,0.6116726633667715,0.37414344711019976,0.0
12,213,b0162,0.5,5.0,3.5,3.0,4.5,0,True,0.0,1.223345326733543,1.496573788440799,0.0,0.6116726633667715,0.37414344711019976,0.0
12,214,b0162,0.5,5.0,3.5,3.0,5.5,0,True,0.0,1.223345326733543,1.496573788440799,0.0,0.6116726633667715,0.37414344711019976,0.0
12,215,b0163,0.5,5.0,4.0,2.5,4.5,0,True,0.0,1.2024257315046567,1.4458276397845087,0.0,0.6012128657523285,0.36145690994612734,0.0
12,216,b0163,0.5,5.0,4.0,2.5,5.5,0,True,0.0,1.2024257315046567,1.4458276397845087,0.0,0.6012128657523285,0.36145690994612734,0.0
12,217,b0164,0.5,5.0,4.5,2.0,4.5,0,True,0.0,1.1569685776714969,1.3385762897192064,0.0,0.5784842888357484,0.3346440724298016,0.0
12,218,b0164,0.5,5.0,4.5,2.0,5.5,0,True,0.0,1.1569685776714969,1.3385762897192064,0.0,0.5784842888357484,0.3346440724298016,0.0
12,219,b0165,0.5,5.0,5.0,1.5,4.5,0,True,0.0,1.0766805802095392,1.1592410718003499,0.0,0.5383402901047696,0.28981026795008746,0.0
12,220,b0165,0.5,5.0,5.0,1.5,5.5,0,True,0.0,1.0766805802095392,1.1592410718003499,0.0,0.5383402901047696,0.28981026795008746,0.0
12,221,b0166,0.5,5.0,5.5,1.0,4.5,0,True,0.0,0.9295414351272535,0.8640472796184341,0.0,0.46477071756362676,0.21601181990460852,0.0
12,222,b0166,0.5,5.0,5.5,1.0,5.5,0,True,0.0,0.9295414351272535,0.8640472796184341,0.0,0.46477071756362676,0.21601181990460852,0.0
12,223,b0167,0.5,5.0,6.0,0.5,5.5,0,True,0.0,0.0,0.0,0.0,0.0,0.0,0.0
12,224,b0168,0.5,5.5,0.0,6.0,6.0,0,False,0.0,0.0,0.0,0.0,0.0,0.0,0.0
12,225,b0169,0.5,5.5,0.5,5.5,5.0,0,True,0.0,0.8004964789357508,0.640794612788535,0.0,0.4002482394678753,0.16019865319713364,0.0
12,226,b0169,0.5,5.5,0.5,5.5,6.0,0,True,0.0,0.8004964789357508,0.640794612788535,0.0,0.4002482394678753,0.16019865319713364,0.0
12,227,b0170,0.5,5.5,1.0,5.0,5.0,0,True,0.0,0.9295414351272533,0.8640472796184336,0.0,0.46477071756362665,0.2160118199046084,0.0
12,228,b0170,0.5,5.5,1.0,5.0,6.0,0,True,0.0,0.9295414351272533,0.8640472796184336,0.0,0.46477071756362665,0.2160118199046084,0.0
12,229,b0171,0.5,5.5,1.5,4.5,5.0,0,True,0.0,1.001964179643866,1.0039322172894056,0.0,0.500982089821933,0.2509830543223514,0.0
12,230,b0171,0.5,5.5,1.5,4.5,6.0,0,True,0.0,1.001964179643866,1.0039322172894056,0.0,0.500982089821933,0.2509830543223514,0.0
12,231,b0172,0.5,5.5,2.0,4.0,5.0,0,True,0.0,1.0454391248975972,1.0929429638666537,0.0,0.5227195624487986,0.2732357409666634,0.0
12,232,b0172,0.5,5.5,2.0,4.0,6.0,0,True,0.0,1.0454391248975972,1.0929429638666537,0.0,0.5227195624487986,0.2732357409666634,0.0
12,233,b0173,0.5,5.5,2.5,3.5,5.0,0,True,0.0,1.0691244602178605,1.1430271114361314,0.0,0.5345622301089302,0.28575677785903286,0.0
12,234,b0173,0.5,5.5,2.5,3.5,6.0,0,True,0.0,1.0691244602178605,1.1430271114361314,0.0,0.5345622301089302,0.28575677785903286,0.0
12,235,b0174,0.5,5.5,3.0,3.0,5.0,0,True,0.0,1.07668058020954,1.1592410718003519,0.0,0.53834029010477,0.28981026795008796,0.0
12,236,b0174,0.5,5.5,3.0,3.0,6.0,0,True,0.0,1.07668058020954,1.1592410718003519,0.0,0.53834029010477,0.28981026795008796,0.0
12,237,b0175,0.5,5.5,3.5,2.5,5.0,0,True,0.0,1.0691244602178605,1.1430271114361314,0.0,0.5345622301089302,0.28575677785903286,0.0
12,238,b0175,0.5,5.5,3.5,2.5,6.0,0,True,0.0,1.0691244602178605,1.1430271114361314,0.0,0.5345622301089302,0.28575677785903286,0.0
12,239,b0176,0.5,5.5,4.0,2.0,5.0,0,True,0.0,1.0454391248975974,1.0929429638666541,0.0,0.5227195624487987,0.27323574096666353,0.0
12,240,b0176,0.5,5.5,4.0,2.0,6.0,0,True,0.0,1.0454391248975974,1.0929429638666541,0.0,0.5227195624487987,0.27323574096666353,0.0
12,241,b0177,0.5,5.5,4.5,1.5,5.0,0,True,0.0,1.001964179643866,1.0039322172894056,0.0,0.5009820898219329,0.2509830543223513,0.0
12,242,b0177,0.5,5.5,4.5,1.5,6.0,0,True,0.0,1.001964179643866,1.0039322172894056,0.0,0.5009820898219329,0.2509830543223513,0.0
12,243,b0178,0.5,5.5,5.0,1.0,5.0,0,True,0.0,0.9295414351272535,0.8640472796184341,0.0,0.46477071756362676,0.21601181990460852,0.0
12,244,b0178,0.5,5.5,5.0,1.0,6.0,0,True,0.0,0.9295414351272535,0.8640472796184341,0.0,0.46477071756362676,0.21601181990460852,0.0
12,245,b0179,0.5,5.5,5.5,0.5,5.0,0,True,0.0,0.8004964789357506,0.6407946127885346,0.0,0.4002482394678753,0.16019865319713364,0.0
12,246,b0179,0.5,5.5,5.5,0.5,6.0,0,True,0.0,0.8004964789357506,0.6407946127885346,0.0,0.4002482394678753,0.16019865319713364,0.0
12,247,b0180,0.5,5.5,6.0,0.0,6.0,0,False,0.0,0.0,0.0,0.0,0.0,0.0,0.0
12,248,b0181,0.5,6.0,0.0,5.5,5.5,0,False,0.0,0.0,0.0,0.0,0.0,0.0,0.0
12,249,b0182,0.5,6.0,0.5,5.0,5.5,0,True,0.0,0.0,0.0,0.0,0.0,0.0,0.0
12,250,b0183,0.5,6.0,1.0,4.5,5.5,0,True,0.0,0.0,0.0,0.0,0.0,0.0,0.0
12,251,b0184,0.5,6.0,1.5,4.0,5.5,0,True,0.0,0.0,0.0,0.0,0.0,0.0,0.0
12,252,b0185,0.5,6.0,2.0,3.5,5.5,0,True,0.0,0.0,0.0,0.0,0.0,0.0,0.0
12,253,b0186,0.5,6.0,2.5,3.0,5.5,0,True,0.0,0.0,0.0,0.0,0.0,0.0,0.0
12,254,b0187,0.5,6.0,3.0,2.5,5.5,0,True,0.0,0.0,0.0,0.0,0.0,0.0,0.0
12,255,b0188,0.5,6.0,3.5,2.0,5.5,0,True,0.0,0.0,0.0,0.0,0.0,0.0,0.0
12,256,b0189,0.5,6.0,4.0,1.5,5.5,0,True,0.0,0.0,0.0,0.0,0.0,0.0,0.0
12,257,b0190,0.5,6.0,4.5,1.0,5.5,0,True,0.0,0.0,0.0,0.0,0.0,0.0,0.0
12,258,b0191,0.5,6.0,5.0,0.5,5.5,0,True,0.0,0.0,0.0,0.0,0.0,0.0,0.0
12,259,b0192,0.5,6.0,5.5,0.0,5.5,0,False,0.0,0.0,0.0,0.0,0.0,0.0,0.0
12,260,b0193,1.0,0.0,5.0,6.0,1.0,0,False,0.0,0.0,0.0,0.0,0.0,0.0,0.0
12,261,b0194,1.0,0.0,5.5,5.5,1.0,0,False,0.0,0.0,0.0,0.0,0.0,0.0,0.0
12,262,b0195,1.0,0.0,6.0,5.0,1.0,0,False,0.0,0.0,0.0,0.0,0.0,0.0,0.0
12,263,b0196,1.0,0.5,4.5,6.0,1.5,0,True,0.0,0.0,0.0,0.0,0.0,0.0,0.0
12,264,b0197,1.0,0.5,5.0,5.5,0.5,0,True,0.0,0.9295414351272504,0.8640472796184283,0.0,0.4647707175636252,0.21601181990460708,0.0
12,265,b0197,1.0,0.5,5.0,5.5,1.5,0,True,-0.0,0.9295414351272504,0.8640472796184283,0.0,0.4647707175636252,0.21601181990460708,0.0
12,266,b0198,1.0,0.5,5.5,5.0,0.5,0,True,0.0,0.9295414351272504,0.8640472796184283,0.0,0.4647707175636252,0.21601181990460708,0.0
12,267,b0198,1.0,0.5,5.5,5.0,1.5,0,True,0.0,0.9295414351272504,0.8640472796184283,0.0,0.4647707175636252,0.21601181990460708,0.0
12,268,b0199,1.0,0.5,6.0,4.5,1.5,0,True,0.0,0.0,0.0,0.0,0.0,0.0,0.0
12,269,b0200,1.0,1.0,4.0,6.0,2.0,0,True,0.0,0.0,0.0,0.0,0.0,0.0,0.0
12,270,b0201,1.0,1.0,4.5,5.5,1.0,0,True,0.0,1.0766805802095396,1.1592410718003507,0.0,0.5383402901047698,0.2898102679500877,0.0
12,271,b0201,1.0,1.0,4.5,5.5,2.0,0,True,0.0,1.0766805802095396,1.1592410718003507,0.0,0.5383402901047698,0.2898102679500877,0.0
12,272,b0202,1.0,1.0,5.0,5.0,0.0,0,True,-0.0,0.43495707474198786,0.5581035877609188,0.6073845000432688,0.2174785373709939,0.13952589694022974,0.30369225002163447
12,273,b0202,1.0,1.0,5.0,5.0,1.0,0,True,0.0,1.2831233704888698,1.6464055838947176,0.0,0.6415616852444356,0.41160139597368023,0.0
12,274,b0202,1.0,1.0,5.0,5.0,2.0,0,True,0.0,0.8481662957468823,1.0883019961337994,0.6073845000432688,0.42408314787344137,0.2720754990334501,0.30369225002163447
12,275,b0203,1.0,1.0,5.5,4.5,1.0,0,True,0.0,1.07668058020954,1.1592410718003519,0.0,0.5383402901047701,0.2898102679500881,0.0
12,276,b0203,1.0,1.0,5.5,4.5,2.0,0,True,0.0,1.07668058020954,1.1592410718003519,0.0,0.5383402901047701,0.2898102679500881,0.0
12,277,b0204,1.0,1.0,6.0,4.0,2.0,0,True,0.0,0.0,0.0,0.0,0.0,0.0,0.0
12,278,b0205,1.0,1.5,3.5,6.0,2.5,0,True,0.0,0.0,0.0,0.0,0.0,0.0,0.0
12,279,b0206,1.0,1.5,4.0,5.5,1.5,0,True,0.0,1.1569685776714955,1.3385762897192033,0.0,0.5784842888357478,0.3346440724298008,0.0
12,280,b0206,1.0,1.5,4.0,5.5,2.5,0,True,0.0,1.1569685776714955,1.3385762897192033,0.0,0.5784842888357478,0.3346440724298008,0.0
12,281,b0207,1.0,1.5,4.5,5.0,0.5,0,True,0.0,0.5249336438668986,0.7531845699332416,0.6911072561258937,0.26246682193344906,0.18829614248331014,0.34555362806294665
12,282,b0207,1.0,1.5,4.5,5.0,1.5,0,True,0.0,1.434818626569529,2.05870449115087,0.0,0.7174093132847645,0.5146761227877175,0.0
12,283,b0207,1.0,1.5,4.5,5.0,2.5,0,True,-0.0,0.9098849827026302,1.3055199212176274,0.6911072561258939,0.4549424913513151,0.3263799803044067,0.34555362806294665
12,284,b0208,1.0,1.5,5.0,4.5,0.5,0,True,0.0,0.5249336438668983,0.7531845699332411,0.6911072561258936,0.2624668219334493,0.1882961424833104,0.34555362806294687
12,285,b0208,1.0,1.5,5.0,4.5,1.5,0,True,-0.0,1.4348186265695289,2.058704491150869,0.0,0.7174093132847641,0.5146761227877168,0.0
12,286,b0208,1.0,1.5,5.0,4.5,2.5,0,True,0.0,0.9098849827026302,1.3055199212176272,0.6911072561258936,0.4549424913513151,0.32637998030440685,0.3455536280629469
12,287,b0209,1.0,1.5,5.5,4.0,1.5,0,True,0.0,1.156968577671496,1.3385762897192044,0.0,0.578484288835748,0.3346440724298011,0.0
12,288,b0209,1.0,1.5,5.5,4.0,2.5,0,True,0.0,1.156968577671496,1.3385762897192044,0.0,0.578484288835748,0.3346440724298011,0.0
12,289,b0210,1.0,1.5,6.0,3.5,2.5,0,True,0.0,0.0,0.0,0.0,0.0,0.0,0.0
12,290,b0211,1.0,2.0,3.0,6.0,3.0,0,True,0.0,0.0,0.0,0.0,0.0,0.0,0.0
12,291,b0212,1.0,2.0,3.5,5.5,2.0,0,True,0.0,1.202425731504657,1.4458276397845093,0.0,0.6012128657523285,0.36145690994612734,0.0
12,292,b0212,1.0,2.0,3.5,5.5,3.0,0,True,0.0,1.202425731504657,1.4458276397845093,0.0,0.6012128657523285,0.36145690994612734,0.0
12,293,b0213,1.0,2.0,4.0,5.0,1.0,0,True,0.0,0.5658426345760852,0.8597369190755695,0.7345468208164572,0.2829213172880423,0.21493422976889193,0.3672734104082282
12,294,b0213,1.0,2.0,4.0,5.0,2.0,0,True,-0.0,1.5193922595098588,2.308552838258474,0.0,0.7596961297549288,0.5771382095646177,0.0
12,295,b0213,1.0,2.0,4.0,5.0,3.0,0,True,0.0,0.9535496249337737,1.4488159191829049,0.7345468208164571,0.4767748124668863,0.3622039797957254,0.36727341040822814
12,296,b0214,1.0,2.0,4.5,4.5,1.0,0,True,0.0,0.6569725741810551,1.0453126453131678,0.7833898659588888,0.32848628709052796,0.2613281613282923,0.3916949329794445
12,297,b0214,1.0,2.0,4.5,4.5,2.0,0,True,0.0,1.5911054530947433,2.5316165628678284,0.0,0.7955527265473719,0.6329041407169574,0.0
12,298,b0214,1.0,2.0,4.5,4.5,3.0,0,True,0.0,0.9341328789136881,1.4863039175546608,0.7833898659588887,0.46706643945684395,0.3715759793886652,0.3916949329794445
12,299,b0215,1.0,2.0,5.0,4.0,1.0,0,True,0.0,0.565842634576085,0.8597369190755689,0.734546820816457,0.28292131728804265,0.21493422976889234,0.3672734104082285
12,300,b0215,1.0,2.0,5.0,4.0,2.0,0,True,0.0,1.5193922595098588,2.308552838258474,0.0,0.7596961297549292,0.5771382095646181,0.0
12,301,b0215,1.0,2.0,5.0,4.0,3.0,0,True,0.0,0.9535496249337735,1.4488159191829042,0.734546820816457,0.4767748124668865,0.3622039797957259,0.36727341040822853
12,302,b0216,1.0,2.0,5.5,3.5,2.0,0,True,0.0,1.202425731504657,1.4458276397845093,0.0,0.6012128657523285,0.36145690994612734,0.0
12,303,b0216,1.0,2.0,5.5,3.5,3.0,0,True,0.0,1.202425731504657,1.4458276397845093,0.0,0.6012128657523285,0.36145690994612734,0.0
12,304,b0217,1.0,2.0,6.0,3.0,3.0,0,True,0.0,0.0,0.0,0.0,0.0,0.0,0.0
12,305,b0218,1.0,2.5,2.5,6.0,3.5,0,True,0.0,0.0,0.0,0.0,0.0,0.0,0.0
12,306,b0219,1.0,2.5,3.0,5.5,2.5,0,True,0.0,1.2233453267335432,1.4965737884407997,0.0,0.6116726633667716,0.3741434471101999,0.0
12,307,b0219,1.0,2.5,3.0,5.5,3.5,0,True,0.0,1.2233453267335432,1.4965737884407997,0.0,0.6116726633667716,0.3741434471101999,0.0
12,308,b0220,1.0,2.5,3.5,5.0,1.5,0,True,0.0,0.5883939428939478,0.9202758780095073,0.7576730468844863,0.294196971446974,0.23006896950237696,0.3788365234422433
12,309,b0220,1.0,2.5,3.5,5.0,2.5,0,True,0.0,1.5640471645293226,2.446243532872214,0.0,0.7820235822646615,0.6115608832180538,0.0
12,310,b0220,1.0,2.5,3.5,5.0,3.5,0,True,0.0,0.975653221635375,1.5259676548627072,0.7576730468844863,0.48782661081768763,0.38149191371567703,0.3788365234422433
12,311,b0221,1.0,2.5,4.0,4.5,1.5,0,True,0.0,0.7196074792779495,1.2047588033170453,0.8288087107917488,0.35980373963897494,0.3011897008292616,0.4144043553958746
12,312,b0221,1.0,2.5,4.0,4.5,2.5,0,True,0.0,1.6741888293405374,2.802908236288639,0.0,0.8370944146702692,0.7007270590721607,0.0
12,313,b0221,1.0,2.5,4.0,4.5,3.5,0,True,0.0,0.9545813500625879,1.5981494329715937,0.8288087107917488,0.4772906750312941,0.39953735824289865,0.41440435539587456
12,314,b0222,1.0,2.5,4.5,4.0,1.5,0,True,0.0,0.7196074792779498,1.2047588033170462,0.8288087107917492,0.35980373963897494,0.30118970082926166,0.41440435539587467
12,315,b0222,1.0,2.5,4.5,4.0,2.5,0,True,0.0,1.6741888293405383,2.802908236288642,0.0,0.8370944146702692,0.7007270590721607,0.0
12,316,b0222,1.0,2.5,4.5,4.0,3.5,0,True,0.0,0.9545813500625883,1.598149432971595,0.8288087107917492,0.47729067503129424,0.39953735824289893,0.41440435539587467
12,317,b0223,1.0,2.5,5.0,3.5,1.5,0,True,0.0,0.5883939428939482,0.9202758780095083,0.7576730468844866,0.29419697144697404,0.230068969502377,0.3788365234422433
12,318,b0223,1.0,2.5,5.0,3.5,2.5,0,True,0.0,1.5640471645293232,2.446243532872216,0.0,0.7820235822646616,0.611560883218054,0.0
12,319,b0223,1.0,2.5,5.0,3.5,3.5,0,True,0.0,0.9756532216353753,1.5259676548627084,0.7576730468844868,0.48782661081768763,0.38149191371567703,0.3788365234422433
12,320,b0224,1.0,2.5,5.5,3.0,2.5,0,True,0.0,1.2233453267335432,1.4965737884407997,0.0,0.6116726633667716,0.3741434471101999,0.0
12,321,b0224,1.0,2.5,5.5,3.0,3.5,0,True,-0.0,1.2233453267335432,1.4965737884407997,0.0,0.6116726633667716,0.3741434471101999,0.0
12,322,b0225,1.0,2.5,6.0,2.5,3.5,0,True,0.0,0.0,0.0,0.0,0.0,0.0,0.0
12,323,b0226,1.0,3.0,2.0,6.0,4.0,0,True,0.0,0.0,0.0,0.0,0.0,0.0,0.0
12,324,b0227,1.0,3.0,2.5,5.5,3.0,0,True,0.0,1.2233453267335428,1.4965737884407986,0.0,0.6116726633667714,0.37414344711019965,0.0
12,325,b0227,1.0,3.0,2.5,5.5,4.0,0,True,0.0,1.2233453267335428,1.4965737884407986,0.0,0.6116726633667714,0.37414344711019965,0.0
12,326,b0228,1.0,3.0,3.0,5.0,2.0,0,True,0.0,0.601186952615454,0.9487425989870228,0.7663660006758956,0.3005934763077269,0.23718564974675566,0.3831830003379478
12,327,b0228,1.0,3.0,3.0,5.0,3.0,0,True,0.0,1.5781157506155674,2.4904493223409356,0.0,0.7890578753077835,0.6226123305852336,0.0
12,328,b0228,1.0,3.0,3.0,5.0,4.0,0,True,0.0,0.9769287980001133,1.541706723353913,0.7663660006758956,0.48846439900005684,0.38542668083847836,0.3831830003379477
12,329,b0229,1.0,3.0,3.5,4.5,2.0,0,True,0.0,0.7541094755244698,1.2906395301759173,0.8496813691614794,0.37705473776223486,0.3226598825439792,0.42484068458073965
12,330,b0229,1.0,3.0,3.5,4.5,3.0,0,True,0.0,1.711475020623896,2.929146746219565,0.0,0.855737510311948,0.7322866865548913,0.0
12,331,b0229,1.0,3.0,3.5,4.5,4.0,0,True,0.0,0.9573655450994258,1.6385072160436471,0.8496813691614794,0.47868277254971286,0.40962680401091167,0.42484068458073965
12,332,b0230,1.0,3.0,4.0,4.0,2.0,0,True,0.0,0.7939803467642126,1.3892253728646384,0.8711030833470969,0.396990173382106,0.3473063432161592,0.4355515416735482
12,333,b0230,1.0,3.0,4.0,4.0,3.0,0,True,0.0,1.7496974308322457,3.061441099460961,0.0,0.8748487154161229,0.7653602748652403,0.0
12,334,b0230,1.0,3.0,4.0,4.0,4.0,0,True,0.0,0.9557170840680332,1.6722157265963233,0.8711030833470969,0.4778585420340166,0.4180539316490806,0.4355515416735482
12,335,b0231,1.0,3.0,4.5,3.5,2.0,0,True,0.0,0.7541094755244698,1.2906395301759173,0.8496813691614794,0.3770547377622348,0.3226598825439792,0.4248406845807397
12,336,b0231,1.0,3.0,4.5,3.5,3.0,0,True,0.0,1.7114750206238964,2.929146746219567,0.0,0.8557375103119482,0.7322866865548917,0.0
12,337,b0231,1.0,3.0,4.5,3.5,4.0,0,True,0.0,0.9573655450994258,1.6385072160436471,0.8496813691614794,0.4786827725497129,0.4096268040109117,0.42484068458073965
12,338,b0232,1.0,3.0,5.0,3.0,2.0,0,True,0.0,0.601186952615454,0.9487425989870228,0.7663660006758956,0.3005934763077269,0.23718564974675566,0.3831830003379478
12,339,b0232,1.0,3.0,5.0,3.0,3.0,0,True,0.0,1.5781157506155676,2.4904493223409365,0.0,0.7890578753077835,0.6226123305852336,0.0
12,340,b0232,1.0,3.0,5.0,3.0,4.0,0,True,0.0,0.9769287980001135,1.5417067233539132,0.7663660006758956,0.48846439900005684,0.38542668083847836,0.3831830003379477
12,341,b0233,1.0,3.0,5.5,2.5,3.0,0,True,0.0,1.2233453267335428,1.4965737884407986,0.0,0.6116726633667714,0.37414344711019965,0.0
12,342,b0233,1.0,3.0,5.5,2.5,4.0,0,True,0.0,1.2233453267335428,1.4965737884407986,0.0,0.6116726633667714,0.37414344711019965,0.0
12,343,b0234,1.0,3.0,6.0,2.0,4.0,0,True,0.0,0.0,0.0,0.0,0.0,0.0,0.0
12,344,b0235,1.0,3.5,1.5,6.0,4.5,0,True,0.0,0.0,0.0,0.0,0.0,0.0,0.0
12,345,b0236,1.0,3.5,2.0,5.5,3.5,0,True,0.0,1.2024257315046567,1.4458276397845087,0.0,0.6012128657523282,0.36145690994612706,0.0
12,346,b0236,1.0,3.5,2.0,5.5,4.5,0,True,0.0,1.2024257315046567,1.4458276397845087,0.0,0.6012128657523282,0.36145690994612706,0.0
12,347,b0237,1.0,3.5,2.5,5.0,2.5,0,True,0.0,0.6079070073266569,0.9507952311067641,0.762393796898894,0.3039535036633287,0.23769880777669133,0.3811968984494472
12,348,b0237,1.0,3.5,2.5,5.0,3.5,0,True,-0.0,1.564047164529323,2.446243532872215,0.0,0.7820235822646622,0.6115608832180548,0.0
12,349,b0237,1.0,3.5,2.5,5.0,4.5,0,True,0.0,0.9561401572026662,1.4954483017654512,0.762393796898894,0.4780700786013333,0.3738620754413632,0.3811968984494472
12,350,b0238,1.0,3.5,3.0,4.5,2.5,0,True,0.0,0.7732567864264608,1.3234096744967951,0.8517532604822936,0.3866283932132303,0.3308524186241987,0.4258766302411468
12,351,b0238,1.0,3.5,3.0,4.5,3.5,0,True,-0.0,1.7114750206238962,2.929146746219566,0.0,0.8557375103119484,0.732286686554892,0.0
12,352,b0238,1.0,3.5,3.0,4.5,4.5,0,True,0.0,0.9382182341974358,1.6057370717227724,0.8517532604822936,0.4691091170987181,0.4014342679306933,0.4258766302411468
12,353,b0239,1.0,3.5,3.5,4.0,2.5,0,True,0.0,0.834875274411743,1.480084895033854,0.8849113917278786,0.4174376372058717,0.3700212237584638,0.4424556958639394
12,354,b0239,1.0,3.5,3.5,4.0,3.5,0,True,0.0,1.7728215703557981,3.142896320318798,0.0,0.8864107851778994,0.7857240800797001,0.0
12,355,b0239,1.0,3.5,3.5,4.0,4.5,0,True,0.0,0.9379462959440549,1.6628114252849435,0.8849113917278786,0.46897314797202777,0.41570285632123627,0.44245569586393935
12,356,b0240,1.0,3.5,4.0,3.5,2.5,0,True,0.0,0.8348752744117431,1.4800848950338543,0.8849113917278786,0.41743763720587185,0.370021223758464,0.4424556958639395
12,357,b0240,1.0,3.5,4.0,3.5,3.5,0,True,0.0,1.7728215703557981,3.142896320318798,0.0,0.8864107851778995,0.7857240800797003,0.0
12,358,b0240,1.0,3.5,4.0,3.5,4.5,0,True,0.0,0.9379462959440549,1.6628114252849435,0.8849113917278786,0.46897314797202766,0.4157028563212363,0.44245569586393957
12,359,b0241,1.0,3.5,4.5,3.0,2.5,0,True,0.0,0.7732567864264602,1.3234096744967938,0.8517532604822934,0.38662839321322995,0.3308524186241983,0.42587663024114664
12,360,b0241,1.0,3.5,4.5,3.0,3.5,0,True,0.0,1.7114750206238964,2.929146746219567,0.0,0.8557375103119482,0.7322866865548917,0.0
12,361,b0241,1.0,3.5,4.5,3.0,4.5,0,True,0.0,0.9382182341974362,1.6057370717227728,0.8517532604822934,0.4691091170987181,0.40143426793069314,0.42587663024114664
12,362,b0242,1.0,3.5,5.0,2.5,2.5,0,True,0.0,0.6079070073266573,0.950795231106765,0.7623937968988943,0.3039535036633287,0.23769880777669133,0.3811968984494472
12,363,b0242,1.0,3.5,5.0,2.5,3.5,0,True,0.0,1.5640471645293237,2.4462435328722174,0.0,0.7820235822646617,0.6115608832180541,0.0
12,364,b0242,1.0,3.5,5.0,2.5,4.5,0,True,0.0,0.9561401572026664,1.495448301765452,0.7623937968988942,0.4780700786013332,0.3738620754413631,0.38119689844944715
12,365,b0243,1.0,3.5,5.5,2.0,3.5,0,True,0.0,1.2024257315046565,1.4458276397845082,0.0,0.6012128657523282,0.36145690994612706,0.0
12,366,b0243,1.0,3.5,5.5,2.0,4.5,0,True,0.0,1.2024257315046565,1.4458276397845082,0.0,0.6012128657523282,0.36145690994612706,0.0
12,367,b0244,1.0,3.5,6.0,1.5,4.5,0,True,0.0,0.0,0.0,0.0,0.0,0.0,0.0
12,368,b0245,1.0,4.0,1.0,6.0,5.0,0,True,0.0,0.0,0.0,0.0,0.0,0.0,0.0
12,369,b0246,1.0,4.0,1.5,5.5,4.0,0,True,0.0,1.1569685776714969,1.3385762897192064,0.0,0.5784842888357483,0.3346440724298015,0.0
12,370,b0246,1.0,4.0,1.5,5.5,5.0,0,True,0.0,1.1569685776714969,1.3385762897192064,0.0,0.5784842888357483,0.3346440724298015,0.0
12,371,b0247,1.0,4.0,2.0,5.0,3.0,0,True,0.0,0.6112497595729314,0.9287281533223732,0.7450515987127381,0.3056248797864656,0.23218203833059325,0.37252579935636904
12,372,b0247,1.0,4.0,2.0,5.0,4.0,0,True,-0.0,1.5193922595098572,2.3085528382584695,0.0,0.7596961297549285,0.5771382095646171,0.0
12,373,b0247,1.0,4.0,2.0,5.0,5.0,0,True,0.0,0.908142499936926,1.3798246849360964,0.7450515987127381,0.4540712499684632,0.34495617123402433,0.37252579935636904
12,374,b0248,1.0,4.0,2.5,4.5,3.0,0,True,0.0,0.7832462359487891,1.3113020988484854,0.8353606602662944,0.3916231179743944,0.32782552471212123,0.41768033013314715
12,375,b0248,1.0,4.0,2.5,4.5,4.0,0,True,0.0,1.6741888293405376,2.8029082362886397,0.0,0.8370944146702685,0.7007270590721594,0.0
12,376,b0248,1.0,4.0,2.5,4.5,5.0,0,True,0.0,0.8909425933917482,1.4916061374401532,0.8353606602662944,0.4454712966958742,0.37290153436003837,0.41768033013314715
12,377,b0249,1.0,4.0,3.0,4.0,3.0,0,True,0.0,0.8576948190354133,1.5007064213043906,0.8746805237938021,0.42884740951770645,0.37517660532609737,0.437340261896901
12,378,b0249,1.0,4.0,3.0,4.0,4.0,0,True,-0.0,1.7496974308322455,3.0614410994609607,0.0,0.8748487154161226,0.7653602748652399,0.0
12,379,b0249,1.0,4.0,3.0,4.0,5.0,0,True,0.0,0.892002611796832,1.5607346781565699,0.8746805237938021,0.44600130589841624,0.39018366953914263,0.437340261896901
12,380,b0250,1.0,4.0,3.5,3.5,3.0,0,True,0.0,0.8795393837424101,1.5592663914759897,0.8863841514388731,0.4397696918712053,0.3898165978689975,0.4431920757194364
12,381,b0250,1.0,4.0,3.5,3.5,4.0,0,True,0.0,1.7728215703557975,3.142896320318796,0.0,0.8864107851778986,0.7857240800796987,0.0
12,382,b0250,1.0,4.0,3.5,3.5,5.0,0,True,0.0,0.893282186613387,1.583629928842805,0.8863841514388731,0.44664109330669327,0.395907482210701,0.4431920757194365
12,383,b0251,1.0,4.0,4.0,3.0,3.0,0,True,0.0,0.8576948190354133,1.5007064213043904,0.874680523793802,0.4288474095177067,0.37517660532609776,0.4373402618969012
12,384,b0251,1.0,4.0,4.0,3.0,4.0,0,True,0.0,1.7496974308322455,3.0614410994609607,0.0,0.874848715416123,0.7653602748652405,0.0
12,385,b0251,1.0,4.0,4.0,3.0,5.0,0,True,0.0,0.8920026117968319,1.5607346781565696,0.8746805237938021,0.4460013058984162,0.3901836695391427,0.4373402618969011
12,386,b0252,1.0,4.0,4.5,2.5,3.0,0,True,0.0,0.783246235948789,1.3113020988484851,0.8353606602662943,0.3916231179743944,0.32782552471212123,0.41768033013314715
12,387,b0252,1.0,4.0,4.5,2.5,4.0,0,True,0.0,1.6741888293405374,2.802908236288639,0.0,0.8370944146702685,0.7007270590721594,0.0
12,388,b0252,1.0,4.0,4.5,2.5,5.0,0,True,0.0,0.8909425933917482,1.491606137440153,0.8353606602662942,0.4454712966958742,0.37290153436003837,0.41768033013314715
12,389,b0253,1.0,4.0,5.0,2.0,3.0,0,True,0.0,0.6112497595729313,0.9287281533223732,0.7450515987127381,0.3056248797864656,0.23218203833059325,0.37252579935636904
12,390,b0253,1.0,4.0,5.0,2.0,4.0,0,True,0.0,1.519392259509857,2.3085528382584686,0.0,0.7596961297549285,0.5771382095646171,0.0
12,391,b0253,1.0,4.0,5.0,2.0,5.0,0,True,0.0,0.9081424999369262,1.379824684936097,0.7450515987127381,0.4540712499684632,0.34495617123402433,0.37252579935636904
12,392,b0254,1.0,4.0,5.5,1.5,4.0,0,True,0.0,1.1569685776714969,1.3385762897192064,0.0,0.5784842888357483,0.3346440724298015,0.0
12,393,b0254,1.0,4.0,5.5,1.5,5.0,0,True,0.0,1.1569685776714969,1.3385762897192064,0.0,0.5784842888357483,0.3346440724298015,0.0
12,394,b0255,1.0,4.0,6.0,1.0,5.0,0,True,0.0,0.0,0.0,0.0,0.0,0.0,0.0
12,395,b0256,1.0,4.5,0.5,6.0,5.5,0,True,0.0,0.0,0.0,0.0,0.0,0.0,0.0
12,396,b0257,1.0,4.5,1.0,5.5,4.5,0,True,0.0,1.07668058020954,1.1592410718003519,0.0,0.53834029010477,0.28981026795008796,0.0
12,397,b0257,1.0,4.5,1.0,5.5,5.5,0,True,0.0,1.07668058020954,1.1592410718003519,0.0,0.53834029010477,0.28981026795008796,0.0
12,398,b0258,1.0,4.5,1.5,5.0,3.5,0,True,0.0,0.6159221421371635,0.8837365620550073,0.7101946753392164,0.3079610710685817,0.22093414051375185,0.3550973376696083
12,399,b0258,1.0,4.5,1.5,5.0,4.5,0,True,0.0,1.4348186265695293,2.0587044911508703,0.0,0.7174093132847645,0.5146761227877175,0.0
12,400,b0258,1.0,4.5,1.5,5.0,5.5,0,True,0.0,0.818896484432366,1.1749679290958632,0.7101946753392164,0.409448242216183,0.29374198227396586,0.3550973376696083
12,401,b0259,1.0,4.5,2.0,4.5,3.5,0,True,0.0,0.7904201283115814,1.2576417763924042,0.7955361696065789,0.3952100641557905,0.3144104440981009,0.39776808480328946
12,402,b0259,1.0,4.5,2.0,4.5,4.5,0,True,0.0,1.5911054530947428,2.5316165628678267,0.0,0.795552726547372,0.6329041407169576,0.0
12,403,b0259,1.0,4.5,2.0,4.5,5.5,0,True,0.0,0.8006853247831621,1.2739747864754252,0.7955361696065789,0.4003426623915814,0.3184936966188566,0.3977680848032895
12,404,b0260,1.0,4.5,2.5,4.0,3.5,0,True,0.0,0.8723404952879635,1.4604627125925003,0.8363520627542271,0.4361702476439815,0.3651156781481247,0.4181760313771134
12,405,b0260,1.0,4.5,2.5,4.0,4.5,0,True,0.0,1.6741888293405374,2.802908236288639,0.0,0.8370944146702686,0.7007270590721596,0.0
12,406,b0260,1.0,4.5,2.5,4.0,5.5,0,True,0.0,0.8018483340525737,1.3424455236961386,0.8363520627542271,0.40092416702628686,0.33561138092403453,0.41817603137711346
12,407,b0261,1.0,4.5,3.0,3.5,3.5,0,True,0.0,0.9072879627403787,1.5528006847429026,0.8541833745802571,0.4536439813701892,0.3882001711857256,0.42709168729012864
12,408,b0261,1.0,4.5,3.0,3.5,4.5,0,True,0.0,1.7114750206238964,2.929146746219567,0.0,0.8557375103119484,0.732286686554892,0.0
12,409,b0261,1.0,4.5,3.0,3.5,5.5,0,True,0.0,0.8041870578835174,1.3763460614766634,0.854183374580257,0.40209352894175915,0.34408651536916635,0.42709168729012864
12,410,b0262,1.0,4.5,3.5,3.0,3.5,0,True,0.0,0.9072879627403786,1.5528006847429026,0.8541833745802572,0.4536439813701892,0.3882001711857256,0.42709168729012864
12,411,b0262,1.0,4.5,3.5,3.0,4.5,0,True,0.0,1.7114750206238964,2.929146746219567,0.0,0.8557375103119484,0.732286686554892,0.0
12,412,b0262,1.0,4.5,3.5,3.0,5.5,0,True,0.0,0.8041870578835181,1.376346061476665,0.8541833745802573,0.40209352894175915,0.34408651536916635,0.42709168729012864
12,413,b0263,1.0,4.5,4.0,2.5,3.5,0,True,0.0,0.8723404952879634,1.4604627125924998,0.836352062754227,0.436170247643982,0.36511567814812534,0.4181760313771137
12,414,b0263,1.0,4.5,4.0,2.5,4.5,0,True,0.0,1.6741888293405374,2.802908236288639,0.0,0.8370944146702689,0.7007270590721602,0.0
12,415,b0263,1.0,4.5,4.0,2.5,5.5,0,True,0.0,0.8018483340525736,1.3424455236961381,0.8363520627542269,0.40092416702628697,0.3356113809240348,0.4181760313771137
12,416,b0264,1.0,4.5,4.5,2.0,3.5,0,True,0.0,0.7904201283115814,1.257641776392404,0.7955361696065787,0.39521006415579063,0.31441044409810087,0.39776808480328923
12,417,b0264,1.0,4.5,4.5,2.0,4.5,0,True,0.0,1.5911054530947428,2.5316165628678267,0.0,0.7955527265473714,0.6329041407169567,0.0
12,418,b0264,1.0,4.5,4.5,2.0,5.5,0,True,0.0,0.8006853247831621,1.273974786475425,0.7955361696065787,0.40034266239158095,0.31849369661885607,0.39776808480328923
12,419,b0265,1.0,4.5,5.0,1.5,3.5,0,True,0.0,0.6159221421371635,0.8837365620550074,0.7101946753392167,0.307961071068582,0.2209341405137521,0.3550973376696084
12,420,b0265,1.0,4.5,5.0,1.5,4.5,0,True,0.0,1.4348186265695297,2.0587044911508716,0.0,0.7174093132847646,0.5146761227877176,0.0
12,421,b0265,1.0,4.5,5.0,1.5,5.5,0,True,0.0,0.8188964844323662,1.1749679290958637,0.7101946753392165,0.40944824221618287,0.2937419822739658,0.3550973376696083
12,422,b0266,1.0,4.5,5.5,1.0,4.5,0,True,0.0,1.0766805802095398,1.1592410718003514,0.0,0.5383402901047699,0.28981026795008785,0.0
12,423,b0266,1.0,4.5,5.5,1.0,5.5,0,True,0.0,1.0766805802095398,1.1592410718003514,0.0,0.5383402901047699,0.28981026795008785,0.0
12,424,b0267,1.0,4.5,6.0,0.5,5.5,0,True,0.0,0.0,0.0,0.0,0.0,0.0,0.0
12,425,b0268,1.0,5.0,0.0,6.0,6.0,0,False,0.0,0.0,0.0,0.0,0.0,0.0,0.0
12,426,b0269,1.0,5.0,0.5,5.5,5.0,0,True,0.0,0.9295414351272535,0.8640472796184341,0.0,0.46477071756362665,0.2160118199046084,0.0
12,427,b0269,1.0,5.0,0.5,5.5,6.0,0,True,0.0,0.9295414351272535,0.8640472796184341,0.0,0.46477071756362665,0.2160118199046084,0.0
12,428,b0270,1.0,5.0,1.0,5.0,4.0,0,True,0.0,0.6405731464382024,0.8219343747024453,0.6415609236578446,0.3202865732191011,0.20548359367561125,0.3207804618289223
12,429,b0270,1.0,5.0,1.0,5.0,5.0,0,True,0.0,1.2831233704888676,1.6464055838947118,0.0,0.6415616852444339,0.41160139597367806,0.0
12,430,b0270,1.0,5.0,1.0,5.0,6.0,0,True,0.0,0.6425502240506655,0.8244712091922671,0.6415609236578446,0.32127511202533277,0.20611780229806675,0.3207804618289222
12,431,b0271,1.0,5.0,1.5,4.5,4.0,0,True,-0.0,0.8144425019995557,1.1685772721388534,0.7108169124855972,0.40722125099977785,0.2921443180347134,0.3554084562427987
12,432,b0271,1.0,5.0,1.5,4.5,5.0,0,True,0.0,1.4348186265695293,2.0587044911508703,0.0,0.7174093132847646,0.5146761227877176,0.0
12,433,b0271,1.0,5.0,1.5,4.5,6.0,0,True,0.0,0.6203761245699733,0.8901272190120163,0.7108169124855973,0.3101880622849868,0.22253180475300416,0.35540845624279865
12,434,b0272,1.0,5.0,2.0,4.0,4.0,0,True,0.0,0.9002041913710441,1.3677632803474953,0.7465893745463431,0.4501020956855218,0.34194082008687354,0.37329468727317155
12,435,b0272,1.0,5.0,2.0,4.0,5.0,0,True,-0.0,1.519392259509858,2.3085528382584712,0.0,0.7596961297549287,0.5771382095646175,0.0
12,436,b0272,1.0,5.0,2.0,4.0,6.0,0,True,0.0,0.6191880681388139,0.9407895579109763,0.7465893745463431,0.30959403406940694,0.23519738947774405,0.37329468727317155
12,437,b0273,1.0,5.0,2.5,3.5,4.0,0,True,0.0,0.943176932579539,1.4751732070504926,0.7652388391217112,0.47158846628976986,0.3687933017626235,0.3826194195608556
12,438,b0273,1.0,5.0,2.5,3.5,5.0,0,True,0.0,1.5640471645293235,2.4462435328722165,0.0,0.7820235822646616,0.611560883218054,0.0
12,439,b0273,1.0,5.0,2.5,3.5,6.0,0,True,0.0,0.620870231949784,0.9710703258217227,0.7652388391217112,0.3104351159748918,0.24276758145543056,0.38261941956085554
12,440,b0274,1.0,5.0,3.0,3.0,4.0,0,True,0.0,0.9564337882518598,1.509363225661175,0.7711015720068088,0.4782168941259299,0.3773408064152937,0.38555078600340437
12,441,b0274,1.0,5.0,3.0,3.0,5.0,0,True,0.0,1.5781157506155687,2.49044932234094,0.0,0.7890578753077842,0.6226123305852347,0.0
12,442,b0274,1.0,5.0,3.0,3.0,6.0,0,True,0.0,0.6216819623637087,0.9810860966797634,0.7711015720068087,0.31084098118185416,0.24527152416994072,0.38555078600340437
12,443,b0275,1.0,5.0,3.5,2.5,4.0,0,True,0.0,0.943176932579539,1.4751732070504926,0.7652388391217112,0.47158846628976986,0.3687933017626235,0.3826194195608556
12,444,b0275,1.0,5.0,3.5,2.5,5.0,0,True,0.0,1.5640471645293235,2.4462435328722165,0.0,0.7820235822646616,0.611560883218054,0.0
12,445,b0275,1.0,5.0,3.5,2.5,6.0,0,True,0.0,0.620870231949784,0.9710703258217227,0.7652388391217112,0.3104351159748918,0.24276758145543056,0.38261941956085554
12,446,b0276,1.0,5.0,4.0,2.0,4.0,0,True,0.0,0.9002041913710443,1.367763280347496,0.7465893745463433,0.45010209568552234,0.3419408200868741,0.3732946872731716
12,447,b0276,1.0,5.0,4.0,2.0,5.0,0,True,0.0,1.519392259509858,2.3085528382584712,0.0,0.759696129754929,0.5771382095646178,0.0
12,448,b0276,1.0,5.0,4.0,2.0,6.0,0,True,0.0,0.6191880681388139,0.9407895579109764,0.7465893745463433,0.30959403406940683,0.23519738947774402,0.3732946872731716
12,449,b0277,1.0,5.0,4.5,1.5,4.0,0,True,0.0,0.8144425019995561,1.1685772721388545,0.7108169124855974,0.40722125099977785,0.2921443180347133,0.35540845624279854
12,450,b0277,1.0,5.0,4.5,1.5,5.0,0,True,0.0,1.4348186265695295,2.058704491150871,0.0,0.7174093132847644,0.5146761227877172,0.0
12,451,b0277,1.0,5.0,4.5,1.5,6.0,0,True,0.0,0.6203761245699734,0.8901272190120166,0.7108169124855974,0.3101880622849866,0.22253180475300394,0.3554084562427985
12,452,b0278,1.0,5.0,5.0,1.0,4.0,0,True,0.0,0.6405731464382024,0.8219343747024452,0.6415609236578445,0.3202865732191011,0.20548359367561125,0.3207804618289223
12,453,b0278,1.0,5.0,5.0,1.0,5.0,0,True,0.0,1.2831233704888676,1.6464055838947118,0.0,0.6415616852444339,0.41160139597367806,0.0
12,454,b0278,1.0,5.0,5.0,1.0,6.0,0,True,0.0,0.6425502240506655,0.824471209192267,0.6415609236578445,0.32127511202533277,0.20611780229806675,0.3207804618289222
12,455,b0279,1.0,5.0,5.5,0.5,5.0,0,True,0.0,0.9295414351272537,0.8640472796184344,0.0,0.46477071756362676,0.21601181990460852,0.0
12,456,b0279,1.0,5.0,5.5,0.5,6.0,0,True,0.0,0.9295414351272537,0.8640472796184344,0.0,0.46477071756362676,0.21601181990460852,0.0
12,457,b0280,1.0,5.0,6.0,0.0,6.0,0,False,0.0,0.0,0.0,0.0,0.0,0.0,0.0
12,458,b0281,1.0,5.5,0.0,5.5,5.5,0,False,0.0,0.0,0.0,0.0,0.0,0.0,0.0
12,459,b0282,1.0,5.5,0.5,5.0,4.5,0,True,0.0,0.9295414351272533,0.8640472796184336,0.0,0.46477071756362665,0.2160118199046084,0.0
12,460,b0282,1.0,5.5,0.5,5.0,5.5,0,True,0.0,0.9295414351272533,0.8640472796184336,0.0,0.46477071756362665,0.2160118199046084,0.0
12,461,b0283,1.0,5.5,1.0,4.5,4.5,0,True,0.0,1.07668058020954,1.1592410718003519,0.0,0.53834029010477,0.28981026795008796,0.0
12,462,b0283,1.0,5.5,1.0,4.5,5.5,0,True,-0.0,1.07668058020954,1.1592410718003519,0.0,0.53834029010477,0.28981026795008796,0.0
12,463,b0284,1.0,5.5,1.5,4.0,4.5,0,True,0.0,1.156968577671497,1.338576289719207,0.0,0.5784842888357485,0.33464407242980176,0.0
12,464,b0284,1.0,5.5,1.5,4.0,5.5,0,True,0.0,1.156968577671497,1.338576289719207,0.0,0.5784842888357485,0.33464407242980176,0.0
12,465,b0285,1.0,5.5,2.0,3.5,4.5,0,True,0.0,1.2024257315046567,1.4458276397845087,0.0,0.6012128657523284,0.36145690994612717,0.0
12,466,b0285,1.0,5.5,2.0,3.5,5.5,0,True,0.0,1.2024257315046567,1.4458276397845087,0.0,0.6012128657523284,0.36145690994612717,0.0
12,467,b0286,1.0,5.5,2.5,3.0,4.5,0,True,0.0,1.2233453267335428,1.4965737884407986,0.0,0.6116726633667714,0.37414344711019965,0.0
12,468,b0286,1.0,5.5,2.5,3.0,5.5,0,True,0.0,1.2233453267335428,1.4965737884407986,0.0,0.6116726633667714,0.37414344711019965,0.0
12,469,b0287,1.0,5.5,3.0,2.5,4.5,0,True,0.0,1.223345326733543,1.496573788440799,0.0,0.6116726633667715,0.37414344711019976,0.0
12,470,b0287,1.0,5.5,3.0,2.5,5.5,0,True,0.0,1.223345326733543,1.496573788440799,0.0,0.6116726633667715,0.37414344711019976,0.0
12,471,b0288,1.0,5.5,3.5,2.0,4.5,0,True,0.0,1.2024257315046567,1.4458276397845087,0.0,0.6012128657523284,0.36145690994612717,0.0
12,472,b0288,1.0,5.5,3.5,2.0,5.5,0,True,0.0,1.2024257315046567,1.4458276397845087,0.0,0.6012128657523284,0.36145690994612717,0.0
12,473,b0289,1.0,5.5,4.0,1.5,4.5,0,True,0.0,1.156968577671497,1.338576289719207,0.0,0.5784842888357485,0.33464407242980176,0.0
12,474,b0289,1.0,5.5,4.0,1.5,5.5,0,True,0.0,1.156968577671497,1.338576289719207,0.0,0.5784842888357485,0.33464407242980176,0.0
12,475,b0290,1.0,5.5,4.5,1.0,4.5,0,True,0.0,1.07668058020954,1.1592410718003519,0.0,0.53834029010477,0.28981026795008796,0.0
12,476,b0290,1.0,5.5,4.5,1.0,5.5,0,True,0.0,1.07668058020954,1.1592410718003519,0.0,0.53834029010477,0.28981026795008796,0.0
12,477,b0291,1.0,5.5,5.0,0.5,4.5,0,True,0.0,0.9295414351272535,0.8640472796184341,0.0,0.46477071756362676,0.21601181990460852,0.0
12,478,b0291,1.0,5.5,5.0,0.5,5.5,0,True,0.0,0.9295414351272535,0.8640472796184341,0.0,0.46477071756362676,0.21601181990460852,0.0
12,479,b0292,1.0,5.5,5.5,0.0,5.5,0,False,0.0,0.0,0.0,0.0,0.0,0.0,0.0
12,480,b0293,1.0,6.0,0.0,5.0,5.0,0,False,0.0,0.0,0.0,0.0,0.0,0.0,0.0
12,481,b0294,1.0,6.0,0.5,4.5,5.0,0,True,0.0,0.0,0.0,0.0,0.0,0.0,0.0
12,482,b0295,1.0,6.0,1.0,4.0,5.0,0,True,0.0,0.0,0.0,0.0,0.0,0.0,0.0
12,483,b0296,1.0,6.0,1.5,3.5,5.0,0,True,0.0,0.0,0.0,0.0,0.0,0.0,0.0
12,484,b0297,1.0,6.0,2.0,3.0,5.0,0,True,0.0,0.0,0.0,0.0,0.0,0.0,0.0
12,485,b0298,1.0,6.0,2.5,2.5,5.0,0,True,0.0,0.0,0.0,0.0,0.0,0.0,0.0
12,486,b0299,1.0,6.0,3.0,2.0,5.0,0,True,0.0,0.0,0.0,0.0,0.0,0.0,0.0
12,487,b0300,1.0,6.0,3.5,1.5,5.0,0,True,0.0,0.0,0.0,0.0,0.0,0.0,0.0
12,488,b0301,1.0,6.0,4.0,1.0,5.0,0,True,0.0,0.0,0.0,0.0,0.0,0.0,0.0
12,489,b0302,1.0,6.0,4.5,0.5,5.0,0,True,0.0,0.0,0.0,0.0,0.0,0.0,0.0
12,490,b0303,1.0,6.0,5.0,0.0,5.0,0,False,0.0,0.0,0.0,0.0,0.0,0.0,0.0
12,491,b0304,1.5,0.0,4.5,6.0,1.5,0,False,0.0,0.0,0.0,0.0,0.0,0.0,0.0
12,492,b0305,1.5,0.0,5.0,5.5,1.5,0,False,0.0,0.0,0.0,0.0,0.0,0.0,0.0
12,493,b0306,1.5,0.0,5.5,5.0,1.5,0,False,0.0,0.0,0.0,0.0,0.0,0.0,0.0
12,494,b0307,1.5,0.0,6.0,4.5,1.5,0,False,0.0,0.0,0.0,0.0,0.0,0.0,0.0
12,495,b0308,1.5,0.5,4.0,6.0,2.0,0,True,0.0,0.0,0.0,0.0,0.0,0.0,0.0
12,496,b0309,1.5,0.5,4.5,5.5,1.0,0,True,0.0,1.0019641796438672,1.0039322172894078,0.0,0.5009820898219336,0.25098305432235196,0.0
12,497,b0309,1.5,0.5,4.5,5.5,2.0,0,True,-0.0,1.0019641796438672,1.0039322172894078,0.0,0.5009820898219336,0.25098305432235196,0.0
12,498,b0310,1.5,0.5,5.0,5.0,1.0,0,True,0.0,1.076680580209538,1.1592410718003474,0.0,0.538340290104769,0.28981026795008685,0.0
12,499,b0310,1.5,0.5,5.0,5.0,2.0,0,True,0.0,1.076680580209538,1.1592410718003474,0.0,0.538340290104769,0.28981026795008685,0.0
12,500,b0311,1.5,0.5,5.5,4.5,1.0,0,True,0.0,1.0019641796438672,1.0039322172894078,0.0,0.5009820898219336,0.25098305432235196,0.0
12,501,b0311,1.5,0.5,5.5,4.5,2.0,0,True,0.0,1.0019641796438672,1.0039322172894078,0.0,0.5009820898219336,0.25098305432235196,0.0
12,502,b0312,1.5,0.5,6.0,4.0,2.0,0,True,0.0,0.0,0.0,0.0,0.0,0.0,0.0
12,503,b0313,1.5,1.0,3.5,6.0,2.5,0,True,0.0,0.0,0.0,0.0,0.0,0.0,0.0
12,504,b0314,1.5,1.0,4.0,5.5,1.5,0,True,0.0,1.1569685776714957,1.338576289719204,0.0,0.5784842888357479,0.334644072429801,0.0
12,505,b0314,1.5,1.0,4.0,5.5,2.5,0,True,-0.0,1.1569685776714957,1.338576289719204,0.0,0.5784842888357479,0.334644072429801,0.0
12,506,b0315,1.5,1.0,4.5,5.0,0.5,0,True,0.0,0.5249336438668986,0.7531845699332416,0.6911072561258937,0.2624668219334494,0.18829614248331045,0.34555362806294687
12,507,b0315,1.5,1.0,4.5,5.0,1.5,0,True,-0.0,1.4348186265695289,2.058704491150869,0.0,0.7174093132847643,0.5146761227877171,0.0
12,508,b0315,1.5,1.0,4.5,5.0,2.5,0,True,0.0,0.9098849827026303,1.3055199212176276,0.6911072561258939,0.4549424913513149,0.3263799803044067,0.34555362806294687
12,509,b0316,1.5,1.0,5.0,4.5,0.5,0,True,0.0,0.5249336438668983,0.7531845699332412,0.6911072561258936,0.26246682193344917,0.18829614248331006,0.3455536280629465
12,510,b0316,1.5,1.0,5.0,4.5,1.5,0,True,0.0,1.4348186265695289,2.058704491150869,0.0,0.7174093132847637,0.5146761227877161,0.0
12,511,b0316,1.5,1.0,5.0,4.5,2.5,0,True,0.0,0.9098849827026303,1.3055199212176274,0.6911072561258936,0.45494249135131437,0.3263799803044059,0.3455536280629465
12,512,b0317,1.5,1.0,5.5,4.0,1.5,0,True,0.0,1.156968577671496,1.3385762897192044,0.0,0.578484288835748,0.3346440724298011,0.0
12,513,b0317,1.5,1.0,5.5,4.0,2.5,0,True,0.0,1.156968577671496,1.3385762897192044,0.0,0.578484288835748,0.3346440724298011,0.0
12,514,b0318,1.5,1.0,6.0,3.5,2.5,0,True,0.0,0.0,0.0,0.0,0.0,0.0,0.0
12,515,b0319,1.5,1.5,3.0,6.0,3.0,0,True,0.0,0.0,0.0,0.0,0.0,0.0,0.0
12,516,b0320,1.5,1.5,3.5,5.5,2.0,0,True,0.0,1.2383585073708867,1.5335317927778505,0.0,0.6191792536854434,0.3833829481944626,0.0
12,517,b0320,1.5,1.5,3.5,5.5,3.0,0,True,0.0,1.2383585073708867,1.5335317927778505,0.0,0.6191792536854434,0.3833829481944626,0.0
12,518,b0321,1.5,1.5,4.0,5.0,1.0,0,True,0.0,0.6569725741810551,1.0453126453131678,0.7833898659588888,0.32848628709052774,0.2613281613282922,0.3916949329794446
12,519,b0321,1.5,1.5,4.0,5.0,2.0,0,True,0.0,1.5911054530947433,2.5316165628678284,0.0,0.7955527265473716,0.6329041407169571,0.0
12,520,b0321,1.5,1.5,4.0,5.0,3.0,0,True,0.0,0.9341328789136885,1.4863039175546615,0.7833898659588888,0.46706643945684423,0.37157597938866554,0.39169493297944463
12,521,b0322,1.5,1.5,4.5,4.5,0.0,0,True,-0.0,0.9901937363747896,1.032179994815273,0.22736833389767966,0.4950968681873949,0.25804499870381836,0.11368416694883983
12,522,b0322,1.5,1.5,4.5,4.5,1.0,0,True,0.0,1.348428708802974,1.9722211399366152,0.39237884399207795,0.6742143544014866,0.49305528498415296,0.1961894219960384
12,523,b0322,1.5,1.5,4.5,4.5,2.0,0,True,-0.0,1.6338972024566853,2.7213164274551893,0.2273683338976799,0.816948601228342,0.6803291068637962,0.11368416694883945
12,524,b0322,1.5,1.5,4.5,4.5,3.0,0,True,0.0,1.2756622300285003,1.7812752823338458,0.39237884399207795,0.6378311150142497,0.4453188205834607,0.1961894219960384
12,525,b0323,1.5,1.5,5.0,4.0,1.0,0,True,0.0,0.6569725741810551,1.045312645313168,0.7833898659588889,0.32848628709052774,0.2613281613282922,0.3916949329794446
12,526,b0323,1.5,1.5,5.0,4.0,2.0,0,True,0.0,1.5911054530947435,2.531616562867829,0.0,0.7955527265473716,0.6329041407169571,0.0
12,527,b0323,1.5,1.5,5.0,4.0,3.0,0,True,0.0,0.9341328789136885,1.4863039175546617,0.7833898659588889,0.46706643945684423,0.37157597938866554,0.39169493297944463
12,528,b0324,1.5,1.5,5.5,3.5,2.0,0,True,0.0,1.2383585073708865,1.53353179277785,0.0,0.6191792536854432,0.3833829481944625,0.0
12,529,b0324,1.5,1.5,5.5,3.5,3.0,0,True,0.0,1.2383585073708865,1.53353179277785,0.0,0.6191792536854432,0.3833829481944625,0.0
12,530,b0325,1.5,1.5,6.0,3.0,3.0,0,True,0.0,0.0,0.0,0.0,0.0,0.0,0.0
12,531,b0326,1.5,2.0,2.5,6.0,3.5,0,True,0.0,0.0,0.0,0.0,0.0,0.0,0.0
12,532,b0327,1.5,2.0,3.0,5.5,2.5,0,True,0.0,1.2803962065704428,1.6394144457999802,0.0,0.6401981032852215,0.40985361144999516,0.0
12,533,b0327,1.5,2.0,3.0,5.5,3.5,0,True,0.0,1.2803962065704428,1.6394144457999802,0.0,0.6401981032852215,0.40985361144999516,0.0
12,534,b0328,1.5,2.0,3.5,5.0,1.5,0,True,0.0,0.7196074792779494,1.2047588033170458,0.8288087107917492,0.3598037396389747,0.30118970082926144,0.4144043553958746
12,535,b0328,1.5,2.0,3.5,5.0,2.5,0,True,-0.0,1.6741888293405383,2.802908236288642,0.0,0.8370944146702691,0.7007270590721605,0.0
12,536,b0328,1.5,2.0,3.5,5.0,3.5,0,True,0.0,0.9545813500625885,1.5981494329715955,0.8288087107917492,0.47729067503129435,0.399537358242899,0.4144043553958746
12,537,b0329,1.5,2.0,4.0,4.5,0.5,0,True,0.0,1.1083368846920623,1.2998755860061812,0.2673292652091713,0.5541684423460309,0.3249688965015449,0.13366463260458522
12,538,b0329,1.5,2.0,4.0,4.5,1.5,0,True,-0.0,1.5073004206099607,2.4408716795136156,0.41099528165497357,0.7536502103049795,0.6102179198784023,0.20549764082748623
12,539,b0329,1.5,2.0,4.0,4.5,2.5,0,True,0.0,1.7515638099474515,3.1394407163549074,0.2673292652091713,0.8757819049737248,0.7848601790887251,0.13366463260458522
12,540,b0329,1.5,2.0,4.0,4.5,3.5,0,True,0.0,1.3526002740295535,1.9984446228474744,0.41099528165497357,0.6763001370147759,0.49961115571186715,0.20549764082748623
12,541,b0330,1.5,2.0,4.5,4.0,0.5,0,True,0.0,1.1083368846920616,1.2998755860061795,0.2673292652091709,0.5541684423460311,0.32496889650154526,0.13366463260458544
12,542,b0330,1.5,2.0,4.5,4.0,1.5,0,True,0.0,1.5073004206099605,2.4408716795136147,0.41099528165497357,0.7536502103049799,0.610217919878403,0.20549764082748623
12,543,b0330,1.5,2.0,4.5,4.0,2.5,0,True,-0.0,1.7515638099474513,3.1394407163549065,0.26732926520917044,0.8757819049737259,0.784860179088727,0.13366463260458522
12,544,b0330,1.5,2.0,4.5,4.0,3.5,0,True,0.0,1.352600274029553,1.9984446228474733,0.41099528165497384,0.6763001370147763,0.49961115571186776,0.20549764082748623
12,545,b0331,1.5,2.0,5.0,3.5,1.5,0,True,0.0,0.7196074792779494,1.2047588033170462,0.8288087107917494,0.3598037396389753,0.3011897008292621,0.41440435539587495
12,546,b0331,1.5,2.0,5.0,3.5,2.5,0,True,0.0,1.6741888293405385,2.802908236288643,0.0,0.8370944146702697,0.7007270590721614,0.0
12,547,b0331,1.5,2.0,5.0,3.5,3.5,0,True,0.0,0.9545813500625889,1.5981494329715966,0.8288087107917493,0.47729067503129435,0.3995373582428992,0.4144043553958749
12,548,b0332,1.5,2.0,5.5,3.0,2.5,0,True,0.0,1.2803962065704428,1.6394144457999802,0.0,0.6401981032852215,0.40985361144999516,0.0
12,549,b0332,1.5,2.0,5.5,3.0,3.5,0,True,0.0,1.2803962065704428,1.6394144457999802,0.0,0.6401981032852215,0.40985361144999516,0.0
12,550,b0333,1.5,2.0,6.0,2.5,3.5,0,True,0.0,0.0,0.0,0.0,0.0,0.0,0.0
12,551,b0334,1.5,2.5,2.0,6.0,4.0,0,True,0.0,0.0,0.0,0.0,0.0,0.0,0.0
12,552,b0335,1.5,2.5,2.5,5.5,3.0,0,True,0.0,1.2935301937523556,1.6732203621490065,0.0,0.6467650968761778,0.4183050905372516,0.0
12,553,b0335,1.5,2.5,2.5,5.5,4.0,0,True,0.0,1.2935301937523556,1.6732203621490065,0.0,0.6467650968761778,0.4183050905372516,0.0
12,554,b0336,1.5,2.5,3.0,5.0,2.0,0,True,0.0,0.75410947552447,1.2906395301759173,0.8496813691614793,0.3770547377622348,0.3226598825439792,0.4248406845807397
12,555,b0336,1.5,2.5,3.0,5.0,3.0,0,True,0.0,1.7114750206238958,2.9291467462195646,0.0,0.8557375103119482,0.7322866865548917,0.0
12,556,b0336,1.5,2.5,3.0,5.0,4.0,0,True,0.0,0.9573655450994253,1.6385072160436458,0.8496813691614793,0.4786827725497129,0.4096268040109117,0.42484068458073965
12,557,b0337,1.5,2.5,3.5,4.5,1.0,0,True,0.0,1.161975485537269,1.4330226106060682,0.28781171209055423,0.5809877427686347,0.3582556526515174,0.1439058560452773
12,558,b0337,1.5,2.5,3.5,4.5,2.0,0,True,0.0,1.5860674387588078,2.6939929313256523,0.4223541298895129,0.7930337193794045,0.673498232831414,0.21117706494475644
12,559,b0337,1.5,2.5,3.5,4.5,3.0,0,True,0.0,1.8113662889077495,3.363883414207929,0.28781171209055423,0.9056831444538749,0.8409708535519824,0.14390585604527711
12,560,b0337,1.5,2.5,3.5,4.5,4.0,0,True,0.0,1.3872743356862105,2.102913093488344,0.4223541298895129,0.6936371678431051,0.5257282733720859,0.21117706494475658
12,561,b0338,1.5,2.5,4.0,4.0,1.0,0,True,0.0,1.250768425252778,1.6633508511648343,0.31453012185722407,0.6253842126263897,0.4158377127912094,0.15726506092861203
12,562,b0338,1.5,2.5,4.0,4.0,2.0,0,True,0.0,1.6764851432246115,2.98103439519599,0.4128340583614,0.8382425716123062,0.7452585987989983,0.2064170291807
12,563,b0338,1.5,2.5,4.0,4.0,3.0,0,True,0.0,1.8444436921119367,3.500901730927033,0.3145301218572237,0.9222218460559686,0.8752254327317587,0.1572650609286122
12,564,b0338,1.5,2.5,4.0,4.0,4.0,0,True,0.0,1.4187269741401027,2.1832181868958758,0.4128340583614,0.7093634870700518,0.5458045467239695,0.2064170291807
12,565,b0339,1.5,2.5,4.5,3.5,1.0,0,True,0.0,1.161975485537269,1.4330226106060682,0.28781171209055423,0.580987742768635,0.3582556526515176,0.1439058560452773
12,566,b0339,1.5,2.5,4.5,3.5,2.0,0,True,0.0,1.5860674387588085,2.693992931325655,0.42235412988951343,0.7930337193794049,0.6734982328314147,0.21117706494475671
12,567,b0339,1.5,2.5,4.5,3.5,3.0,0,True,0.0,1.8113662889077504,3.363883414207932,0.28781171209055423,0.9056831444538765,0.8409708535519855,0.1439058560452775
12,568,b0339,1.5,2.5,4.5,3.5,4.0,0,True,0.0,1.3872743356862114,2.102913093488347,0.42235412988951315,0.6936371678431063,0.5257282733720876,0.21117706494475685
12,569,b0340,1.5,2.5,5.0,3.0,2.0,0,True,0.0,0.7541094755244703,1.2906395301759181,0.8496813691614796,0.3770547377622348,0.3226598825439792,0.4248406845807397
12,570,b0340,1.5,2.5,5.0,3.0,3.0,0,True,0.0,1.711475020623896,2.929146746219565,0.0,0.8557375103119482,0.7322866865548917,0.0
12,571,b0340,1.5,2.5,5.0,3.0,4.0,0,True,0.0,0.9573655450994255,1.6385072160436465,0.8496813691614794,0.4786827725497129,0.4096268040109117,0.42484068458073965
12,572,b0341,1.5,2.5,5.5,2.5,3.0,0,True,0.0,1.2935301937523556,1.6732203621490065,0.0,0.6467650968761778,0.4183050905372516,0.0
12,573,b0341,1.5,2.5,5.5,2.5,4.0,0,True,0.0,1.2935301937523556,1.6732203621490065,0.0,0.6467650968761778,0.4183050905372516,0.0
12,574,b0342,1.5,2.5,6.0,2.0,4.0,0,True,0.0,0.0,0.0,0.0,0.0,0.0,0.0
12,575,b0343,1.5,3.0,1.5,6.0,4.5,0,True,0.0,0.0,0.0,0.0,0.0,0.0,0.0
12,576,b0344,1.5,3.0,2.0,5.5,3.5,0,True,-0.0,1.2803962065704424,1.639414445799979,0.0,0.6401981032852212,0.40985361144999477,0.0
12,577,b0344,1.5,3.0,2.0,5.5,4.5,0,True,0.0,1.2803962065704424,1.639414445799979,0.0,0.6401981032852212,0.40985361144999477,0.0
12,578,b0345,1.5,3.0,2.5,5.0,2.5,0,True,0.0,0.7732567864264583,1.323409674496791,0.8517532604822934,0.38662839321322917,0.3308524186241976,0.4258766302411466
12,579,b0345,1.5,3.0,2.5,5.0,3.5,0,True,-0.0,1.7114750206238962,2.929146746219566,0.0,0.8557375103119481,0.7322866865548915,0.0
12,580,b0345,1.5,3.0,2.5,5.0,4.5,0,True,0.0,0.9382182341974382,1.6057370717227764,0.8517532604822933,0.46910911709871894,0.40143426793069387,0.4258766302411466
12,581,b0346,1.5,3.0,3.0,4.5,1.5,0,True,0.0,1.1832087638069257,1.4898047169725315,0.29970274977553674,0.5916043819034628,0.37245117924313276,0.14985137488776853
12,582,b0346,1.5,3.0,3.0,4.5,2.5,0,True,0.0,1.6206805280492267,2.805738499658598,0.42324121451091884,0.8103402640246132,0.7014346249146494,0.2116206072554597
12,583,b0346,1.5,3.0,3.0,4.5,3.5,0,True,0.0,1.8248340180289655,3.4198409315787566,0.29970274977553674,0.9124170090144831,0.8549602328946898,0.14985137488776837
12,584,b0346,1.5,3.0,3.0,4.5,4.5,0,True,0.0,1.387362253786665,2.103907148892692,0.42324121451091834,0.6936811268933324,0.525976787223173,0.21162060725545956
12,585,b0347,1.5,3.0,3.5,4.0,1.5,0,True,0.0,1.312356997145028,1.8373754199174364,0.3392558502987405,0.6561784985725136,0.4593438549793586,0.16962792514937008
12,586,b0347,1.5,3.0,3.5,4.0,2.5,0,True,0.0,1.755283471064491,3.251046076917773,0.4123421069034371,0.8776417355322457,0.8127615192294437,0.20617105345171882
12,587,b0347,1.5,3.0,3.5,4.0,3.5,0,True,-0.0,1.8793028837619408,3.646873860877868,0.33925585029874017,0.9396514418809702,0.9117184652194665,0.16962792514937008
12,588,b0347,1.5,3.0,3.5,4.0,4.5,0,True,0.0,1.4363764098424774,2.23320320387753,0.4123421069034371,0.7181882049212381,0.5583008009693818,0.20617105345171882
12,589,b0348,1.5,3.0,4.0,3.5,1.5,0,True,0.0,1.312356997145028,1.8373754199174364,0.3392558502987405,0.6561784985725144,0.4593438549793596,0.16962792514937008
12,590,b0348,1.5,3.0,4.0,3.5,2.5,0,True,0.0,1.7552834710644911,3.2510460769177736,0.4123421069034371,0.8776417355322452,0.8127615192294427,0.20617105345171827
12,591,b0348,1.5,3.0,4.0,3.5,3.5,0,True,0.0,1.879302883761941,3.646873860877869,0.33925585029874017,0.9396514418809699,0.9117184652194661,0.16962792514937008
12,592,b0348,1.5,3.0,4.0,3.5,4.5,0,True,0.0,1.4363764098424776,2.233203203877531,0.4123421069034371,0.7181882049212387,0.5583008009693824,0.20617105345171827
12,593,b0349,1.5,3.0,4.5,3.0,1.5,0,True,0.0,1.1832087638069257,1.4898047169725315,0.29970274977553674,0.5916043819034634,0.3724511792431335,0.14985137488776837
12,594,b0349,1.5,3.0,4.5,3.0,2.5,0,True,0.0,1.6206805280492267,2.805738499658598,0.42324121451091884,0.8103402640246131,0.701434624914649,0.21162060725545917
12,595,b0349,1.5,3.0,4.5,3.0,3.5,0,True,-0.0,1.8248340180289664,3.41984093157876,0.29970274977553674,0.912417009014483,0.8549602328946896,0.14985137488776837
12,596,b0349,1.5,3.0,4.5,3.0,4.5,0,True,0.0,1.3873622537866652,2.103907148892693,0.42324121451091884,0.6936811268933323,0.5259767872231726,0.21162060725545917
12,597,b0350,1.5,3.0,5.0,2.5,2.5,0,True,0.0,0.7732567864264583,1.3234096744967905,0.8517532604822932,0.38662839321322917,0.3308524186241976,0.4258766302411466
12,598,b0350,1.5,3.0,5.0,2.5,3.5,0,True,0.0,1.7114750206238964,2.929146746219567,0.0,0.8557375103119481,0.7322866865548915,0.0
12,599,b0350,1.5,3.0,5.0,2.5,4.5,0,True,0.0,0.9382182341974379,1.6057370717227755,0.8517532604822932,0.46910911709871894,0.40143426793069387,0.4258766302411466
12,600,b0351,1.5,3.0,5.5,2.0,3.5,0,True,0.0,1.2803962065704424,1.639414445799979,0.0,0.6401981032852212,0.40985361144999477,0.0
12,601,b0351,1.5,3.0,5.5,2.0,4.5,0,True,0.0,1.2803962065704424,1.639414445799979,0.0,0.6401981032852212,0.40985361144999477,0.0
12,602,b0352,1.5,3.0,6.0,1.5,4.5,0,True,0.0,0.0,0.0,0.0,0.0,0.0,0.0
12,603,b0353,1.5,3.5,1.0,6.0,5.0,0,True,0.0,0.0,0.0,0.0,0.0,0.0,0.0
12,604,b0354,1.5,3.5,1.5,5.5,4.0,0,True,0.0,1.2383585073708865,1.53353179277785,0.0,0.6191792536854432,0.3833829481944625,0.0
12,605,b0354,1.5,3.5,1.5,5.5,5.0,0,True,0.0,1.2383585073708865,1.53353179277785,0.0,0.6191792536854432,0.3833829481944625,0.0
12,606,b0355,1.5,3.5,2.0,5.0,3.0,0,True,0.0,0.7832462359487894,1.3113020988484858,0.8353606602662943,0.39162311797439475,0.3278255247121216,0.41768033013314726
12,607,b0355,1.5,3.5,2.0,5.0,4.0,0,True,-0.0,1.6741888293405371,2.8029082362886384,0.0,0.8370944146702689,0.7007270590721602,0.0
12,608,b0355,1.5,3.5,2.0,5.0,5.0,0,True,0.0,0.8909425933917479,1.4916061374401524,0.8353606602662942,0.4454712966958741,0.37290153436003837,0.41768033013314726
12,609,b0356,1.5,3.5,2.5,4.5,2.0,0,True,0.0,1.1801981866522557,1.4872049290744849,0.3071435646358428,0.5900990933261279,0.3718012322686211,0.15357178231792104
12,610,b0356,1.5,3.5,2.5,4.5,3.0,0,True,0.0,1.621960637924693,2.8007156798240542,0.4122612871068267,0.8109803189623465,0.7001789199560134,0.20613064355341307
12,611,b0356,1.5,3.5,2.5,4.5,4.0,0,True,0.0,1.7931435877927628,3.309701095739514,0.3071435646358428,0.8965717938963811,0.8274252739348777,0.15357178231792104
12,612,b0356,1.5,3.5,2.5,4.5,5.0,0,True,0.0,1.3513811365203259,1.996190344989945,0.4122612871068267,0.675690568260163,0.4990475862474863,0.20613064355341307
12,613,b0357,1.5,3.5,3.0,4.0,2.0,0,True,0.0,1.3309177255759381,1.896614952210782,0.3539392037604111,0.6654588627879684,0.4741537380526945,0.17696960188020525
12,614,b0357,1.5,3.5,3.0,4.0,3.0,0,True,-0.0,1.780874778446505,3.332724825988907,0.40150946375150115,0.8904373892232523,0.8331812064972263,0.20075473187575057
12,615,b0357,1.5,3.5,3.0,4.0,4.0,0,True,0.0,1.8607421553310313,3.5876343285845254,0.3539392037604111,0.9303710776655154,0.8969085821461309,0.17696960188020525
12,616,b0357,1.5,3.5,3.0,4.0,5.0,0,True,0.0,1.4107851024604643,2.1515244548064008,0.40150946375150115,0.7053925512302319,0.5378811137015999,0.20075473187575057
12,617,b0358,1.5,3.5,3.5,3.5,2.0,0,True,0.0,1.371356419912983,2.014998661949793,0.3665790931207605,0.685678209956491,0.5037496654874475,0.1832895465603801
12,618,b0358,1.5,3.5,3.5,3.5,3.0,0,True,0.0,1.825139383488645,3.491253872928489,0.40015010154587993,0.9125696917443226,0.8728134682321224,0.20007505077293997
12,619,b0358,1.5,3.5,3.5,3.5,4.0,0,True,0.0,1.8818622539356018,3.6757857743008224,0.3665790931207602,0.9409311269678013,0.9189464435752065,0.1832895465603804
12,620,b0358,1.5,3.5,3.5,3.5,5.0,0,True,0.0,1.4280792903599397,2.199530563322127,0.40015010154587993,0.7140396451799697,0.5498826408305315,0.20007505077293997
12,621,b0359,1.5,3.5,4.0,3.0,2.0,0,True,0.0,1.3309177255759375,1.8966149522107805,0.35393920376041144,0.6654588627879685,0.47415373805269473,0.17696960188020555
12,622,b0359,1.5,3.5,4.0,3.0,3.0,0,True,0.0,1.7808747784465047,3.332724825988905,0.40150946375150115,0.8904373892232519,0.8331812064972255,0.20075473187575057
12,623,b0359,1.5,3.5,4.0,3.0,4.0,0,True,0.0,1.8607421553310304,3.5876343285845222,0.3539392037604111,0.930371077665515,0.8969085821461301,0.17696960188020555
12,624,b0359,1.5,3.5,4.0,3.0,5.0,0,True,0.0,1.4107851024604638,2.1515244548063994,0.40150946375150115,0.7053925512302317,0.5378811137015995,0.20075473187575044
12,625,b0360,1.5,3.5,4.5,2.5,2.0,0,True,0.0,1.1801981866522557,1.4872049290744849,0.3071435646358428,0.5900990933261273,0.37180123226862044,0.15357178231792104
12,626,b0360,1.5,3.5,4.5,2.5,3.0,0,True,0.0,1.6219606379246931,2.8007156798240547,0.4122612871068267,0.8109803189623458,0.7001789199560123,0.20613064355341307
12,627,b0360,1.5,3.5,4.5,2.5,4.0,0,True,-0.0,1.7931435877927626,3.309701095739513,0.3071435646358428,0.8965717938963806,0.827425273934877,0.15357178231792104
12,628,b0360,1.5,3.5,4.5,2.5,5.0,0,True,0.0,1.3513811365203257,1.9961903449899443,0.4122612871068264,0.6756905682601619,0.49904758624748474,0.20613064355341293
12,629,b0361,1.5,3.5,5.0,2.0,3.0,0,True,0.0,0.7832462359487893,1.3113020988484858,0.8353606602662944,0.39162311797439475,0.3278255247121216,0.41768033013314726
12,630,b0361,1.5,3.5,5.0,2.0,4.0,0,True,0.0,1.6741888293405376,2.8029082362886397,0.0,0.8370944146702689,0.7007270590721602,0.0
12,631,b0361,1.5,3.5,5.0,2.0,5.0,0,True,0.0,0.890942593391748,1.4916061374401528,0.8353606602662944,0.4454712966958741,0.37290153436003837,0.41768033013314726
12,632,b0362,1.5,3.5,5.5,1.5,4.0,0,True,0.0,1.2383585073708867,1.5335317927778505,0.0,0.6191792536854434,0.3833829481944626,0.0
12,633,b0362,1.5,3.5,5.5,1.5,5.0,0,True,0.0,1.2383585073708867,1.5335317927778505,0.0,0.6191792536854434,0.3833829481944626,0.0
12,634,b0363,1.5,3.5,6.0,1.0,5.0,0,True,0.0,0.0,0.0,0.0,0.0,0.0,0.0
12,635,b0364,1.5,4.0,0.5,6.0,5.5,0,True,0.0,0.0,0.0,0.0,0.0,0.0,0.0
12,636,b0365,1.5,4.0,1.0,5.5,4.5,0,True,0.0,1.1569685776714969,1.3385762897192064,0.0,0.5784842888357484,0.3346440724298016,0.0
12,637,b0365,1.5,4.0,1.0,5.5,5.5,0,True,0.0,1.1569685776714969,1.3385762897192064,0.0,0.5784842888357484,0.3346440724298016,0.0
12,638,b0366,1.5,4.0,1.5,5.0,3.5,0,True,0.0,0.7904201283115821,1.2576417763924053,0.7955361696065788,0.3952100641557909,0.3144104440981011,0.3977680848032893
12,639,b0366,1.5,4.0,1.5,5.0,4.5,0,True,-0.0,1.591105453094743,2.5316165628678275,0.0,0.7955527265473716,0.6329041407169571,0.0
12,640,b0366,1.5,4.0,1.5,5.0,5.5,0,True,0.0,0.8006853247831613,1.2739747864754238,0.7955361696065788,0.40034266239158073,0.3184936966188559,0.39776808480328923
12,641,b0367,1.5,4.0,2.0,4.5,2.5,0,True,0.0,1.1531185060706015,1.4279465760937498,0.313471349649779,0.5765592530353,0.35698664402343655,0.1567356748248895
12,642,b0367,1.5,4.0,2.0,4.5,3.5,0,True,0.0,1.5919783955802917,2.683042278951933,0.3855477492575119,0.7959891977901448,0.6707605697379815,0.19277387462875595
12,643,b0367,1.5,4.0,2.0,4.5,4.5,0,True,0.0,1.7067821885689114,3.011369726267337,0.31347134964977935,0.8533910942844554,0.7528424315668337,0.15673567482488968
12,644,b0367,1.5,4.0,2.0,4.5,5.5,0,True,0.0,1.2679222990592212,1.7562740234091543,0.3855477492575119,0.6339611495296104,0.4390685058522883,0.19277387462875595
12,645,b0368,1.5,4.0,2.5,4.0,2.5,0,True,0.0,1.3147922285415117,1.8615181029038974,0.3644715334161814,0.6573961142707555,0.46537952572597385,0.18223576670809055
12,646,b0368,1.5,4.0,2.5,4.0,3.5,0,True,0.0,1.7629588515626406,3.24868886507732,0.3750532665825685,0.8814794257813203,0.8121722162693301,0.18752663329128452
12,647,b0368,1.5,4.0,2.5,4.0,4.5,0,True,-0.0,1.7804198888232032,3.30273447918797,0.3644715334161814,0.8902099444116017,0.8256836197969927,0.1822357667080907
12,648,b0368,1.5,4.0,2.5,4.0,5.5,0,True,0.0,1.3322532658020751,1.91556371701455,0.37505326658256877,0.6661266329010375,0.4788909292536374,0.18752663329128452
12,649,b0369,1.5,4.0,3.0,3.5,2.5,0,True,0.0,1.377319546653216,2.044713782944153,0.3843236258039993,0.6886597733266077,0.5111784457360377,0.19216181290199935
12,650,b0369,1.5,4.0,3.0,3.5,3.5,0,True,0.0,1.832057393210531,3.496082324131164,0.37369510581996873,0.9160286966052654,0.8740205810327907,0.18684755290998406
12,651,b0369,1.5,4.0,3.0,3.5,4.5,0,True,0.0,1.8143403342537534,3.439535497851154,0.3843236258039987,0.9071701671268759,0.859883874462787,0.19216181290199935
12,652,b0369,1.5,4.0,3.0,3.5,5.5,0,True,0.0,1.3596024876964374,1.988166956664139,0.37369510581996873,0.679801243848218,0.4970417391660337,0.18684755290998406
12,653,b0370,1.5,4.0,3.5,3.0,2.5,0,True,0.0,1.3773195466532167,2.0447137829441546,0.3843236258039993,0.6886597733266082,0.5111784457360387,0.19216181290199993
12,654,b0370,1.5,4.0,3.5,3.0,3.5,0,True,0.0,1.8320573932105313,3.496082324131165,0.37369510581996873,0.916028696605266,0.8740205810327918,0.18684755290998437
12,655,b0370,1.5,4.0,3.5,3.0,4.5,0,True,0.0,1.8143403342537543,3.4395354978511574,0.3843236258039993,0.9071701671268766,0.8598838744627884,0.19216181290199966
12,656,b0370,1.5,4.0,3.5,3.0,5.5,0,True,0.0,1.3596024876964374,1.988166956664139,0.37369510581996873,0.6798012438482184,0.49704173916603434,0.1868475529099845
12,657,b0371,1.5,4.0,4.0,2.5,2.5,0,True,0.0,1.3147922285415112,1.861518102903896,0.3644715334161814,0.6573961142707555,0.4653795257259739,0.1822357667080907
12,658,b0371,1.5,4.0,4.0,2.5,3.5,0,True,0.0,1.7629588515626404,3.248688865077319,0.3750532665825685,0.8814794257813197,0.8121722162693288,0.18752663329128424
12,659,b0371,1.5,4.0,4.0,2.5,4.5,0,True,0.0,1.7804198888232035,3.3027344791879707,0.3644715334161814,0.8902099444116013,0.8256836197969919,0.1822357667080907
12,660,b0371,1.5,4.0,4.0,2.5,5.5,0,True,0.0,1.332253265802075,1.9155637170145494,0.37505326658256877,0.6661266329010369,0.4788909292536366,0.18752663329128424
12,661,b0372,1.5,4.0,4.5,2.0,2.5,0,True,0.0,1.1531185060706017,1.4279465760937504,0.313471349649779,0.5765592530353003,0.35698664402343694,0.1567356748248895
12,662,b0372,1.5,4.0,4.5,2.0,3.5,0,True,0.0,1.5919783955802917,2.683042278951933,0.3855477492575119,0.795989197790145,0.6707605697379818,0.19277387462875567
12,663,b0372,1.5,4.0,4.5,2.0,4.5,0,True,0.0,1.7067821885689118,3.0113697262673385,0.31347134964977863,0.8533910942844556,0.7528424315668341,0.15673567482488932
12,664,b0372,1.5,4.0,4.5,2.0,5.5,0,True,0.0,1.2679222990592218,1.756274023409156,0.3855477492575119,0.6339611495296104,0.4390685058522882,0.19277387462875567
12,665,b0373,1.5,4.0,5.0,1.5,3.5,0,True,0.0,0.7904201283115821,1.2576417763924053,0.7955361696065788,0.3952100641557913,0.3144104440981016,0.3977680848032895
12,666,b0373,1.5,4.0,5.0,1.5,4.5,0,True,0.0,1.5911054530947428,2.5316165628678267,0.0,0.7955527265473719,0.6329041407169574,0.0
12,667,b0373,1.5,4.0,5.0,1.5,5.5,0,True,0.0,0.8006853247831613,1.2739747864754238,0.7955361696065788,0.4003426623915806,0.318493696618856,0.3977680848032895
12,668,b0374,1.5,4.0,5.5,1.0,4.5,0,True,0.0,1.156968577671497,1.338576289719207,0.0,0.5784842888357485,0.33464407242980176,0.0
12,669,b0374,1.5,4.0,5.5,1.0,5.5,0,True,0.0,1.156968577671497,1.338576289719207,0.0,0.5784842888357485,0.33464407242980176,0.0
12,670,b0375,1.5,4.0,6.0,0.5,5.5,0,True,0.0,0.0,0.0,0.0,0.0,0.0,0.0
12,671,b0376,1.5,4.5,0.0,6.0,6.0,0,False,0.0,0.0,0.0,0.0,0.0,0.0,0.0
12,672,b0377,1.5,4.5,0.5,5.5,5.0,0,True,0.0,1.0019641796438659,1.0039322172894052,0.0,0.5009820898219329,0.2509830543223513,0.0
12,673,b0377,1.5,4.5,0.5,5.5,6.0,0,True,0.0,1.0019641796438659,1.0039322172894052,0.0,0.5009820898219329,0.2509830543223513,0.0
12,674,b0378,1.5,4.5,1.0,5.0,4.0,0,True,0.0,0.8144425019995559,1.1685772721388543,0.7108169124855976,0.40722125099977785,0.2921443180347133,0.35540845624279854
12,675,b0378,1.5,4.5,1.0,5.0,5.0,0,True,0.0,1.4348186265695297,2.0587044911508716,0.0,0.7174093132847644,0.5146761227877172,0.0
12,676,b0378,1.5,4.5,1.0,5.0,6.0,0,True,0.0,0.6203761245699738,0.8901272190120175,0.7108169124855976,0.3101880622849866,0.22253180475300394,0.3554084562427985
12,677,b0379,1.5,4.5,1.5,4.5,3.0,0,True,0.0,1.0928131295182772,1.3014626145114858,0.3274478255599735,0.5464065647591385,0.3253656536278713,0.16372391277998657
12,678,b0379,1.5,4.5,1.5,4.5,4.0,0,True,0.0,1.5270373385221407,2.440906426779787,0.3302474731758049,0.7635186692610704,0.6102266066949468,0.16512373658790244
12,679,b0379,1.5,4.5,1.5,4.5,5.0,0,True,0.0,1.531277809313194,2.452033807758969,0.32744782555997315,0.7656389046565971,0.6130084519397425,0.16372391277998657
12,680,b0379,1.5,4.5,1.5,4.5,6.0,0,True,0.0,1.0970536003093303,1.3125899954906677,0.33024747317580455,0.5485268001546654,0.32814749887266714,0.16512373658790228
12,681,b0380,1.5,4.5,2.0,4.0,3.0,0,True,0.0,1.2576089559538597,1.7267788862980755,0.3810493409031415,0.62880447797693,0.43169472157451905,0.19052467045157076
12,682,b0380,1.5,4.5,2.0,4.0,4.0,0,True,0.0,1.6997503637243478,2.9912594055097865,0.31954359096801443,0.8498751818621745,0.7478148513774475,0.15977179548400722
12,683,b0380,1.5,4.5,2.0,4.0,5.0,0,True,0.0,1.6022917386856517,2.7125374160630074,0.38104934090314185,0.8011458693428261,0.6781343540157522,0.19052467045157093
12,684,b0380,1.5,4.5,2.0,4.0,6.0,0,True,0.0,1.1601503309151648,1.4480568968513003,0.31954359096801477,0.5800751654575822,0.3620142242128248,0.15977179548400722
12,685,b0381,1.5,4.5,2.5,3.5,3.0,0,True,0.0,1.3320540292771559,1.938724249644649,0.40540882172338444,0.6660270146385784,0.4846810624111628,0.20270441086169222
12,686,b0381,1.5,4.5,2.5,3.5,4.0,0,True,0.0,1.7818485251181833,3.2761170140442113,0.31801391098247006,0.8909242625590919,0.8190292535110534,0.15900695549123536
12,687,b0381,1.5,4.5,2.5,3.5,5.0,0,True,0.0,1.6412877451678618,2.858181775169347,0.40540882172338444,0.8206438725839318,0.7145454437923382,0.20270441086169222
12,688,b0381,1.5,4.5,2.5,3.5,6.0,0,True,0.0,1.1914932493268346,1.520789010769785,0.31801391098247006,0.5957466246634181,0.38019725269244725,0.15900695549123536
12,689,b0382,1.5,4.5,3.0,3.0,3.0,0,True,0.0,1.3543088315994705,2.0044810408675273,0.41270889197981253,0.6771544157997348,0.5011202602168813,0.20635444598990627
12,690,b0382,1.5,4.5,3.0,3.0,4.0,0,True,0.0,1.8068048786541335,3.365608509019582,0.31790665216570035,0.9034024393270658,0.8414021272548935,0.15895332608284982
12,691,b0382,1.5,4.5,3.0,3.0,5.0,0,True,0.0,1.6537339502364234,2.90516460768377,0.4127088919798128,0.8268669751182113,0.7262911519209417,0.20635444598990613
12,692,b0382,1.5,4.5,3.0,3.0,6.0,0,True,0.0,1.2012379031817606,1.5440371395317165,0.31790665216570035,0.6006189515908796,0.38600928488292824,0.15895332608285
12,693,b0383,1.5,4.5,3.5,2.5,3.0,0,True,0.0,1.332054029277156,1.9387242496446495,0.40540882172338444,0.6660270146385779,0.48468106241116227,0.20270441086169222
12,694,b0383,1.5,4.5,3.5,2.5,4.0,0,True,0.0,1.7818485251181837,3.276117014044213,0.31801391098247006,0.8909242625590916,0.8190292535110528,0.15900695549123503
12,695,b0383,1.5,4.5,3.5,2.5,5.0,0,True,0.0,1.6412877451678618,2.858181775169347,0.40540882172338444,0.8206438725839313,0.7145454437923374,0.20270441086169222
12,696,b0383,1.5,4.5,3.5,2.5,6.0,0,True,0.0,1.191493249326835,1.5207890107697861,0.3180139109824704,0.5957466246634174,0.38019725269244636,0.15900695549123503
12,697,b0384,1.5,4.5,4.0,2.0,3.0,0,True,0.0,1.2576089559538601,1.7267788862980766,0.3810493409031415,0.6288044779769303,0.4316947215745195,0.19052467045157093
12,698,b0384,1.5,4.5,4.0,2.0,4.0,0,True,0.0,1.6997503637243478,2.991259405509787,0.3195435909680151,0.8498751818621739,0.7478148513774466,0.15977179548400722
12,699,b0384,1.5,4.5,4.0,2.0,5.0,0,True,0.0,1.602291738685652,2.712537416063008,0.38104934090314124,0.8011458693428262,0.6781343540157524,0.19052467045157093
12,700,b0384,1.5,4.5,4.0,2.0,6.0,0,True,0.0,1.160150330915165,1.448056896851301,0.31954359096801477,0.5800751654575822,0.3620142242128248,0.15977179548400722
12,701,b0385,1.5,4.5,4.5,1.5,3.0,0,True,0.0,1.0928131295182768,1.301462614511485,0.3274478255599735,0.5464065647591382,0.32536565362787095,0.16372391277998674
12,702,b0385,1.5,4.5,4.5,1.5,4.0,0,True,0.0,1.5270373385221405,2.440906426779786,0.3302474731758049,0.7635186692610693,0.6102266066949451,0.16512373658790244
12,703,b0385,1.5,4.5,4.5,1.5,5.0,0,True,0.0,1.5312778093131933,2.4520338077589674,0.3274478255599738,0.7656389046565965,0.6130084519397415,0.1637239127799869
12,704,b0385,1.5,4.5,4.5,1.5,6.0,0,True,0.0,1.0970536003093299,1.3125899954906666,0.33024747317580455,0.5485268001546648,0.32814749887266653,0.16512373658790228
12,705,b0386,1.5,4.5,5.0,1.0,4.0,0,True,0.0,0.8144425019995561,1.1685772721388545,0.7108169124855974,0.40722125099977824,0.29214431803471386,0.3554084562427988
12,706,b0386,1.5,4.5,5.0,1.0,5.0,0,True,0.0,1.4348186265695293,2.0587044911508703,0.0,0.717409313284765,0.514676122787718,0.0
12,707,b0386,1.5,4.5,5.0,1.0,6.0,0,True,0.0,0.6203761245699733,0.8901272190120165,0.7108169124855974,0.3101880622849868,0.2225318047530043,0.3554084562427988
12,708,b0387,1.5,4.5,5.5,0.5,5.0,0,True,0.0,1.001964179643866,1.0039322172894056,0.0,0.5009820898219329,0.2509830543223513,0.0
12,709,b0387,1.5,4.5,5.5,0.5,6.0,0,True,0.0,1.001964179643866,1.0039322172894056,0.0,0.5009820898219329,0.2509830543223513,0.0
12,710,b0388,1.5,4.5,6.0,0.0,6.0,0,False,0.0,0.0,0.0,0.0,0.0,0.0,0.0
12,711,b0389,1.5,5.0,0.0,5.5,5.5,0,False,0.0,0.0,0.0,0.0,0.0,0.0,0.0
12,712,b0390,1.5,5.0,0.5,5.0,4.5,0,True,0.0,1.0766805802095396,1.1592410718003507,0.0,0.5383402901047698,0.2898102679500877,0.0
12,713,b0390,1.5,5.0,0.5,5.0,5.5,0,True,0.0,1.0766805802095396,1.1592410718003507,0.0,0.5383402901047698,0.2898102679500877,0.0
12,714,b0391,1.5,5.0,1.0,4.5,3.5,0,True,0.0,0.6159221421371636,0.8837365620550076,0.7101946753392167,0.3079610710685817,0.2209341405137519,0.3550973376696084
12,715,b0391,1.5,5.0,1.0,4.5,4.5,0,True,0.0,1.4348186265695297,2.0587044911508716,0.0,0.7174093132847648,0.5146761227877178,0.0
12,716,b0391,1.5,5.0,1.0,4.5,5.5,0,True,-0.0,0.818896484432366,1.1749679290958635,0.7101946753392167,0.40944824221618326,0.29374198227396614,0.3550973376696084
12,717,b0392,1.5,5.0,1.5,4.0,3.5,0,True,0.0,0.790420128311582,1.2576417763924053,0.7955361696065789,0.39521006415579085,0.3144104440981011,0.39776808480328935
12,718,b0392,1.5,5.0,1.5,4.0,4.5,0,True,0.0,1.5911054530947435,2.531616562867829,0.0,0.7955527265473715,0.6329041407169569,0.0
12,719,b0392,1.5,5.0,1.5,4.0,5.5,0,True,0.0,0.8006853247831618,1.2739747864754245,0.7955361696065787,0.40034266239158084,0.31849369661885607,0.39776808480328935
12,720,b0393,1.5,5.0,2.0,3.5,3.5,0,True,0.0,0.8723404952879644,1.460462712592502,0.8363520627542272,0.43617024764398193,0.3651156781481251,0.41817603137711346
12,721,b0393,1.5,5.0,2.0,3.5,4.5,0,True,0.0,1.6741888293405378,2.8029082362886406,0.0,0.8370944146702683,0.7007270590721592,0.0
12,722,b0393,1.5,5.0,2.0,3.5,5.5,0,True,0.0,0.8018483340525736,1.3424455236961388,0.8363520627542274,0.4009241670262865,0.3356113809240343,0.41817603137711346
12,723,b0394,1.5,5.0,2.5,3.0,3.5,0,True,0.0,0.9072879627403782,1.5528006847429017,0.8541833745802572,0.45364398137018896,0.3882001711857254,0.4270916872901287
12,724,b0394,1.5,5.0,2.5,3.0,4.5,0,True,0.0,1.7114750206238967,2.9291467462195677,0.0,0.8557375103119481,0.7322866865548915,0.0
12,725,b0394,1.5,5.0,2.5,3.0,5.5,0,True,0.0,0.8041870578835183,1.3763460614766652,0.8541833745802572,0.4020935289417595,0.3440865153691666,0.42709168729012864
12,726,b0395,1.5,5.0,3.0,2.5,3.5,0,True,0.0,0.9072879627403782,1.5528006847429017,0.8541833745802572,0.4536439813701892,0.38820017118572564,0.4270916872901287
12,727,b0395,1.5,5.0,3.0,2.5,4.5,0,True,0.0,1.711475020623897,2.929146746219568,0.0,0.8557375103119484,0.732286686554892,0.0
12,728,b0395,1.5,5.0,3.0,2.5,5.5,0,True,0.0,0.8041870578835184,1.3763460614766654,0.8541833745802572,0.40209352894175926,0.34408651536916646,0.4270916872901287
12,729,b0396,1.5,5.0,3.5,2.0,3.5,0,True,0.0,0.8723404952879644,1.460462712592502,0.8363520627542272,0.43617024764398193,0.3651156781481251,0.41817603137711346
12,730,b0396,1.5,5.0,3.5,2.0,4.5,0,True,0.0,1.6741888293405376,2.8029082362886397,0.0,0.8370944146702683,0.7007270590721592,0.0
12,731,b0396,1.5,5.0,3.5,2.0,5.5,0,True,0.0,0.8018483340525734,1.3424455236961383,0.8363520627542274,0.4009241670262865,0.3356113809240343,0.41817603137711346
12,732,b0397,1.5,5.0,4.0,1.5,3.5,0,True,0.0,0.7904201283115818,1.2576417763924046,0.7955361696065787,0.39521006415579085,0.3144104440981011,0.39776808480328935
12,733,b0397,1.5,5.0,4.0,1.5,4.5,0,True,0.0,1.5911054530947433,2.5316165628678284,0.0,0.7955527265473715,0.6329041407169569,0.0
12,734,b0397,1.5,5.0,4.0,1.5,5.5,0,True,0.0,0.8006853247831618,1.2739747864754245,0.7955361696065787,0.40034266239158084,0.31849369661885607,0.39776808480328935
12,735,b0398,1.5,5.0,4.5,1.0,3.5,0,True,0.0,0.6159221421371635,0.8837365620550074,0.7101946753392167,0.3079610710685821,0.22093414051375226,0.35509733766960855
12,736,b0398,1.5,5.0,4.5,1.0,4.5,0,True,0.0,1.4348186265695297,2.0587044911508716,0.0,0.7174093132847651,0.5146761227877182,0.0
12,737,b0398,1.5,5.0,4.5,1.0,5.5,0,True,0.0,0.8188964844323661,1.1749679290958635,0.7101946753392164,0.409448242216183,0.29374198227396603,0.35509733766960855
12,738,b0399,1.5,5.0,5.0,0.5,4.5,0,True,0.0,1.0766805802095396,1.1592410718003507,0.0,0.5383402901047698,0.2898102679500877,0.0
12,739,b0399,1.5,5.0,5.0,0.5,5.5,0,True,0.0,1.0766805802095396,1.1592410718003507,0.0,0.5383402901047698,0.2898102679500877,0.0
12,740,b0400,1.5,5.0,5.5,0.0,5.5,0,False,0.0,0.0,0.0,0.0,0.0,0.0,0.0
12,741,b0401,1.5,5.5,0.0,5.0,5.0,0,False,0.0,0.0,0.0,0.0,0.0,0.0,0.0
12,742,b0402,1.5,5.5,0.5,4.5,4.0,0,True,0.0,1.0019641796438656,1.0039322172894047,0.0,0.5009820898219328,0.2509830543223512,0.0
12,743,b0402,1.5,5.5,0.5,4.5,5.0,0,True,0.0,1.0019641796438656,1.0039322172894047,0.0,0.5009820898219328,0.2509830543223512,0.0
12,744,b0403,1.5,5.5,1.0,4.0,4.0,0,True,0.0,1.1569685776714969,1.3385762897192064,0.0,0.5784842888357484,0.3346440724298016,0.0
12,745,b0403,1.5,5.5,1.0,4.0,5.0,0,True,0.0,1.1569685776714969,1.3385762897192064,0.0,0.5784842888357484,0.3346440724298016,0.0
12,746,b0404,1.5,5.5,1.5,3.5,4.0,0,True,0.0,1.2383585073708867,1.5335317927778505,0.0,0.6191792536854434,0.3833829481944626,0.0
12,747,b0404,1.5,5.5,1.5,3.5,5.0,0,True,0.0,1.2383585073708867,1.5335317927778505,0.0,0.6191792536854434,0.3833829481944626,0.0
12,748,b0405,1.5,5.5,2.0,3.0,4.0,0,True,0.0,1.2803962065704424,1.639414445799979,0.0,0.6401981032852213,0.4098536114499949,0.0
12,749,b0405,1.5,5.5,2.0,3.0,5.0,0,True,0.0,1.2803962065704424,1.639414445799979,0.0,0.6401981032852213,0.4098536114499949,0.0
12,750,b0406,1.5,5.5,2.5,2.5,4.0,0,True,0.0,1.2935301937523558,1.6732203621490072,0.0,0.646765096876178,0.4183050905372519,0.0
12,751,b0406,1.5,5.5,2.5,2.5,5.0,0,True,0.0,1.2935301937523558,1.6732203621490072,0.0,0.646765096876178,0.4183050905372519,0.0
12,752,b0407,1.5,5.5,3.0,2.0,4.0,0,True,0.0,1.2803962065704426,1.6394144457999795,0.0,0.6401981032852213,0.4098536114499949,0.0
12,753,b0407,1.5,5.5,3.0,2.0,5.0,0,True,0.0,1.2803962065704426,1.6394144457999795,0.0,0.6401981032852213,0.4098536114499949,0.0
12,754,b0408,1.5,5.5,3.5,1.5,4.0,0,True,0.0,1.2383585073708867,1.5335317927778505,0.0,0.6191792536854435,0.3833829481944628,0.0
12,755,b0408,1.5,5.5,3.5,1.5,5.0,0,True,0.0,1.2383585073708867,1.5335317927778505,0.0,0.6191792536854435,0.3833829481944628,0.0
12,756,b0409,1.5,5.5,4.0,1.0,4.0,0,True,0.0,1.1569685776714966,1.338576289719206,0.0,0.5784842888357483,0.3346440724298015,0.0
12,757,b0409,1.5,5.5,4.0,1.0,5.0,0,True,0.0,1.1569685776714966,1.338576289719206,0.0,0.5784842888357483,0.3346440724298015,0.0
12,758,b0410,1.5,5.5,4.5,0.5,4.0,0,True,0.0,1.0019641796438656,1.0039322172894047,0.0,0.5009820898219328,0.2509830543223512,0.0
12,759,b0410,1.5,5.5,4.5,0.5,5.0,0,True,0.0,1.0019641796438656,1.0039322172894047,0.0,0.5009820898219328,0.2509830543223512,0.0
12,760,b0411,1.5,5.5,5.0,0.0,5.0,0,False,0.0,0.0,0.0,0.0,0.0,0.0,0.0
12,761,b0412,1.5,6.0,0.0,4.5,4.5,0,False,0.0,0.0,0.0,0.0,0.0,0.0,0.0
12,762,b0413,1.5,6.0,0.5,4.0,4.5,0,True,0.0,0.0,0.0,0.0,0.0,0.0,0.0
12,763,b0414,1.5,6.0,1.0,3.5,4.5,0,True,0.0,0.0,0.0,0.0,0.0,0.0,0.0
12,764,b0415,1.5,6.0,1.5,3.0,4.5,0,True,0.0,0.0,0.0,0.0,0.0,0.0,0.0
12,765,b0416,1.5,6.0,2.0,2.5,4.5,0,True,0.0,0.0,0.0,0.0,0.0,0.0,0.0
12,766,b0417,1.5,6.0,2.5,2.0,4.5,0,True,0.0,0.0,0.0,0.0,0.0,0.0,0.0
12,767,b0418,1.5,6.0,3.0,1.5,4.5,0,True,0.0,0.0,0.0,0.0,0.0,0.0,0.0
12,768,b0419,1.5,6.0,3.5,1.0,4.5,0,True,0.0,0.0,0.0,0.0,0.0,0.0,0.0
12,769,b0420,1.5,6.0,4.0,0.5,4.5,0,True,0.0,0.0,0.0,0.0,0.0,0.0,0.0
12,770,b0421,1.5,6.0,4.5,0.0,4.5,0,False,0.0,0.0,0.0,0.0,0.0,0.0,0.0
12,771,b0422,2.0,0.0,4.0,6.0,2.0,0,False,0.0,0.0,0.0,0.0,0.0,0.0,0.0
12,772,b0423,2.0,0.0,4.5,5.5,2.0,0,False,0.0,0.0,0.0,0.0,0.0,0.0,0.0
12,773,b0424,2.0,0.0,5.0,5.0,2.0,0,False,0.0,0.0,0.0,0.0,0.0,0.0,0.0
12,774,b0425,2.0,0.0,5.5,4.5,2.0,0,False,0.0,0.0,0.0,0.0,0.0,0.0,0.0
12,775,b0426,2.0,0.0,6.0,4.0,2.0,0,False,0.0,0.0,0.0,0.0,0.0,0.0,0.0
12,776,b0427,2.0,0.5,3.5,6.0,2.5,0,True,0.0,0.0,0.0,0.0,0.0,0.0,0.0
12,777,b0428,2.0,0.5,4.0,5.5,1.5,0,True,0.0,1.0454391248975952,1.0929429638666497,0.0,0.5227195624487976,0.2732357409666624,0.0
12,778,b0428,2.0,0.5,4.0,5.5,2.5,0,True,0.0,1.0454391248975952,1.0929429638666497,0.0,0.5227195624487976,0.2732357409666624,0.0
12,779,b0429,2.0,0.5,4.5,5.0,1.5,0,True,0.0,1.1569685776714962,1.3385762897192048,0.0,0.578484288835748,0.3346440724298011,0.0
12,780,b0429,2.0,0.5,4.5,5.0,2.5,0,True,0.0,1.1569685776714962,1.3385762897192048,0.0,0.578484288835748,0.3346440724298011,0.0
12,781,b0430,2.0,0.5,5.0,4.5,1.5,0,True,0.0,1.1569685776714962,1.3385762897192048,0.0,0.578484288835748,0.3346440724298011,0.0
12,782,b0430,2.0,0.5,5.0,4.5,2.5,0,True,-0.0,1.1569685776714962,1.3385762897192048,0.0,0.578484288835748,0.3346440724298011,0.0
12,783,b0431,2.0,0.5,5.5,4.0,1.5,0,True,0.0,1.0454391248975952,1.0929429638666497,0.0,0.5227195624487976,0.2732357409666624,0.0
12,784,b0431,2.0,0.5,5.5,4.0,2.5,0,True,0.0,1.0454391248975952,1.0929429638666497,0.0,0.5227195624487976,0.2732357409666624,0.0
12,785,b0432,2.0,0.5,6.0,3.5,2.5,0,True,0.0,0.0,0.0,0.0,0.0,0.0,0.0
12,786,b0433,2.0,1.0,3.0,6.0,3.0,0,True,0.0,0.0,0.0,0.0,0.0,0.0,0.0
12,787,b0434,2.0,1.0,3.5,5.5,2.0,0,True,0.0,1.2024257315046571,1.4458276397845098,0.0,0.6012128657523286,0.36145690994612745,0.0
12,788,b0434,2.0,1.0,3.5,5.5,3.0,0,True,0.0,1.2024257315046571,1.4458276397845098,0.0,0.6012128657523286,0.36145690994612745,0.0
12,789,b0435,2.0,1.0,4.0,5.0,1.0,0,True,0.0,0.5658426345760854,0.8597369190755699,0.7345468208164573,0.2829213172880423,0.21493422976889193,0.3672734104082282
12,790,b0435,2.0,1.0,4.0,5.0,2.0,0,True,0.0,1.5193922595098588,2.308552838258474,0.0,0.7596961297549288,0.5771382095646177,0.0
12,791,b0435,2.0,1.0,4.0,5.0,3.0,0,True,0.0,0.9535496249337735,1.4488159191829046,0.7345468208164573,0.4767748124668863,0.3622039797957254,0.36727341040822814
12,792,b0436,2.0,1.0,4.5,4.5,1.0,0,True,0.0,0.6569725741810555,1.0453126453131683,0.7833898659588888,0.32848628709052746,0.26132816132829173,0.39169493297944424
12,793,b0436,2.0,1.0,4.5,4.5,2.0,0,True,0.0,1.5911054530947433,2.5316165628678284,0.0,0.7955527265473713,0.6329041407169566,0.0
12,794,b0436,2.0,1.0,4.5,4.5,3.0,0,True,0.0,0.9341328789136881,1.486303917554661,0.7833898659588889,0.46706643945684406,0.3715759793886651,0.39169493297944424
12,795,b0437,2.0,1.0,5.0,4.0,1.0,0,True,0.0,0.5658426345760852,0.8597369190755692,0.734546820816457,0.28292131728804265,0.21493422976889234,0.3672734104082285
12,796,b0437,2.0,1.0,5.0,4.0,2.0,0,True,-0.0,1.5193922595098588,2.308552838258474,0.0,0.7596961297549292,0.5771382095646181,0.0
12,797,b0437,2.0,1.0,5.0,4.0,3.0,0,True,0.0,0.9535496249337733,1.4488159191829038,0.734546820816457,0.4767748124668865,0.3622039797957259,0.36727341040822853
12,798,b0438,2.0,1.0,5.5,3.5,2.0,0,True,0.0,1.2024257315046571,1.4458276397845098,0.0,0.6012128657523286,0.36145690994612745,0.0
12,799,b0438,2.0,1.0,5.5,3.5,3.0,0,True,0.0,1.2024257315046571,1.4458276397845098,0.0,0.6012128657523286,0.36145690994612745,0.0
12,800,b0439,2.0,1.0,6.0,3.0,3.0,0,True,0.0,0.0,0.0,0.0,0.0,0.0,0.0
12,801,b0440,2.0,1.5,2.5,6.0,3.5,0,True,0.0,0.0,0.0,0.0,0.0,0.0,0.0
12,802,b0441,2.0,1.5,3.0,5.5,2.5,0,True,0.0,1.2803962065704428,1.6394144457999802,0.0,0.6401981032852215,0.40985361144999516,0.0
12,803,b0441,2.0,1.5,3.0,5.5,3.5,0,True,0.0,1.2803962065704428,1.6394144457999802,0.0,0.6401981032852215,0.40985361144999516,0.0
12,804,b0442,2.0,1.5,3.5,5.0,1.5,0,True,0.0,0.7196074792779494,1.2047588033170458,0.8288087107917492,0.3598037396389747,0.30118970082926144,0.4144043553958746
12,805,b0442,2.0,1.5,3.5,5.0,2.5,0,True,0.0,1.6741888293405383,2.802908236288642,0.0,0.8370944146702691,0.7007270590721605,0.0
12,806,b0442,2.0,1.5,3.5,5.0,3.5,0,True,-0.0,0.9545813500625887,1.598149432971596,0.8288087107917492,0.47729067503129435,0.399537358242899,0.4144043553958746
12,807,b0443,2.0,1.5,4.0,4.5,0.5,0,True,0.0,1.1083368846920623,1.2998755860061812,0.2673292652091713,0.554168442346031,0.3249688965015451,0.13366463260458544
12,808,b0443,2.0,1.5,4.0,4.5,1.5,0,True,0.0,1.5073004206099605,2.4408716795136147,0.41099528165497357,0.7536502103049799,0.610217919878403,0.20549764082748623
12,809,b0443,2.0,1.5,4.0,4.5,2.5,0,True,-0.0,1.751563809947452,3.139440716354909,0.2673292652091713,0.8757819049737253,0.7848601790887261,0.13366463260458564
12,810,b0443,2.0,1.5,4.0,4.5,3.5,0,True,0.0,1.3526002740295535,1.9984446228474744,0.41099528165497357,0.6763001370147761,0.4996111557118675,0.20549764082748637
12,811,b0444,2.0,1.5,4.5,4.0,0.5,0,True,0.0,1.1083368846920618,1.2998755860061801,0.2673292652091713,0.554168442346031,0.3249688965015451,0.13366463260458544
12,812,b0444,2.0,1.5,4.5,4.0,1.5,0,True,-0.0,1.5073004206099603,2.4408716795136147,0.41099528165497407,0.7536502103049801,0.6102179198784035,0.2054976408274865
12,813,b0444,2.0,1.5,4.5,4.0,2.5,0,True,0.0,1.7515638099474515,3.1394407163549074,0.2673292652091713,0.8757819049737257,0.7848601790887266,0.13366463260458522
12,814,b0444,2.0,1.5,4.5,4.0,3.5,0,True,0.0,1.352600274029553,1.9984446228474735,0.41099528165497407,0.6763001370147761,0.4996111557118676,0.20549764082748664
12,815,b0445,2.0,1.5,5.0,3.5,1.5,0,True,0.0,0.7196074792779494,1.2047588033170462,0.8288087107917494,0.3598037396389753,0.3011897008292621,0.41440435539587495
12,816,b0445,2.0,1.5,5.0,3.5,2.5,0,True,0.0,1.6741888293405385,2.802908236288643,0.0,0.8370944146702697,0.7007270590721614,0.0
12,817,b0445,2.0,1.5,5.0,3.5,3.5,0,True,0.0,0.9545813500625889,1.5981494329715966,0.8288087107917493,0.47729067503129435,0.3995373582428992,0.4144043553958749
12,818,b0446,2.0,1.5,5.5,3.0,2.5,0,True,0.0,1.2803962065704428,1.6394144457999802,0.0,0.6401981032852215,0.40985361144999516,0.0
12,819,b0446,2.0,1.5,5.5,3.0,3.5,0,True,0.0,1.2803962065704428,1.6394144457999802,0.0,0.6401981032852215,0.40985361144999516,0.0
12,820,b0447,2.0,1.5,6.0,2.5,3.5,0,True,0.0,0.0,0.0,0.0,0.0,0.0,0.0
12,821,b0448,2.0,2.0,2.0,6.0,4.0,0,True,0.0,0.0,0.0,0.0,0.0,0.0,0.0
12,822,b0449,2.0,2.0,2.5,5.5,3.0,0,True,0.0,1.3145701043447118,1.7280945592368664,0.0,0.6572850521723559,0.4320236398092166,0.0
12,823,b0449,2.0,2.0,2.5,5.5,4.0,0,True,0.0,1.3145701043447118,1.7280945592368664,0.0,0.6572850521723559,0.4320236398092166,0.0
12,824,b0450,2.0,2.0,3.0,5.0,2.0,0,True,0.0,0.7939803467642093,1.3892253728646327,0.8711030833470965,0.3969901733821049,0.34730634321615844,0.43555154167354837
12,825,b0450,2.0,2.0,3.0,5.0,3.0,0,True,-0.0,1.7496974308322464,3.0614410994609638,0.0,0.874848715416123,0.7653602748652405,0.0
12,826,b0450,2.0,2.0,3.0,5.0,4.0,0,True,0.0,0.9557170840680367,1.6722157265963293,0.8711030833470965,0.47785854203401823,0.41805393164908233,0.4355515416735484
12,827,b0451,2.0,2.0,3.5,4.5,1.0,0,True,0.0,1.25076842525278,1.6633508511648396,0.31453012185722473,0.62538421262639,0.4158377127912099,0.15726506092861237
12,828,b0451,2.0,2.0,3.5,4.5,2.0,0,True,0.0,1.6764851432246128,2.981034395195994,0.41283405836139947,0.8382425716123062,0.7452585987989983,0.2064170291807
12,829,b0451,2.0,2.0,3.5,4.5,3.0,0,True,0.0,1.8444436921119365,3.5009017309270325,0.3145301218572244,0.9222218460559677,0.8752254327317571,0.1572650609286122
12,830,b0451,2.0,2.0,3.5,4.5,4.0,0,True,0.0,1.4187269741401032,2.1832181868958767,0.4128340583614,0.7093634870700514,0.5458045467239688,0.20641702918069973
12,831,b0452,2.0,2.0,4.0,4.0,0.0,0,True,-0.0,0.6140009571265607,0.8671221033418068,0.7000892285912377,0.3070004785632804,0.2167805258354518,0.3500446142956189
12,832,b0452,2.0,2.0,4.0,4.0,1.0,0,True,0.0,1.5204221151627761,2.4001261155562443,0.2973931863378751,0.7602110575813876,0.6000315288890603,0.14869659316893719
12,833,b0452,2.0,2.0,4.0,4.0,2.0,0,True,0.0,1.5538276759984955,3.0929555588155373,0.8237567068720302,0.7769138379992478,0.7732388897038845,0.4118783534360151
12,834,b0452,2.0,2.0,4.0,4.0,3.0,0,True,-0.0,1.891873816451171,3.667629244653713,0.2973931863378751,0.9459369082255848,0.9169073111634269,0.14869659316893719
12,835,b0452,2.0,2.0,4.0,4.0,4.0,0,True,0.0,1.2444672984888896,2.1076776980526084,0.7476488755053227,0.6222336492444451,0.5269194245131525,0.37382443775266133
12,836,b0453,2.0,2.0,4.5,3.5,1.0,0,True,0.0,1.2507684252527795,1.6633508511648383,0.3145301218572244,0.6253842126263895,0.4158377127912091,0.15726506092861167
12,837,b0453,2.0,2.0,4.5,3.5,2.0,0,True,0.0,1.6764851432246117,2.9810343951959903,0.41283405836139947,0.8382425716123045,0.7452585987989951,0.2064170291806992
12,838,b0453,2.0,2.0,4.5,3.5,3.0,0,True,-0.0,1.8444436921119358,3.50090173092703,0.3145301218572244,0.9222218460559672,0.8752254327317561,0.15726506092861184
12,839,b0453,2.0,2.0,4.5,3.5,4.0,0,True,0.0,1.4187269741401027,2.183218186895875,0.41283405836139897,0.7093634870700511,0.5458045467239683,0.2064170291806992
12,840,b0454,2.0,2.0,5.0,3.0,2.0,0,True,0.0,0.7939803467642096,1.3892253728646333,0.8711030833470966,0.396990173382105,0.3473063432161586,0.4355515416735484
12,841,b0454,2.0,2.0,5.0,3.0,3.0,0,True,0.0,1.7496974308322466,3.061441099460964,0.0,0.8748487154161232,0.7653602748652409,0.0
12,842,b0454,2.0,2.0,5.0,3.0,4.0,0,True,0.0,0.9557170840680367,1.6722157265963296,0.8711030833470967,0.47785854203401823,0.4180539316490824,0.4355515416735485
12,843,b0455,2.0,2.0,5.5,2.5,3.0,0,True,-0.0,1.3145701043447118,1.7280945592368664,0.0,0.6572850521723559,0.4320236398092166,0.0
12,844,b0455,2.0,2.0,5.5,2.5,4.0,0,True,0.0,1.3145701043447118,1.7280945592368664,0.0,0.6572850521723559,0.4320236398092166,0.0
12,845,b0456,2.0,2.0,6.0,2.0,4.0,0,True,0.0,0.0,0.0,0.0,0.0,0.0,0.0
12,846,b0457,2.0,2.5,1.5,6.0,4.5,0,True,0.0,0.0,0.0,0.0,0.0,0.0,0.0
12,847,b0458,2.0,2.5,2.0,5.5,3.5,0,True,0.0,1.3145701043447113,1.7280945592368653,0.0,0.6572850521723557,0.4320236398092163,0.0
12,848,b0458,2.0,2.5,2.0,5.5,4.5,0,True,0.0,1.3145701043447113,1.7280945592368653,0.0,0.6572850521723557,0.4320236398092163,0.0
12,849,b0459,2.0,2.5,2.5,5.0,2.5,0,True,0.0,0.8348752744117421,1.4800848950338523,0.8849113917278784,0.4174376372058711,0.37002122375846314,0.4424556958639392
12,850,b0459,2.0,2.5,2.5,5.0,3.5,0,True,0.0,1.7728215703557977,3.1428963203187967,0.0,0.8864107851778986,0.7857240800796987,0.0
12,851,b0459,2.0,2.5,2.5,5.0,4.5,0,True,0.0,0.9379462959440558,1.6628114252849449,0.8849113917278784,0.46897314797202777,0.41570285632123605,0.4424556958639391
12,852,b0460,2.0,2.5,3.0,4.5,1.5,0,True,0.0,1.3123569971450286,1.8373754199174381,0.3392558502987405,0.6561784985725139,0.4593438549793589,0.16962792514937025
12,853,b0460,2.0,2.5,3.0,4.5,2.5,0,True,0.0,1.7552834710644925,3.251046076917779,0.41234210690343764,0.8776417355322451,0.8127615192294426,0.20617105345171854
12,854,b0460,2.0,2.5,3.0,4.5,3.5,0,True,0.0,1.8793028837619423,3.646873860877874,0.33925585029874084,0.9396514418809704,0.911718465219467,0.16962792514937008
12,855,b0460,2.0,2.5,3.0,4.5,4.5,0,True,0.0,1.436376409842478,2.2332032038775322,0.41234210690343764,0.7181882049212388,0.5583008009693827,0.20617105345171854
12,856,b0461,2.0,2.5,3.5,4.0,0.5,0,True,0.0,0.7263489429165197,1.1146555749581701,0.7662067528299555,0.36317447145826015,0.27866389373954276,0.38310337641497777
12,857,b0461,2.0,2.5,3.5,4.0,1.5,0,True,0.0,1.664238204394128,2.874582133479901,0.32387240159499536,0.8321191021970646,0.7186455333699765,0.16193620079749801
12,858,b0461,2.0,2.5,3.5,4.0,2.5,0,True,0.0,1.6555998415155242,3.5171824276914294,0.881006011594246,0.8277999207577621,0.8792956069228576,0.4405030057971232
12,859,b0461,2.0,2.5,3.5,4.0,3.5,0,True,0.0,1.9541926754816028,3.923762345420855,0.32387240159499536,0.977096337740802,0.9809405863552149,0.16193620079749768
12,860,b0461,2.0,2.5,3.5,4.0,4.5,0,True,0.0,1.236482095443687,2.166506476251157,0.7985101777049219,0.6182410477218434,0.5416266190627893,0.39925508885246114
12,861,b0462,2.0,2.5,4.0,3.5,0.5,0,True,0.0,0.7263489429165199,1.1146555749581704,0.7662067528299555,0.36317447145825993,0.27866389373954237,0.38310337641497744
12,862,b0462,2.0,2.5,4.0,3.5,1.5,0,True,0.0,1.6642382043941273,2.874582133479899,0.32387240159499536,0.8321191021970636,0.7186455333699747,0.16193620079749768
12,863,b0462,2.0,2.5,4.0,3.5,2.5,0,True,0.0,1.6555998415155242,3.51718242769143,0.8810060115942462,0.8277999207577613,0.8792956069228559,0.4405030057971227
12,864,b0462,2.0,2.5,4.0,3.5,3.5,0,True,-0.0,1.9541926754816028,3.923762345420855,0.32387240159499536,0.977096337740801,0.9809405863552129,0.16193620079749768
12,865,b0462,2.0,2.5,4.0,3.5,4.5,0,True,0.0,1.2364820954436866,2.1665064762511563,0.798510177704922,0.6182410477218427,0.5416266190627882,0.3992550888524608
12,866,b0463,2.0,2.5,4.5,3.0,1.5,0,True,0.0,1.3123569971450284,1.8373754199174375,0.3392558502987405,0.6561784985725136,0.4593438549793587,0.16962792514937042
12,867,b0463,2.0,2.5,4.5,3.0,2.5,0,True,0.0,1.7552834710644925,3.2510460769177785,0.4123421069034371,0.8776417355322457,0.8127615192294437,0.20617105345171882
12,868,b0463,2.0,2.5,4.5,3.0,3.5,0,True,0.0,1.8793028837619414,3.6468738608778706,0.33925585029874017,0.9396514418809704,0.9117184652194671,0.16962792514937042
12,869,b0463,2.0,2.5,4.5,3.0,4.5,0,True,0.0,1.4363764098424774,2.23320320387753,0.4123421069034371,0.7181882049212387,0.5583008009693826,0.20617105345171882
12,870,b0464,2.0,2.5,5.0,2.5,2.5,0,True,0.0,0.8348752744117421,1.480084895033852,0.8849113917278782,0.4174376372058711,0.37002122375846314,0.4424556958639392
12,871,b0464,2.0,2.5,5.0,2.5,3.5,0,True,0.0,1.7728215703557975,3.142896320318796,0.0,0.8864107851778986,0.7857240800796987,0.0
12,872,b0464,2.0,2.5,5.0,2.5,4.5,0,True,0.0,0.9379462959440555,1.6628114252849442,0.8849113917278782,0.46897314797202777,0.41570285632123605,0.4424556958639391
12,873,b0465,2.0,2.5,5.5,2.0,3.5,0,True,0.0,1.3145701043447113,1.7280945592368653,0.0,0.6572850521723557,0.4320236398092163,0.0
12,874,b0465,2.0,2.5,5.5,2.0,4.5,0,True,0.0,1.3145701043447113,1.7280945592368653,0.0,0.6572850521723557,0.4320236398092163,0.0
12,875,b0466,2.0,2.5,6.0,1.5,4.5,0,True,0.0,0.0,0.0,0.0,0.0,0.0,0.0
12,876,b0467,2.0,3.0,1.0,6.0,5.0,0,True,0.0,0.0,0.0,0.0,0.0,0.0,0.0
12,877,b0468,2.0,3.0,1.5,5.5,4.0,0,True,0.0,1.2803962065704428,1.6394144457999802,0.0,0.6401981032852213,0.4098536114499949,0.0
12,878,b0468,2.0,3.0,1.5,5.5,5.0,0,True,0.0,1.2803962065704428,1.6394144457999802,0.0,0.6401981032852213,0.4098536114499949,0.0
12,879,b0469,2.0,3.0,2.0,5.0,3.0,0,True,0.0,0.8576948190354148,1.5007064213043932,0.8746805237938022,0.42884740951770745,0.3751766053260985,0.4373402618969013
12,880,b0469,2.0,3.0,2.0,5.0,4.0,0,True,0.0,1.7496974308322455,3.0614410994609607,0.0,0.8748487154161229,0.7653602748652403,0.0
12,881,b0469,2.0,3.0,2.0,5.0,5.0,0,True,0.0,0.8920026117968307,1.5607346781565676,0.8746805237938022,0.44600130589841563,0.3901836695391423,0.4373402618969013
12,882,b0470,2.0,3.0,2.5,4.5,2.0,0,True,0.0,1.3309177255759383,1.8966149522107822,0.35393920376041077,0.6654588627879688,0.4741537380526951,0.17696960188020538
12,883,b0470,2.0,3.0,2.5,4.5,3.0,0,True,0.0,1.7808747784465049,3.3327248259889055,0.4015094637515006,0.8904373892232526,0.8331812064972265,0.20075473187575002
12,884,b0470,2.0,3.0,2.5,4.5,4.0,0,True,-0.0,1.860742155331029,3.587634328584517,0.3539392037604105,0.9303710776655147,0.8969085821461297,0.17696960188020555
12,885,b0470,2.0,3.0,2.5,4.5,5.0,0,True,0.0,1.4107851024604636,2.1515244548063985,0.4015094637515009,0.7053925512302314,0.5378811137015989,0.20075473187575002
12,886,b0471,2.0,3.0,3.0,4.0,1.0,0,True,0.0,0.7777369266017033,1.2279271333160569,0.7893366875523989,0.38886846330085145,0.306981783329014,0.3946683437761994
12,887,b0471,2.0,3.0,3.0,4.0,2.0,0,True,0.0,1.724789289851135,3.0899859711191664,0.3392460415892631,0.8623946449255675,0.7724964927797915,0.1696230207946312
12,888,b0471,2.0,3.0,3.0,4.0,3.0,0,True,0.0,1.7042088903494799,3.7021866547701556,0.8932293730190193,0.8521044451747397,0.9255466636925384,0.44661468650950936
12,889,b0471,2.0,3.0,3.0,4.0,4.0,0,True,0.0,1.9535089244318162,3.9312849945687356,0.3392460415892631,0.9767544622159077,0.9828212486421829,0.1696230207946312
12,890,b0471,2.0,3.0,3.0,4.0,5.0,0,True,0.0,1.1963523973317685,2.0911571776016915,0.8123411346227778,0.5981761986658843,0.5227892944004229,0.4061705673113887
12,891,b0472,2.0,3.0,3.5,3.5,1.0,0,True,0.0,0.8914957192270159,1.4800751361309568,0.8278348378335273,0.44574785961350794,0.370018784032739,0.4139174189167635
12,892,b0472,2.0,3.0,3.5,3.5,2.0,0,True,0.0,1.8102754990494239,3.3932250991586086,0.3407751703102324,0.9051377495247112,0.8483062747896505,0.17038758515511557
12,893,b0472,2.0,3.0,3.5,3.5,3.0,0,True,0.0,1.7211656529811408,3.8445758887675727,0.9392362236229904,0.8605828264905695,0.9611439721918913,0.4696181118114949
12,894,b0472,2.0,3.0,3.5,3.5,4.0,0,True,0.0,1.9801589204484251,4.0371570669314405,0.3407751703102324,0.9900794602242114,1.0092892667328577,0.17038758515511557
12,895,b0472,2.0,3.0,3.5,3.5,5.0,0,True,0.0,1.1777730472896926,2.1057311411915203,0.8476920373988844,0.5888865236448457,0.526432785297879,0.4238460186994417
12,896,b0473,2.0,3.0,4.0,3.0,1.0,0,True,0.0,0.7777369266017028,1.2279271333160557,0.7893366875523988,0.38886846330085145,0.30698178332901394,0.39466834377619936
12,897,b0473,2.0,3.0,4.0,3.0,2.0,0,True,0.0,1.7247892898511348,3.089985971119166,0.3392460415892631,0.8623946449255674,0.7724964927797915,0.16962302079463154
12,898,b0473,2.0,3.0,4.0,3.0,3.0,0,True,0.0,1.7042088903494799,3.702186654770155,0.8932293730190191,0.8521044451747397,0.9255466636925384,0.44661468650950936
12,899,b0473,2.0,3.0,4.0,3.0,4.0,0,True,0.0,1.9535089244318162,3.9312849945687356,0.3392460415892631,0.9767544622159083,0.9828212486421842,0.1696230207946312
12,900,b0473,2.0,3.0,4.0,3.0,5.0,0,True,0.0,1.196352397331769,2.0911571776016924,0.8123411346227777,0.5981761986658845,0.5227892944004232,0.40617056731138895
12,901,b0474,2.0,3.0,4.5,2.5,2.0,0,True,0.0,1.3309177255759383,1.8966149522107822,0.35393920376041077,0.6654588627879697,0.47415373805269645,0.17696960188020572
12,902,b0474,2.0,3.0,4.5,2.5,3.0,0,True,0.0,1.780874778446505,3.3327248259889064,0.4015094637515006,0.8904373892232524,0.8331812064972264,0.2007547318757503
12,903,b0474,2.0,3.0,4.5,2.5,4.0,0,True,0.0,1.8607421553310295,3.5876343285845187,0.3539392037604111,0.9303710776655156,0.8969085821461315,0.17696960188020586
12,904,b0474,2.0,3.0,4.5,2.5,5.0,0,True,0.0,1.4107851024604636,2.1515244548063985,0.4015094637515009,0.7053925512302321,0.5378811137016001,0.2007547318757503
12,905,b0475,2.0,3.0,5.0,2.0,3.0,0,True,0.0,0.8576948190354149,1.5007064213043935,0.8746805237938022,0.42884740951770745,0.3751766053260985,0.4373402618969013
12,906,b0475,2.0,3.0,5.0,2.0,4.0,0,True,0.0,1.7496974308322455,3.0614410994609607,0.0,0.8748487154161229,0.7653602748652403,0.0
12,907,b0475,2.0,3.0,5.0,2.0,5.0,0,True,0.0,0.8920026117968308,1.5607346781565679,0.8746805237938022,0.44600130589841563,0.3901836695391423,0.4373402618969013
12,908,b0476,2.0,3.0,5.5,1.5,4.0,0,True,0.0,1.2803962065704428,1.6394144457999802,0.0,0.6401981032852213,0.4098536114499949,0.0
12,909,b0476,2.0,3.0,5.5,1.5,5.0,0,True,0.0,1.2803962065704428,1.6394144457999802,0.0,0.6401981032852213,0.4098536114499949,0.0
12,910,b0477,2.0,3.0,6.0,1.0,5.0,0,True,0.0,0.0,0.0,0.0,0.0,0.0,0.0
12,911,b0478,2.0,3.5,0.5,6.0,5.5,0,True,0.0,0.0,0.0,0.0,0.0,0.0,0.0
12,912,b0479,2.0,3.5,1.0,5.5,4.5,0,True,0.0,1.2024257315046567,1.4458276397845087,0.0,0.6012128657523284,0.36145690994612717,0.0
12,913,b0479,2.0,3.5,1.0,5.5,5.5,0,True,0.0,1.2024257315046567,1.4458276397845087,0.0,0.6012128657523284,0.36145690994612717,0.0
12,914,b0480,2.0,3.5,1.5,5.0,3.5,0,True,0.0,0.8723404952879641,1.4604627125925014,0.8363520627542272,0.43617024764398193,0.3651156781481251,0.41817603137711346
12,915,b0480,2.0,3.5,1.5,5.0,4.5,0,True,-0.0,1.6741888293405371,2.8029082362886384,0.0,0.8370944146702683,0.7007270590721592,0.0
12,916,b0480,2.0,3.5,1.5,5.0,5.5,0,True,0.0,0.8018483340525735,1.3424455236961383,0.8363520627542272,0.4009241670262865,0.3356113809240343,0.41817603137711346
12,917,b0481,2.0,3.5,2.0,4.5,2.5,0,True,0.0,1.314792228541512,1.8615181029038976,0.3644715334161811,0.657396114270756,0.46537952572597435,0.18223576670809039
12,918,b0481,2.0,3.5,2.0,4.5,3.5,0,True,0.0,1.76295885156264,3.248688865077318,0.3750532665825685,0.8814794257813197,0.8121722162693287,0.18752663329128394
12,919,b0481,2.0,3.5,2.0,4.5,4.5,0,True,-0.0,1.7804198888232035,3.3027344791879707,0.3644715334161814,0.8902099444116012,0.8256836197969916,0.18223576670809039
12,920,b0481,2.0,3.5,2.0,4.5,5.5,0,True,0.0,1.3322532658020747,1.9155637170145485,0.37505326658256816,0.6661266329010371,0.4788909292536368,0.18752663329128408
12,921,b0482,2.0,3.5,2.5,4.0,1.5,0,True,0.0,0.8131905412014864,1.277611737784262,0.7850687113143,0.40659527060074296,0.31940293444606505,0.3925343556571496
12,922,b0482,2.0,3.5,2.5,4.0,2.5,0,True,0.0,1.7335751431324382,3.125473053726654,0.3466846936915455,0.866787571566218,0.7813682634316617,0.17334234684577274
12,923,b0482,2.0,3.5,2.5,4.0,3.5,0,True,0.0,1.7063722405676196,3.673944539738786,0.873062607353578,0.853186120283809,0.9184861349346949,0.4365313036767886
12,924,b0482,2.0,3.5,2.5,4.0,4.5,0,True,0.0,1.8848557367432939,3.672871425174106,0.3466846936915455,0.9424278683716464,0.9182178562935254,0.17334234684577274
12,925,b0482,2.0,3.5,2.5,4.0,5.5,0,True,0.0,1.0988680981066266,1.846788201377714,0.7995480625586178,0.5494340490533127,0.4616970503444277,0.39977403127930866
12,926,b0483,2.0,3.5,3.0,3.5,1.5,0,True,-0.0,0.974645372054818,1.6499313552945167,0.8366586843071923,0.4873226860274086,0.4124828388236285,0.41832934215359585
12,927,b0483,2.0,3.5,3.0,3.5,2.5,0,True,0.0,1.862184322254674,3.589982089311417,0.34964501892679367,0.9310921611273362,0.8974955223278528,0.17482250946339684
12,928,b0483,2.0,3.5,3.0,3.5,3.5,0,True,0.0,1.7414339300369588,3.909071529099136,0.9362047833755008,0.8707169650184791,0.9772678822747833,0.4681023916877503
12,929,b0483,2.0,3.5,3.0,3.5,4.5,0,True,0.0,1.928250097243174,3.8404000767786277,0.34964501892679367,0.9641250486215862,0.9601000191946554,0.1748225094633965
12,930,b0483,2.0,3.5,3.0,3.5,5.5,0,True,0.0,1.074355117406071,1.8713792816963908,0.846841403923886,0.5371775587030352,0.4678448204240972,0.42342070196194276
12,931,b0484,2.0,3.5,3.5,3.0,1.5,0,True,0.0,0.9746453720548178,1.6499313552945163,0.8366586843071923,0.4873226860274086,0.4124828388236284,0.41832934215359574
12,932,b0484,2.0,3.5,3.5,3.0,2.5,0,True,0.0,1.862184322254674,3.589982089311417,0.34964501892679367,0.9310921611273364,0.897495522327853,0.1748225094633962
12,933,b0484,2.0,3.5,3.5,3.0,3.5,0,True,0.0,1.7414339300369586,3.909071529099136,0.9362047833755013,0.8707169650184782,0.9772678822747815,0.46810239168775
12,934,b0484,2.0,3.5,3.5,3.0,4.5,0,True,0.0,1.928250097243174,3.8404000767786277,0.34964501892679367,0.9641250486215862,0.9601000191946553,0.1748225094633962
12,935,b0484,2.0,3.5,3.5,3.0,5.5,0,True,0.0,1.0743551174060713,1.8713792816963915,0.8468414039238861,0.5371775587030351,0.4678448204240969,0.4234207019619426
12,936,b0485,2.0,3.5,4.0,2.5,1.5,0,True,0.0,0.8131905412014867,1.2776117377842626,0.7850687113143,0.40659527060074324,0.31940293444606566,0.3925343556571501
12,937,b0485,2.0,3.5,4.0,2.5,2.5,0,True,0.0,1.733575143132438,3.1254730537266537,0.3466846936915455,0.8667875715662192,0.7813682634316638,0.17334234684577274
12,938,b0485,2.0,3.5,4.0,2.5,3.5,0,True,0.0,1.7063722405676196,3.673944539738787,0.8730626073535784,0.8531861202838104,0.9184861349346978,0.4365313036767894
12,939,b0485,2.0,3.5,4.0,2.5,4.5,0,True,0.0,1.8848557367432934,3.672871425174104,0.3466846936915455,0.9424278683716474,0.9182178562935274,0.17334234684577307
12,940,b0485,2.0,3.5,4.0,2.5,5.5,0,True,0.0,1.0988680981066268,1.8467882013777146,0.7995480625586179,0.5494340490533133,0.46169705034442854,0.39977403127930894
12,941,b0486,2.0,3.5,4.5,2.0,2.5,0,True,0.0,1.3147922285415117,1.8615181029038972,0.3644715334161811,0.657396114270756,0.4653795257259744,0.18223576670809055
12,942,b0486,2.0,3.5,4.5,2.0,3.5,0,True,0.0,1.76295885156264,3.248688865077318,0.3750532665825685,0.8814794257813197,0.8121722162693288,0.18752663329128424
12,943,b0486,2.0,3.5,4.5,2.0,4.5,0,True,0.0,1.7804198888232037,3.302734479187971,0.36447153341618077,0.8902099444116014,0.825683619796992,0.18223576670809039
12,944,b0486,2.0,3.5,4.5,2.0,5.5,0,True,0.0,1.3322532658020747,1.9155637170145485,0.37505326658256816,0.6661266329010375,0.4788909292536373,0.18752663329128424
12,945,b0487,2.0,3.5,5.0,1.5,3.5,0,True,0.0,0.8723404952879644,1.460462712592502,0.8363520627542272,0.43617024764398193,0.3651156781481251,0.41817603137711346
12,946,b0487,2.0,3.5,5.0,1.5,4.5,0,True,0.0,1.6741888293405376,2.8029082362886397,0.0,0.8370944146702683,0.7007270590721592,0.0
12,947,b0487,2.0,3.5,5.0,1.5,5.5,0,True,0.0,0.8018483340525734,1.3424455236961383,0.8363520627542274,0.4009241670262865,0.3356113809240343,0.41817603137711346
12,948,b0488,2.0,3.5,5.5,1.0,4.5,0,True,0.0,1.2024257315046567,1.4458276397845087,0.0,0.6012128657523284,0.36145690994612717,0.0
12,949,b0488,2.0,3.5,5.5,1.0,5.5,0,True,0.0,1.2024257315046567,1.4458276397845087,0.0,0.6012128657523284,0.36145690994612717,0.0
12,950,b0489,2.0,3.5,6.0,0.5,5.5,0,True,0.0,0.0,0.0,0.0,0.0,0.0,0.0
12,951,b0490,2.0,4.0,0.0,6.0,6.0,0,False,0.0,0.0,0.0,0.0,0.0,0.0,0.0
12,952,b0491,2.0,4.0,0.5,5.5,5.0,0,True,0.0,1.0454391248975972,1.0929429638666537,0.0,0.5227195624487986,0.2732357409666634,0.0
12,953,b0491,2.0,4.0,0.5,5.5,6.0,0,True,0.0,1.0454391248975972,1.0929429638666537,0.0,0.5227195624487986,0.2732357409666634,0.0
12,954,b0492,2.0,4.0,1.0,5.0,4.0,0,True,0.0,0.900204191371044,1.3677632803474953,0.7465893745463433,0.4501020956855221,0.3419408200868741,0.3732946872731719
12,955,b0492,2.0,4.0,1.0,5.0,5.0,0,True,-0.0,1.519392259509858,2.3085528382584712,0.0,0.7596961297549294,0.5771382095646185,0.0
12,956,b0492,2.0,4.0,1.0,5.0,6.0,0,True,0.0,0.619188068138814,0.9407895579109765,0.7465893745463432,0.30959403406940733,0.2351973894777445,0.3732946872731718
12,957,b0493,2.0,4.0,1.5,4.5,3.0,0,True,0.0,1.2576089559538601,1.7267788862980766,0.3810493409031415,0.62880447797693,0.43169472157451905,0.19052467045157076
12,958,b0493,2.0,4.0,1.5,4.5,4.0,0,True,0.0,1.6997503637243474,2.9912594055097856,0.3195435909680151,0.8498751818621745,0.7478148513774475,0.15977179548400722
12,959,b0493,2.0,4.0,1.5,4.5,5.0,0,True,0.0,1.602291738685652,2.712537416063008,0.38104934090314124,0.8011458693428261,0.6781343540157522,0.19052467045157093
12,960,b0493,2.0,4.0,1.5,4.5,6.0,0,True,0.0,1.1601503309151646,1.4480568968513,0.31954359096801477,0.5800751654575822,0.3620142242128248,0.15977179548400722
12,961,b0494,2.0,4.0,2.0,4.0,2.0,0,True,0.0,0.8607564895086084,1.2952545570850065,0.744548737728984,0.43037824475430364,0.323813639271251,0.37227436886449183
12,962,b0494,2.0,4.0,2.0,4.0,3.0,0,True,-0.0,1.6961627050196508,2.9998050153442932,0.35048123123031033,0.8480813525098254,0.7499512538360733,0.17524061561515517
12,963,b0494,2.0,4.0,2.0,4.0,4.0,0,True,0.0,1.6684353339258862,3.4314090051542228,0.8048183283585428,0.834217666962943,0.8578522512885554,0.4024091641792713
12,964,b0494,2.0,4.0,2.0,4.0,5.0,0,True,0.0,1.7161332265942966,3.0679503448656655,0.35048123123031033,0.8580666132971475,0.766987586216415,0.17524061561515517
12,965,b0494,2.0,4.0,2.0,4.0,6.0,0,True,0.0,0.8831041081794538,1.3410917979707333,0.7491454679081392,0.4415520540897268,0.33527294949268305,0.37457273395406937
12,966,b0495,2.0,4.0,2.5,3.5,2.0,0,True,-0.0,1.045582214717468,1.7251921344889163,0.7949528078794558,0.5227911073587341,0.4312980336222293,0.39747640393972805
12,967,b0495,2.0,4.0,2.5,3.5,3.0,0,True,0.0,1.849136707696285,3.5436245874712307,0.35258761141221956,0.9245683538481433,0.8859061468678092,0.1762938057061101
12,968,b0495,2.0,4.0,2.5,3.5,4.0,0,True,0.0,1.7191830870816909,3.7134986162479464,0.8705791918833196,0.8595915435408462,0.9283746540619882,0.43528959594166
12,969,b0495,2.0,4.0,2.5,3.5,5.0,0,True,0.0,1.7692941721794444,3.2547198914295197,0.35258761141221956,0.8846470860897234,0.8136799728573822,0.1762938057061101
12,970,b0495,2.0,4.0,2.5,3.5,6.0,0,True,0.0,0.8536655780765708,1.359653728163889,0.7942976828438335,0.4268327890382856,0.33991343204097246,0.3971488414219168
12,971,b0496,2.0,4.0,3.0,3.0,2.0,0,True,0.0,1.0934210476848476,1.848613412583761,0.8081112702242998,0.546710523842424,0.4621533531459406,0.40405563511215
12,972,b0496,2.0,4.0,3.0,3.0,3.0,0,True,0.0,1.8925170218769671,3.706938588315514,0.3540026980426127,0.946258510938485,0.9267346470788814,0.17700134902130665
12,973,b0496,2.0,4.0,3.0,3.0,4.0,0,True,0.0,1.7368236027192796,3.804285720821494,0.8875412631865159,0.86841180135964,0.9510714302053742,0.4437706315932582
12,974,b0496,2.0,4.0,3.0,3.0,5.0,0,True,0.0,1.7857811924059834,3.314332377372385,0.3540026980426127,0.892890596202992,0.8285830943430971,0.17700134902130665
12,975,b0496,2.0,4.0,3.0,3.0,6.0,0,True,0.0,0.8480535638788242,1.368371832282647,0.8057152009705861,0.4240267819394121,0.34209295807066187,0.40285760048529323
12,976,b0497,2.0,4.0,3.5,2.5,2.0,0,True,0.0,1.0455822147174685,1.7251921344889172,0.7949528078794558,0.5227911073587338,0.43129803362222846,0.3974764039397274
12,977,b0497,2.0,4.0,3.5,2.5,3.0,0,True,0.0,1.849136707696285,3.5436245874712307,0.35258761141221956,0.9245683538481421,0.8859061468678068,0.17629380570610978
12,978,b0497,2.0,4.0,3.5,2.5,4.0,0,True,0.0,1.7191830870816909,3.713498616247946,0.8705791918833192,0.8595915435408449,0.928374654061985,0.4352895959416591
12,979,b0497,2.0,4.0,3.5,2.5,5.0,0,True,0.0,1.7692941721794446,3.2547198914295206,0.35258761141221956,0.884647086089722,0.8136799728573795,0.17629380570610947
12,980,b0497,2.0,4.0,3.5,2.5,6.0,0,True,0.0,0.8536655780765704,1.359653728163888,0.7942976828438334,0.42683278903828503,0.3399134320409718,0.39714884142191664
12,981,b0498,2.0,4.0,4.0,2.0,2.0,0,True,0.0,0.8607564895086082,1.2952545570850058,0.7445487377289838,0.4303782447543038,0.3238136392712513,0.372274368864492
12,982,b0498,2.0,4.0,4.0,2.0,3.0,0,True,0.0,1.6961627050196506,2.999805015344292,0.3504812312303097,0.8480813525098257,0.7499512538360739,0.17524061561515517
12,983,b0498,2.0,4.0,4.0,2.0,4.0,0,True,0.0,1.6684353339258862,3.4314090051542223,0.8048183283585426,0.8342176669629431,0.8578522512885557,0.4024091641792714
12,984,b0498,2.0,4.0,4.0,2.0,5.0,0,True,0.0,1.7161332265942966,3.067950344865665,0.3504812312303097,0.8580666132971481,0.766987586216416,0.17524061561515517
12,985,b0498,2.0,4.0,4.0,2.0,6.0,0,True,0.0,0.8831041081794537,1.341091797970733,0.7491454679081392,0.4415520540897272,0.3352729494926835,0.3745727339540695
12,986,b0499,2.0,4.0,4.5,1.5,3.0,0,True,0.0,1.2576089559538601,1.7267788862980766,0.3810493409031415,0.6288044779769298,0.4316947215745188,0.19052467045157062
12,987,b0499,2.0,4.0,4.5,1.5,4.0,0,True,0.0,1.6997503637243478,2.991259405509787,0.3195435909680151,0.8498751818621739,0.7478148513774467,0.15977179548400755
12,988,b0499,2.0,4.0,4.5,1.5,5.0,0,True,0.0,1.6022917386856521,2.7125374160630087,0.38104934090314185,0.8011458693428263,0.6781343540157525,0.19052467045157062
12,989,b0499,2.0,4.0,4.5,1.5,6.0,0,True,0.0,1.160150330915165,1.448056896851301,0.31954359096801477,0.5800751654575824,0.36201422421282514,0.15977179548400755
12,990,b0500,2.0,4.0,5.0,1.0,4.0,0,True,0.0,0.9002041913710443,1.367763280347496,0.7465893745463433,0.45010209568552173,0.3419408200868734,0.3732946872731714
12,991,b0500,2.0,4.0,5.0,1.0,5.0,0,True,0.0,1.519392259509858,2.3085528382584712,0.0,0.7596961297549283,0.5771382095646168,0.0
12,992,b0500,2.0,4.0,5.0,1.0,6.0,0,True,0.0,0.6191880681388139,0.9407895579109766,0.7465893745463434,0.30959403406940683,0.23519738947774382,0.37329468727317133
12,993,b0501,2.0,4.0,5.5,0.5,5.0,0,True,0.0,1.0454391248975974,1.0929429638666541,0.0,0.5227195624487987,0.27323574096666353,0.0
12,994,b0501,2.0,4.0,5.5,0.5,6.0,0,True,0.0,1.0454391248975974,1.0929429638666541,0.0,0.5227195624487987,0.27323574096666353,0.0
12,995,b0502,2.0,4.0,6.0,0.0,6.0,0,False,0.0,0.0,0.0,0.0,0.0,0.0,0.0
12,996,b0503,2.0,4.5,0.0,5.5,5.5,0,False,0.0,0.0,0.0,0.0,0.0,0.0,0.0
12,997,b0504,2.0,4.5,0.5,5.0,4.5,0,True,0.0,1.1569685776714969,1.3385762897192064,0.0,0.5784842888357484,0.3346440724298016,0.0
12,998,b0504,2.0,4.5,0.5,5.0,5.5,0,True,0.0,1.1569685776714969,1.3385762897192064,0.0,0.5784842888357484,0.3346440724298016,0.0
12,999,b0505,2.0,4.5,1.0,4.5,3.5,0,True,0.0,0.7904201283115814,1.2576417763924042,0.7955361696065789,0.3952100641557908,0.31441044409810104,0.39776808480328935
12,1000,b0505,2.0,4.5,1.0,4.5,4.5,0,True,0.0,1.591105453094743,2.5316165628678275,0.0,0.7955527265473714,0.6329041407169567,0.0
12,1001,b0505,2.0,4.5,1.0,4.5,5.5,0,True,0.0,0.8006853247831621,1.2739747864754252,0.7955361696065789,0.40034266239158095,0.3184936966188562,0.3977680848032894
12,1002,b0506,2.0,4.5,1.5,4.0,2.5,0,True,0.0,1.153118506070602,1.4279465760937509,0.313471349649779,0.5765592530353009,0.3569866440234376,0.1567356748248895
12,1003,b0506,2.0,4.5,1.5,4.0,3.5,0,True,-0.0,1.5919783955802924,2.6830422789519353,0.3855477492575119,0.795989197790145,0.6707605697379819,0.19277387462875595
12,1004,b0506,2.0,4.5,1.5,4.0,4.5,0,True,0.0,1.706782188568912,3.0113697262673393,0.31347134964977935,0.8533910942844555,0.7528424315668338,0.15673567482488932
12,1005,b0506,2.0,4.5,1.5,4.0,5.5,0,True,0.0,1.267922299059222,1.7562740234091565,0.3855477492575119,0.6339611495296111,0.43906850585228924,0.1927738746287558
12,1006,b0507,2.0,4.5,2.0,3.5,2.5,0,True,0.0,1.3147922285415117,1.8615181029038974,0.3644715334161814,0.6573961142707563,0.4653795257259749,0.1822357667080907
12,1007,b0507,2.0,4.5,2.0,3.5,3.5,0,True,0.0,1.7629588515626406,3.2486888650773205,0.37505326658256904,0.8814794257813202,0.8121722162693299,0.18752663329128452
12,1008,b0507,2.0,4.5,2.0,3.5,4.5,0,True,0.0,1.780419888823203,3.302734479187969,0.36447153341618077,0.8902099444116024,0.8256836197969939,0.1822357667080907
12,1009,b0507,2.0,4.5,2.0,3.5,5.5,0,True,0.0,1.3322532658020751,1.91556371701455,0.37505326658256877,0.6661266329010378,0.4788909292536378,0.18752663329128438
12,1010,b0508,2.0,4.5,2.5,3.0,2.5,0,True,0.0,1.3773195466532153,2.044713782944151,0.3843236258039993,0.6886597733266073,0.5111784457360373,0.19216181290199966
12,1011,b0508,2.0,4.5,2.5,3.0,3.5,0,True,0.0,1.8320573932105306,3.4960823241311627,0.3736951058199693,0.916028696605265,0.8740205810327901,0.18684755290998464
12,1012,b0508,2.0,4.5,2.5,3.0,4.5,0,True,0.0,1.8143403342537539,3.4395354978511556,0.3843236258039993,0.907170167126876,0.8598838744627874,0.19216181290199966
12,1013,b0508,2.0,4.5,2.5,3.0,5.5,0,True,0.0,1.359602487696437,1.988166956664138,0.373695105819969,0.6798012438482183,0.49704173916603417,0.1868475529099845
12,1014,b0509,2.0,4.5,3.0,2.5,2.5,0,True,0.0,1.3773195466532155,2.0447137829441515,0.38432362580399904,0.6886597733266073,0.5111784457360373,0.19216181290199966
12,1015,b0509,2.0,4.5,3.0,2.5,3.5,0,True,0.0,1.8320573932105313,3.4960823241311654,0.3736951058199693,0.916028696605265,0.8740205810327901,0.18684755290998464
12,1016,b0509,2.0,4.5,3.0,2.5,4.5,0,True,0.0,1.8143403342537539,3.4395354978511556,0.3843236258039993,0.907170167126876,0.8598838744627874,0.19216181290199966
12,1017,b0509,2.0,4.5,3.0,2.5,5.5,0,True,0.0,1.359602487696437,1.988166956664138,0.373695105819969,0.6798012438482183,0.49704173916603417,0.1868475529099845
12,1018,b0510,2.0,4.5,3.5,2.0,2.5,0,True,0.0,1.314792228541512,1.8615181029038979,0.3644715334161814,0.6573961142707556,0.46537952572597396,0.18223576670809055
12,1019,b0510,2.0,4.5,3.5,2.0,3.5,0,True,0.0,1.7629588515626404,3.248688865077319,0.3750532665825685,0.8814794257813199,0.8121722162693292,0.18752663329128424
12,1020,b0510,2.0,4.5,3.5,2.0,4.5,0,True,0.0,1.7804198888232032,3.30273447918797,0.3644715334161814,0.8902099444116018,0.8256836197969929,0.1822357667080907
12,1021,b0510,2.0,4.5,3.5,2.0,5.5,0,True,0.0,1.332253265802075,1.9155637170145494,0.37505326658256877,0.6661266329010374,0.4788909292536372,0.18752663329128424
12,1022,b0511,2.0,4.5,4.0,1.5,2.5,0,True,0.0,1.1531185060706017,1.4279465760937504,0.313471349649779,0.5765592530353009,0.3569866440234376,0.1567356748248895
12,1023,b0511,2.0,4.5,4.0,1.5,3.5,0,True,0.0,1.591978395580292,2.683042278951934,0.3855477492575119,0.795989197790145,0.6707605697379819,0.19277387462875595
12,1024,b0511,2.0,4.5,4.0,1.5,4.5,0,True,-0.0,1.7067821885689118,3.0113697262673385,0.31347134964977863,0.8533910942844555,0.7528424315668338,0.15673567482488932
12,1025,b0511,2.0,4.5,4.0,1.5,5.5,0,True,0.0,1.267922299059222,1.7562740234091565,0.3855477492575119,0.6339611495296111,0.43906850585228924,0.1927738746287558
12,1026,b0512,2.0,4.5,4.5,1.0,3.5,0,True,0.0,0.7904201283115816,1.2576417763924044,0.7955361696065788,0.3952100641557908,0.31441044409810104,0.39776808480328935
12,1027,b0512,2.0,4.5,4.5,1.0,4.5,0,True,0.0,1.591105453094743,2.5316165628678275,0.0,0.7955527265473714,0.6329041407169567,0.0
12,1028,b0512,2.0,4.5,4.5,1.0,5.5,0,True,0.0,0.800685324783162,1.273974786475425,0.7955361696065788,0.40034266239158095,0.3184936966188562,0.3977680848032894
12,1029,b0513,2.0,4.5,5.0,0.5,4.5,0,True,0.0,1.1569685776714969,1.3385762897192064,0.0,0.5784842888357484,0.3346440724298016,0.0
12,1030,b0513,2.0,4.5,5.0,0.5,5.5,0,True,0.0,1.1569685776714969,1.3385762897192064,0.0,0.5784842888357484,0.3346440724298016,0.0
12,1031,b0514,2.0,4.5,5.5,0.0,5.5,0,False,0.0,0.0,0.0,0.0,0.0,0.0,0.0
12,1032,b0515,2.0,5.0,0.0,5.0,5.0,0,False,0.0,0.0,0.0,0.0,0.0,0.0,0.0
12,1033,b0516,2.0,5.0,0.5,4.5,4.0,0,True,0.0,1.1569685776714969,1.3385762897192064,0.0,0.5784842888357485,0.33464407242980176,0.0
12,1034,b0516,2.0,5.0,0.5,4.5,5.0,0,True,-0.0,1.1569685776714969,1.3385762897192064,0.0,0.5784842888357485,0.33464407242980176,0.0
12,1035,b0517,2.0,5.0,1.0,4.0,3.0,0,True,0.0,0.6112497595729314,0.9287281533223735,0.7450515987127383,0.3056248797864657,0.23218203833059337,0.37252579935636915
12,1036,b0517,2.0,5.0,1.0,4.0,4.0,0,True,0.0,1.519392259509858,2.3085528382584712,0.0,0.7596961297549288,0.5771382095646177,0.0
12,1037,b0517,2.0,5.0,1.0,4.0,5.0,0,True,0.0,0.9081424999369265,1.3798246849360976,0.7450515987127381,0.45407124996846326,0.3449561712340244,0.37252579935636904
12,1038,b0518,2.0,5.0,1.5,3.5,3.0,0,True,-0.0,0.7832462359487895,1.311302098848486,0.8353606602662943,0.39162311797439475,0.3278255247121216,0.41768033013314726
12,1039,b0518,2.0,5.0,1.5,3.5,4.0,0,True,0.0,1.6741888293405374,2.802908236288639,0.0,0.8370944146702689,0.7007270590721602,0.0
12,1040,b0518,2.0,5.0,1.5,3.5,5.0,0,True,0.0,0.8909425933917479,1.4916061374401526,0.8353606602662944,0.4454712966958741,0.37290153436003837,0.41768033013314726
12,1041,b0519,2.0,5.0,2.0,3.0,3.0,0,True,0.0,0.8576948190354142,1.500706421304392,0.8746805237938021,0.4288474095177071,0.3751766053260979,0.437340261896901
12,1042,b0519,2.0,5.0,2.0,3.0,4.0,0,True,0.0,1.7496974308322462,3.061441099460963,0.0,0.8748487154161227,0.7653602748652402,0.0
12,1043,b0519,2.0,5.0,2.0,3.0,5.0,0,True,0.0,0.8920026117968314,1.5607346781565687,0.8746805237938021,0.4460013058984154,0.39018366953914185,0.437340261896901
12,1044,b0520,2.0,5.0,2.5,2.5,3.0,0,True,0.0,0.8795393837424106,1.5592663914759914,0.8863841514388736,0.43976969187120507,0.38981659786899747,0.4431920757194366
12,1045,b0520,2.0,5.0,2.5,2.5,4.0,0,True,0.0,1.7728215703557983,3.142896320318799,0.0,0.8864107851778985,0.7857240800796985,0.0
12,1046,b0520,2.0,5.0,2.5,2.5,5.0,0,True,0.0,0.8932821866133878,1.5836299288428075,0.8863841514388737,0.4466410933066936,0.3959074822107014,0.4431920757194366
12,1047,b0521,2.0,5.0,3.0,2.0,3.0,0,True,0.0,0.8576948190354147,1.5007064213043928,0.8746805237938021,0.4288474095177071,0.3751766053260979,0.437340261896901
12,1048,b0521,2.0,5.0,3.0,2.0,4.0,0,True,0.0,1.7496974308322457,3.061441099460961,0.0,0.8748487154161227,0.7653602748652402,0.0
12,1049,b0521,2.0,5.0,3.0,2.0,5.0,0,True,0.0,0.892002611796831,1.560734678156568,0.8746805237938021,0.4460013058984154,0.39018366953914185,0.437340261896901
12,1050,b0522,2.0,5.0,3.5,1.5,3.0,0,True,0.0,0.7832462359487894,1.311302098848486,0.8353606602662944,0.39162311797439475,0.3278255247121216,0.41768033013314726
12,1051,b0522,2.0,5.0,3.5,1.5,4.0,0,True,0.0,1.6741888293405376,2.8029082362886397,0.0,0.8370944146702689,0.7007270590721602,0.0
12,1052,b0522,2.0,5.0,3.5,1.5,5.0,0,True,0.0,0.890942593391748,1.491606137440153,0.8353606602662945,0.4454712966958741,0.37290153436003837,0.41768033013314726
12,1053,b0523,2.0,5.0,4.0,1.0,3.0,0,True,0.0,0.6112497595729313,0.928728153322373,0.745051598712738,0.3056248797864656,0.23218203833059325,0.37252579935636904
12,1054,b0523,2.0,5.0,4.0,1.0,4.0,0,True,0.0,1.5193922595098575,2.30855283825847,0.0,0.7596961297549285,0.5771382095646171,0.0
12,1055,b0523,2.0,5.0,4.0,1.0,5.0,0,True,0.0,0.9081424999369262,1.379824684936097,0.7450515987127381,0.4540712499684632,0.34495617123402433,0.37252579935636904
12,1056,b0524,2.0,5.0,4.5,0.5,4.0,0,True,0.0,1.1569685776714969,1.3385762897192064,0.0,0.5784842888357485,0.33464407242980176,0.0
12,1057,b0524,2.0,5.0,4.5,0.5,5.0,0,True,0.0,1.1569685776714969,1.3385762897192064,0.0,0.5784842888357485,0.33464407242980176,0.0
12,1058,b0525,2.0,5.0,5.0,0.0,5.0,0,False,0.0,0.0,0.0,0.0,0.0,0.0,0.0
12,1059,b0526,2.0,5.5,0.0,4.5,4.5,0,False,0.0,0.0,0.0,0.0,0.0,0.0,0.0
12,1060,b0527,2.0,5.5,0.5,4.0,3.5,0,True,0.0,1.0454391248975963,1.092942963866652,0.0,0.5227195624487982,0.2732357409666631,0.0
12,1061,b0527,2.0,5.5,0.5,4.0,4.5,0,True,0.0,1.0454391248975963,1.092942963866652,0.0,0.5227195624487982,0.2732357409666631,0.0
12,1062,b0528,2.0,5.5,1.0,3.5,3.5,0,True,0.0,1.2024257315046567,1.4458276397845087,0.0,0.6012128657523284,0.36145690994612717,0.0
12,1063,b0528,2.0,5.5,1.0,3.5,4.5,0,True,0.0,1.2024257315046567,1.4458276397845087,0.0,0.6012128657523284,0.36145690994612717,0.0
12,1064,b0529,2.0,5.5,1.5,3.0,3.5,0,True,0.0,1.2803962065704424,1.639414445799979,0.0,0.6401981032852212,0.40985361144999477,0.0
12,1065,b0529,2.0,5.5,1.5,3.0,4.5,0,True,0.0,1.2803962065704424,1.639414445799979,0.0,0.6401981032852212,0.40985361144999477,0.0
12,1066,b0530,2.0,5.5,2.0,2.5,3.5,0,True,0.0,1.3145701043447116,1.7280945592368657,0.0,0.6572850521723558,0.43202363980921643,0.0
12,1067,b0530,2.0,5.5,2.0,2.5,4.5,0,True,0.0,1.3145701043447116,1.7280945592368657,0.0,0.6572850521723558,0.43202363980921643,0.0
12,1068,b0531,2.0,5.5,2.5,2.0,3.5,0,True,0.0,1.3145701043447116,1.7280945592368657,0.0,0.6572850521723558,0.43202363980921643,0.0
12,1069,b0531,2.0,5.5,2.5,2.0,4.5,0,True,0.0,1.3145701043447116,1.7280945592368657,0.0,0.6572850521723558,0.43202363980921643,0.0
12,1070,b0532,2.0,5.5,3.0,1.5,3.5,0,True,0.0,1.2803962065704424,1.639414445799979,0.0,0.6401981032852212,0.40985361144999477,0.0
12,1071,b0532,2.0,5.5,3.0,1.5,4.5,0,True,0.0,1.2803962065704424,1.639414445799979,0.0,0.6401981032852212,0.40985361144999477,0.0
12,1072,b0533,2.0,5.5,3.5,1.0,3.5,0,True,0.0,1.2024257315046567,1.4458276397845087,0.0,0.6012128657523282,0.36145690994612706,0.0
12,1073,b0533,2.0,5.5,3.5,1.0,4.5,0,True,0.0,1.2024257315046567,1.4458276397845087,0.0,0.6012128657523282,0.36145690994612706,0.0
12,1074,b0534,2.0,5.5,4.0,0.5,3.5,0,True,0.0,1.0454391248975963,1.092942963866652,0.0,0.5227195624487981,0.273235740966663,0.0
12,1075,b0534,2.0,5.5,4.0,0.5,4.5,0,True,0.0,1.0454391248975963,1.092942963866652,0.0,0.5227195624487981,0.273235740966663,0.0
12,1076,b0535,2.0,5.5,4.5,0.0,4.5,0,False,0.0,0.0,0.0,0.0,0.0,0.0,0.0
12,1077,b0536,2.0,6.0,0.0,4.0,4.0,0,False,0.0,0.0,0.0,0.0,0.0,0.0,0.0
12,1078,b0537,2.0,6.0,0.5,3.5,4.0,0,True,0.0,0.0,0.0,0.0,0.0,0.0,0.0
12,1079,b0538,2.0,6.0,1.0,3.0,4.0,0,True,0.0,0.0,0.0,0.0,0.0,0.0,0.0
12,1080,b0539,2.0,6.0,1.5,2.5,4.0,0,True,0.0,0.0,0.0,0.0,0.0,0.0,0.0
12,1081,b0540,2.0,6.0,2.0,2.0,4.0,0,True,0.0,0.0,0.0,0.0,0.0,0.0,0.0
12,1082,b0541,2.0,6.0,2.5,1.5,4.0,0,True,0.0,0.0,0.0,0.0,0.0,0.0,0.0
12,1083,b0542,2.0,6.0,3.0,1.0,4.0,0,True,0.0,0.0,0.0,0.0,0.0,0.0,0.0
12,1084,b0543,2.0,6.0,3.5,0.5,4.0,0,True,0.0,0.0,0.0,0.0,0.0,0.0,0.0
12,1085,b0544,2.0,6.0,4.0,0.0,4.0,0,False,0.0,0.0,0.0,0.0,0.0,0.0,0.0
12,1086,b0545,2.5,0.0,3.5,6.0,2.5,0,False,0.0,0.0,0.0,0.0,0.0,0.0,0.0
12,1087,b0546,2.5,0.0,4.0,5.5,2.5,0,False,0.0,0.0,0.0,0.0,0.0,0.0,0.0
12,1088,b0547,2.5,0.0,4.5,5.0,2.5,0,False,0.0,0.0,0.0,0.0,0.0,0.0,0.0
12,1089,b0548,2.5,0.0,5.0,4.5,2.5,0,False,0.0,0.0,0.0,0.0,0.0,0.0,0.0
12,1090,b0549,2.5,0.0,5.5,4.0,2.5,0,False,0.0,0.0,0.0,0.0,0.0,0.0,0.0
12,1091,b0550,2.5,0.0,6.0,3.5,2.5,0,False,0.0,0.0,0.0,0.0,0.0,0.0,0.0
12,1092,b0551,2.5,0.5,3.0,6.0,3.0,0,True,0.0,0.0,0.0,0.0,0.0,0.0,0.0
12,1093,b0552,2.5,0.5,3.5,5.5,2.0,0,True,0.0,1.069124460217859,1.1430271114361281,0.0,0.5345622301089294,0.28575677785903203,0.0
12,1094,b0552,2.5,0.5,3.5,5.5,3.0,0,True,0.0,1.069124460217859,1.1430271114361281,0.0,0.5345622301089294,0.28575677785903203,0.0
12,1095,b0553,2.5,0.5,4.0,5.0,2.0,0,True,0.0,1.202425731504657,1.4458276397845093,0.0,0.6012128657523285,0.36145690994612734,0.0
12,1096,b0553,2.5,0.5,4.0,5.0,3.0,0,True,0.0,1.202425731504657,1.4458276397845093,0.0,0.6012128657523285,0.36145690994612734,0.0
12,1097,b0554,2.5,0.5,4.5,4.5,2.0,0,True,0.0,1.238358507370889,1.533531792777856,0.0,0.6191792536854444,0.38338294819446384,0.0
12,1098,b0554,2.5,0.5,4.5,4.5,3.0,0,True,0.0,1.238358507370889,1.533531792777856,0.0,0.6191792536854444,0.38338294819446384,0.0
12,1099,b0555,2.5,0.5,5.0,4.0,2.0,0,True,0.0,1.2024257315046571,1.4458276397845098,0.0,0.6012128657523285,0.36145690994612734,0.0
12,1100,b0555,2.5,0.5,5.0,4.0,3.0,0,True,0.0,1.2024257315046571,1.4458276397845098,0.0,0.6012128657523285,0.36145690994612734,0.0
12,1101,b0556,2.5,0.5,5.5,3.5,2.0,0,True,0.0,1.069124460217859,1.1430271114361281,0.0,0.5345622301089294,0.28575677785903203,0.0
12,1102,b0556,2.5,0.5,5.5,3.5,3.0,0,True,0.0,1.069124460217859,1.1430271114361281,0.0,0.5345622301089294,0.28575677785903203,0.0
12,1103,b0557,2.5,0.5,6.0,3.0,3.0,0,True,0.0,0.0,0.0,0.0,0.0,0.0,0.0
12,1104,b0558,2.5,1.0,2.5,6.0,3.5,0,True,0.0,0.0,0.0,0.0,0.0,0.0,0.0
12,1105,b0559,2.5,1.0,3.0,5.5,2.5,0,True,0.0,1.2233453267335432,1.4965737884407997,0.0,0.6116726633667716,0.3741434471101999,0.0
12,1106,b0559,2.5,1.0,3.0,5.5,3.5,0,True,-0.0,1.2233453267335432,1.4965737884407997,0.0,0.6116726633667716,0.3741434471101999,0.0
12,1107,b0560,2.5,1.0,3.5,5.0,1.5,0,True,0.0,0.588393942893948,0.9202758780095075,0.7576730468844863,0.2941969714469741,0.23006896950237704,0.3788365234422433
12,1108,b0560,2.5,1.0,3.5,5.0,2.5,0,True,0.0,1.5640471645293221,2.4462435328722125,0.0,0.7820235822646616,0.611560883218054,0.0
12,1109,b0560,2.5,1.0,3.5,5.0,3.5,0,True,0.0,0.9756532216353748,1.5259676548627068,0.7576730468844863,0.4878266108176875,0.3814919137156769,0.3788365234422433
12,1110,b0561,2.5,1.0,4.0,4.5,1.5,0,True,0.0,0.7196074792779494,1.204758803317045,0.8288087107917488,0.35980373963897494,0.3011897008292616,0.4144043553958746
12,1111,b0561,2.5,1.0,4.0,4.5,2.5,0,True,-0.0,1.6741888293405376,2.8029082362886397,0.0,0.8370944146702692,0.7007270590721607,0.0
12,1112,b0561,2.5,1.0,4.0,4.5,3.5,0,True,0.0,0.9545813500625883,1.5981494329715944,0.8288087107917488,0.4772906750312941,0.39953735824289865,0.41440435539587456
12,1113,b0562,2.5,1.0,4.5,4.0,1.5,0,True,0.0,0.7196074792779495,1.204758803317046,0.8288087107917492,0.35980373963897494,0.3011897008292616,0.4144043553958746
12,1114,b0562,2.5,1.0,4.5,4.0,2.5,0,True,0.0,1.6741888293405383,2.802908236288642,0.0,0.8370944146702692,0.7007270590721607,0.0
12,1115,b0562,2.5,1.0,4.5,4.0,3.5,0,True,0.0,0.9545813500625887,1.598149432971596,0.8288087107917492,0.4772906750312941,0.39953735824289865,0.41440435539587456
12,1116,b0563,2.5,1.0,5.0,3.5,1.5,0,True,0.0,0.5883939428939484,0.9202758780095086,0.7576730468844867,0.29419697144697415,0.230068969502377,0.3788365234422432
12,1117,b0563,2.5,1.0,5.0,3.5,2.5,0,True,0.0,1.5640471645293228,2.4462435328722147,0.0,0.7820235822646612,0.6115608832180532,0.0
12,1118,b0563,2.5,1.0,5.0,3.5,3.5,0,True,0.0,0.9756532216353748,1.5259676548627075,0.7576730468844868,0.48782661081768725,0.3814919137156766,0.3788365234422432
12,1119,b0564,2.5,1.0,5.5,3.0,2.5,0,True,0.0,1.2233453267335432,1.4965737884407997,0.0,0.6116726633667716,0.3741434471101999,0.0
12,1120,b0564,2.5,1.0,5.5,3.0,3.5,0,True,0.0,1.2233453267335432,1.4965737884407997,0.0,0.6116726633667716,0.3741434471101999,0.0
12,1121,b0565,2.5,1.0,6.0,2.5,3.5,0,True,0.0,0.0,0.0,0.0,0.0,0.0,0.0
12,1122,b0566,2.5,1.5,2.0,6.0,4.0,0,True,0.0,0.0,0.0,0.0,0.0,0.0,0.0
12,1123,b0567,2.5,1.5,2.5,5.5,3.0,0,True,0.0,1.2935301937523556,1.6732203621490065,0.0,0.6467650968761778,0.4183050905372516,0.0
12,1124,b0567,2.5,1.5,2.5,5.5,4.0,0,True,0.0,1.2935301937523556,1.6732203621490065,0.0,0.6467650968761778,0.4183050905372516,0.0
12,1125,b0568,2.5,1.5,3.0,5.0,2.0,0,True,0.0,0.7541094755244699,1.2906395301759175,0.8496813691614794,0.3770547377622348,0.3226598825439792,0.4248406845807397
12,1126,b0568,2.5,1.5,3.0,5.0,3.0,0,True,-0.0,1.7114750206238956,2.9291467462195637,0.0,0.8557375103119482,0.7322866865548917,0.0
12,1127,b0568,2.5,1.5,3.0,5.0,4.0,0,True,0.0,0.9573655450994257,1.6385072160436467,0.8496813691614793,0.4786827725497129,0.4096268040109117,0.42484068458073965
12,1128,b0569,2.5,1.5,3.5,4.5,1.0,0,True,0.0,1.1619754855372695,1.4330226106060693,0.28781171209055423,0.5809877427686347,0.3582556526515174,0.1439058560452773
12,1129,b0569,2.5,1.5,3.5,4.5,2.0,0,True,-0.0,1.5860674387588085,2.6939929313256545,0.4223541298895129,0.7930337193794041,0.6734982328314134,0.21117706494475644
12,1130,b0569,2.5,1.5,3.5,4.5,3.0,0,True,-0.0,1.8113662889077504,3.363883414207932,0.28781171209055423,0.905683144453876,0.8409708535519844,0.14390585604527711
12,1131,b0569,2.5,1.5,3.5,4.5,4.0,0,True,0.0,1.3872743356862114,2.102913093488347,0.42235412988951315,0.6936371678431058,0.5257282733720868,0.21117706494475644
12,1132,b0570,2.5,1.5,4.0,4.0,1.0,0,True,0.0,1.2507684252527782,1.6633508511648345,0.3145301218572237,0.6253842126263893,0.41583771279120896,0.15726506092861203
12,1133,b0570,2.5,1.5,4.0,4.0,2.0,0,True,0.0,1.6764851432246113,2.9810343951959895,0.4128340583614,0.8382425716123058,0.7452585987989976,0.2064170291807003
12,1134,b0570,2.5,1.5,4.0,4.0,3.0,0,True,-0.0,1.8444436921119358,3.5009017309270294,0.3145301218572237,0.9222218460559684,0.8752254327317582,0.15726506092861184
12,1135,b0570,2.5,1.5,4.0,4.0,4.0,0,True,0.0,1.4187269741401023,2.183218186895874,0.41283405836139947,0.7093634870700519,0.5458045467239697,0.2064170291807
12,1136,b0571,2.5,1.5,4.5,3.5,1.0,0,True,0.0,1.1619754855372693,1.4330226106060686,0.28781171209055423,0.580987742768635,0.3582556526515176,0.1439058560452773
12,1137,b0571,2.5,1.5,4.5,3.5,2.0,0,True,0.0,1.5860674387588094,2.6939929313256576,0.42235412988951343,0.7930337193794054,0.6734982328314155,0.21117706494475696
12,1138,b0571,2.5,1.5,4.5,3.5,3.0,0,True,0.0,1.8113662889077515,3.363883414207936,0.28781171209055423,0.9056831444538761,0.8409708535519846,0.14390585604527711
12,1139,b0571,2.5,1.5,4.5,3.5,4.0,0,True,0.0,1.3872743356862123,2.1029130934883495,0.42235412988951343,0.6936371678431066,0.525728273372088,0.21117706494475685
12,1140,b0572,2.5,1.5,5.0,3.0,2.0,0,True,0.0,0.7541094755244702,1.2906395301759181,0.8496813691614796,0.3770547377622348,0.3226598825439792,0.4248406845807397
12,1141,b0572,2.5,1.5,5.0,3.0,3.0,0,True,0.0,1.7114750206238958,2.9291467462195646,0.0,0.8557375103119482,0.7322866865548917,0.0
12,1142,b0572,2.5,1.5,5.0,3.0,4.0,0,True,0.0,0.9573655450994258,1.6385072160436474,0.8496813691614796,0.4786827725497129,0.4096268040109117,0.42484068458073965
12,1143,b0573,2.5,1.5,5.5,2.5,3.0,0,True,0.0,1.2935301937523556,1.6732203621490065,0.0,0.6467650968761778,0.4183050905372516,0.0
12,1144,b0573,2.5,1.5,5.5,2.5,4.0,0,True,0.0,1.2935301937523556,1.6732203621490065,0.0,0.6467650968761778,0.4183050905372516,0.0
12,1145,b0574,2.5,1.5,6.0,2.0,4.0,0,True,0.0,0.0,0.0,0.0,0.0,0.0,0.0
12,1146,b0575,2.5,2.0,1.5,6.0,4.5,0,True,0.0,0.0,0.0,0.0,0.0,0.0,0.0
12,1147,b0576,2.5,2.0,2.0,5.5,3.5,0,True,-0.0,1.3145701043447116,1.7280945592368657,0.0,0.6572850521723558,0.43202363980921643,0.0
12,1148,b0576,2.5,2.0,2.0,5.5,4.5,0,True,0.0,1.3145701043447116,1.7280945592368657,0.0,0.6572850521723558,0.43202363980921643,0.0
12,1149,b0577,2.5,2.0,2.5,5.0,2.5,0,True,0.0,0.8348752744117421,1.4800848950338523,0.8849113917278784,0.41743763720587107,0.37002122375846314,0.44245569586393924
12,1150,b0577,2.5,2.0,2.5,5.0,3.5,0,True,0.0,1.7728215703557977,3.1428963203187967,0.0,0.886410785177899,0.7857240800796993,0.0
12,1151,b0577,2.5,2.0,2.5,5.0,4.5,0,True,0.0,0.9379462959440558,1.6628114252849449,0.8849113917278784,0.4689731479720279,0.4157028563212362,0.4424556958639392
12,1152,b0578,2.5,2.0,3.0,4.5,1.5,0,True,0.0,1.3123569971450284,1.8373754199174377,0.33925585029874084,0.6561784985725136,0.4593438549793587,0.16962792514937042
12,1153,b0578,2.5,2.0,3.0,4.5,2.5,0,True,0.0,1.7552834710644925,3.251046076917779,0.41234210690343764,0.8776417355322457,0.8127615192294437,0.20617105345171882
12,1154,b0578,2.5,2.0,3.0,4.5,3.5,0,True,0.0,1.8793028837619423,3.646873860877874,0.33925585029874084,0.9396514418809704,0.9117184652194671,0.16962792514937042
12,1155,b0578,2.5,2.0,3.0,4.5,4.5,0,True,0.0,1.436376409842478,2.2332032038775322,0.41234210690343764,0.7181882049212387,0.5583008009693826,0.20617105345171882
12,1156,b0579,2.5,2.0,3.5,4.0,0.5,0,True,0.0,0.7263489429165199,1.1146555749581704,0.7662067528299555,0.3631744714582599,0.2786638937395425,0.38310337641497766
12,1157,b0579,2.5,2.0,3.5,4.0,1.5,0,True,-0.0,1.664238204394128,2.874582133479901,0.32387240159499536,0.8321191021970639,0.7186455333699752,0.16193620079749801
12,1158,b0579,2.5,2.0,3.5,4.0,2.5,0,True,0.0,1.6555998415155242,3.51718242769143,0.8810060115942462,0.8277999207577619,0.879295606922857,0.440503005797123
12,1159,b0579,2.5,2.0,3.5,4.0,3.5,0,True,-0.0,1.954192675481602,3.9237623454208514,0.32387240159499536,0.9770963377408017,0.9809405863552144,0.16193620079749768
12,1160,b0579,2.5,2.0,3.5,4.0,4.5,0,True,0.0,1.2364820954436873,2.166506476251158,0.7985101777049222,0.6182410477218436,0.5416266190627895,0.3992550888524611
12,1161,b0580,2.5,2.0,4.0,3.5,0.5,0,True,0.0,0.72634894291652,1.1146555749581704,0.7662067528299554,0.3631744714582598,0.27866389373954237,0.38310337641497755
12,1162,b0580,2.5,2.0,4.0,3.5,1.5,0,True,0.0,1.6642382043941273,2.874582133479899,0.32387240159499536,0.8321191021970638,0.718645533369975,0.16193620079749801
12,1163,b0580,2.5,2.0,4.0,3.5,2.5,0,True,0.0,1.6555998415155242,3.5171824276914303,0.8810060115942464,0.8277999207577619,0.879295606922857,0.440503005797123
12,1164,b0580,2.5,2.0,4.0,3.5,3.5,0,True,0.0,1.9541926754816024,3.9237623454208532,0.32387240159499536,0.9770963377408017,0.9809405863552144,0.16193620079749768
12,1165,b0580,2.5,2.0,4.0,3.5,4.5,0,True,0.0,1.2364820954436868,2.166506476251157,0.7985101777049223,0.6182410477218433,0.5416266190627891,0.399255088852461
12,1166,b0581,2.5,2.0,4.5,3.0,1.5,0,True,0.0,1.3123569971450284,1.8373754199174375,0.3392558502987405,0.6561784985725134,0.45934385497935837,0.16962792514937025
12,1167,b0581,2.5,2.0,4.5,3.0,2.5,0,True,0.0,1.7552834710644925,3.2510460769177785,0.4123421069034371,0.8776417355322451,0.8127615192294426,0.20617105345171854
12,1168,b0581,2.5,2.0,4.5,3.0,3.5,0,True,0.0,1.8793028837619414,3.6468738608778706,0.33925585029874017,0.9396514418809699,0.9117184652194662,0.16962792514937042
12,1169,b0581,2.5,2.0,4.5,3.0,4.5,0,True,0.0,1.4363764098424774,2.23320320387753,0.4123421069034371,0.7181882049212385,0.5583008009693823,0.20617105345171882
12,1170,b0582,2.5,2.0,5.0,2.5,2.5,0,True,0.0,0.8348752744117421,1.480084895033852,0.8849113917278782,0.41743763720587107,0.37002122375846314,0.44245569586393924
12,1171,b0582,2.5,2.0,5.0,2.5,3.5,0,True,0.0,1.7728215703557975,3.142896320318796,0.0,0.886410785177899,0.7857240800796993,0.0
12,1172,b0582,2.5,2.0,5.0,2.5,4.5,0,True,0.0,0.9379462959440558,1.6628114252849446,0.8849113917278782,0.4689731479720279,0.4157028563212362,0.4424556958639392
12,1173,b0583,2.5,2.0,5.5,2.0,3.5,0,True,0.0,1.3145701043447113,1.7280945592368653,0.0,0.6572850521723558,0.43202363980921643,0.0
12,1174,b0583,2.5,2.0,5.5,2.0,4.5,0,True,0.0,1.3145701043447113,1.7280945592368653,0.0,0.6572850521723558,0.43202363980921643,0.0
12,1175,b0584,2.5,2.0,6.0,1.5,4.5,0,True,0.0,0.0,0.0,0.0,0.0,0.0,0.0
12,1176,b0585,2.5,2.5,1.0,6.0,5.0,0,True,0.0,0.0,0.0,0.0,0.0,0.0,0.0
12,1177,b0586,2.5,2.5,1.5,5.5,4.0,0,True,0.0,1.293530193752356,1.6732203621490076,0.0,0.646765096876178,0.4183050905372519,0.0
12,1178,b0586,2.5,2.5,1.5,5.5,5.0,0,True,0.0,1.293530193752356,1.6732203621490076,0.0,0.646765096876178,0.4183050905372519,0.0
12,1179,b0587,2.5,2.5,2.0,5.0,3.0,0,True,0.0,0.8795393837424106,1.559266391475991,0.8863841514388734,0.43976969187120524,0.38981659786899764,0.44319207571943664
12,1180,b0587,2.5,2.5,2.0,5.0,4.0,0,True,0.0,1.7728215703557986,3.1428963203188,0.0,0.8864107851778985,0.7857240800796985,0.0
12,1181,b0587,2.5,2.5,2.0,5.0,5.0,0,True,0.0,0.8932821866133873,1.5836299288428062,0.8863841514388734,0.4466410933066936,0.39590748221070143,0.44319207571943664
12,1182,b0588,2.5,2.5,2.5,4.5,2.0,0,True,0.0,1.3713564199129822,2.0149986619497904,0.3665790931207602,0.6856782099564913,0.5037496654874478,0.1832895465603798
12,1183,b0588,2.5,2.5,2.5,4.5,3.0,0,True,0.0,1.8251393834886438,3.4912538729284845,0.40015010154587993,0.9125696917443221,0.8728134682321215,0.2000750507729397
12,1184,b0588,2.5,2.5,2.5,4.5,4.0,0,True,0.0,1.8818622539356031,3.6757857743008273,0.3665790931207602,0.9409311269678009,0.9189464435752055,0.1832895465603798
12,1185,b0588,2.5,2.5,2.5,4.5,5.0,0,True,0.0,1.428079290359941,2.199530563322131,0.40015010154587993,0.7140396451799704,0.5498826408305325,0.2000750507729397
12,1186,b0589,2.5,2.5,3.0,4.0,1.0,0,True,0.0,0.8914957192270123,1.4800751361309499,0.827834837833527,0.445747859613506,0.3700187840327371,0.4139174189167632
12,1187,b0589,2.5,2.5,3.0,4.0,2.0,0,True,0.0,1.8102754990494225,3.3932250991586037,0.3407751703102324,0.9051377495247107,0.8483062747896498,0.17038758515511587
12,1188,b0589,2.5,2.5,3.0,4.0,3.0,0,True,0.0,1.7211656529811417,3.8445758887675736,0.9392362236229893,0.8605828264905699,0.9611439721918916,0.4696181118114944
12,1189,b0589,2.5,2.5,3.0,4.0,4.0,0,True,0.0,1.9801589204484251,4.0371570669314405,0.3407751703102324,0.9900794602242121,1.009289266732859,0.17038758515511557
12,1190,b0589,2.5,2.5,3.0,4.0,5.0,0,True,0.0,1.1777730472896943,2.1057311411915225,0.8476920373988834,0.5888865236448468,0.52643278529788,0.4238460186994414
12,1191,b0590,2.5,2.5,3.5,3.5,0.0,0,True,-0.0,1.0566400833335199,1.2060909589943005,0.2993370897286748,0.5283200416667598,0.3015227397485749,0.149668544864337
12,1192,b0590,2.5,2.5,3.5,3.5,1.0,0,True,0.0,1.5277138506555545,2.515240414681586,0.42582954946405954,0.7638569253277777,0.628810103670397,0.2129147747320295
12,1193,b0590,2.5,2.5,3.5,3.5,2.0,0,True,0.0,1.8512867186934783,3.6396333516402537,0.4608371044408078,0.9256433593467386,0.909908337910062,0.23041855222040292
12,1194,b0590,2.5,2.5,3.5,3.5,3.0,0,True,0.0,1.9458655256679958,4.153157697296963,0.6056113054705774,0.9729327628339969,1.0382894243242384,0.3028056527352883
12,1195,b0590,2.5,2.5,3.5,3.5,4.0,0,True,0.0,1.9966272148497328,4.129212306913635,0.3777460414551471,0.9983136074248647,1.0323030767284052,0.18887302072757298
12,1196,b0590,2.5,2.5,3.5,3.5,5.0,0,True,0.0,1.430974640553181,2.30653850556964,0.5087731160972784,0.7154873202765902,0.5766346263924095,0.25438655804863874
12,1197,b0591,2.5,2.5,4.0,3.0,1.0,0,True,0.0,0.8914957192270127,1.48007513613095,0.8278348378335267,0.445747859613506,0.3700187840327369,0.413917418916763
12,1198,b0591,2.5,2.5,4.0,3.0,2.0,0,True,0.0,1.810275499049422,3.393225099158602,0.3407751703102324,0.9051377495247109,0.8483062747896504,0.1703875851551162
12,1199,b0591,2.5,2.5,4.0,3.0,3.0,0,True,0.0,1.7211656529811412,3.844575888767572,0.939236223622989,0.8605828264905698,0.9611439721918914,0.46961811181149427
12,1200,b0591,2.5,2.5,4.0,3.0,4.0,0,True,0.0,1.9801589204484251,4.0371570669314405,0.3407751703102324,0.9900794602242113,1.0092892667328577,0.1703875851551162
12,1201,b0591,2.5,2.5,4.0,3.0,5.0,0,True,0.0,1.177773047289694,2.105731141191521,0.8476920373988832,0.5888865236448466,0.5264327852978798,0.4238460186994415
12,1202,b0592,2.5,2.5,4.5,2.5,2.0,0,True,0.0,1.3713564199129822,2.0149986619497904,0.3665790931207602,0.6856782099564913,0.5037496654874479,0.1832895465603801
12,1203,b0592,2.5,2.5,4.5,2.5,3.0,0,True,0.0,1.8251393834886442,3.4912538729284863,0.40015010154587993,0.912569691744322,0.8728134682321214,0.20007505077293997
12,1204,b0592,2.5,2.5,4.5,2.5,4.0,0,True,0.0,1.8818622539356031,3.6757857743008273,0.3665790931207602,0.9409311269678011,0.918946443575206,0.1832895465603801
12,1205,b0592,2.5,2.5,4.5,2.5,5.0,0,True,0.0,1.4280792903599409,2.19953056332213,0.4001501015458794,0.7140396451799705,0.5498826408305327,0.20007505077293997
12,1206,b0593,2.5,2.5,5.0,2.0,3.0,0,True,0.0,0.8795393837424104,1.5592663914759908,0.8863841514388735,0.43976969187120507,0.38981659786899747,0.4431920757194366
12,1207,b0593,2.5,2.5,5.0,2.0,4.0,0,True,0.0,1.7728215703557981,3.142896320318798,0.0,0.8864107851778985,0.7857240800796985,0.0
12,1208,b0593,2.5,2.5,5.0,2.0,5.0,0,True,0.0,0.8932821866133875,1.5836299288428068,0.8863841514388736,0.4466410933066936,0.3959074822107014,0.4431920757194366
12,1209,b0594,2.5,2.5,5.5,1.5,4.0,0,True,0.0,1.293530193752356,1.6732203621490076,0.0,0.646765096876178,0.4183050905372519,0.0
12,1210,b0594,2.5,2.5,5.5,1.5,5.0,0,True,0.0,1.293530193752356,1.6732203621490076,0.0,0.646765096876178,0.4183050905372519,0.0
12,1211,b0595,2.5,2.5,6.0,1.0,5.0,0,True,0.0,0.0,0.0,0.0,0.0,0.0,0.0
12,1212,b0596,2.5,3.0,0.5,6.0,5.5,0,True,0.0,0.0,0.0,0.0,0.0,0.0,0.0
12,1213,b0597,2.5,3.0,1.0,5.5,4.5,0,True,0.0,1.223345326733543,1.496573788440799,0.0,0.6116726633667715,0.37414344711019976,0.0
12,1214,b0597,2.5,3.0,1.0,5.5,5.5,0,True,-0.0,1.223345326733543,1.496573788440799,0.0,0.6116726633667715,0.37414344711019976,0.0
12,1215,b0598,2.5,3.0,1.5,5.0,3.5,0,True,0.0,0.9072879627403782,1.5528006847429017,0.8541833745802572,0.4536439813701892,0.3882001711857254,0.4270916872901284
12,1216,b0598,2.5,3.0,1.5,5.0,4.5,0,True,0.0,1.7114750206238964,2.929146746219567,0.0,0.8557375103119479,0.7322866865548912,0.0
12,1217,b0598,2.5,3.0,1.5,5.0,5.5,0,True,0.0,0.8041870578835183,1.3763460614766652,0.8541833745802572,0.40209352894175876,0.34408651536916585,0.4270916872901284
12,1218,b0599,2.5,3.0,2.0,4.5,2.5,0,True,0.0,1.3773195466532158,2.0447137829441524,0.3843236258039996,0.6886597733266084,0.5111784457360389,0.1921618129019998
12,1219,b0599,2.5,3.0,2.0,4.5,3.5,0,True,0.0,1.8320573932105322,3.496082324131168,0.37369510581996873,0.9160286966052656,0.8740205810327913,0.18684755290998464
12,1220,b0599,2.5,3.0,2.0,4.5,4.5,0,True,0.0,1.8143403342537536,3.4395354978511548,0.3843236258039993,0.9071701671268773,0.8598838744627896,0.19216181290199966
12,1221,b0599,2.5,3.0,2.0,4.5,5.5,0,True,0.0,1.3596024876964374,1.9881669566641391,0.373695105819969,0.6798012438482192,0.49704173916603545,0.18684755290998464
12,1222,b0600,2.5,3.0,2.5,4.0,1.5,0,True,0.0,0.9746453720548157,1.6499313552945107,0.8366586843071914,0.48732268602740797,0.4124828388236283,0.4183293421535963
12,1223,b0600,2.5,3.0,2.5,4.0,2.5,0,True,0.0,1.862184322254672,3.5899820893114094,0.349645018926793,0.9310921611273368,0.8974955223278541,0.17482250946339714
12,1224,b0600,2.5,3.0,2.5,4.0,3.5,0,True,0.0,1.7414339300369577,3.9090715290991302,0.9362047833755,0.8707169650184797,0.9772678822747842,0.4681023916877501
12,1225,b0600,2.5,3.0,2.5,4.0,4.5,0,True,0.0,1.9282500972431729,3.8404000767786233,0.349645018926793,0.964125048621587,0.960100019194657,0.17482250946339714
12,1226,b0600,2.5,3.0,2.5,4.0,5.5,0,True,0.0,1.074355117406071,1.8713792816963895,0.8468414039238852,0.5371775587030361,0.4678448204240981,0.4234207019619427
12,1227,b0601,2.5,3.0,3.0,3.5,0.5,0,True,0.0,1.151406911167158,1.4488779869603878,0.350913254062727,0.5757034555835792,0.36221949674009724,0.17545662703136383
12,1228,b0601,2.5,3.0,3.0,3.5,1.5,0,True,0.0,1.6706529818328015,2.977908003921772,0.4322344482048382,0.8353264909164013,0.744477000980444,0.21611722410241935
12,1229,b0601,2.5,3.0,3.0,3.5,2.5,0,True,0.0,1.937731309727174,4.009742376546943,0.5049155848752876,0.9688656548635876,1.002435594136737,0.2524577924376445
12,1230,b0601,2.5,3.0,3.0,3.5,3.5,0,True,0.0,1.9975471397611844,4.342024549468126,0.5931525721937299,0.9987735698805924,1.0855061373670318,0.29657628609686454
12,1231,b0601,2.5,3.0,3.0,3.5,4.5,0,True,0.0,1.9561928263947226,3.98907704824365,0.402972299551069,0.9780964131973618,0.9972692620609138,0.20148614977553533
12,1232,b0601,2.5,3.0,3.0,3.5,5.5,0,True,0.0,1.3771309256950681,2.127764858361082,0.4809108772478816,0.6885654628475343,0.5319412145902708,0.24045543862394056
12,1233,b0602,2.5,3.0,3.5,3.0,0.5,0,True,0.0,1.151406911167158,1.4488779869603878,0.350913254062727,0.5757034555835789,0.36221949674009685,0.1754566270313635
12,1234,b0602,2.5,3.0,3.5,3.0,1.5,0,True,0.0,1.6706529818328022,2.9779080039217747,0.4322344482048387,0.8353264909164011,0.7444770009804438,0.21611722410241962
12,1235,b0602,2.5,3.0,3.5,3.0,2.5,0,True,0.0,1.9377313097271749,4.009742376546947,0.5049155848752881,0.9688656548635878,1.0024355941367376,0.2524577924376445
12,1236,b0602,2.5,3.0,3.5,3.0,3.5,0,True,0.0,1.9975471397611844,4.342024549468126,0.5931525721937299,0.9987735698805936,1.0855061373670347,0.2965762860968653
12,1237,b0602,2.5,3.0,3.5,3.0,4.5,0,True,0.0,1.9561928263947226,3.9890770482436504,0.40297229955106956,0.9780964131973614,0.9972692620609129,0.20148614977553533
12,1238,b0602,2.5,3.0,3.5,3.0,5.5,0,True,0.0,1.3771309256950683,2.127764858361083,0.48091087724788184,0.6885654628475345,0.5319412145902712,0.24045543862394092
12,1239,b0603,2.5,3.0,4.0,2.5,1.5,0,True,0.0,0.9746453720548153,1.64993135529451,0.8366586843071915,0.48732268602740747,0.4124828388236273,0.4183293421535957
12,1240,b0603,2.5,3.0,4.0,2.5,2.5,0,True,0.0,1.8621843222546728,3.589982089311413,0.34964501892679367,0.9310921611273357,0.8974955223278519,0.1748225094633965
12,1241,b0603,2.5,3.0,4.0,2.5,3.5,0,True,0.0,1.741433930036959,3.909071529099135,0.9362047833755,0.87071696501848,0.9772678822747844,0.4681023916877498
12,1242,b0603,2.5,3.0,4.0,2.5,4.5,0,True,0.0,1.9282500972431733,3.840400076778625,0.34964501892679367,0.9641250486215862,0.9601000191946554,0.1748225094633965
12,1243,b0603,2.5,3.0,4.0,2.5,5.5,0,True,0.0,1.0743551174060713,1.8713792816963906,0.8468414039238855,0.5371775587030353,0.46784482042409714,0.4234207019619426
12,1244,b0604,2.5,3.0,4.5,2.0,2.5,0,True,0.0,1.3773195466532153,2.044713782944151,0.3843236258039993,0.6886597733266079,0.5111784457360381,0.1921618129019998
12,1245,b0604,2.5,3.0,4.5,2.0,3.5,0,True,-0.0,1.8320573932105315,3.4960823241311663,0.3736951058199693,0.9160286966052665,0.8740205810327929,0.18684755290998437
12,1246,b0604,2.5,3.0,4.5,2.0,4.5,0,True,0.0,1.8143403342537536,3.4395354978511548,0.3843236258039993,0.9071701671268768,0.8598838744627888,0.19216181290199993
12,1247,b0604,2.5,3.0,4.5,2.0,5.5,0,True,0.0,1.3596024876964374,1.9881669566641391,0.373695105819969,0.6798012438482189,0.49704173916603506,0.18684755290998437
12,1248,b0605,2.5,3.0,5.0,1.5,3.5,0,True,0.0,0.9072879627403782,1.5528006847429017,0.8541833745802572,0.4536439813701892,0.38820017118572564,0.4270916872901287
12,1249,b0605,2.5,3.0,5.0,1.5,4.5,0,True,0.0,1.711475020623897,2.929146746219568,0.0,0.8557375103119484,0.732286686554892,0.0
12,1250,b0605,2.5,3.0,5.0,1.5,5.5,0,True,0.0,0.8041870578835184,1.3763460614766654,0.8541833745802572,0.40209352894175926,0.34408651536916646,0.4270916872901287
12,1251,b0606,2.5,3.0,5.5,1.0,4.5,0,True,0.0,1.223345326733543,1.496573788440799,0.0,0.6116726633667715,0.37414344711019976,0.0
12,1252,b0606,2.5,3.0,5.5,1.0,5.5,0,True,0.0,1.223345326733543,1.496573788440799,0.0,0.6116726633667715,0.37414344711019976,0.0
12,1253,b0607,2.5,3.0,6.0,0.5,5.5,0,True,0.0,0.0,0.0,0.0,0.0,0.0,0.0
12,1254,b0608,2.5,3.5,0.0,6.0,6.0,0,False,0.0,0.0,0.0,0.0,0.0,0.0,0.0
12,1255,b0609,2.5,3.5,0.5,5.5,5.0,0,True,0.0,1.0691244602178607,1.143027111436132,0.0,0.5345622301089303,0.285756777859033,0.0
12,1256,b0609,2.5,3.5,0.5,5.5,6.0,0,True,0.0,1.0691244602178607,1.143027111436132,0.0,0.5345622301089303,0.285756777859033,0.0
12,1257,b0610,2.5,3.5,1.0,5.0,4.0,0,True,0.0,0.943176932579539,1.4751732070504924,0.7652388391217111,0.47158846628976986,0.3687933017626235,0.3826194195608556
12,1258,b0610,2.5,3.5,1.0,5.0,5.0,0,True,-0.0,1.5640471645293232,2.446243532872216,0.0,0.7820235822646616,0.611560883218054,0.0
12,1259,b0610,2.5,3.5,1.0,5.0,6.0,0,True,0.0,0.6208702319497839,0.9710703258217225,0.7652388391217111,0.3104351159748918,0.24276758145543056,0.38261941956085554
12,1260,b0611,2.5,3.5,1.5,4.5,3.0,0,True,0.0,1.3320540292771563,1.93872424964465,0.4054088217233842,0.6660270146385784,0.4846810624111628,0.20270441086169222
12,1261,b0611,2.5,3.5,1.5,4.5,4.0,0,True,-0.0,1.7818485251181833,3.2761170140442113,0.31801391098247006,0.8909242625590919,0.8190292535110534,0.15900695549123536
12,1262,b0611,2.5,3.5,1.5,4.5,5.0,0,True,0.0,1.6412877451678618,2.8581817751693466,0.40540882172338394,0.8206438725839318,0.7145454437923382,0.20270441086169222
12,1263,b0611,2.5,3.5,1.5,4.5,6.0,0,True,0.0,1.191493249326835,1.5207890107697861,0.3180139109824704,0.5957466246634181,0.38019725269244725,0.15900695549123536
12,1264,b0612,2.5,3.5,2.0,4.0,2.0,0,True,0.0,1.0455822147174691,1.7251921344889192,0.7949528078794561,0.5227911073587338,0.43129803362222846,0.3974764039397274
12,1265,b0612,2.5,3.5,2.0,4.0,3.0,0,True,0.0,1.849136707696287,3.543624587471238,0.3525876114122202,0.9245683538481421,0.8859061468678067,0.17629380570610947
12,1266,b0612,2.5,3.5,2.0,4.0,4.0,0,True,0.0,1.7191830870816924,3.7134986162479526,0.87057919188332,0.8595915435408452,0.928374654061986,0.4352895959416596
12,1267,b0612,2.5,3.5,2.0,4.0,5.0,0,True,0.0,1.7692941721794466,3.2547198914295277,0.35258761141221956,0.8846470860897215,0.8136799728573787,0.17629380570610947
12,1268,b0612,2.5,3.5,2.0,4.0,6.0,0,True,0.0,0.8536655780765711,1.3596537281638903,0.7942976828438341,0.4268327890382849,0.33991343204097174,0.39714884142191664
12,1269,b0613,2.5,3.5,2.5,3.5,1.0,0,True,0.0,1.1670479975496242,1.5129228626710143,0.38848659447454126,0.5835239987748122,0.3782307156677537,0.19424329723727063
12,1270,b0613,2.5,3.5,2.5,3.5,2.0,0,True,0.0,1.7223350799617594,3.145059393235119,0.4226360911803897,0.8611675399808795,0.7862648483087793,0.21131804559019485
12,1271,b0613,2.5,3.5,2.5,3.5,3.0,0,True,0.0,1.9403102698611914,4.051041628738366,0.5350118553915946,0.9701551349305957,1.0127604071845917,0.26750592769579773
12,1272,b0613,2.5,3.5,2.5,3.5,4.0,0,True,0.0,1.9720640744631648,4.1892773582331975,0.5479421907874396,0.9860320372315833,1.0473193395583011,0.2739710953937198
12,1273,b0613,2.5,3.5,2.5,3.5,5.0,0,True,0.0,1.7971957494659185,3.4109721261388186,0.42551094491264707,0.8985978747329594,0.8527430315347049,0.21275547245632379
12,1274,b0613,2.5,3.5,2.5,3.5,6.0,0,True,0.0,1.2101548624518086,1.640599866079877,0.4196725806675023,0.6050774312259044,0.4101499665199693,0.209836290333751
12,1275,b0614,2.5,3.5,3.0,3.0,1.0,0,True,0.0,1.26084282947202,1.7663553730565675,0.4202745916963792,0.6304214147360101,0.44158884326414183,0.21013729584818922
12,1276,b0614,2.5,3.5,3.0,3.0,2.0,0,True,0.0,1.8143731673965984,3.4643227762301936,0.4151780168330556,0.9071865836982991,0.8660806940575483,0.2075890084165278
12,1277,b0614,2.5,3.5,3.0,3.0,3.0,0,True,0.0,1.974760156891085,4.215440864545771,0.5619280979816441,0.9873800784455421,1.0538602161364417,0.2809640489908215
12,1278,b0614,2.5,3.5,3.0,3.0,4.0,0,True,0.0,2.003929744962535,4.30920236014001,0.5417268106660397,1.0019648724812666,1.0773005900350008,0.27086340533301984
12,1279,b0614,2.5,3.5,3.0,3.0,5.0,0,True,0.0,1.8097280609259496,3.4659011741486454,0.43679001779556237,0.9048640304629748,0.8664752935371614,0.21839500889778118
12,1280,b0614,2.5,3.5,3.0,3.0,6.0,0,True,0.0,1.227028134929921,1.674172275380778,0.4105779237503857,0.6135140674649605,0.4185430688451944,0.2052889618751926
12,1281,b0615,2.5,3.5,3.5,2.5,1.0,0,True,0.0,1.1670479975496242,1.5129228626710143,0.38848659447454126,0.5835239987748122,0.3782307156677537,0.19424329723727063
12,1282,b0615,2.5,3.5,3.5,2.5,2.0,0,True,0.0,1.7223350799617587,3.145059393235116,0.42263609118038914,0.8611675399808795,0.7862648483087793,0.21131804559019485
12,1283,b0615,2.5,3.5,3.5,2.5,3.0,0,True,0.0,1.9403102698611914,4.051041628738366,0.5350118553915946,0.9701551349305957,1.0127604071845915,0.2675059276957973
12,1284,b0615,2.5,3.5,3.5,2.5,4.0,0,True,0.0,1.9720640744631657,4.189277358233201,0.5479421907874396,0.9860320372315833,1.0473193395583011,0.2739710953937198
12,1285,b0615,2.5,3.5,3.5,2.5,5.0,0,True,0.0,1.7971957494659188,3.410972126138819,0.42551094491264707,0.8985978747329593,0.8527430315347047,0.21275547245632354
12,1286,b0615,2.5,3.5,3.5,2.5,6.0,0,True,0.0,1.2101548624518088,1.6405998660798777,0.41967258066750257,0.6050774312259043,0.41014996651996916,0.20983629033375087
12,1287,b0616,2.5,3.5,4.0,2.0,2.0,0,True,0.0,1.0455822147174685,1.7251921344889172,0.7949528078794558,0.5227911073587337,0.43129803362222857,0.39747640393972766
12,1288,b0616,2.5,3.5,4.0,2.0,3.0,0,True,0.0,1.8491367076962852,3.5436245874712315,0.35258761141221956,0.9245683538481426,0.8859061468678079,0.17629380570610978
12,1289,b0616,2.5,3.5,4.0,2.0,4.0,0,True,0.0,1.7191830870816909,3.7134986162479464,0.8705791918833196,0.8595915435408457,0.9283746540619867,0.4352895959416595
12,1290,b0616,2.5,3.5,4.0,2.0,5.0,0,True,0.0,1.7692941721794448,3.2547198914295215,0.35258761141221956,0.884647086089722,0.8136799728573796,0.17629380570610978
12,1291,b0616,2.5,3.5,4.0,2.0,6.0,0,True,0.0,0.8536655780765704,1.359653728163888,0.7942976828438334,0.4268327890382851,0.33991343204097185,0.39714884142191664
12,1292,b0617,2.5,3.5,4.5,1.5,3.0,0,True,0.0,1.332054029277156,1.9387242496446495,0.40540882172338444,0.6660270146385779,0.48468106241116227,0.20270441086169222
12,1293,b0617,2.5,3.5,4.5,1.5,4.0,0,True,0.0,1.7818485251181835,3.276117014044212,0.31801391098247006,0.8909242625590916,0.8190292535110528,0.15900695549123503
12,1294,b0617,2.5,3.5,4.5,1.5,5.0,0,True,0.0,1.641287745167862,2.858181775169348,0.40540882172338444,0.8206438725839313,0.7145454437923374,0.20270441086169222
12,1295,b0617,2.5,3.5,4.5,1.5,6.0,0,True,0.0,1.1914932493268349,1.5207890107697857,0.3180139109824704,0.5957466246634174,0.38019725269244636,0.15900695549123503
12,1296,b0618,2.5,3.5,5.0,1.0,4.0,0,True,0.0,0.943176932579539,1.4751732070504926,0.7652388391217112,0.47158846628976986,0.3687933017626235,0.3826194195608556
12,1297,b0618,2.5,3.5,5.0,1.0,5.0,0,True,0.0,1.5640471645293232,2.446243532872216,0.0,0.7820235822646616,0.611560883218054,0.0
12,1298,b0618,2.5,3.5,5.0,1.0,6.0,0,True,0.0,0.6208702319497839,0.9710703258217228,0.7652388391217113,0.3104351159748918,0.24276758145543056,0.38261941956085554
12,1299,b0619,2.5,3.5,5.5,0.5,5.0,0,True,0.0,1.0691244602178605,1.1430271114361314,0.0,0.5345622301089302,0.28575677785903286,0.0
12,1300,b0619,2.5,3.5,5.5,0.5,6.0,0,True,0.0,1.0691244602178605,1.1430271114361314,0.0,0.5345622301089302,0.28575677785903286,0.0
12,1301,b0620,2.5,3.5,6.0,0.0,6.0,0,False,0.0,0.0,0.0,0.0,0.0,0.0,0.0
12,1302,b0621,2.5,4.0,0.0,5.5,5.5,0,False,0.0,0.0,0.0,0.0,0.0,0.0,0.0
12,1303,b0622,2.5,4.0,0.5,5.0,4.5,0,True,0.0,1.202425731504657,1.4458276397845093,0.0,0.6012128657523284,0.36145690994612717,0.0
12,1304,b0622,2.5,4.0,0.5,5.0,5.5,0,True,0.0,1.202425731504657,1.4458276397845093,0.0,0.6012128657523284,0.36145690994612717,0.0
12,1305,b0623,2.5,4.0,1.0,4.5,3.5,0,True,0.0,0.8723404952879635,1.4604627125925005,0.8363520627542272,0.436170247643982,0.36511567814812534,0.4181760313771137
12,1306,b0623,2.5,4.0,1.0,4.5,4.5,0,True,-0.0,1.6741888293405376,2.8029082362886397,0.0,0.8370944146702689,0.7007270590721602,0.0
12,1307,b0623,2.5,4.0,1.0,4.5,5.5,0,True,0.0,0.8018483340525737,1.3424455236961388,0.8363520627542272,0.40092416702628697,0.3356113809240348,0.4181760313771137
12,1308,b0624,2.5,4.0,1.5,4.0,2.5,0,True,0.0,1.3147922285415117,1.8615181029038976,0.3644715334161817,0.6573961142707557,0.4653795257259742,0.1822357667080907
12,1309,b0624,2.5,4.0,1.5,4.0,3.5,0,True,-0.0,1.7629588515626404,3.2486888650773196,0.37505326658256904,0.8814794257813201,0.8121722162693297,0.18752663329128452
12,1310,b0624,2.5,4.0,1.5,4.0,4.5,0,True,0.0,1.7804198888232037,3.3027344791879716,0.3644715334161814,0.8902099444116013,0.8256836197969919,0.1822357667080907
12,1311,b0624,2.5,4.0,1.5,4.0,5.5,0,True,0.0,1.3322532658020747,1.915563717014549,0.37505326658256877,0.6661266329010374,0.47889092925363724,0.18752663329128438
12,1312,b0625,2.5,4.0,2.0,3.5,1.5,0,True,0.0,0.8131905412014867,1.2776117377842626,0.7850687113143,0.40659527060074313,0.31940293444606543,0.39253435565714995
12,1313,b0625,2.5,4.0,2.0,3.5,2.5,0,True,0.0,1.733575143132438,3.1254730537266533,0.34668469369154487,0.8667875715662192,0.7813682634316638,0.17334234684577274
12,1314,b0625,2.5,4.0,2.0,3.5,3.5,0,True,-0.0,1.7063722405676192,3.673944539738785,0.8730626073535782,0.8531861202838095,0.9184861349346958,0.4365313036767887
12,1315,b0625,2.5,4.0,2.0,3.5,4.5,0,True,0.0,1.8848557367432939,3.6728714251741055,0.34668469369154487,0.9424278683716469,0.9182178562935265,0.17334234684577274
12,1316,b0625,2.5,4.0,2.0,3.5,5.5,0,True,0.0,1.0988680981066263,1.8467882013777133,0.7995480625586175,0.549434049053313,0.46169705034442793,0.39977403127930866
12,1317,b0626,2.5,4.0,2.5,3.0,1.5,0,True,0.0,0.9746453720548155,1.649931355294511,0.8366586843071918,0.48732268602740764,0.4124828388236275,0.41832934215359574
12,1318,b0626,2.5,4.0,2.5,3.0,2.5,0,True,0.0,1.8621843222546723,3.589982089311411,0.34964501892679367,0.9310921611273364,0.8974955223278532,0.17482250946339684
12,1319,b0626,2.5,4.0,2.5,3.0,3.5,0,True,0.0,1.7414339300369586,3.909071529099134,0.9362047833755002,0.8707169650184787,0.9772678822747822,0.4681023916877498
12,1320,b0626,2.5,4.0,2.5,3.0,4.5,0,True,0.0,1.9282500972431729,3.8404000767786237,0.34964501892679367,0.964125048621587,0.9601000191946569,0.17482250946339684
12,1321,b0626,2.5,4.0,2.5,3.0,5.5,0,True,0.0,1.074355117406071,1.8713792816963895,0.8468414039238852,0.5371775587030359,0.46784482042409775,0.4234207019619426
12,1322,b0627,2.5,4.0,3.0,2.5,1.5,0,True,0.0,0.9746453720548153,1.6499313552945103,0.8366586843071917,0.48732268602740775,0.41248283882362763,0.41832934215359574
12,1323,b0627,2.5,4.0,3.0,2.5,2.5,0,True,0.0,1.8621843222546723,3.589982089311411,0.34964501892679367,0.9310921611273366,0.8974955223278537,0.17482250946339684
12,1324,b0627,2.5,4.0,3.0,2.5,3.5,0,True,0.0,1.7414339300369588,3.9090715290991342,0.9362047833755,0.8707169650184792,0.9772678822747832,0.4681023916877501
12,1325,b0627,2.5,4.0,3.0,2.5,4.5,0,True,0.0,1.9282500972431724,3.8404000767786215,0.349645018926793,0.9641250486215868,0.9601000191946565,0.17482250946339684
12,1326,b0627,2.5,4.0,3.0,2.5,5.5,0,True,0.0,1.0743551174060708,1.8713792816963888,0.8468414039238851,0.5371775587030357,0.46784482042409775,0.4234207019619427
12,1327,b0628,2.5,4.0,3.5,2.0,1.5,0,True,0.0,0.8131905412014867,1.2776117377842626,0.7850687113143,0.4065952706007431,0.31940293444606566,0.3925343556571503
12,1328,b0628,2.5,4.0,3.5,2.0,2.5,0,True,0.0,1.733575143132438,3.1254730537266537,0.3466846936915455,0.8667875715662192,0.7813682634316638,0.17334234684577274
12,1329,b0628,2.5,4.0,3.5,2.0,3.5,0,True,0.0,1.7063722405676194,3.673944539738786,0.8730626073535784,0.8531861202838102,0.9184861349346974,0.4365313036767891
12,1330,b0628,2.5,4.0,3.5,2.0,4.5,0,True,0.0,1.8848557367432939,3.672871425174106,0.3466846936915455,0.942427868371648,0.9182178562935286,0.17334234684577274
12,1331,b0628,2.5,4.0,3.5,2.0,5.5,0,True,0.0,1.0988680981066268,1.8467882013777146,0.7995480625586179,0.5494340490533138,0.4616970503444291,0.3997740312793089
12,1332,b0629,2.5,4.0,4.0,1.5,2.5,0,True,0.0,1.3147922285415112,1.861518102903896,0.3644715334161814,0.6573961142707556,0.46537952572597396,0.18223576670809055
12,1333,b0629,2.5,4.0,4.0,1.5,3.5,0,True,0.0,1.7629588515626402,3.2486888650773182,0.3750532665825685,0.8814794257813202,0.8121722162693298,0.18752663329128424
12,1334,b0629,2.5,4.0,4.0,1.5,4.5,0,True,0.0,1.7804198888232035,3.3027344791879707,0.3644715334161814,0.8902099444116022,0.8256836197969935,0.1822357667080907
12,1335,b0629,2.5,4.0,4.0,1.5,5.5,0,True,0.0,1.3322532658020745,1.915563717014548,0.3750532665825685,0.6661266329010374,0.47889092925363713,0.18752663329128408
12,1336,b0630,2.5,4.0,4.5,1.0,3.5,0,True,0.0,0.8723404952879635,1.4604627125925,0.836352062754227,0.436170247643982,0.36511567814812534,0.4181760313771137
12,1337,b0630,2.5,4.0,4.5,1.0,4.5,0,True,0.0,1.6741888293405374,2.802908236288639,0.0,0.8370944146702689,0.7007270590721602,0.0
12,1338,b0630,2.5,4.0,4.5,1.0,5.5,0,True,0.0,0.8018483340525736,1.3424455236961381,0.8363520627542269,0.40092416702628697,0.3356113809240348,0.4181760313771137
12,1339,b0631,2.5,4.0,5.0,0.5,4.5,0,True,0.0,1.202425731504657,1.4458276397845093,0.0,0.6012128657523285,0.36145690994612734,0.0
12,1340,b0631,2.5,4.0,5.0,0.5,5.5,0,True,0.0,1.202425731504657,1.4458276397845093,0.0,0.6012128657523285,0.36145690994612734,0.0
12,1341,b0632,2.5,4.0,5.5,0.0,5.5,0,False,0.0,0.0,0.0,0.0,0.0,0.0,0.0
12,1342,b0633,2.5,4.5,0.0,5.0,5.0,0,False,0.0,0.0,0.0,0.0,0.0,0.0,0.0
12,1343,b0634,2.5,4.5,0.5,4.5,4.0,0,True,0.0,1.2383585073708865,1.53353179277785,0.0,0.6191792536854431,0.38338294819446234,0.0
12,1344,b0634,2.5,4.5,0.5,4.5,5.0,0,True,0.0,1.2383585073708865,1.53353179277785,0.0,0.6191792536854431,0.38338294819446234,0.0
12,1345,b0635,2.5,4.5,1.0,4.0,3.0,0,True,0.0,0.783246235948789,1.3113020988484851,0.8353606602662943,0.3916231179743944,0.32782552471212123,0.41768033013314715
12,1346,b0635,2.5,4.5,1.0,4.0,4.0,0,True,0.0,1.6741888293405371,2.8029082362886384,0.0,0.8370944146702685,0.7007270590721594,0.0
12,1347,b0635,2.5,4.5,1.0,4.0,5.0,0,True,0.0,0.8909425933917484,1.4916061374401537,0.8353606602662944,0.4454712966958742,0.37290153436003837,0.41768033013314715
12,1348,b0636,2.5,4.5,1.5,3.5,2.0,0,True,0.0,1.1801981866522555,1.4872049290744842,0.3071435646358428,0.5900990933261278,0.37180123226862094,0.15357178231792104
12,1349,b0636,2.5,4.5,1.5,3.5,3.0,0,True,0.0,1.621960637924693,2.800715679824054,0.41226128710682614,0.8109803189623458,0.7001789199560122,0.2061306435534128
12,1350,b0636,2.5,4.5,1.5,3.5,4.0,0,True,0.0,1.793143587792762,3.3097010957395105,0.3071435646358428,0.8965717938963802,0.8274252739348762,0.15357178231792104
12,1351,b0636,2.5,4.5,1.5,3.5,5.0,0,True,0.0,1.3513811365203252,1.9961903449899427,0.41226128710682614,0.675690568260162,0.4990475862474848,0.20613064355341268
12,1352,b0637,2.5,4.5,2.0,3.0,2.0,0,True,-0.0,1.3309177255759381,1.8966149522107818,0.35393920376041077,0.6654588627879696,0.4741537380526962,0.17696960188020555
12,1353,b0637,2.5,4.5,2.0,3.0,3.0,0,True,0.0,1.7808747784465042,3.332724825988903,0.4015094637515006,0.8904373892232529,0.8331812064972272,0.2007547318757503
12,1354,b0637,2.5,4.5,2.0,3.0,4.0,0,True,0.0,1.8607421553310295,3.5876343285845187,0.3539392037604111,0.9303710776655154,0.896908582146131,0.17696960188020555
12,1355,b0637,2.5,4.5,2.0,3.0,5.0,0,True,0.0,1.4107851024604634,2.1515244548063976,0.4015094637515003,0.705392551230232,0.5378811137016,0.20075473187575044
12,1356,b0638,2.5,4.5,2.5,2.5,2.0,0,True,0.0,1.3713564199129815,2.0149986619497886,0.3665790931207602,0.6856782099564908,0.503749665487447,0.1832895465603798
12,1357,b0638,2.5,4.5,2.5,2.5,3.0,0,True,0.0,1.8251393834886438,3.4912538729284845,0.40015010154587993,0.9125696917443222,0.8728134682321218,0.20007505077293997
12,1358,b0638,2.5,4.5,2.5,2.5,4.0,0,True,0.0,1.8818622539356022,3.6757857743008238,0.3665790931207596,0.9409311269678013,0.9189464435752064,0.1832895465603801
12,1359,b0638,2.5,4.5,2.5,2.5,5.0,0,True,0.0,1.42807929035994,2.1995305633221274,0.4001501015458794,0.7140396451799703,0.5498826408305324,0.20007505077293997
12,1360,b0639,2.5,4.5,3.0,2.0,2.0,0,True,0.0,1.3309177255759383,1.8966149522107822,0.35393920376041077,0.6654588627879697,0.47415373805269645,0.17696960188020572
12,1361,b0639,2.5,4.5,3.0,2.0,3.0,0,True,0.0,1.780874778446505,3.3327248259889064,0.4015094637515006,0.8904373892232524,0.8331812064972264,0.2007547318757503
12,1362,b0639,2.5,4.5,3.0,2.0,4.0,0,True,0.0,1.8607421553310295,3.5876343285845187,0.3539392037604111,0.9303710776655156,0.8969085821461315,0.17696960188020586
12,1363,b0639,2.5,4.5,3.0,2.0,5.0,0,True,0.0,1.4107851024604638,2.151524454806399,0.4015094637515006,0.7053925512302321,0.5378811137016001,0.2007547318757503
12,1364,b0640,2.5,4.5,3.5,1.5,2.0,0,True,0.0,1.1801981866522557,1.4872049290744849,0.3071435646358428,0.5900990933261273,0.37180123226862044,0.15357178231792104
12,1365,b0640,2.5,4.5,3.5,1.5,3.0,0,True,0.0,1.621960637924693,2.800715679824054,0.41226128710682614,0.8109803189623458,0.7001789199560123,0.20613064355341307
12,1366,b0640,2.5,4.5,3.5,1.5,4.0,0,True,0.0,1.7931435877927626,3.309701095739513,0.3071435646358428,0.8965717938963806,0.827425273934877,0.15357178231792104
12,1367,b0640,2.5,4.5,3.5,1.5,5.0,0,True,0.0,1.3513811365203257,1.996190344989944,0.41226128710682614,0.6756905682601619,0.49904758624748474,0.20613064355341293
12,1368,b0641,2.5,4.5,4.0,1.0,3.0,0,True,0.0,0.7832462359487891,1.3113020988484854,0.8353606602662944,0.3916231179743944,0.32782552471212123,0.41768033013314715
12,1369,b0641,2.5,4.5,4.0,1.0,4.0,0,True,0.0,1.6741888293405374,2.802908236288639,0.0,0.8370944146702685,0.7007270590721594,0.0
12,1370,b0641,2.5,4.5,4.0,1.0,5.0,0,True,0.0,0.8909425933917483,1.4916061374401532,0.8353606602662942,0.4454712966958742,0.37290153436003837,0.41768033013314715
12,1371,b0642,2.5,4.5,4.5,0.5,4.0,0,True,0.0,1.2383585073708863,1.5335317927778493,0.0,0.6191792536854431,0.38338294819446234,0.0
12,1372,b0642,2.5,4.5,4.5,0.5,5.0,0,True,0.0,1.2383585073708863,1.5335317927778493,0.0,0.6191792536854431,0.38338294819446234,0.0
12,1373,b0643,2.5,4.5,5.0,0.0,5.0,0,False,0.0,0.0,0.0,0.0,0.0,0.0,0.0
12,1374,b0644,2.5,5.0,0.0,4.5,4.5,0,False,0.0,0.0,0.0,0.0,0.0,0.0,0.0
12,1375,b0645,2.5,5.0,0.5,4.0,3.5,0,True,0.0,1.202425731504657,1.4458276397845093,0.0,0.6012128657523285,0.36145690994612734,0.0
12,1376,b0645,2.5,5.0,0.5,4.0,4.5,0,True,0.0,1.202425731504657,1.4458276397845093,0.0,0.6012128657523285,0.36145690994612734,0.0
12,1377,b0646,2.5,5.0,1.0,3.5,2.5,0,True,0.0,0.6079070073266575,0.9507952311067659,0.7623937968988947,0.30395350366332846,0.23769880777669106,0.38119689844944704
12,1378,b0646,2.5,5.0,1.0,3.5,3.5,0,True,0.0,1.5640471645293244,2.446243532872219,0.0,0.7820235822646616,0.611560883218054,0.0
12,1379,b0646,2.5,5.0,1.0,3.5,4.5,0,True,0.0,0.9561401572026669,1.4954483017654536,0.7623937968988947,0.4780700786013332,0.37386207544136296,0.38119689844944704
12,1380,b0647,2.5,5.0,1.5,3.0,2.5,0,True,0.0,0.7732567864264586,1.323409674496791,0.8517532604822932,0.3866283932132293,0.33085241862419784,0.4258766302411467
12,1381,b0647,2.5,5.0,1.5,3.0,3.5,0,True,0.0,1.711475020623896,2.929146746219565,0.0,0.8557375103119483,0.7322866865548919,0.0
12,1382,b0647,2.5,5.0,1.5,3.0,4.5,0,True,-0.0,0.9382182341974377,1.6057370717227752,0.8517532604822933,0.4691091170987191,0.40143426793069414,0.4258766302411467
12,1383,b0648,2.5,5.0,2.0,2.5,2.5,0,True,0.0,0.8348752744117426,1.4800848950338539,0.8849113917278788,0.41743763720587107,0.37002122375846314,0.44245569586393924
12,1384,b0648,2.5,5.0,2.0,2.5,3.5,0,True,0.0,1.7728215703557983,3.142896320318799,0.0,0.886410785177899,0.7857240800796993,0.0
12,1385,b0648,2.5,5.0,2.0,2.5,4.5,0,True,0.0,0.9379462959440563,1.6628114252849466,0.8849113917278788,0.4689731479720279,0.4157028563212362,0.4424556958639392
12,1386,b0649,2.5,5.0,2.5,2.0,2.5,0,True,0.0,0.8348752744117423,1.480084895033853,0.8849113917278786,0.41743763720587074,0.3700212237584627,0.44245569586393907
12,1387,b0649,2.5,5.0,2.5,2.0,3.5,0,True,0.0,1.772821570355798,3.142896320318797,0.0,0.8864107851778987,0.785724080079699,0.0
12,1388,b0649,2.5,5.0,2.5,2.0,4.5,0,True,0.0,0.9379462959440563,1.6628114252849462,0.8849113917278786,0.468973147972028,0.4157028563212362,0.44245569586393907
12,1389,b0650,2.5,5.0,3.0,1.5,2.5,0,True,0.0,0.7732567864264582,1.3234096744967903,0.8517532604822932,0.38662839321322917,0.3308524186241976,0.4258766302411466
12,1390,b0650,2.5,5.0,3.0,1.5,3.5,0,True,0.0,1.7114750206238962,2.929146746219566,0.0,0.8557375103119481,0.7322866865548915,0.0
12,1391,b0650,2.5,5.0,3.0,1.5,4.5,0,True,0.0,0.9382182341974379,1.6057370717227755,0.8517532604822932,0.46910911709871894,0.40143426793069387,0.4258766302411466
12,1392,b0651,2.5,5.0,3.5,1.0,2.5,0,True,0.0,0.6079070073266573,0.950795231106765,0.7623937968988943,0.3039535036633287,0.23769880777669133,0.3811968984494472
12,1393,b0651,2.5,5.0,3.5,1.0,3.5,0,True,0.0,1.5640471645293237,2.4462435328722174,0.0,0.7820235822646617,0.6115608832180541,0.0
12,1394,b0651,2.5,5.0,3.5,1.0,4.5,0,True,0.0,0.9561401572026664,1.495448301765452,0.7623937968988942,0.4780700786013332,0.3738620754413631,0.38119689844944715
12,1395,b0652,2.5,5.0,4.0,0.5,3.5,0,True,0.0,1.202425731504657,1.4458276397845093,0.0,0.6012128657523285,0.36145690994612734,0.0
12,1396,b0652,2.5,5.0,4.0,0.5,4.5,0,True,0.0,1.202425731504657,1.4458276397845093,0.0,0.6012128657523285,0.36145690994612734,0.0
12,1397,b0653,2.5,5.0,4.5,0.0,4.5,0,False,0.0,0.0,0.0,0.0,0.0,0.0,0.0
12,1398,b0654,2.5,5.5,0.0,4.0,4.0,0,False,0.0,0.0,0.0,0.0,0.0,0.0,0.0
12,1399,b0655,2.5,5.5,0.5,3.5,3.0,0,True,0.0,1.0691244602178607,1.143027111436132,0.0,0.5345622301089303,0.285756777859033,0.0
12,1400,b0655,2.5,5.5,0.5,3.5,4.0,0,True,0.0,1.0691244602178607,1.143027111436132,0.0,0.5345622301089303,0.285756777859033,0.0
12,1401,b0656,2.5,5.5,1.0,3.0,3.0,0,True,0.0,1.223345326733543,1.496573788440799,0.0,0.6116726633667714,0.37414344711019965,0.0
12,1402,b0656,2.5,5.5,1.0,3.0,4.0,0,True,0.0,1.223345326733543,1.496573788440799,0.0,0.6116726633667714,0.37414344711019965,0.0
12,1403,b0657,2.5,5.5,1.5,2.5,3.0,0,True,0.0,1.2935301937523558,1.6732203621490072,0.0,0.6467650968761779,0.4183050905372518,0.0
12,1404,b0657,2.5,5.5,1.5,2.5,4.0,0,True,0.0,1.2935301937523558,1.6732203621490072,0.0,0.6467650968761779,0.4183050905372518,0.0
12,1405,b0658,2.5,5.5,2.0,2.0,3.0,0,True,0.0,1.3145701043447118,1.7280945592368664,0.0,0.6572850521723559,0.4320236398092166,0.0
12,1406,b0658,2.5,5.5,2.0,2.0,4.0,0,True,0.0,1.3145701043447118,1.7280945592368664,0.0,0.6572850521723559,0.4320236398092166,0.0
12,1407,b0659,2.5,5.5,2.5,1.5,3.0,0,True,0.0,1.2935301937523558,1.6732203621490072,0.0,0.6467650968761779,0.4183050905372518,0.0
12,1408,b0659,2.5,5.5,2.5,1.5,4.0,0,True,0.0,1.2935301937523558,1.6732203621490072,0.0,0.6467650968761779,0.4183050905372518,0.0
12,1409,b0660,2.5,5.5,3.0,1.0,3.0,0,True,0.0,1.2233453267335428,1.4965737884407986,0.0,0.6116726633667714,0.37414344711019965,0.0
12,1410,b0660,2.5,5.5,3.0,1.0,4.0,0,True,0.0,1.2233453267335428,1.4965737884407986,0.0,0.6116726633667714,0.37414344711019965,0.0
12,1411,b0661,2.5,5.5,3.5,0.5,3.0,0,True,0.0,1.069124460217861,1.1430271114361323,0.0,0.5345622301089304,0.2857567778590331,0.0
12,1412,b0661,2.5,5.5,3.5,0.5,4.0,0,True,0.0,1.069124460217861,1.1430271114361323,0.0,0.5345622301089304,0.2857567778590331,0.0
12,1413,b0662,2.5,5.5,4.0,0.0,4.0,0,False,0.0,0.0,0.0,0.0,0.0,0.0,0.0
12,1414,b0663,2.5,6.0,0.0,3.5,3.5,0,False,0.0,0.0,0.0,0.0,0.0,0.0,0.0
12,1415,b0664,2.5,6.0,0.5,3.0,3.5,0,True,0.0,0.0,0.0,0.0,0.0,0.0,0.0
12,1416,b0665,2.5,6.0,1.0,2.5,3.5,0,True,0.0,0.0,0.0,0.0,0.0,0.0,0.0
12,1417,b0666,2.5,6.0,1.5,2.0,3.5,0,True,0.0,0.0,0.0,0.0,0.0,0.0,0.0
12,1418,b0667,2.5,6.0,2.0,1.5,3.5,0,True,0.0,0.0,0.0,0.0,0.0,0.0,0.0
12,1419,b0668,2.5,6.0,2.5,1.0,3.5,0,True,0.0,0.0,0.0,0.0,0.0,0.0,0.0
12,1420,b0669,2.5,6.0,3.0,0.5,3.5,0,True,0.0,0.0,0.0,0.0,0.0,0.0,0.0
12,1421,b0670,2.5,6.0,3.5,0.0,3.5,0,False,0.0,0.0,0.0,0.0,0.0,0.0,0.0
12,1422,b0671,3.0,0.0,3.0,6.0,3.0,0,False,0.0,0.0,0.0,0.0,0.0,0.0,0.0
12,1423,b0672,3.0,0.0,3.5,5.5,3.0,0,False,0.0,0.0,0.0,0.0,0.0,0.0,0.0
12,1424,b0673,3.0,0.0,4.0,5.0,3.0,0,False,0.0,0.0,0.0,0.0,0.0,0.0,0.0
12,1425,b0674,3.0,0.0,4.5,4.5,3.0,0,False,0.0,0.0,0.0,0.0,0.0,0.0,0.0
12,1426,b0675,3.0,0.0,5.0,4.0,3.0,0,False,0.0,0.0,0.0,0.0,0.0,0.0,0.0
12,1427,b0676,3.0,0.0,5.5,3.5,3.0,0,False,0.0,0.0,0.0,0.0,0.0,0.0,0.0
12,1428,b0677,3.0,0.0,6.0,3.0,3.0,0,False,0.0,0.0,0.0,0.0,0.0,0.0,0.0
12,1429,b0678,3.0,0.5,2.5,6.0,3.5,0,True,0.0,0.0,0.0,0.0,0.0,0.0,0.0
12,1430,b0679,3.0,0.5,3.0,5.5,2.5,0,True,0.0,1.0766805802095414,1.1592410718003547,0.0,0.5383402901047707,0.2898102679500887,0.0
12,1431,b0679,3.0,0.5,3.0,5.5,3.5,0,True,0.0,1.0766805802095414,1.1592410718003547,0.0,0.5383402901047707,0.2898102679500887,0.0
12,1432,b0680,3.0,0.5,3.5,5.0,2.5,0,True,0.0,1.2233453267335432,1.4965737884407997,0.0,0.6116726633667716,0.3741434471101999,0.0
12,1433,b0680,3.0,0.5,3.5,5.0,3.5,0,True,-0.0,1.2233453267335432,1.4965737884407997,0.0,0.6116726633667716,0.3741434471101999,0.0
12,1434,b0681,3.0,0.5,4.0,4.5,2.5,0,True,0.0,1.2803962065704424,1.639414445799979,0.0,0.6401981032852212,0.40985361144999477,0.0
12,1435,b0681,3.0,0.5,4.0,4.5,3.5,0,True,0.0,1.2803962065704424,1.639414445799979,0.0,0.6401981032852212,0.40985361144999477,0.0
12,1436,b0682,3.0,0.5,4.5,4.0,2.5,0,True,0.0,1.2803962065704428,1.6394144457999802,0.0,0.6401981032852214,0.40985361144999505,0.0
12,1437,b0682,3.0,0.5,4.5,4.0,3.5,0,True,0.0,1.2803962065704428,1.6394144457999802,0.0,0.6401981032852214,0.40985361144999505,0.0
12,1438,b0683,3.0,0.5,5.0,3.5,2.5,0,True,0.0,1.2233453267335432,1.4965737884407997,0.0,0.6116726633667716,0.3741434471101999,0.0
12,1439,b0683,3.0,0.5,5.0,3.5,3.5,0,True,0.0,1.2233453267335432,1.4965737884407997,0.0,0.6116726633667716,0.3741434471101999,0.0
12,1440,b0684,3.0,0.5,5.5,3.0,2.5,0,True,0.0,1.0766805802095414,1.1592410718003547,0.0,0.5383402901047707,0.2898102679500887,0.0
12,1441,b0684,3.0,0.5,5.5,3.0,3.5,0,True,0.0,1.0766805802095414,1.1592410718003547,0.0,0.5383402901047707,0.2898102679500887,0.0
12,1442,b0685,3.0,0.5,6.0,2.5,3.5,0,True,0.0,0.0,0.0,0.0,0.0,0.0,0.0
12,1443,b0686,3.0,1.0,2.0,6.0,4.0,0,True,0.0,0.0,0.0,0.0,0.0,0.0,0.0
12,1444,b0687,3.0,1.0,2.5,5.5,3.0,0,True,0.0,1.223345326733543,1.496573788440799,0.0,0.6116726633667714,0.37414344711019965,0.0
12,1445,b0687,3.0,1.0,2.5,5.5,4.0,0,True,0.0,1.223345326733543,1.496573788440799,0.0,0.6116726633667714,0.37414344711019965,0.0
12,1446,b0688,3.0,1.0,3.0,5.0,2.0,0,True,0.0,0.6011869526154544,0.9487425989870237,0.7663660006758959,0.30059347630772704,0.2371856497467558,0.38318300033794783
12,1447,b0688,3.0,1.0,3.0,5.0,3.0,0,True,0.0,1.5781157506155676,2.4904493223409365,0.0,0.7890578753077836,0.6226123305852338,0.0
12,1448,b0688,3.0,1.0,3.0,5.0,4.0,0,True,0.0,0.9769287980001133,1.5417067233539132,0.7663660006758957,0.48846439900005695,0.3854266808384786,0.38318300033794783
12,1449,b0689,3.0,1.0,3.5,4.5,2.0,0,True,0.0,0.7541094755244702,1.290639530175918,0.8496813691614795,0.37705473776223486,0.3226598825439792,0.42484068458073965
12,1450,b0689,3.0,1.0,3.5,4.5,3.0,0,True,0.0,1.711475020623896,2.929146746219565,0.0,0.855737510311948,0.7322866865548913,0.0
12,1451,b0689,3.0,1.0,3.5,4.5,4.0,0,True,0.0,0.9573655450994257,1.638507216043647,0.8496813691614794,0.47868277254971286,0.40962680401091167,0.42484068458073965
12,1452,b0690,3.0,1.0,4.0,4.0,2.0,0,True,0.0,0.7939803467642123,1.3892253728646378,0.8711030833470967,0.39699017338210635,0.34730634321615966,0.4355515416735484
12,1453,b0690,3.0,1.0,4.0,4.0,3.0,0,True,0.0,1.7496974308322457,3.061441099460961,0.0,0.8748487154161226,0.7653602748652399,0.0
12,1454,b0690,3.0,1.0,4.0,4.0,4.0,0,True,0.0,0.9557170840680335,1.6722157265963236,0.8711030833470967,0.47785854203401673,0.41805393164908095,0.4355515416735484
12,1455,b0691,3.0,1.0,4.5,3.5,2.0,0,True,0.0,0.75410947552447,1.2906395301759177,0.8496813691614795,0.3770547377622348,0.3226598825439792,0.4248406845807397
12,1456,b0691,3.0,1.0,4.5,3.5,3.0,0,True,0.0,1.7114750206238962,2.929146746219566,0.0,0.8557375103119482,0.7322866865548917,0.0
12,1457,b0691,3.0,1.0,4.5,3.5,4.0,0,True,0.0,0.9573655450994257,1.638507216043647,0.8496813691614794,0.4786827725497129,0.4096268040109117,0.42484068458073965
12,1458,b0692,3.0,1.0,5.0,3.0,2.0,0,True,0.0,0.6011869526154544,0.9487425989870237,0.7663660006758959,0.3005934763077269,0.23718564974675566,0.3831830003379478
12,1459,b0692,3.0,1.0,5.0,3.0,3.0,0,True,-0.0,1.578115750615568,2.490449322340938,0.0,0.7890578753077835,0.6226123305852336,0.0
12,1460,b0692,3.0,1.0,5.0,3.0,4.0,0,True,0.0,0.9769287980001135,1.5417067233539135,0.7663660006758957,0.48846439900005684,0.38542668083847836,0.3831830003379477
12,1461,b0693,3.0,1.0,5.5,2.5,3.0,0,True,0.0,1.2233453267335428,1.4965737884407986,0.0,0.6116726633667714,0.37414344711019965,0.0
12,1462,b0693,3.0,1.0,5.5,2.5,4.0,0,True,0.0,1.2233453267335428,1.4965737884407986,0.0,0.6116726633667714,0.37414344711019965,0.0
12,1463,b0694,3.0,1.0,6.0,2.0,4.0,0,True,0.0,0.0,0.0,0.0,0.0,0.0,0.0
12,1464,b0695,3.0,1.5,1.5,6.0,4.5,0,True,0.0,0.0,0.0,0.0,0.0,0.0,0.0
12,1465,b0696,3.0,1.5,2.0,5.5,3.5,0,True,0.0,1.2803962065704424,1.639414445799979,0.0,0.6401981032852212,0.40985361144999477,0.0
12,1466,b0696,3.0,1.5,2.0,5.5,4.5,0,True,0.0,1.2803962065704424,1.639414445799979,0.0,0.6401981032852212,0.40985361144999477,0.0
12,1467,b0697,3.0,1.5,2.5,5.0,2.5,0,True,-0.0,0.7732567864264586,1.3234096744967911,0.8517532604822933,0.3866283932132293,0.33085241862419784,0.4258766302411467
12,1468,b0697,3.0,1.5,2.5,5.0,3.5,0,True,0.0,1.711475020623896,2.929146746219565,0.0,0.8557375103119483,0.7322866865548919,0.0
12,1469,b0697,3.0,1.5,2.5,5.0,4.5,0,True,0.0,0.9382182341974381,1.6057370717227761,0.8517532604822933,0.4691091170987191,0.40143426793069414,0.4258766302411467
12,1470,b0698,3.0,1.5,3.0,4.5,1.5,0,True,0.0,1.183208763806926,1.489804716972532,0.29970274977553674,0.5916043819034628,0.3724511792431327,0.14985137488776837
12,1471,b0698,3.0,1.5,3.0,4.5,2.5,0,True,0.0,1.6206805280492271,2.8057384996585992,0.42324121451091884,0.8103402640246135,0.7014346249146498,0.2116206072554597
12,1472,b0698,3.0,1.5,3.0,4.5,3.5,0,True,-0.0,1.824834018028966,3.4198409315787583,0.29970274977553674,0.9124170090144834,0.8549602328946904,0.14985137488776837
12,1473,b0698,3.0,1.5,3.0,4.5,4.5,0,True,0.0,1.3873622537866657,2.103907148892694,0.42324121451091884,0.6936811268933327,0.5259767872231734,0.21162060725545956
12,1474,b0699,3.0,1.5,3.5,4.0,1.5,0,True,0.0,1.3123569971450277,1.837375419917436,0.33925585029874084,0.6561784985725139,0.4593438549793589,0.16962792514937025
12,1475,b0699,3.0,1.5,3.5,4.0,2.5,0,True,0.0,1.7552834710644918,3.2510460769177763,0.4123421069034371,0.8776417355322461,0.8127615192294444,0.20617105345171854
12,1476,b0699,3.0,1.5,3.5,4.0,3.5,0,True,0.0,1.8793028837619414,3.6468738608778706,0.33925585029874017,0.9396514418809705,0.9117184652194673,0.16962792514937042
12,1477,b0699,3.0,1.5,3.5,4.0,4.5,0,True,0.0,1.4363764098424776,2.233203203877531,0.4123421069034371,0.7181882049212384,0.5583008009693821,0.20617105345171854
12,1478,b0700,3.0,1.5,4.0,3.5,1.5,0,True,0.0,1.3123569971450277,1.837375419917436,0.33925585029874084,0.6561784985725144,0.4593438549793596,0.16962792514937008
12,1479,b0700,3.0,1.5,4.0,3.5,2.5,0,True,-0.0,1.7552834710644918,3.2510460769177763,0.4123421069034371,0.8776417355322452,0.8127615192294427,0.20617105345171827
12,1480,b0700,3.0,1.5,4.0,3.5,3.5,0,True,-0.0,1.8793028837619414,3.6468738608778706,0.33925585029874017,0.9396514418809699,0.9117184652194661,0.16962792514937008
12,1481,b0700,3.0,1.5,4.0,3.5,4.5,0,True,0.0,1.4363764098424776,2.233203203877531,0.4123421069034371,0.7181882049212387,0.5583008009693824,0.20617105345171827
12,1482,b0701,3.0,1.5,4.5,3.0,1.5,0,True,0.0,1.183208763806926,1.489804716972532,0.29970274977553674,0.591604381903463,0.37245117924313303,0.14985137488776853
12,1483,b0701,3.0,1.5,4.5,3.0,2.5,0,True,-0.0,1.6206805280492271,2.8057384996585992,0.42324121451091884,0.8103402640246137,0.7014346249146501,0.2116206072554597
12,1484,b0701,3.0,1.5,4.5,3.0,3.5,0,True,0.0,1.8248340180289668,3.4198409315787615,0.29970274977553674,0.9124170090144835,0.8549602328946907,0.14985137488776873
12,1485,b0701,3.0,1.5,4.5,3.0,4.5,0,True,0.0,1.3873622537866657,2.103907148892694,0.42324121451091884,0.693681126893333,0.525976787223174,0.2116206072554597
12,1486,b0702,3.0,1.5,5.0,2.5,2.5,0,True,0.0,0.7732567864264586,1.3234096744967907,0.851753260482293,0.3866283932132293,0.33085241862419784,0.4258766302411467
12,1487,b0702,3.0,1.5,5.0,2.5,3.5,0,True,-0.0,1.711475020623896,2.929146746219565,0.0,0.8557375103119483,0.7322866865548919,0.0
12,1488,b0702,3.0,1.5,5.0,2.5,4.5,0,True,0.0,0.9382182341974377,1.605737071722775,0.8517532604822932,0.4691091170987191,0.40143426793069414,0.4258766302411467
12,1489,b0703,3.0,1.5,5.5,2.0,3.5,0,True,-0.0,1.2803962065704424,1.639414445799979,0.0,0.6401981032852213,0.4098536114499949,0.0
12,1490,b0703,3.0,1.5,5.5,2.0,4.5,0,True,0.0,1.2803962065704424,1.639414445799979,0.0,0.6401981032852213,0.4098536114499949,0.0
12,1491,b0704,3.0,1.5,6.0,1.5,4.5,0,True,0.0,0.0,0.0,0.0,0.0,0.0,0.0
12,1492,b0705,3.0,2.0,1.0,6.0,5.0,0,True,0.0,0.0,0.0,0.0,0.0,0.0,0.0
12,1493,b0706,3.0,2.0,1.5,5.5,4.0,0,True,0.0,1.2803962065704426,1.6394144457999795,0.0,0.6401981032852213,0.4098536114499949,0.0
12,1494,b0706,3.0,2.0,1.5,5.5,5.0,0,True,0.0,1.2803962065704426,1.6394144457999795,0.0,0.6401981032852213,0.4098536114499949,0.0
12,1495,b0707,3.0,2.0,2.0,5.0,3.0,0,True,0.0,0.8576948190354146,1.5007064213043926,0.8746805237938021,0.42884740951770745,0.3751766053260985,0.4373402618969013
12,1496,b0707,3.0,2.0,2.0,5.0,4.0,0,True,-0.0,1.7496974308322455,3.0614410994609607,0.0,0.8748487154161229,0.7653602748652403,0.0
12,1497,b0707,3.0,2.0,2.0,5.0,5.0,0,True,0.0,0.8920026117968308,1.5607346781565676,0.8746805237938021,0.44600130589841563,0.3901836695391423,0.4373402618969013
12,1498,b0708,3.0,2.0,2.5,4.5,2.0,0,True,-0.0,1.3309177255759381,1.8966149522107818,0.35393920376041077,0.6654588627879696,0.4741537380526962,0.17696960188020555
12,1499,b0708,3.0,2.0,2.5,4.5,3.0,0,True,0.0,1.7808747784465042,3.332724825988903,0.4015094637515006,0.8904373892232527,0.8331812064972267,0.2007547318757503
12,1500,b0708,3.0,2.0,2.5,4.5,4.0,0,True,0.0,1.860742155331029,3.587634328584517,0.3539392037604105,0.9303710776655152,0.8969085821461306,0.17696960188020555
12,1501,b0708,3.0,2.0,2.5,4.5,5.0,0,True,0.0,1.4107851024604634,2.1515244548063976,0.4015094637515003,0.7053925512302319,0.5378811137015997,0.2007547318757503
12,1502,b0709,3.0,2.0,3.0,4.0,1.0,0,True,0.0,0.7777369266017035,1.2279271333160566,0.7893366875523987,0.38886846330085145,0.306981783329014,0.3946683437761994
12,1503,b0709,3.0,2.0,3.0,4.0,2.0,0,True,-0.0,1.7247892898511348,3.089985971119166,0.3392460415892631,0.8623946449255675,0.7724964927797915,0.1696230207946312
12,1504,b0709,3.0,2.0,3.0,4.0,3.0,0,True,0.0,1.704208890349479,3.7021866547701525,0.8932293730190193,0.8521044451747397,0.9255466636925384,0.44661468650950936
12,1505,b0709,3.0,2.0,3.0,4.0,4.0,0,True,0.0,1.9535089244318162,3.9312849945687356,0.3392460415892631,0.9767544622159077,0.9828212486421829,0.1696230207946312
12,1506,b0709,3.0,2.0,3.0,4.0,5.0,0,True,0.0,1.1963523973317685,2.0911571776016915,0.8123411346227778,0.5981761986658843,0.5227892944004229,0.4061705673113887
12,1507,b0710,3.0,2.0,3.5,3.5,1.0,0,True,0.0,0.8914957192270161,1.480075136130957,0.8278348378335272,0.4457478596135084,0.37001878403273974,0.41391741891676387
12,1508,b0710,3.0,2.0,3.5,3.5,2.0,0,True,-0.0,1.8102754990494236,3.3932250991586073,0.34077517031023175,0.9051377495247119,0.8483062747896519,0.17038758515511557
12,1509,b0710,3.0,2.0,3.5,3.5,3.0,0,True,0.0,1.7211656529811399,3.844575888767569,0.9392362236229902,0.8605828264905705,0.9611439721918934,0.4696181118114952
12,1510,b0710,3.0,2.0,3.5,3.5,4.0,0,True,0.0,1.9801589204484251,4.03715706693144,0.34077517031023113,0.9900794602242126,1.00928926673286,0.17038758515511557
12,1511,b0710,3.0,2.0,3.5,3.5,5.0,0,True,0.0,1.1777730472896921,2.105731141191519,0.8476920373988843,0.588886523644846,0.5264327852978796,0.4238460186994422
12,1512,b0711,3.0,2.0,4.0,3.0,1.0,0,True,0.0,0.777736926601703,1.2279271333160557,0.7893366875523986,0.38886846330085195,0.3069817833290146,0.3946683437761997
12,1513,b0711,3.0,2.0,4.0,3.0,2.0,0,True,0.0,1.7247892898511348,3.089985971119166,0.3392460415892631,0.8623946449255676,0.7724964927797919,0.16962302079463187
12,1514,b0711,3.0,2.0,4.0,3.0,3.0,0,True,0.0,1.704208890349479,3.702186654770152,0.8932293730190191,0.8521044451747404,0.9255466636925399,0.44661468650950986
12,1515,b0711,3.0,2.0,4.0,3.0,4.0,0,True,0.0,1.9535089244318162,3.9312849945687356,0.3392460415892631,0.9767544622159096,0.9828212486421868,0.16962302079463187
12,1516,b0711,3.0,2.0,4.0,3.0,5.0,0,True,0.0,1.196352397331769,2.0911571776016924,0.8123411346227777,0.5981761986658847,0.5227892944004235,0.406170567311389
12,1517,b0712,3.0,2.0,4.5,2.5,2.0,0,True,0.0,1.3309177255759381,1.8966149522107818,0.35393920376041077,0.6654588627879694,0.47415373805269595,0.17696960188020555
12,1518,b0712,3.0,2.0,4.5,2.5,3.0,0,True,0.0,1.7808747784465047,3.3327248259889046,0.4015094637515006,0.8904373892232521,0.8331812064972257,0.2007547318757503
12,1519,b0712,3.0,2.0,4.5,2.5,4.0,0,True,0.0,1.86074215533103,3.58763432858452,0.3539392037604105,0.9303710776655147,0.8969085821461297,0.17696960188020555
12,1520,b0712,3.0,2.0,4.5,2.5,5.0,0,True,0.0,1.4107851024604634,2.1515244548063976,0.4015094637515003,0.7053925512302317,0.5378811137015994,0.20075473187575016
12,1521,b0713,3.0,2.0,5.0,2.0,3.0,0,True,0.0,0.8576948190354147,1.5007064213043928,0.8746805237938021,0.428847409517707,0.37517660532609776,0.4373402618969009
12,1522,b0713,3.0,2.0,5.0,2.0,4.0,0,True,0.0,1.7496974308322453,3.0614410994609598,0.0,0.8748487154161223,0.7653602748652394,0.0
12,1523,b0713,3.0,2.0,5.0,2.0,5.0,0,True,0.0,0.8920026117968308,1.5607346781565676,0.8746805237938021,0.44600130589841536,0.39018366953914174,0.4373402618969009
12,1524,b0714,3.0,2.0,5.5,1.5,4.0,0,True,0.0,1.2803962065704424,1.639414445799979,0.0,0.6401981032852213,0.4098536114499949,0.0
12,1525,b0714,3.0,2.0,5.5,1.5,5.0,0,True,0.0,1.2803962065704424,1.639414445799979,0.0,0.6401981032852213,0.4098536114499949,0.0
12,1526,b0715,3.0,2.0,6.0,1.0,5.0,0,True,0.0,0.0,0.0,0.0,0.0,0.0,0.0
12,1527,b0716,3.0,2.5,0.5,6.0,5.5,0,True,0.0,0.0,0.0,0.0,0.0,0.0,0.0
12,1528,b0717,3.0,2.5,1.0,5.5,4.5,0,True,0.0,1.2233453267335428,1.4965737884407986,0.0,0.6116726633667715,0.37414344711019976,0.0
12,1529,b0717,3.0,2.5,1.0,5.5,5.5,0,True,0.0,1.2233453267335428,1.4965737884407986,0.0,0.6116726633667715,0.37414344711019976,0.0
12,1530,b0718,3.0,2.5,1.5,5.0,3.5,0,True,0.0,0.9072879627403782,1.5528006847429017,0.8541833745802572,0.45364398137018896,0.3882001711857254,0.4270916872901287
12,1531,b0718,3.0,2.5,1.5,5.0,4.5,0,True,-0.0,1.7114750206238962,2.929146746219566,0.0,0.8557375103119481,0.7322866865548915,0.0
12,1532,b0718,3.0,2.5,1.5,5.0,5.5,0,True,0.0,0.8041870578835183,1.3763460614766652,0.8541833745802572,0.4020935289417595,0.3440865153691666,0.42709168729012864
12,1533,b0719,3.0,2.5,2.0,4.5,2.5,0,True,0.0,1.3773195466532155,2.044713782944152,0.3843236258039996,0.6886597733266074,0.5111784457360374,0.19216181290199966
12,1534,b0719,3.0,2.5,2.0,4.5,3.5,0,True,-0.0,1.8320573932105315,3.4960823241311663,0.3736951058199693,0.9160286966052662,0.8740205810327922,0.18684755290998437
12,1535,b0719,3.0,2.5,2.0,4.5,4.5,0,True,0.0,1.8143403342537536,3.4395354978511548,0.3843236258039993,0.907170167126877,0.8598838744627891,0.19216181290199966
12,1536,b0719,3.0,2.5,2.0,4.5,5.5,0,True,0.0,1.3596024876964374,1.9881669566641393,0.3736951058199693,0.6798012438482183,0.49704173916603417,0.1868475529099845
12,1537,b0720,3.0,2.5,2.5,4.0,1.5,0,True,0.0,0.9746453720548155,1.6499313552945107,0.8366586843071917,0.48732268602740775,0.4124828388236276,0.4183293421535957
12,1538,b0720,3.0,2.5,2.5,4.0,2.5,0,True,-0.0,1.8621843222546723,3.589982089311411,0.34964501892679367,0.9310921611273366,0.8974955223278537,0.17482250946339684
12,1539,b0720,3.0,2.5,2.5,4.0,3.5,0,True,0.0,1.7414339300369586,3.9090715290991334,0.9362047833755,0.8707169650184796,0.977267882274784,0.4681023916877501
12,1540,b0720,3.0,2.5,2.5,4.0,4.5,0,True,0.0,1.9282500972431724,3.840400076778622,0.34964501892679367,0.9641250486215868,0.9601000191946565,0.17482250946339684
12,1541,b0720,3.0,2.5,2.5,4.0,5.5,0,True,0.0,1.0743551174060708,1.8713792816963892,0.8468414039238853,0.5371775587030356,0.4678448204240977,0.42342070196194287
12,1542,b0721,3.0,2.5,3.0,3.5,0.5,0,True,0.0,1.1514069111671579,1.4488779869603874,0.350913254062727,0.5757034555835788,0.36221949674009674,0.1754566270313635
12,1543,b0721,3.0,2.5,3.0,3.5,1.5,0,True,-0.0,1.670652981832802,2.977908003921774,0.4322344482048387,0.8353264909164008,0.744477000980443,0.2161172241024191
12,1544,b0721,3.0,2.5,3.0,3.5,2.5,0,True,-0.0,1.937731309727174,4.009742376546944,0.5049155848752885,0.9688656548635866,1.002435594136735,0.25245779243764427
12,1545,b0721,3.0,2.5,3.0,3.5,3.5,0,True,0.0,1.9975471397611844,4.342024549468126,0.5931525721937299,0.9987735698805926,1.0855061373670325,0.2965762860968649
12,1546,b0721,3.0,2.5,3.0,3.5,4.5,0,True,0.0,1.9561928263947228,3.9890770482436513,0.4029722995510701,0.9780964131973606,0.9972692620609113,0.20148614977553478
12,1547,b0721,3.0,2.5,3.0,3.5,5.5,0,True,0.0,1.3771309256950677,2.127764858361081,0.48091087724788134,0.6885654628475335,0.5319412145902699,0.24045543862394092
12,1548,b0722,3.0,2.5,3.5,3.0,0.5,0,True,0.0,1.1514069111671579,1.4488779869603874,0.350913254062727,0.5757034555835788,0.36221949674009674,0.1754566270313635
12,1549,b0722,3.0,2.5,3.5,3.0,1.5,0,True,0.0,1.6706529818328026,2.977908003921776,0.4322344482048387,0.8353264909164011,0.7444770009804434,0.21611722410241885
12,1550,b0722,3.0,2.5,3.5,3.0,2.5,0,True,0.0,1.9377313097271749,4.0097423765469475,0.504915584875289,0.9688656548635866,1.002435594136735,0.25245779243764427
12,1551,b0722,3.0,2.5,3.5,3.0,3.5,0,True,0.0,1.997547139761184,4.342024549468125,0.5931525721937299,0.9987735698805916,1.08550613736703,0.29657628609686415
12,1552,b0722,3.0,2.5,3.5,3.0,4.5,0,True,0.0,1.9561928263947228,3.9890770482436513,0.4029722995510701,0.9780964131973608,0.9972692620609116,0.2014861497755345
12,1553,b0722,3.0,2.5,3.5,3.0,5.5,0,True,0.0,1.377130925695068,2.1277648583610818,0.4809108772478816,0.6885654628475336,0.5319412145902698,0.24045543862394045
12,1554,b0723,3.0,2.5,4.0,2.5,1.5,0,True,0.0,0.9746453720548153,1.6499313552945103,0.8366586843071917,0.4873226860274076,0.4124828388236274,0.4183293421535957
12,1555,b0723,3.0,2.5,4.0,2.5,2.5,0,True,0.0,1.8621843222546732,3.5899820893114147,0.34964501892679367,0.9310921611273355,0.8974955223278516,0.17482250946339684
12,1556,b0723,3.0,2.5,4.0,2.5,3.5,0,True,0.0,1.74143393003696,3.9090715290991382,0.9362047833755,0.8707169650184791,0.9772678822747827,0.4681023916877496
12,1557,b0723,3.0,2.5,4.0,2.5,4.5,0,True,0.0,1.9282500972431729,3.8404000767786237,0.34964501892679367,0.9641250486215858,0.9601000191946546,0.17482250946339684
12,1558,b0723,3.0,2.5,4.0,2.5,5.5,0,True,0.0,1.074355117406071,1.8713792816963903,0.8468414039238857,0.537177558703035,0.4678448204240966,0.4234207019619423
12,1559,b0724,3.0,2.5,4.5,2.0,2.5,0,True,0.0,1.377319546653215,2.04471378294415,0.38432362580399904,0.6886597733266079,0.5111784457360381,0.1921618129019998
12,1560,b0724,3.0,2.5,4.5,2.0,3.5,0,True,0.0,1.8320573932105306,3.4960823241311627,0.3736951058199693,0.9160286966052654,0.8740205810327908,0.18684755290998437
12,1561,b0724,3.0,2.5,4.5,2.0,4.5,0,True,0.0,1.8143403342537539,3.4395354978511556,0.3843236258039993,0.9071701671268769,0.859883874462789,0.19216181290199993
12,1562,b0724,3.0,2.5,4.5,2.0,5.5,0,True,0.0,1.359602487696437,1.988166956664138,0.373695105819969,0.6798012438482188,0.49704173916603495,0.1868475529099845
12,1563,b0725,3.0,2.5,5.0,1.5,3.5,0,True,0.0,0.9072879627403782,1.5528006847429017,0.8541833745802572,0.45364398137018896,0.3882001711857254,0.4270916872901287
12,1564,b0725,3.0,2.5,5.0,1.5,4.5,0,True,0.0,1.711475020623897,2.929146746219568,0.0,0.8557375103119481,0.7322866865548915,0.0
12,1565,b0725,3.0,2.5,5.0,1.5,5.5,0,True,0.0,0.8041870578835184,1.3763460614766654,0.8541833745802572,0.4020935289417595,0.3440865153691666,0.42709168729012864
12,1566,b0726,3.0,2.5,5.5,1.0,4.5,0,True,0.0,1.2233453267335428,1.4965737884407986,0.0,0.6116726633667714,0.37414344711019965,0.0
12,1567,b0726,3.0,2.5,5.5,1.0,5.5,0,True,0.0,1.2233453267335428,1.4965737884407986,0.0,0.6116726633667714,0.37414344711019965,0.0
12,1568,b0727,3.0,2.5,6.0,0.5,5.5,0,True,0.0,0.0,0.0,0.0,0.0,0.0,0.0
12,1569,b0728,3.0,3.0,0.0,6.0,6.0,0,False,0.0,0.0,0.0,0.0,0.0,0.0,0.0
12,1570,b0729,3.0,3.0,0.5,5.5,5.0,0,True,0.0,1.0766805802095398,1.1592410718003514,0.0,0.5383402901047699,0.28981026795008785,0.0
12,1571,b0729,3.0,3.0,0.5,5.5,6.0,0,True,0.0,1.0766805802095398,1.1592410718003514,0.0,0.5383402901047699,0.28981026795008785,0.0
12,1572,b0730,3.0,3.0,1.0,5.0,4.0,0,True,0.0,0.9564337882518593,1.5093632256611742,0.7711015720068087,0.47821689412592966,0.3773408064152935,0.3855507860034043
12,1573,b0730,3.0,3.0,1.0,5.0,5.0,0,True,-0.0,1.5781157506155683,2.4904493223409387,0.0,0.7890578753077842,0.6226123305852347,0.0
12,1574,b0730,3.0,3.0,1.0,5.0,6.0,0,True,0.0,0.6216819623637088,0.9810860966797634,0.7711015720068087,0.31084098118185427,0.24527152416994077,0.38555078600340437
12,1575,b0731,3.0,3.0,1.5,4.5,3.0,0,True,0.0,1.3543088315994702,2.004481040867527,0.41270889197981253,0.6771544157997349,0.5011202602168814,0.20635444598990627
12,1576,b0731,3.0,3.0,1.5,4.5,4.0,0,True,0.0,1.8068048786541322,3.365608509019577,0.31790665216570035,0.903402439327066,0.8414021272548939,0.15895332608284982
12,1577,b0731,3.0,3.0,1.5,4.5,5.0,0,True,-0.0,1.653733950236423,2.9051646076837683,0.41270889197981225,0.8268669751182113,0.7262911519209417,0.20635444598990613
12,1578,b0731,3.0,3.0,1.5,4.5,6.0,0,True,0.0,1.2012379031817602,1.5440371395317154,0.31790665216570035,0.6006189515908802,0.3860092848829289,0.15895332608285
12,1579,b0732,3.0,3.0,2.0,4.0,2.0,0,True,0.0,1.0934210476848474,1.8486134125837608,0.8081112702243,0.5467105238424237,0.4621533531459399,0.40405563511214965
12,1580,b0732,3.0,3.0,2.0,4.0,3.0,0,True,0.0,1.892517021876968,3.7069385883155173,0.3540026980426127,0.9462585109384847,0.9267346470788808,0.17700134902130665
12,1581,b0732,3.0,3.0,2.0,4.0,4.0,0,True,0.0,1.7368236027192803,3.804285720821497,0.8875412631865162,0.8684118013596391,0.9510714302053722,0.4437706315932577
12,1582,b0732,3.0,3.0,2.0,4.0,5.0,0,True,0.0,1.7857811924059843,3.3143323773723887,0.3540026980426133,0.892890596202992,0.828583094343097,0.17700134902130635
12,1583,b0732,3.0,3.0,2.0,4.0,6.0,0,True,0.0,0.8480535638788245,1.3683718322826475,0.8057152009705861,0.42402678193941196,0.3420929580706615,0.4028576004852929
12,1584,b0733,3.0,3.0,2.5,3.5,1.0,0,True,0.0,1.26084282947202,1.766355373056567,0.4202745916963787,0.63042141473601,0.4415888432641418,0.21013729584818935
12,1585,b0733,3.0,3.0,2.5,3.5,2.0,0,True,-0.0,1.8143731673965977,3.4643227762301914,0.4151780168330556,0.9071865836982987,0.8660806940575477,0.20758900841652805
12,1586,b0733,3.0,3.0,2.5,3.5,3.0,0,True,0.0,1.9747601568910846,4.215440864545769,0.5619280979816438,0.9873800784455423,1.0538602161364423,0.2809640489908219
12,1587,b0733,3.0,3.0,2.5,3.5,4.0,0,True,0.0,2.003929744962534,4.309202360140006,0.5417268106660388,1.0019648724812673,1.0773005900350023,0.2708634053330202
12,1588,b0733,3.0,3.0,2.5,3.5,5.0,0,True,0.0,1.8097280609259485,3.4659011741486414,0.43679001779556237,0.904864030462975,0.8664752935371618,0.21839500889778143
12,1589,b0733,3.0,3.0,2.5,3.5,6.0,0,True,0.0,1.2270281349299208,1.674172275380777,0.4105779237503852,0.6135140674649604,0.41854306884519443,0.205288961875193
12,1590,b0734,3.0,3.0,3.0,3.0,0.0,0,True,-0.0,0.7613000695646632,1.0391008252669716,0.6778812796853225,0.3806500347823318,0.2597752063167431,0.33894063984266143
12,1591,b0734,3.0,3.0,3.0,3.0,1.0,0,True,0.0,1.5742232082733643,2.616759723604897,0.3722647097676772,0.7871116041366822,0.6541899309012245,0.1861323548838386
12,1592,b0734,3.0,3.0,3.0,3.0,2.0,0,True,0.0,1.7434485298376752,3.645388602720002,0.7783160197033406,0.8717242649188376,0.9113471506800002,0.3891580098516699
12,1593,b0734,3.0,3.0,3.0,3.0,3.0,0,True,0.0,2.0379251186807905,4.43247646907723,0.5285240578508376,1.0189625593403946,1.1081191172693057,0.2642620289254179
12,1594,b0734,3.0,3.0,3.0,3.0,4.0,0,True,0.0,1.926822144078133,4.348126714781794,0.7971719638020024,0.9634110720390657,1.0870316786954468,0.39858598190100075
12,1595,b0734,3.0,3.0,3.0,3.0,5.0,0,True,0.0,1.8350951513833291,3.5404853270343524,0.41582581978966693,0.9175475756916646,0.8851213317585879,0.20791290989483294
12,1596,b0734,3.0,3.0,3.0,3.0,6.0,0,True,0.0,1.0156727348570134,1.5571053769477146,0.724923632264661,0.5078363674285067,0.38927634423692864,0.3624618161323305
12,1597,b0735,3.0,3.0,3.5,2.5,1.0,0,True,0.0,1.26084282947202,1.7663553730565673,0.420274591696379,0.6304214147360095,0.44158884326414133,0.2101372958481896
12,1598,b0735,3.0,3.0,3.5,2.5,2.0,0,True,0.0,1.8143731673965982,3.464322776230193,0.4151780168330556,0.9071865836982987,0.8660806940575477,0.20758900841652805
12,1599,b0735,3.0,3.0,3.5,2.5,3.0,0,True,0.0,1.9747601568910846,4.215440864545769,0.5619280979816438,0.9873800784455417,1.053860216136441,0.2809640489908219
12,1600,b0735,3.0,3.0,3.5,2.5,4.0,0,True,0.0,2.003929744962534,4.309202360140007,0.5417268106660397,1.001964872481267,1.0773005900350017,0.27086340533301984
12,1601,b0735,3.0,3.0,3.5,2.5,5.0,0,True,0.0,1.809728060925949,3.465901174148643,0.43679001779556287,0.9048640304629743,0.8664752935371602,0.2183950088977809
12,1602,b0735,3.0,3.0,3.5,2.5,6.0,0,True,0.0,1.227028134929921,1.6741722753807777,0.4105779237503855,0.6135140674649604,0.4185430688451944,0.20528896187519285
12,1603,b0736,3.0,3.0,4.0,2.0,2.0,0,True,0.0,1.0934210476848476,1.8486134125837612,0.8081112702243,0.5467105238424237,0.46215335314593997,0.4040556351121497
12,1604,b0736,3.0,3.0,4.0,2.0,3.0,0,True,0.0,1.892517021876968,3.7069385883155173,0.3540026980426127,0.9462585109384847,0.9267346470788808,0.17700134902130665
12,1605,b0736,3.0,3.0,4.0,2.0,4.0,0,True,0.0,1.73682360271928,3.804285720821496,0.8875412631865159,0.8684118013596391,0.9510714302053722,0.4437706315932577
12,1606,b0736,3.0,3.0,4.0,2.0,5.0,0,True,0.0,1.7857811924059839,3.314332377372387,0.3540026980426127,0.892890596202992,0.828583094343097,0.17700134902130635
12,1607,b0736,3.0,3.0,4.0,2.0,6.0,0,True,0.0,0.848053563878824,1.3683718322826468,0.8057152009705862,0.42402678193941196,0.34209295807066153,0.40285760048529295
12,1608,b0737,3.0,3.0,4.5,1.5,3.0,0,True,0.0,1.3543088315994702,2.004481040867527,0.41270889197981253,0.6771544157997351,0.5011202602168816,0.20635444598990602
12,1609,b0737,3.0,3.0,4.5,1.5,4.0,0,True,-0.0,1.8068048786541326,3.3656085090195784,0.31790665216570035,0.9034024393270667,0.8414021272548953,0.15895332608285018
12,1610,b0737,3.0,3.0,4.5,1.5,5.0,0,True,0.0,1.653733950236423,2.9051646076837683,0.41270889197981225,0.8268669751182115,0.7262911519209421,0.20635444598990613
12,1611,b0737,3.0,3.0,4.5,1.5,6.0,0,True,0.0,1.2012379031817606,1.5440371395317165,0.31790665216570035,0.6006189515908804,0.38600928488292924,0.15895332608285018
12,1612,b0738,3.0,3.0,5.0,1.0,4.0,0,True,0.0,0.9564337882518598,1.509363225661175,0.7711015720068088,0.4782168941259301,0.377340806415294,0.3855507860034044
12,1613,b0738,3.0,3.0,5.0,1.0,5.0,0,True,0.0,1.5781157506155687,2.49044932234094,0.0,0.7890578753077843,0.6226123305852348,0.0
12,1614,b0738,3.0,3.0,5.0,1.0,6.0,0,True,0.0,0.6216819623637084,0.9810860966797632,0.7711015720068088,0.3108409811818541,0.24527152416994072,0.38555078600340437
12,1615,b0739,3.0,3.0,5.5,0.5,5.0,0,True,0.0,1.0766805802095398,1.1592410718003514,0.0,0.5383402901047699,0.28981026795008785,0.0
12,1616,b0739,3.0,3.0,5.5,0.5,6.0,0,True,0.0,1.0766805802095398,1.1592410718003514,0.0,0.5383402901047699,0.28981026795008785,0.0
12,1617,b0740,3.0,3.0,6.0,0.0,6.0,0,False,0.0,0.0,0.0,0.0,0.0,0.0,0.0
12,1618,b0741,3.0,3.5,0.0,5.5,5.5,0,False,0.0,0.0,0.0,0.0,0.0,0.0,0.0
12,1619,b0742,3.0,3.5,0.5,5.0,4.5,0,True,0.0,1.223345326733543,1.496573788440799,0.0,0.6116726633667715,0.37414344711019976,0.0
12,1620,b0742,3.0,3.5,0.5,5.0,5.5,0,True,0.0,1.223345326733543,1.496573788440799,0.0,0.6116726633667715,0.37414344711019976,0.0
12,1621,b0743,3.0,3.5,1.0,4.5,3.5,0,True,0.0,0.9072879627403788,1.5528006847429032,0.8541833745802573,0.4536439813701892,0.3882001711857256,0.42709168729012864
12,1622,b0743,3.0,3.5,1.0,4.5,4.5,0,True,0.0,1.7114750206238964,2.929146746219567,0.0,0.8557375103119484,0.732286686554892,0.0
12,1623,b0743,3.0,3.5,1.0,4.5,5.5,0,True,0.0,0.8041870578835182,1.3763460614766652,0.8541833745802573,0.40209352894175915,0.34408651536916635,0.42709168729012864
12,1624,b0744,3.0,3.5,1.5,4.0,2.5,0,True,0.0,1.3773195466532162,2.0447137829441537,0.3843236258039996,0.6886597733266082,0.5111784457360385,0.19216181290199966
12,1625,b0744,3.0,3.5,1.5,4.0,3.5,0,True,0.0,1.8320573932105315,3.496082324131166,0.37369510581996873,0.9160286966052655,0.874020581032791,0.18684755290998437
12,1626,b0744,3.0,3.5,1.5,4.0,4.5,0,True,-0.0,1.8143403342537534,3.4395354978511543,0.3843236258039993,0.907170167126876,0.8598838744627874,0.19216181290199966
12,1627,b0744,3.0,3.5,1.5,4.0,5.5,0,True,0.0,1.3596024876964372,1.9881669566641385,0.373695105819969,0.6798012438482183,0.4970417391660341,0.18684755290998437
12,1628,b0745,3.0,3.5,2.0,3.5,1.5,0,True,0.0,0.9746453720548182,1.649931355294517,0.8366586843071923,0.4873226860274092,0.4124828388236294,0.41832934215359624
12,1629,b0745,3.0,3.5,2.0,3.5,2.5,0,True,0.0,1.862184322254674,3.589982089311417,0.34964501892679367,0.9310921611273366,0.8974955223278536,0.1748225094633965
12,1630,b0745,3.0,3.5,2.0,3.5,3.5,0,True,0.0,1.7414339300369588,3.9090715290991365,0.9362047833755011,0.8707169650184797,0.9772678822747847,0.46810239168775053
12,1631,b0745,3.0,3.5,2.0,3.5,4.5,0,True,0.0,1.928250097243174,3.8404000767786277,0.34964501892679367,0.964125048621587,0.9601000191946568,0.1748225094633965
12,1632,b0745,3.0,3.5,2.0,3.5,5.5,0,True,0.0,1.0743551174060704,1.8713792816963892,0.8468414039238858,0.5371775587030351,0.46784482042409725,0.423420701961943
12,1633,b0746,3.0,3.5,2.5,3.0,0.5,0,True,0.0,1.1514069111671565,1.4488779869603843,0.350913254062727,0.575703455583578,0.36221949674009585,0.1754566270313635
12,1634,b0746,3.0,3.5,2.5,3.0,1.5,0,True,-0.0,1.6706529818328015,2.9779080039217725,0.4322344482048387,0.8353264909164003,0.7444770009804422,0.2161172241024191
12,1635,b0746,3.0,3.5,2.5,3.0,2.5,0,True,0.0,1.9377313097271744,4.009742376546945,0.5049155848752881,0.9688656548635872,1.0024355941367362,0.25245779243764405
12,1636,b0746,3.0,3.5,2.5,3.0,3.5,0,True,0.0,1.9975471397611844,4.342024549468126,0.5931525721937299,0.9987735698805907,1.0855061373670285,0.29657628609686454
12,1637,b0746,3.0,3.5,2.5,3.0,4.5,0,True,0.0,1.9561928263947226,3.98907704824365,0.402972299551069,0.9780964131973604,0.9972692620609106,0.20148614977553422
12,1638,b0746,3.0,3.5,2.5,3.0,5.5,0,True,0.0,1.3771309256950677,2.1277648583610818,0.4809108772478823,0.688565462847533,0.5319412145902689,0.24045543862394045
12,1639,b0747,3.0,3.5,3.0,2.5,0.5,0,True,0.0,1.1514069111671568,1.4488779869603847,0.350913254062727,0.5757034555835785,0.36221949674009635,0.1754566270313635
12,1640,b0747,3.0,3.5,3.0,2.5,1.5,0,True,0.0,1.6706529818328018,2.9779080039217733,0.4322344482048387,0.8353264909164014,0.7444770009804441,0.2161172241024191
12,1641,b0747,3.0,3.5,3.0,2.5,2.5,0,True,-0.0,1.9377313097271756,4.00974237654695,0.504915584875289,0.9688656548635882,1.0024355941367384,0.2524577924376445
12,1642,b0747,3.0,3.5,3.0,2.5,3.5,0,True,0.0,1.9975471397611848,4.342024549468128,0.5931525721937299,0.998773569880592,1.0855061373670312,0.2965762860968649
12,1643,b0747,3.0,3.5,3.0,2.5,4.5,0,True,0.0,1.9561928263947232,3.989077048243653,0.4029722995510701,0.9780964131973616,0.9972692620609132,0.20148614977553478
12,1644,b0747,3.0,3.5,3.0,2.5,5.5,0,True,0.0,1.3771309256950681,2.127764858361083,0.4809108772478825,0.6885654628475337,0.5319412145902702,0.24045543862394103
12,1645,b0748,3.0,3.5,3.5,2.0,1.5,0,True,0.0,0.9746453720548184,1.6499313552945174,0.8366586843071924,0.4873226860274089,0.4124828388236288,0.4183293421535958
12,1646,b0748,3.0,3.5,3.5,2.0,2.5,0,True,0.0,1.862184322254674,3.589982089311417,0.34964501892679367,0.9310921611273372,0.8974955223278546,0.1748225094633965
12,1647,b0748,3.0,3.5,3.5,2.0,3.5,0,True,0.0,1.7414339300369586,3.909071529099136,0.9362047833755013,0.8707169650184785,0.9772678822747825,0.4681023916877504
12,1648,b0748,3.0,3.5,3.5,2.0,4.5,0,True,0.0,1.9282500972431735,3.840400076778626,0.34964501892679367,0.9641250486215868,0.9601000191946564,0.1748225094633965
12,1649,b0748,3.0,3.5,3.5,2.0,5.5,0,True,0.0,1.0743551174060706,1.8713792816963897,0.8468414039238858,0.5371775587030354,0.46784482042409753,0.4234207019619429
12,1650,b0749,3.0,3.5,4.0,1.5,2.5,0,True,0.0,1.3773195466532167,2.0447137829441546,0.3843236258039993,0.6886597733266082,0.5111784457360387,0.19216181290199993
12,1651,b0749,3.0,3.5,4.0,1.5,3.5,0,True,0.0,1.8320573932105313,3.496082324131165,0.37369510581996873,0.916028696605266,0.8740205810327918,0.18684755290998437
12,1652,b0749,3.0,3.5,4.0,1.5,4.5,0,True,0.0,1.8143403342537543,3.4395354978511574,0.3843236258039993,0.9071701671268766,0.8598838744627884,0.19216181290199966
12,1653,b0749,3.0,3.5,4.0,1.5,5.5,0,True,0.0,1.3596024876964377,1.9881669566641396,0.37369510581996873,0.6798012438482184,0.49704173916603434,0.1868475529099845
12,1654,b0750,3.0,3.5,4.5,1.0,3.5,0,True,0.0,0.9072879627403787,1.5528006847429028,0.8541833745802572,0.4536439813701892,0.3882001711857256,0.42709168729012864
12,1655,b0750,3.0,3.5,4.5,1.0,4.5,0,True,0.0,1.711475020623897,2.929146746219568,0.0,0.8557375103119484,0.732286686554892,0.0
12,1656,b0750,3.0,3.5,4.5,1.0,5.5,0,True,0.0,0.8041870578835181,1.376346061476665,0.8541833745802573,0.40209352894175915,0.34408651536916635,0.42709168729012864
12,1657,b0751,3.0,3.5,5.0,0.5,4.5,0,True,0.0,1.223345326733543,1.496573788440799,0.0,0.6116726633667715,0.37414344711019976,0.0
12,1658,b0751,3.0,3.5,5.0,0.5,5.5,0,True,0.0,1.223345326733543,1.496573788440799,0.0,0.6116726633667715,0.37414344711019976,0.0
12,1659,b0752,3.0,3.5,5.5,0.0,5.5,0,False,0.0,0.0,0.0,0.0,0.0,0.0,0.0
12,1660,b0753,3.0,4.0,0.0,5.0,5.0,0,False,0.0,0.0,0.0,0.0,0.0,0.0,0.0
12,1661,b0754,3.0,4.0,0.5,4.5,4.0,0,True,0.0,1.2803962065704428,1.6394144457999802,0.0,0.6401981032852213,0.4098536114499949,0.0
12,1662,b0754,3.0,4.0,0.5,4.5,5.0,0,True,0.0,1.2803962065704428,1.6394144457999802,0.0,0.6401981032852213,0.4098536114499949,0.0
12,1663,b0755,3.0,4.0,1.0,4.0,3.0,0,True,0.0,0.8576948190354136,1.500706421304391,0.8746805237938022,0.42884740951770645,0.37517660532609737,0.437340261896901
12,1664,b0755,3.0,4.0,1.0,4.0,4.0,0,True,-0.0,1.7496974308322453,3.0614410994609598,0.0,0.8748487154161226,0.7653602748652399,0.0
12,1665,b0755,3.0,4.0,1.0,4.0,5.0,0,True,-0.0,0.8920026117968319,1.5607346781565699,0.8746805237938022,0.44600130589841624,0.39018366953914263,0.437340261896901
12,1666,b0756,3.0,4.0,1.5,3.5,2.0,0,True,0.0,1.3309177255759375,1.8966149522107802,0.3539392037604111,0.665458862787968,0.4741537380526939,0.17696960188020525
12,1667,b0756,3.0,4.0,1.5,3.5,3.0,0,True,-0.0,1.7808747784465044,3.332724825988904,0.40150946375150115,0.8904373892232529,0.8331812064972274,0.20075473187575085
12,1668,b0756,3.0,4.0,1.5,3.5,4.0,0,True,0.0,1.8607421553310308,3.587634328584524,0.3539392037604111,0.9303710776655154,0.8969085821461309,0.17696960188020525
12,1669,b0756,3.0,4.0,1.5,3.5,5.0,0,True,0.0,1.4107851024604636,2.151524454806399,0.4015094637515014,0.7053925512302315,0.5378811137015993,0.2007547318757507
12,1670,b0757,3.0,4.0,2.0,3.0,1.0,0,True,0.0,0.7777369266017047,1.227927133316059,0.7893366875523992,0.38886846330085195,0.3069817833290146,0.3946683437761997
12,1671,b0757,3.0,4.0,2.0,3.0,2.0,0,True,-0.0,1.7247892898511352,3.089985971119167,0.3392460415892624,0.8623946449255676,0.7724964927797916,0.16962302079463087
12,1672,b0757,3.0,4.0,2.0,3.0,3.0,0,True,0.0,1.7042088903494785,3.702186654770151,0.8932293730190193,0.8521044451747394,0.925546663692538,0.44661468650950964
12,1673,b0757,3.0,4.0,2.0,3.0,4.0,0,True,-0.0,1.9535089244318158,3.9312849945687334,0.3392460415892624,0.9767544622159074,0.9828212486421823,0.16962302079463087
12,1674,b0757,3.0,4.0,2.0,3.0,5.0,0,True,0.0,1.1963523973317682,2.091157177601691,0.8123411346227778,0.5981761986658843,0.5227892944004229,0.4061705673113887
12,1675,b0758,3.0,4.0,2.5,2.5,1.0,0,True,0.0,0.8914957192270125,1.4800751361309499,0.8278348378335267,0.4457478596135058,0.37001878403273686,0.41391741891676315
12,1676,b0758,3.0,4.0,2.5,2.5,2.0,0,True,0.0,1.8102754990494216,3.3932250991586,0.34077517031023175,0.9051377495247113,0.848306274789651,0.17038758515511654
12,1677,b0758,3.0,4.0,2.5,2.5,3.0,0,True,0.0,1.7211656529811403,3.8445758887675687,0.939236223622989,0.8605828264905704,0.9611439721918926,0.46961811181149465
12,1678,b0758,3.0,4.0,2.5,2.5,4.0,0,True,0.0,1.9801589204484242,4.037157066931436,0.34077517031023113,0.9900794602242121,1.0092892667328592,0.1703875851551162
12,1679,b0758,3.0,4.0,2.5,2.5,5.0,0,True,0.0,1.1777730472896932,2.105731141191519,0.8476920373988828,0.5888865236448466,0.5264327852978798,0.4238460186994415
12,1680,b0759,3.0,4.0,3.0,2.0,1.0,0,True,0.0,0.7777369266017047,1.227927133316059,0.7893366875523992,0.3888684633008522,0.30698178332901466,0.3946683437761996
12,1681,b0759,3.0,4.0,3.0,2.0,2.0,0,True,0.0,1.7247892898511354,3.089985971119168,0.3392460415892631,0.8623946449255674,0.7724964927797914,0.1696230207946312
12,1682,b0759,3.0,4.0,3.0,2.0,3.0,0,True,0.0,1.7042088903494788,3.702186654770152,0.8932293730190193,0.8521044451747392,0.9255466636925377,0.44661468650950975
12,1683,b0759,3.0,4.0,3.0,2.0,4.0,0,True,0.0,1.9535089244318162,3.931284994568735,0.3392460415892624,0.9767544622159081,0.9828212486421838,0.1696230207946312
12,1684,b0759,3.0,4.0,3.0,2.0,5.0,0,True,-0.0,1.196352397331768,2.091157177601691,0.812341134622778,0.5981761986658845,0.5227892944004232,0.40617056731138895
12,1685,b0760,3.0,4.0,3.5,1.5,2.0,0,True,0.0,1.3309177255759375,1.8966149522107805,0.35393920376041144,0.6654588627879683,0.4741537380526944,0.17696960188020538
12,1686,b0760,3.0,4.0,3.5,1.5,3.0,0,True,0.0,1.7808747784465047,3.332724825988905,0.40150946375150115,0.8904373892232518,0.8331812064972254,0.20075473187575085
12,1687,b0760,3.0,4.0,3.5,1.5,4.0,0,True,0.0,1.8607421553310308,3.587634328584524,0.3539392037604111,0.9303710776655154,0.8969085821461309,0.17696960188020525
12,1688,b0760,3.0,4.0,3.5,1.5,5.0,0,True,0.0,1.4107851024604638,2.1515244548063994,0.40150946375150115,0.7053925512302321,0.5378811137016003,0.20075473187575085
12,1689,b0761,3.0,4.0,4.0,1.0,3.0,0,True,0.0,0.8576948190354138,1.5007064213043912,0.8746805237938021,0.4288474095177068,0.37517660532609776,0.4373402618969011
12,1690,b0761,3.0,4.0,4.0,1.0,4.0,0,True,0.0,1.7496974308322455,3.0614410994609607,0.0,0.8748487154161227,0.7653602748652402,0.0
12,1691,b0761,3.0,4.0,4.0,1.0,5.0,0,True,0.0,0.8920026117968317,1.5607346781565692,0.874680523793802,0.4460013058984161,0.3901836695391426,0.4373402618969011
12,1692,b0762,3.0,4.0,4.5,0.5,4.0,0,True,0.0,1.2803962065704428,1.6394144457999802,0.0,0.6401981032852214,0.40985361144999505,0.0
12,1693,b0762,3.0,4.0,4.5,0.5,5.0,0,True,0.0,1.2803962065704428,1.6394144457999802,0.0,0.6401981032852214,0.40985361144999505,0.0
12,1694,b0763,3.0,4.0,5.0,0.0,5.0,0,False,0.0,0.0,0.0,0.0,0.0,0.0,0.0
12,1695,b0764,3.0,4.5,0.0,4.5,4.5,0,False,0.0,0.0,0.0,0.0,0.0,0.0,0.0
12,1696,b0765,3.0,4.5,0.5,4.0,3.5,0,True,0.0,1.2803962065704424,1.639414445799979,0.0,0.6401981032852212,0.40985361144999477,0.0
12,1697,b0765,3.0,4.5,0.5,4.0,4.5,0,True,-0.0,1.2803962065704424,1.639414445799979,0.0,0.6401981032852212,0.40985361144999477,0.0
12,1698,b0766,3.0,4.5,1.0,3.5,2.5,0,True,0.0,0.77325678642646,1.3234096744967936,0.8517532604822934,0.3866283932132299,0.33085241862419823,0.42587663024114664
12,1699,b0766,3.0,4.5,1.0,3.5,3.5,0,True,-0.0,1.7114750206238964,2.929146746219567,0.0,0.8557375103119481,0.7322866865548915,0.0
12,1700,b0766,3.0,4.5,1.0,3.5,4.5,0,True,0.0,0.9382182341974364,1.6057370717227732,0.8517532604822934,0.4691091170987182,0.40143426793069326,0.42587663024114664
12,1701,b0767,3.0,4.5,1.5,3.0,1.5,0,True,0.0,1.183208763806926,1.4898047169725317,0.29970274977553635,0.5916043819034628,0.3724511792431326,0.14985137488776798
12,1702,b0767,3.0,4.5,1.5,3.0,2.5,0,True,0.0,1.6206805280492262,2.8057384996585966,0.42324121451091884,0.8103402640246122,0.7014346249146475,0.2116206072554589
12,1703,b0767,3.0,4.5,1.5,3.0,3.5,0,True,0.0,1.8248340180289657,3.4198409315787575,0.29970274977553674,0.9124170090144825,0.8549602328946887,0.14985137488776798
12,1704,b0767,3.0,4.5,1.5,3.0,4.5,0,True,0.0,1.3873622537866668,2.1039071488926973,0.42324121451091884,0.6936811268933326,0.5259767872231731,0.21162060725545917
12,1705,b0768,3.0,4.5,2.0,2.5,1.5,0,True,0.0,1.3123569971450284,1.8373754199174375,0.3392558502987405,0.6561784985725134,0.45934385497935837,0.16962792514937025
12,1706,b0768,3.0,4.5,2.0,2.5,2.5,0,True,0.0,1.7552834710644925,3.2510460769177785,0.4123421069034371,0.8776417355322451,0.8127615192294426,0.20617105345171854
12,1707,b0768,3.0,4.5,2.0,2.5,3.5,0,True,0.0,1.8793028837619414,3.6468738608778706,0.33925585029874017,0.9396514418809699,0.9117184652194662,0.16962792514937042
12,1708,b0768,3.0,4.5,2.0,2.5,4.5,0,True,0.0,1.4363764098424774,2.23320320387753,0.4123421069034371,0.7181882049212385,0.5583008009693823,0.20617105345171882
12,1709,b0769,3.0,4.5,2.5,2.0,1.5,0,True,0.0,1.3123569971450282,1.837375419917437,0.3392558502987405,0.6561784985725136,0.4593438549793587,0.16962792514937042
12,1710,b0769,3.0,4.5,2.5,2.0,2.5,0,True,0.0,1.7552834710644927,3.2510460769177794,0.4123421069034371,0.8776417355322457,0.8127615192294437,0.20617105345171882
12,1711,b0769,3.0,4.5,2.5,2.0,3.5,0,True,0.0,1.8793028837619414,3.6468738608778706,0.33925585029874017,0.9396514418809704,0.9117184652194671,0.16962792514937042
12,1712,b0769,3.0,4.5,2.5,2.0,4.5,0,True,0.0,1.4363764098424774,2.23320320387753,0.4123421069034371,0.7181882049212387,0.5583008009693826,0.20617105345171882
12,1713,b0770,3.0,4.5,3.0,1.5,1.5,0,True,0.0,1.1832087638069262,1.4898047169725321,0.29970274977553635,0.5916043819034633,0.37245117924313326,0.14985137488776798
12,1714,b0770,3.0,4.5,3.0,1.5,2.5,0,True,0.0,1.6206805280492251,2.8057384996585926,0.42324121451091834,0.8103402640246125,0.7014346249146478,0.2116206072554589
12,1715,b0770,3.0,4.5,3.0,1.5,3.5,0,True,0.0,1.8248340180289655,3.4198409315787566,0.29970274977553674,0.9124170090144833,0.8549602328946901,0.14985137488776798
12,1716,b0770,3.0,4.5,3.0,1.5,4.5,0,True,0.0,1.3873622537866663,2.1039071488926955,0.42324121451091834,0.6936811268933335,0.5259767872231742,0.21162060725545878
12,1717,b0771,3.0,4.5,3.5,1.0,2.5,0,True,0.0,0.7732567864264602,1.3234096744967938,0.8517532604822934,0.38662839321322995,0.33085241862419823,0.4258766302411466
12,1718,b0771,3.0,4.5,3.5,1.0,3.5,0,True,0.0,1.7114750206238964,2.929146746219567,0.0,0.8557375103119479,0.7322866865548912,0.0
12,1719,b0771,3.0,4.5,3.5,1.0,4.5,0,True,0.0,0.9382182341974362,1.6057370717227728,0.8517532604822934,0.469109117098718,0.40143426793069303,0.42587663024114664
12,1720,b0772,3.0,4.5,4.0,0.5,3.5,0,True,0.0,1.2803962065704424,1.639414445799979,0.0,0.6401981032852212,0.40985361144999477,0.0
12,1721,b0772,3.0,4.5,4.0,0.5,4.5,0,True,0.0,1.2803962065704424,1.639414445799979,0.0,0.6401981032852212,0.40985361144999477,0.0
12,1722,b0773,3.0,4.5,4.5,0.0,4.5,0,False,0.0,0.0,0.0,0.0,0.0,0.0,0.0
12,1723,b0774,3.0,5.0,0.0,4.0,4.0,0,False,0.0,0.0,0.0,0.0,0.0,0.0,0.0
12,1724,b0775,3.0,5.0,0.5,3.5,3.0,0,True,0.0,1.2233453267335423,1.4965737884407975,0.0,0.6116726633667713,0.37414344711019953,0.0
12,1725,b0775,3.0,5.0,0.5,3.5,4.0,0,True,0.0,1.2233453267335423,1.4965737884407975,0.0,0.6116726633667713,0.37414344711019953,0.0
12,1726,b0776,3.0,5.0,1.0,3.0,2.0,0,True,0.0,0.6011869526154545,0.9487425989870241,0.7663660006758959,0.30059347630772765,0.23718564974675632,0.38318300033794805
12,1727,b0776,3.0,5.0,1.0,3.0,3.0,0,True,0.0,1.5781157506155676,2.4904493223409365,0.0,0.7890578753077837,0.6226123305852339,0.0
12,1728,b0776,3.0,5.0,1.0,3.0,4.0,0,True,0.0,0.9769287980001135,1.5417067233539137,0.7663660006758959,0.48846439900005656,0.38542668083847836,0.38318300033794805
12,1729,b0777,3.0,5.0,1.5,2.5,2.0,0,True,0.0,0.7541094755244703,1.2906395301759181,0.8496813691614796,0.3770547377622348,0.3226598825439792,0.4248406845807397
12,1730,b0777,3.0,5.0,1.5,2.5,3.0,0,True,0.0,1.711475020623896,2.929146746219565,0.0,0.8557375103119482,0.7322866865548917,0.0
12,1731,b0777,3.0,5.0,1.5,2.5,4.0,0,True,0.0,0.9573655450994258,1.6385072160436474,0.8496813691614796,0.4786827725497129,0.4096268040109117,0.42484068458073965
12,1732,b0778,3.0,5.0,2.0,2.0,2.0,0,True,0.0,0.7939803467642093,1.3892253728646329,0.8711030833470967,0.396990173382105,0.3473063432161586,0.4355515416735484
12,1733,b0778,3.0,5.0,2.0,2.0,3.0,0,True,0.0,1.7496974308322466,3.061441099460964,0.0,0.8748487154161232,0.7653602748652409,0.0
12,1734,b0778,3.0,5.0,2.0,2.0,4.0,0,True,0.0,0.9557170840680371,1.6722157265963302,0.8711030833470965,0.47785854203401823,0.4180539316490824,0.4355515416735485
12,1735,b0779,3.0,5.0,2.5,1.5,2.0,0,True,0.0,0.7541094755244704,1.2906395301759184,0.8496813691614796,0.3770547377622348,0.3226598825439792,0.4248406845807397
12,1736,b0779,3.0,5.0,2.5,1.5,3.0,0,True,0.0,1.711475020623896,2.929146746219565,0.0,0.8557375103119482,0.7322866865548917,0.0
12,1737,b0779,3.0,5.0,2.5,1.5,4.0,0,True,0.0,0.9573655450994255,1.6385072160436467,0.8496813691614796,0.4786827725497129,0.4096268040109117,0.42484068458073965
12,1738,b0780,3.0,5.0,3.0,1.0,2.0,0,True,0.0,0.6011869526154546,0.9487425989870242,0.7663660006758959,0.30059347630772754,0.23718564974675632,0.3831830003379481
12,1739,b0780,3.0,5.0,3.0,1.0,3.0,0,True,0.0,1.5781157506155676,2.4904493223409365,0.0,0.7890578753077842,0.6226123305852347,0.0
12,1740,b0780,3.0,5.0,3.0,1.0,4.0,0,True,0.0,0.9769287980001135,1.5417067233539137,0.7663660006758959,0.48846439900005684,0.3854266808384787,0.3831830003379481
12,1741,b0781,3.0,5.0,3.5,0.5,3.0,0,True,0.0,1.2233453267335426,1.4965737884407981,0.0,0.6116726633667713,0.37414344711019953,0.0
12,1742,b0781,3.0,5.0,3.5,0.5,4.0,0,True,0.0,1.2233453267335426,1.4965737884407981,0.0,0.6116726633667713,0.37414344711019953,0.0
12,1743,b0782,3.0,5.0,4.0,0.0,4.0,0,False,0.0,0.0,0.0,0.0,0.0,0.0,0.0
12,1744,b0783,3.0,5.5,0.0,3.5,3.5,0,False,0.0,0.0,0.0,0.0,0.0,0.0,0.0
12,1745,b0784,3.0,5.5,0.5,3.0,2.5,0,True,0.0,1.0766805802095412,1.1592410718003543,0.0,0.5383402901047707,0.2898102679500887,0.0
12,1746,b0784,3.0,5.5,0.5,3.0,3.5,0,True,0.0,1.0766805802095412,1.1592410718003543,0.0,0.5383402901047707,0.2898102679500887,0.0
12,1747,b0785,3.0,5.5,1.0,2.5,2.5,0,True,0.0,1.2233453267335432,1.4965737884407997,0.0,0.6116726633667716,0.3741434471101999,0.0
12,1748,b0785,3.0,5.5,1.0,2.5,3.5,0,True,0.0,1.2233453267335432,1.4965737884407997,0.0,0.6116726633667716,0.3741434471101999,0.0
12,1749,b0786,3.0,5.5,1.5,2.0,2.5,0,True,0.0,1.2803962065704428,1.6394144457999802,0.0,0.6401981032852215,0.40985361144999516,0.0
12,1750,b0786,3.0,5.5,1.5,2.0,3.5,0,True,0.0,1.2803962065704428,1.6394144457999802,0.0,0.6401981032852215,0.40985361144999516,0.0
12,1751,b0787,3.0,5.5,2.0,1.5,2.5,0,True,0.0,1.2803962065704428,1.6394144457999802,0.0,0.6401981032852215,0.40985361144999516,0.0
12,1752,b0787,3.0,5.5,2.0,1.5,3.5,0,True,0.0,1.2803962065704428,1.6394144457999802,0.0,0.6401981032852215,0.40985361144999516,0.0
12,1753,b0788,3.0,5.5,2.5,1.0,2.5,0,True,0.0,1.2233453267335432,1.4965737884407997,0.0,0.6116726633667716,0.3741434471101999,0.0
12,1754,b0788,3.0,5.5,2.5,1.0,3.5,0,True,0.0,1.2233453267335432,1.4965737884407997,0.0,0.6116726633667716,0.3741434471101999,0.0
12,1755,b0789,3.0,5.5,3.0,0.5,2.5,0,True,0.0,1.0766805802095412,1.1592410718003543,0.0,0.5383402901047706,0.2898102679500886,0.0
12,1756,b0789,3.0,5.5,3.0,0.5,3.5,0,True,0.0,1.0766805802095412,1.1592410718003543,0.0,0.5383402901047706,0.2898102679500886,0.0
12,1757,b0790,3.0,5.5,3.5,0.0,3.5,0,False,0.0,0.0,0.0,0.0,0.0,0.0,0.0
12,1758,b0791,3.0,6.0,0.0,3.0,3.0,0,False,0.0,0.0,0.0,0.0,0.0,0.0,0.0
12,1759,b0792,3.0,6.0,0.5,2.5,3.0,0,True,0.0,0.0,0.0,0.0,0.0,0.0,0.0
12,1760,b0793,3.0,6.0,1.0,2.0,3.0,0,True,0.0,0.0,0.0,0.0,0.0,0.0,0.0
12,1761,b0794,3.0,6.0,1.5,1.5,3.0,0,True,0.0,0.0,0.0,0.0,0.0,0.0,0.0
12,1762,b0795,3.0,6.0,2.0,1.0,3.0,0,True,0.0,0.0,0.0,0.0,0.0,0.0,0.0
12,1763,b0796,3.0,6.0,2.5,0.5,3.0,0,True,0.0,0.0,0.0,0.0,0.0,0.0,0.0
12,1764,b0797,3.0,6.0,3.0,0.0,3.0,0,False,0.0,0.0,0.0,0.0,0.0,0.0,0.0
12,1765,b0798,3.5,0.0,2.5,6.0,3.5,0,False,0.0,0.0,0.0,0.0,0.0,0.0,0.0
12,1766,b0799,3.5,0.0,3.0,5.5,3.5,0,False,0.0,0.0,0.0,0.0,0.0,0.0,0.0
12,1767,b0800,3.5,0.0,3.5,5.0,3.5,0,False,0.0,0.0,0.0,0.0,0.0,0.0,0.0
12,1768,b0801,3.5,0.0,4.0,4.5,3.5,0,False,0.0,0.0,0.0,0.0,0.0,0.0,0.0
12,1769,b0802,3.5,0.0,4.5,4.0,3.5,0,False,0.0,0.0,0.0,0.0,0.0,0.0,0.0
12,1770,b0803,3.5,0.0,5.0,3.5,3.5,0,False,0.0,0.0,0.0,0.0,0.0,0.0,0.0
12,1771,b0804,3.5,0.0,5.5,3.0,3.5,0,False,0.0,0.0,0.0,0.0,0.0,0.0,0.0
12,1772,b0805,3.5,0.0,6.0,2.5,3.5,0,False,0.0,0.0,0.0,0.0,0.0,0.0,0.0
12,1773,b0806,3.5,0.5,2.0,6.0,4.0,0,True,0.0,0.0,0.0,0.0,0.0,0.0,0.0
12,1774,b0807,3.5,0.5,2.5,5.5,3.0,0,True,0.0,1.0691244602178607,1.143027111436132,0.0,0.5345622301089303,0.285756777859033,0.0
12,1775,b0807,3.5,0.5,2.5,5.5,4.0,0,True,-0.0,1.0691244602178607,1.143027111436132,0.0,0.5345622301089303,0.285756777859033,0.0
12,1776,b0808,3.5,0.5,3.0,5.0,3.0,0,True,0.0,1.2233453267335426,1.4965737884407981,0.0,0.6116726633667712,0.37414344711019937,0.0
12,1777,b0808,3.5,0.5,3.0,5.0,4.0,0,True,-0.0,1.2233453267335426,1.4965737884407981,0.0,0.6116726633667712,0.37414344711019937,0.0
12,1778,b0809,3.5,0.5,3.5,4.5,3.0,0,True,0.0,1.2935301937523562,1.6732203621490083,0.0,0.646765096876178,0.4183050905372519,0.0
12,1779,b0809,3.5,0.5,3.5,4.5,4.0,0,True,0.0,1.2935301937523562,1.6732203621490083,0.0,0.646765096876178,0.4183050905372519,0.0
12,1780,b0810,3.5,0.5,4.0,4.0,3.0,0,True,0.0,1.314570104344711,1.7280945592368646,0.0,0.6572850521723557,0.4320236398092163,0.0
12,1781,b0810,3.5,0.5,4.0,4.0,4.0,0,True,0.0,1.314570104344711,1.7280945592368646,0.0,0.6572850521723557,0.4320236398092163,0.0
12,1782,b0811,3.5,0.5,4.5,3.5,3.0,0,True,0.0,1.2935301937523562,1.6732203621490083,0.0,0.646765096876178,0.4183050905372519,0.0
12,1783,b0811,3.5,0.5,4.5,3.5,4.0,0,True,0.0,1.2935301937523562,1.6732203621490083,0.0,0.646765096876178,0.4183050905372519,0.0
12,1784,b0812,3.5,0.5,5.0,3.0,3.0,0,True,0.0,1.2233453267335426,1.4965737884407981,0.0,0.6116726633667713,0.37414344711019953,0.0
12,1785,b0812,3.5,0.5,5.0,3.0,4.0,0,True,0.0,1.2233453267335426,1.4965737884407981,0.0,0.6116726633667713,0.37414344711019953,0.0
12,1786,b0813,3.5,0.5,5.5,2.5,3.0,0,True,0.0,1.069124460217861,1.1430271114361323,0.0,0.5345622301089303,0.285756777859033,0.0
12,1787,b0813,3.5,0.5,5.5,2.5,4.0,0,True,0.0,1.069124460217861,1.1430271114361323,0.0,0.5345622301089303,0.285756777859033,0.0
12,1788,b0814,3.5,0.5,6.0,2.0,4.0,0,True,0.0,0.0,0.0,0.0,0.0,0.0,0.0
12,1789,b0815,3.5,1.0,1.5,6.0,4.5,0,True,0.0,0.0,0.0,0.0,0.0,0.0,0.0
12,1790,b0816,3.5,1.0,2.0,5.5,3.5,0,True,-0.0,1.2024257315046567,1.4458276397845087,0.0,0.6012128657523284,0.36145690994612717,0.0
12,1791,b0816,3.5,1.0,2.0,5.5,4.5,0,True,0.0,1.2024257315046567,1.4458276397845087,0.0,0.6012128657523284,0.36145690994612717,0.0
12,1792,b0817,3.5,1.0,2.5,5.0,2.5,0,True,0.0,0.6079070073266573,0.950795231106765,0.7623937968988943,0.3039535036633287,0.23769880777669133,0.3811968984494472
12,1793,b0817,3.5,1.0,2.5,5.0,3.5,0,True,0.0,1.5640471645293237,2.4462435328722174,0.0,0.7820235822646617,0.6115608832180541,0.0
12,1794,b0817,3.5,1.0,2.5,5.0,4.5,0,True,-0.0,0.9561401572026664,1.495448301765452,0.7623937968988942,0.4780700786013332,0.3738620754413631,0.38119689844944715
12,1795,b0818,3.5,1.0,3.0,4.5,2.5,0,True,0.0,0.7732567864264605,1.3234096744967945,0.8517532604822936,0.38662839321323006,0.33085241862419845,0.4258766302411467
12,1796,b0818,3.5,1.0,3.0,4.5,3.5,0,True,0.0,1.7114750206238962,2.929146746219566,0.0,0.8557375103119479,0.7322866865548912,0.0
12,1797,b0818,3.5,1.0,3.0,4.5,4.5,0,True,0.0,0.938218234197436,1.6057370717227728,0.8517532604822936,0.4691091170987181,0.4014342679306932,0.4258766302411467
12,1798,b0819,3.5,1.0,3.5,4.0,2.5,0,True,0.0,0.834875274411743,1.480084895033854,0.8849113917278786,0.4174376372058717,0.3700212237584638,0.4424556958639394
12,1799,b0819,3.5,1.0,3.5,4.0,3.5,0,True,0.0,1.7728215703557981,3.142896320318798,0.0,0.8864107851778994,0.7857240800797001,0.0
12,1800,b0819,3.5,1.0,3.5,4.0,4.5,0,True,0.0,0.9379462959440551,1.662811425284944,0.8849113917278786,0.46897314797202777,0.41570285632123627,0.44245569586393935
12,1801,b0820,3.5,1.0,4.0,3.5,2.5,0,True,0.0,0.8348752744117433,1.4800848950338545,0.8849113917278786,0.41743763720587185,0.37002122375846397,0.44245569586393946
12,1802,b0820,3.5,1.0,4.0,3.5,3.5,0,True,-0.0,1.7728215703557981,3.142896320318798,0.0,0.8864107851778996,0.7857240800797005,0.0
12,1803,b0820,3.5,1.0,4.0,3.5,4.5,0,True,0.0,0.9379462959440549,1.6628114252849435,0.8849113917278786,0.46897314797202755,0.4157028563212361,0.4424556958639394
12,1804,b0821,3.5,1.0,4.5,3.0,2.5,0,True,0.0,0.77325678642646,1.3234096744967936,0.8517532604822934,0.3866283932132299,0.33085241862419823,0.42587663024114664
12,1805,b0821,3.5,1.0,4.5,3.0,3.5,0,True,-0.0,1.7114750206238962,2.929146746219566,0.0,0.8557375103119481,0.7322866865548915,0.0
12,1806,b0821,3.5,1.0,4.5,3.0,4.5,0,True,0.0,0.9382182341974364,1.6057370717227732,0.8517532604822934,0.4691091170987182,0.40143426793069326,0.42587663024114664
12,1807,b0822,3.5,1.0,5.0,2.5,2.5,0,True,0.0,0.6079070073266576,0.950795231106766,0.7623937968988947,0.30395350366332846,0.23769880777669106,0.38119689844944704
12,1808,b0822,3.5,1.0,5.0,2.5,3.5,0,True,-0.0,1.5640471645293241,2.4462435328722187,0.0,0.7820235822646616,0.611560883218054,0.0
12,1809,b0822,3.5,1.0,5.0,2.5,4.5,0,True,0.0,0.9561401572026671,1.495448301765454,0.7623937968988947,0.4780700786013332,0.37386207544136296,0.38119689844944704
12,1810,b0823,3.5,1.0,5.5,2.0,3.5,0,True,0.0,1.2024257315046567,1.4458276397845087,0.0,0.6012128657523284,0.36145690994612717,0.0
12,1811,b0823,3.5,1.0,5.5,2.0,4.5,0,True,0.0,1.2024257315046567,1.4458276397845087,0.0,0.6012128657523284,0.36145690994612717,0.0
12,1812,b0824,3.5,1.0,6.0,1.5,4.5,0,True,0.0,0.0,0.0,0.0,0.0,0.0,0.0
12,1813,b0825,3.5,1.5,1.0,6.0,5.0,0,True,0.0,0.0,0.0,0.0,0.0,0.0,0.0
12,1814,b0826,3.5,1.5,1.5,5.5,4.0,0,True,-0.0,1.2383585073708865,1.53353179277785,0.0,0.6191792536854432,0.3833829481944625,0.0
12,1815,b0826,3.5,1.5,1.5,5.5,5.0,0,True,0.0,1.2383585073708865,1.53353179277785,0.0,0.6191792536854432,0.3833829481944625,0.0
12,1816,b0827,3.5,1.5,2.0,5.0,3.0,0,True,0.0,0.7832462359487895,1.311302098848486,0.8353606602662943,0.3916231179743947,0.32782552471212145,0.41768033013314715
12,1817,b0827,3.5,1.5,2.0,5.0,4.0,0,True,0.0,1.674188829340537,2.8029082362886375,0.0,0.8370944146702688,0.7007270590721599,0.0
12,1818,b0827,3.5,1.5,2.0,5.0,5.0,0,True,0.0,0.8909425933917478,1.4916061374401521,0.8353606602662942,0.44547129669587393,0.37290153436003814,0.4176803301331472
12,1819,b0828,3.5,1.5,2.5,4.5,2.0,0,True,0.0,1.1801981866522555,1.487204929074484,0.3071435646358424,0.5900990933261279,0.3718012322686212,0.1535717823179214
12,1820,b0828,3.5,1.5,2.5,4.5,3.0,0,True,0.0,1.6219606379246927,2.8007156798240533,0.4122612871068267,0.8109803189623467,0.7001789199560139,0.20613064355341335
12,1821,b0828,3.5,1.5,2.5,4.5,4.0,0,True,-0.0,1.7931435877927624,3.3097010957395123,0.3071435646358428,0.8965717938963814,0.8274252739348785,0.1535717823179214
12,1822,b0828,3.5,1.5,2.5,4.5,5.0,0,True,0.0,1.3513811365203254,1.9961903449899436,0.4122612871068264,0.675690568260163,0.4990475862474864,0.20613064355341335
12,1823,b0829,3.5,1.5,3.0,4.0,2.0,0,True,0.0,1.3309177255759377,1.8966149522107807,0.3539392037604111,0.6654588627879688,0.4741537380526952,0.17696960188020555
12,1824,b0829,3.5,1.5,3.0,4.0,3.0,0,True,0.0,1.780874778446505,3.332724825988907,0.40150946375150115,0.8904373892232521,0.8331812064972258,0.20075473187575057
12,1825,b0829,3.5,1.5,3.0,4.0,4.0,0,True,0.0,1.8607421553310317,3.587634328584527,0.3539392037604111,0.9303710776655152,0.8969085821461306,0.17696960188020555
12,1826,b0829,3.5,1.5,3.0,4.0,5.0,0,True,-0.0,1.4107851024604643,2.1515244548064008,0.40150946375150115,0.7053925512302317,0.5378811137015995,0.20075473187575044
12,1827,b0830,3.5,1.5,3.5,3.5,2.0,0,True,0.0,1.3713564199129826,2.0149986619497917,0.3665790931207602,0.6856782099564913,0.5037496654874479,0.1832895465603801
12,1828,b0830,3.5,1.5,3.5,3.5,3.0,0,True,0.0,1.8251393834886442,3.4912538729284863,0.40015010154587993,0.9125696917443222,0.8728134682321217,0.2000750507729397
12,1829,b0830,3.5,1.5,3.5,3.5,4.0,0,True,0.0,1.8818622539356014,3.6757857743008207,0.3665790931207602,0.9409311269678009,0.9189464435752056,0.1832895465603801
12,1830,b0830,3.5,1.5,3.5,3.5,5.0,0,True,0.0,1.42807929035994,2.1995305633221274,0.4001501015458794,0.7140396451799702,0.5498826408305322,0.2000750507729397
12,1831,b0831,3.5,1.5,4.0,3.0,2.0,0,True,0.0,1.3309177255759372,1.8966149522107796,0.3539392037604111,0.665458862787968,0.4741537380526939,0.17696960188020525
12,1832,b0831,3.5,1.5,4.0,3.0,3.0,0,True,-0.0,1.7808747784465047,3.332724825988905,0.40150946375150115,0.8904373892232529,0.8331812064972274,0.20075473187575085
12,1833,b0831,3.5,1.5,4.0,3.0,4.0,0,True,-0.0,1.8607421553310308,3.587634328584524,0.3539392037604111,0.9303710776655154,0.8969085821461309,0.17696960188020525
12,1834,b0831,3.5,1.5,4.0,3.0,5.0,0,True,0.0,1.4107851024604636,2.151524454806399,0.4015094637515014,0.7053925512302315,0.5378811137015993,0.2007547318757507
12,1835,b0832,3.5,1.5,4.5,2.5,2.0,0,True,0.0,1.1801981866522555,1.4872049290744842,0.3071435646358428,0.5900990933261276,0.3718012322686209,0.1535717823179212
12,1836,b0832,3.5,1.5,4.5,2.5,3.0,0,True,-0.0,1.621960637924693,2.800715679824054,0.41226128710682614,0.810980318962346,0.7001789199560128,0.20613064355341335
12,1837,b0832,3.5,1.5,4.5,2.5,4.0,0,True,0.0,1.7931435877927624,3.3097010957395123,0.3071435646358428,0.8965717938963809,0.8274252739348774,0.15357178231792104
12,1838,b0832,3.5,1.5,4.5,2.5,5.0,0,True,0.0,1.3513811365203252,1.9961903449899427,0.41226128710682614,0.6756905682601628,0.4990475862474861,0.2061306435534132
12,1839,b0833,3.5,1.5,5.0,2.0,3.0,0,True,-0.0,0.7832462359487894,1.3113020988484858,0.8353606602662943,0.39162311797439475,0.3278255247121216,0.41768033013314726
12,1840,b0833,3.5,1.5,5.0,2.0,4.0,0,True,-0.0,1.6741888293405374,2.802908236288639,0.0,0.8370944146702689,0.7007270590721602,0.0
12,1841,b0833,3.5,1.5,5.0,2.0,5.0,0,True,0.0,0.8909425933917479,1.4916061374401526,0.8353606602662944,0.4454712966958741,0.37290153436003837,0.41768033013314726
12,1842,b0834,3.5,1.5,5.5,1.5,4.0,0,True,0.0,1.2383585073708865,1.53353179277785,0.0,0.6191792536854434,0.3833829481944626,0.0
12,1843,b0834,3.5,1.5,5.5,1.5,5.0,0,True,0.0,1.2383585073708865,1.53353179277785,0.0,0.6191792536854434,0.3833829481944626,0.0
12,1844,b0835,3.5,1.5,6.0,1.0,5.0,0,True,0.0,0.0,0.0,0.0,0.0,0.0,0.0
12,1845,b0836,3.5,2.0,0.5,6.0,5.5,0,True,0.0,0.0,0.0,0.0,0.0,0.0,0.0
12,1846,b0837,3.5,2.0,1.0,5.5,4.5,0,True,0.0,1.202425731504657,1.4458276397845093,0.0,0.6012128657523285,0.36145690994612734,0.0
12,1847,b0837,3.5,2.0,1.0,5.5,5.5,0,True,0.0,1.202425731504657,1.4458276397845093,0.0,0.6012128657523285,0.36145690994612734,0.0
12,1848,b0838,3.5,2.0,1.5,5.0,3.5,0,True,0.0,0.8723404952879641,1.4604627125925016,0.8363520627542274,0.436170247643982,0.36511567814812534,0.4181760313771137
12,1849,b0838,3.5,2.0,1.5,5.0,4.5,0,True,0.0,1.6741888293405374,2.802908236288639,0.0,0.8370944146702689,0.7007270590721602,0.0
12,1850,b0838,3.5,2.0,1.5,5.0,5.5,0,True,0.0,0.8018483340525736,1.3424455236961386,0.8363520627542272,0.40092416702628697,0.3356113809240348,0.4181760313771137
12,1851,b0839,3.5,2.0,2.0,4.5,2.5,0,True,-0.0,1.3147922285415115,1.8615181029038965,0.3644715334161811,0.6573961142707563,0.46537952572597496,0.18223576670809086
12,1852,b0839,3.5,2.0,2.0,4.5,3.5,0,True,0.0,1.7629588515626402,3.2486888650773182,0.3750532665825685,0.8814794257813203,0.8121722162693299,0.18752663329128394
12,1853,b0839,3.5,2.0,2.0,4.5,4.5,0,True,0.0,1.780419888823203,3.302734479187969,0.36447153341618077,0.8902099444116013,0.825683619796992,0.182235766708091
12,1854,b0839,3.5,2.0,2.0,4.5,5.5,0,True,0.0,1.3322532658020743,1.9155637170145474,0.3750532665825685,0.6661266329010374,0.47889092925363713,0.18752663329128408
12,1855,b0840,3.5,2.0,2.5,4.0,1.5,0,True,0.0,0.8131905412014864,1.277611737784262,0.7850687113143,0.4065952706007432,0.3194029344460653,0.3925343556571498
12,1856,b0840,3.5,2.0,2.5,4.0,2.5,0,True,0.0,1.7335751431324382,3.125473053726654,0.3466846936915455,0.8667875715662183,0.7813682634316621,0.17334234684577243
12,1857,b0840,3.5,2.0,2.5,4.0,3.5,0,True,-0.0,1.7063722405676192,3.6739445397387844,0.873062607353578,0.853186120283809,0.918486134934695,0.4365313036767887
12,1858,b0840,3.5,2.0,2.5,4.0,4.5,0,True,-0.0,1.8848557367432939,3.6728714251741055,0.34668469369154487,0.9424278683716467,0.9182178562935259,0.17334234684577243
12,1859,b0840,3.5,2.0,2.5,4.0,5.5,0,True,0.0,1.0988680981066261,1.8467882013777126,0.7995480625586174,0.5494340490533132,0.46169705034442826,0.3997740312793087
12,1860,b0841,3.5,2.0,3.0,3.5,1.5,0,True,0.0,0.9746453720548182,1.6499313552945172,0.8366586843071924,0.4873226860274087,0.41248283882362874,0.418329342153596
12,1861,b0841,3.5,2.0,3.0,3.5,2.5,0,True,0.0,1.862184322254674,3.589982089311417,0.34964501892679367,0.9310921611273372,0.8974955223278547,0.17482250946339684
12,1862,b0841,3.5,2.0,3.0,3.5,3.5,0,True,-0.0,1.7414339300369595,3.9090715290991387,0.9362047833755011,0.8707169650184796,0.9772678822747846,0.46810239168775064
12,1863,b0841,3.5,2.0,3.0,3.5,4.5,0,True,0.0,1.928250097243174,3.8404000767786277,0.34964501892679367,0.9641250486215874,0.9601000191946578,0.17482250946339684
12,1864,b0841,3.5,2.0,3.0,3.5,5.5,0,True,0.0,1.0743551174060704,1.8713792816963892,0.8468414039238858,0.5371775587030359,0.46784482042409825,0.42342070196194315
12,1865,b0842,3.5,2.0,3.5,3.0,1.5,0,True,0.0,0.9746453720548178,1.6499313552945163,0.8366586843071923,0.48732268602740836,0.4124828388236282,0.41832934215359574
12,1866,b0842,3.5,2.0,3.5,3.0,2.5,0,True,0.0,1.862184322254674,3.589982089311417,0.34964501892679367,0.9310921611273357,0.8974955223278519,0.1748225094633965
12,1867,b0842,3.5,2.0,3.5,3.0,3.5,0,True,0.0,1.741433930036959,3.909071529099137,0.9362047833755008,0.8707169650184784,0.9772678822747819,0.4681023916877501
12,1868,b0842,3.5,2.0,3.5,3.0,4.5,0,True,0.0,1.928250097243174,3.8404000767786277,0.34964501892679367,0.9641250486215862,0.9601000191946553,0.1748225094633962
12,1869,b0842,3.5,2.0,3.5,3.0,5.5,0,True,0.0,1.0743551174060706,1.8713792816963897,0.8468414039238858,0.5371775587030353,0.46784482042409725,0.4234207019619427
12,1870,b0843,3.5,2.0,4.0,2.5,1.5,0,True,0.0,0.8131905412014866,1.2776117377842624,0.7850687113143,0.40659527060074346,0.31940293444606593,0.3925343556571503
12,1871,b0843,3.5,2.0,4.0,2.5,2.5,0,True,-0.0,1.733575143132438,3.1254730537266537,0.3466846936915455,0.8667875715662194,0.7813682634316642,0.17334234684577274
12,1872,b0843,3.5,2.0,4.0,2.5,3.5,0,True,0.0,1.7063722405676192,3.673944539738785,0.8730626073535782,0.8531861202838105,0.9184861349346979,0.4365313036767892
12,1873,b0843,3.5,2.0,4.0,2.5,4.5,0,True,0.0,1.8848557367432939,3.6728714251741055,0.34668469369154487,0.9424278683716474,0.9182178562935273,0.17334234684577274
12,1874,b0843,3.5,2.0,4.0,2.5,5.5,0,True,0.0,1.0988680981066263,1.8467882013777135,0.7995480625586178,0.5494340490533134,0.4616970503444288,0.39977403127930916
12,1875,b0844,3.5,2.0,4.5,2.0,2.5,0,True,0.0,1.3147922285415112,1.8615181029038959,0.3644715334161811,0.6573961142707556,0.4653795257259739,0.18223576670809039
12,1876,b0844,3.5,2.0,4.5,2.0,3.5,0,True,-0.0,1.76295885156264,3.248688865077318,0.3750532665825685,0.8814794257813199,0.8121722162693292,0.18752663329128424
12,1877,b0844,3.5,2.0,4.5,2.0,4.5,0,True,0.0,1.780419888823203,3.302734479187969,0.36447153341618077,0.8902099444116016,0.8256836197969923,0.18223576670809039
12,1878,b0844,3.5,2.0,4.5,2.0,5.5,0,True,0.0,1.3322532658020743,1.9155637170145474,0.3750532665825685,0.6661266329010376,0.4788909292536375,0.18752663329128438
12,1879,b0845,3.5,2.0,5.0,1.5,3.5,0,True,0.0,0.8723404952879644,1.460462712592502,0.8363520627542272,0.43617024764398193,0.3651156781481251,0.41817603137711346
12,1880,b0845,3.5,2.0,5.0,1.5,4.5,0,True,0.0,1.6741888293405378,2.8029082362886406,0.0,0.8370944146702683,0.7007270590721592,0.0
12,1881,b0845,3.5,2.0,5.0,1.5,5.5,0,True,0.0,0.8018483340525736,1.3424455236961388,0.8363520627542274,0.4009241670262865,0.3356113809240343,0.41817603137711346
12,1882,b0846,3.5,2.0,5.5,1.0,4.5,0,True,0.0,1.2024257315046567,1.4458276397845087,0.0,0.6012128657523285,0.36145690994612734,0.0
12,1883,b0846,3.5,2.0,5.5,1.0,5.5,0,True,0.0,1.2024257315046567,1.4458276397845087,0.0,0.6012128657523285,0.36145690994612734,0.0
12,1884,b0847,3.5,2.0,6.0,0.5,5.5,0,True,0.0,0.0,0.0,0.0,0.0,0.0,0.0
12,1885,b0848,3.5,2.5,0.0,6.0,6.0,0,False,0.0,0.0,0.0,0.0,0.0,0.0,0.0
12,1886,b0849,3.5,2.5,0.5,5.5,5.0,0,True,0.0,1.0691244602178607,1.143027111436132,0.0,0.5345622301089303,0.285756777859033,0.0
12,1887,b0849,3.5,2.5,0.5,5.5,6.0,0,True,0.0,1.0691244602178607,1.143027111436132,0.0,0.5345622301089303,0.285756777859033,0.0
12,1888,b0850,3.5,2.5,1.0,5.0,4.0,0,True,0.0,0.9431769325795389,1.4751732070504922,0.7652388391217111,0.4715884662897701,0.36879330176262376,0.3826194195608557
12,1889,b0850,3.5,2.5,1.0,5.0,5.0,0,True,0.0,1.5640471645293235,2.4462435328722165,0.0,0.7820235822646622,0.6115608832180548,0.0
12,1890,b0850,3.5,2.5,1.0,5.0,6.0,0,True,-0.0,0.6208702319497839,0.9710703258217225,0.7652388391217111,0.31043511597489193,0.2427675814554308,0.38261941956085577
12,1891,b0851,3.5,2.5,1.5,4.5,3.0,0,True,-0.0,1.3320540292771563,1.9387242496446497,0.40540882172338394,0.6660270146385782,0.4846810624111626,0.20270441086169236
12,1892,b0851,3.5,2.5,1.5,4.5,4.0,0,True,0.0,1.781848525118183,3.2761170140442104,0.31801391098247006,0.8909242625590917,0.819029253511053,0.15900695549123503
12,1893,b0851,3.5,2.5,1.5,4.5,5.0,0,True,0.0,1.6412877451678618,2.8581817751693466,0.40540882172338394,0.8206438725839313,0.7145454437923375,0.2027044108616925
12,1894,b0851,3.5,2.5,1.5,4.5,6.0,0,True,0.0,1.1914932493268346,1.520789010769785,0.31801391098247006,0.5957466246634173,0.38019725269244625,0.15900695549123503
12,1895,b0852,3.5,2.5,2.0,4.0,2.0,0,True,0.0,1.045582214717469,1.725192134488919,0.7949528078794562,0.5227911073587344,0.43129803362222957,0.39747640393972805
12,1896,b0852,3.5,2.5,2.0,4.0,3.0,0,True,-0.0,1.8491367076962866,3.5436245874712364,0.35258761141221956,0.9245683538481424,0.8859061468678073,0.17629380570610947
12,1897,b0852,3.5,2.5,2.0,4.0,4.0,0,True,0.0,1.7191830870816922,3.713498616247952,0.8705791918833203,0.8595915435408455,0.9283746540619868,0.4352895959416598
12,1898,b0852,3.5,2.5,2.0,4.0,5.0,0,True,0.0,1.7692941721794462,3.2547198914295263,0.3525876114122202,0.8846470860897222,0.8136799728573798,0.17629380570610947
12,1899,b0852,3.5,2.5,2.0,4.0,6.0,0,True,0.0,0.8536655780765715,1.3596537281638912,0.7942976828438342,0.42683278903828537,0.33991343204097224,0.3971488414219168
12,1900,b0853,3.5,2.5,2.5,3.5,1.0,0,True,0.0,1.1670479975496237,1.5129228626710132,0.38848659447454126,0.583523998774812,0.3782307156677534,0.1942432972372705
12,1901,b0853,3.5,2.5,2.5,3.5,2.0,0,True,0.0,1.722335079961759,3.1450593932351167,0.42263609118038914,0.8611675399808795,0.7862648483087792,0.21131804559019457
12,1902,b0853,3.5,2.5,2.5,3.5,3.0,0,True,0.0,1.940310269861191,4.051041628738364,0.5350118553915946,0.9701551349305948,1.0127604071845897,0.2675059276957973
12,1903,b0853,3.5,2.5,2.5,3.5,4.0,0,True,0.0,1.9720640744631648,4.1892773582331975,0.5479421907874396,0.9860320372315828,1.0473193395583003,0.2739710953937198
12,1904,b0853,3.5,2.5,2.5,3.5,5.0,0,True,0.0,1.797195749465918,3.410972126138817,0.42551094491264707,0.8985978747329588,0.8527430315347037,0.21275547245632329
12,1905,b0853,3.5,2.5,2.5,3.5,6.0,0,True,0.0,1.210154862451808,1.6405998660798753,0.4196725806675023,0.6050774312259043,0.4101499665199693,0.20983629033375129
12,1906,b0854,3.5,2.5,3.0,3.0,1.0,0,True,0.0,1.26084282947202,1.766355373056567,0.4202745916963787,0.6304214147360099,0.4415888432641416,0.21013729584818935
12,1907,b0854,3.5,2.5,3.0,3.0,2.0,0,True,-0.0,1.814373167396598,3.4643227762301922,0.4151780168330556,0.9071865836982993,0.8660806940575486,0.2075890084165278
12,1908,b0854,3.5,2.5,3.0,3.0,3.0,0,True,0.0,1.9747601568910855,4.215440864545773,0.5619280979816441,0.9873800784455415,1.0538602161364405,0.2809640489908215
12,1909,b0854,3.5,2.5,3.0,3.0,4.0,0,True,0.0,2.003929744962535,4.30920236014001,0.5417268106660397,1.0019648724812669,1.0773005900350012,0.27086340533301984
12,1910,b0854,3.5,2.5,3.0,3.0,5.0,0,True,0.0,1.8097280609259494,3.4659011741486445,0.43679001779556237,0.9048640304629749,0.8664752935371615,0.2183950088977809
12,1911,b0854,3.5,2.5,3.0,3.0,6.0,0,True,0.0,1.227028134929921,1.6741722753807777,0.4105779237503855,0.6135140674649607,0.41854306884519477,0.20528896187519285
12,1912,b0855,3.5,2.5,3.5,2.5,1.0,0,True,0.0,1.1670479975496237,1.512922862671013,0.388486594474541,0.583523998774812,0.3782307156677534,0.1942432972372705
12,1913,b0855,3.5,2.5,3.5,2.5,2.0,0,True,0.0,1.7223350799617585,3.1450593932351154,0.42263609118038914,0.8611675399808795,0.7862648483087793,0.21131804559019485
12,1914,b0855,3.5,2.5,3.5,2.5,3.0,0,True,0.0,1.9403102698611905,4.051041628738362,0.5350118553915946,0.9701551349305947,1.0127604071845895,0.2675059276957973
12,1915,b0855,3.5,2.5,3.5,2.5,4.0,0,True,0.0,1.9720640744631652,4.189277358233199,0.5479421907874396,0.9860320372315828,1.0473193395583003,0.2739710953937198
12,1916,b0855,3.5,2.5,3.5,2.5,5.0,0,True,0.0,1.797195749465918,3.410972126138817,0.42551094491264707,0.8985978747329589,0.8527430315347039,0.21275547245632329
12,1917,b0855,3.5,2.5,3.5,2.5,6.0,0,True,0.0,1.2101548624518081,1.640599866079876,0.4196725806675023,0.6050774312259043,0.4101499665199693,0.20983629033375129
12,1918,b0856,3.5,2.5,4.0,2.0,2.0,0,True,-0.0,1.045582214717468,1.7251921344889165,0.7949528078794559,0.5227911073587338,0.4312980336222286,0.3974764039397276
12,1919,b0856,3.5,2.5,4.0,2.0,3.0,0,True,0.0,1.849136707696285,3.5436245874712307,0.35258761141221956,0.9245683538481423,0.8859061468678071,0.17629380570610947
12,1920,b0856,3.5,2.5,4.0,2.0,4.0,0,True,0.0,1.7191830870816909,3.7134986162479464,0.8705791918833196,0.859591543540845,0.9283746540619857,0.4352895959416596
12,1921,b0856,3.5,2.5,4.0,2.0,5.0,0,True,0.0,1.7692941721794444,3.2547198914295197,0.35258761141221956,0.8846470860897222,0.8136799728573799,0.17629380570610978
12,1922,b0856,3.5,2.5,4.0,2.0,6.0,0,True,0.0,0.8536655780765707,1.3596537281638887,0.7942976828438334,0.4268327890382852,0.3399134320409719,0.39714884142191653
12,1923,b0857,3.5,2.5,4.5,1.5,3.0,0,True,0.0,1.332054029277156,1.9387242496446495,0.40540882172338444,0.6660270146385784,0.4846810624111628,0.20270441086169222
12,1924,b0857,3.5,2.5,4.5,1.5,4.0,0,True,0.0,1.7818485251181833,3.2761170140442113,0.31801391098247006,0.8909242625590919,0.8190292535110534,0.15900695549123536
12,1925,b0857,3.5,2.5,4.5,1.5,5.0,0,True,0.0,1.641287745167862,2.8581817751693475,0.40540882172338394,0.8206438725839318,0.7145454437923382,0.20270441086169222
12,1926,b0857,3.5,2.5,4.5,1.5,6.0,0,True,0.0,1.1914932493268346,1.520789010769785,0.31801391098247006,0.5957466246634181,0.38019725269244725,0.15900695549123536
12,1927,b0858,3.5,2.5,5.0,1.0,4.0,0,True,0.0,0.943176932579539,1.4751732070504926,0.7652388391217112,0.47158846628976986,0.3687933017626235,0.3826194195608556
12,1928,b0858,3.5,2.5,5.0,1.0,5.0,0,True,0.0,1.5640471645293235,2.4462435328722165,0.0,0.7820235822646616,0.611560883218054,0.0
12,1929,b0858,3.5,2.5,5.0,1.0,6.0,0,True,0.0,0.620870231949784,0.9710703258217229,0.7652388391217113,0.3104351159748918,0.24276758145543056,0.38261941956085554
12,1930,b0859,3.5,2.5,5.5,0.5,5.0,0,True,0.0,1.0691244602178607,1.143027111436132,0.0,0.5345622301089302,0.28575677785903286,0.0
12,1931,b0859,3.5,2.5,5.5,0.5,6.0,0,True,0.0,1.0691244602178607,1.143027111436132,0.0,0.5345622301089302,0.28575677785903286,0.0
12,1932,b0860,3.5,2.5,6.0,0.0,6.0,0,False,0.0,0.0,0.0,0.0,0.0,0.0,0.0
12,1933,b0861,3.5,3.0,0.0,5.5,5.5,0,False,0.0,0.0,0.0,0.0,0.0,0.0,0.0
12,1934,b0862,3.5,3.0,0.5,5.0,4.5,0,True,0.0,1.223345326733543,1.496573788440799,0.0,0.6116726633667715,0.37414344711019976,0.0
12,1935,b0862,3.5,3.0,0.5,5.0,5.5,0,True,0.0,1.223345326733543,1.496573788440799,0.0,0.6116726633667715,0.37414344711019976,0.0
12,1936,b0863,3.5,3.0,1.0,4.5,3.5,0,True,0.0,0.9072879627403789,1.552800684742903,0.8541833745802571,0.4536439813701892,0.3882001711857256,0.42709168729012864
12,1937,b0863,3.5,3.0,1.0,4.5,4.5,0,True,-0.0,1.7114750206238962,2.929146746219566,0.0,0.8557375103119484,0.732286686554892,0.0
12,1938,b0863,3.5,3.0,1.0,4.5,5.5,0,True,0.0,0.8041870578835176,1.376346061476664,0.8541833745802572,0.40209352894175915,0.34408651536916635,0.42709168729012864
12,1939,b0864,3.5,3.0,1.5,4.0,2.5,0,True,0.0,1.3773195466532158,2.044713782944152,0.38432362580399904,0.6886597733266082,0.5111784457360385,0.19216181290199966
12,1940,b0864,3.5,3.0,1.5,4.0,3.5,0,True,-0.0,1.8320573932105313,3.496082324131165,0.37369510581996873,0.9160286966052654,0.8740205810327908,0.18684755290998437
12,1941,b0864,3.5,3.0,1.5,4.0,4.5,0,True,0.0,1.8143403342537527,3.4395354978511516,0.3843236258039993,0.9071701671268767,0.8598838744627886,0.19216181290199966
12,1942,b0864,3.5,3.0,1.5,4.0,5.5,0,True,0.0,1.359602487696437,1.9881669566641378,0.37369510581996873,0.6798012438482188,0.4970417391660349,0.18684755290998437
12,1943,b0865,3.5,3.0,2.0,3.5,1.5,0,True,0.0,0.974645372054818,1.6499313552945165,0.8366586843071921,0.4873226860274092,0.41248283882362946,0.4183293421535963
12,1944,b0865,3.5,3.0,2.0,3.5,2.5,0,True,-0.0,1.862184322254674,3.5899820893114165,0.349645018926793,0.9310921611273374,0.897495522327855,0.1748225094633965
12,1945,b0865,3.5,3.0,2.0,3.5,3.5,0,True,0.0,1.7414339300369586,3.909071529099135,0.9362047833755008,0.8707169650184792,0.9772678822747837,0.46810239168775053
12,1946,b0865,3.5,3.0,2.0,3.5,4.5,0,True,-0.0,1.928250097243174,3.8404000767786277,0.34964501892679367,0.9641250486215868,0.9601000191946565,0.17482250946339684
12,1947,b0865,3.5,3.0,2.0,3.5,5.5,0,True,0.0,1.0743551174060706,1.87137928169639,0.846841403923886,0.5371775587030354,0.46784482042409753,0.4234207019619429
12,1948,b0866,3.5,3.0,2.5,3.0,0.5,0,True,0.0,1.151406911167157,1.4488779869603854,0.350913254062727,0.5757034555835784,0.3622194967400962,0.1754566270313635
12,1949,b0866,3.5,3.0,2.5,3.0,1.5,0,True,0.0,1.6706529818328015,2.977908003921772,0.4322344482048382,0.835326490916401,0.7444770009804434,0.21611722410241935
12,1950,b0866,3.5,3.0,2.5,3.0,2.5,0,True,-0.0,1.937731309727174,4.009742376546943,0.5049155848752876,0.9688656548635878,1.0024355941367376,0.2524577924376445
12,1951,b0866,3.5,3.0,2.5,3.0,3.5,0,True,0.0,1.9975471397611844,4.342024549468126,0.5931525721937299,0.9987735698805916,1.0855061373670305,0.2965762860968649
12,1952,b0866,3.5,3.0,2.5,3.0,4.5,0,True,0.0,1.9561928263947228,3.989077048243651,0.40297229955106956,0.9780964131973613,0.9972692620609126,0.20148614977553478
12,1953,b0866,3.5,3.0,2.5,3.0,5.5,0,True,0.0,1.377130925695068,2.1277648583610818,0.4809108772478816,0.688565462847534,0.5319412145902706,0.24045543862394103
12,1954,b0867,3.5,3.0,3.0,2.5,0.5,0,True,0.0,1.1514069111671572,1.4488779869603858,0.350913254062727,0.5757034555835787,0.3622194967400966,0.17545662703136367
12,1955,b0867,3.5,3.0,3.0,2.5,1.5,0,True,-0.0,1.6706529818328018,2.9779080039217733,0.4322344482048387,0.8353264909164008,0.744477000980443,0.2161172241024191
12,1956,b0867,3.5,3.0,3.0,2.5,2.5,0,True,0.0,1.937731309727175,4.0097423765469475,0.5049155848752881,0.9688656548635876,1.002435594136737,0.2524577924376445
12,1957,b0867,3.5,3.0,3.0,2.5,3.5,0,True,0.0,1.9975471397611844,4.342024549468126,0.5931525721937299,0.9987735698805907,1.0855061373670283,0.29657628609686415
12,1958,b0867,3.5,3.0,3.0,2.5,4.5,0,True,0.0,1.9561928263947228,3.989077048243651,0.40297229955106956,0.9780964131973604,0.9972692620609107,0.2014861497755345
12,1959,b0867,3.5,3.0,3.0,2.5,5.5,0,True,0.0,1.3771309256950681,2.1277648583610826,0.48091087724788206,0.6885654628475335,0.5319412145902697,0.24045543862394045
12,1960,b0868,3.5,3.0,3.5,2.0,1.5,0,True,-0.0,0.9746453720548182,1.6499313552945167,0.8366586843071921,0.4873226860274091,0.4124828388236291,0.418329342153596
12,1961,b0868,3.5,3.0,3.5,2.0,2.5,0,True,0.0,1.862184322254674,3.5899820893114165,0.349645018926793,0.931092161127337,0.8974955223278543,0.17482250946339714
12,1962,b0868,3.5,3.0,3.5,2.0,3.5,0,True,0.0,1.7414339300369581,3.909071529099134,0.9362047833755008,0.8707169650184788,0.977267882274783,0.4681023916877504
12,1963,b0868,3.5,3.0,3.5,2.0,4.5,0,True,0.0,1.928250097243174,3.8404000767786277,0.34964501892679367,0.964125048621587,0.960100019194657,0.17482250946339714
12,1964,b0868,3.5,3.0,3.5,2.0,5.5,0,True,0.0,1.0743551174060708,1.8713792816963903,0.846841403923886,0.5371775587030352,0.46784482042409725,0.42342070196194287
12,1965,b0869,3.5,3.0,4.0,1.5,2.5,0,True,0.0,1.3773195466532162,2.0447137829441533,0.38432362580399904,0.688659773326608,0.5111784457360382,0.19216181290199966
12,1966,b0869,3.5,3.0,4.0,1.5,3.5,0,True,0.0,1.8320573932105308,3.496082324131163,0.37369510581996873,0.9160286966052656,0.8740205810327911,0.18684755290998406
12,1967,b0869,3.5,3.0,4.0,1.5,4.5,0,True,0.0,1.8143403342537534,3.4395354978511543,0.3843236258039993,0.9071701671268765,0.8598838744627881,0.19216181290199966
12,1968,b0869,3.5,3.0,4.0,1.5,5.5,0,True,0.0,1.3596024876964372,1.9881669566641382,0.37369510581996873,0.6798012438482184,0.4970417391660342,0.1868475529099842
12,1969,b0870,3.5,3.0,4.5,1.0,3.5,0,True,0.0,0.9072879627403788,1.5528006847429028,0.8541833745802571,0.4536439813701892,0.3882001711857256,0.42709168729012864
12,1970,b0870,3.5,3.0,4.5,1.0,4.5,0,True,0.0,1.7114750206238964,2.929146746219567,0.0,0.8557375103119484,0.732286686554892,0.0
12,1971,b0870,3.5,3.0,4.5,1.0,5.5,0,True,0.0,0.8041870578835175,1.3763460614766636,0.854183374580257,0.40209352894175915,0.34408651536916635,0.42709168729012864
12,1972,b0871,3.5,3.0,5.0,0.5,4.5,0,True,0.0,1.223345326733543,1.496573788440799,0.0,0.6116726633667715,0.37414344711019976,0.0
12,1973,b0871,3.5,3.0,5.0,0.5,5.5,0,True,0.0,1.223345326733543,1.496573788440799,0.0,0.6116726633667715,0.37414344711019976,0.0
12,1974,b0872,3.5,3.0,5.5,0.0,5.5,0,False,0.0,0.0,0.0,0.0,0.0,0.0,0.0
12,1975,b0873,3.5,3.5,0.0,5.0,5.0,0,False,0.0,0.0,0.0,0.0,0.0,0.0,0.0
12,1976,b0874,3.5,3.5,0.5,4.5,4.0,0,True,0.0,1.2935301937523562,1.6732203621490083,0.0,0.6467650968761781,0.41830509053725207,0.0
12,1977,b0874,3.5,3.5,0.5,4.5,5.0,0,True,0.0,1.2935301937523562,1.6732203621490083,0.0,0.6467650968761781,0.41830509053725207,0.0
12,1978,b0875,3.5,3.5,1.0,4.0,3.0,0,True,-0.0,0.87953938374241,1.5592663914759892,0.886384151438873,0.4397696918712053,0.3898165978689975,0.4431920757194364
12,1979,b0875,3.5,3.5,1.0,4.0,4.0,0,True,0.0,1.7728215703557975,3.142896320318796,0.0,0.8864107851778986,0.7857240800796987,0.0
12,1980,b0875,3.5,3.5,1.0,4.0,5.0,0,True,-0.0,0.893282186613387,1.5836299288428048,0.886384151438873,0.44664109330669327,0.395907482210701,0.4431920757194365
12,1981,b0876,3.5,3.5,1.5,3.5,2.0,0,True,0.0,1.3713564199129817,2.0149986619497895,0.3665790931207605,0.685678209956491,0.5037496654874475,0.1832895465603801
12,1982,b0876,3.5,3.5,1.5,3.5,3.0,0,True,0.0,1.8251393834886447,3.491253872928488,0.40015010154587993,0.9125696917443225,0.8728134682321221,0.2000750507729397
12,1983,b0876,3.5,3.5,1.5,3.5,4.0,0,True,0.0,1.8818622539356022,3.675785774300824,0.3665790931207602,0.9409311269678013,0.9189464435752065,0.1832895465603804
12,1984,b0876,3.5,3.5,1.5,3.5,5.0,0,True,-0.0,1.4280792903599395,2.1995305633221265,0.40015010154587993,0.7140396451799699,0.5498826408305317,0.20007505077293997
12,1985,b0877,3.5,3.5,2.0,3.0,1.0,0,True,0.0,0.891495719227016,1.4800751361309565,0.8278348378335271,0.4457478596135084,0.37001878403273974,0.41391741891676387
12,1986,b0877,3.5,3.5,2.0,3.0,2.0,0,True,-0.0,1.8102754990494236,3.3932250991586073,0.34077517031023175,0.9051377495247119,0.8483062747896519,0.17038758515511557
12,1987,b0877,3.5,3.5,2.0,3.0,3.0,0,True,0.0,1.7211656529811399,3.844575888767569,0.9392362236229902,0.8605828264905705,0.9611439721918934,0.4696181118114952
12,1988,b0877,3.5,3.5,2.0,3.0,4.0,0,True,0.0,1.9801589204484242,4.037157066931436,0.34077517031023113,0.9900794602242126,1.00928926673286,0.17038758515511557
12,1989,b0877,3.5,3.5,2.0,3.0,5.0,0,True,0.0,1.1777730472896921,2.1057311411915185,0.8476920373988841,0.5888865236448461,0.5264327852978797,0.42384601869944216
12,1990,b0878,3.5,3.5,2.5,2.5,0.0,0,True,-0.0,1.0566400833335199,1.2060909589943005,0.2993370897286748,0.5283200416667604,0.30152273974857563,0.1496685448643374
12,1991,b0878,3.5,3.5,2.5,2.5,1.0,0,True,0.0,1.5277138506555548,2.5152404146815868,0.42582954946405954,0.7638569253277779,0.6288101036703974,0.2129147747320295
12,1992,b0878,3.5,3.5,2.5,2.5,2.0,0,True,0.0,1.851286718693478,3.639633351640253,0.4608371044408078,0.9256433593467389,0.9099083379100626,0.23041855222040317
12,1993,b0878,3.5,3.5,2.5,2.5,3.0,0,True,0.0,1.9458655256679962,4.153157697296964,0.6056113054705777,0.9729327628339975,1.0382894243242395,0.3028056527352879
12,1994,b0878,3.5,3.5,2.5,2.5,4.0,0,True,0.0,1.9966272148497328,4.129212306913635,0.3777460414551471,0.9983136074248664,1.0323030767284085,0.18887302072757298
12,1995,b0878,3.5,3.5,2.5,2.5,5.0,0,True,0.0,1.4309746405531805,2.3065385055696392,0.5087731160972788,0.7154873202765905,0.5766346263924098,0.25438655804863874
12,1996,b0879,3.5,3.5,3.0,2.0,1.0,0,True,0.0,0.8914957192270159,1.4800751361309568,0.8278348378335273,0.4457478596135075,0.37001878403273886,0.4139174189167637
12,1997,b0879,3.5,3.5,3.0,2.0,2.0,0,True,0.0,1.8102754990494239,3.393225099158608,0.34077517031023175,0.9051377495247117,0.8483062747896517,0.1703875851551162
12,1998,b0879,3.5,3.5,3.0,2.0,3.0,0,True,0.0,1.7211656529811405,3.8445758887675714,0.9392362236229902,0.8605828264905713,0.9611439721918948,0.4696181118114953
12,1999,b0879,3.5,3.5,3.0,2.0,4.0,0,True,0.0,1.9801589204484242,4.037157066931436,0.34077517031023113,0.9900794602242126,1.0092892667328601,0.1703875851551162
12,2000,b0879,3.5,3.5,3.0,2.0,5.0,0,True,0.0,1.1777730472896926,2.10573114119152,0.8476920373988842,0.5888865236448465,0.5264327852978803,0.4238460186994422
12,2001,b0880,3.5,3.5,3.5,1.5,2.0,0,True,0.0,1.371356419912982,2.0149986619497904,0.3665790931207608,0.6856782099564908,0.5037496654874472,0.1832895465603801
12,2002,b0880,3.5,3.5,3.5,1.5,3.0,0,True,0.0,1.825139383488645,3.491253872928489,0.40015010154587993,0.9125696917443228,0.8728134682321228,0.20007505077293997
12,2003,b0880,3.5,3.5,3.5,1.5,4.0,0,True,0.0,1.8818622539356018,3.675785774300823,0.3665790931207608,0.9409311269678011,0.918946443575206,0.1832895465603801
12,2004,b0880,3.5,3.5,3.5,1.5,5.0,0,True,0.0,1.4280792903599395,2.1995305633221265,0.40015010154587993,0.7140396451799698,0.5498826408305316,0.20007505077293997
12,2005,b0881,3.5,3.5,4.0,1.0,3.0,0,True,0.0,0.87953938374241,1.5592663914759894,0.8863841514388731,0.4397696918712053,0.3898165978689975,0.4431920757194364
12,2006,b0881,3.5,3.5,4.0,1.0,4.0,0,True,0.0,1.7728215703557975,3.142896320318796,0.0,0.8864107851778986,0.7857240800796987,0.0
12,2007,b0881,3.5,3.5,4.0,1.0,5.0,0,True,0.0,0.8932821866133871,1.5836299288428053,0.8863841514388732,0.44664109330669327,0.395907482210701,0.4431920757194365
12,2008,b0882,3.5,3.5,4.5,0.5,4.0,0,True,0.0,1.2935301937523562,1.6732203621490083,0.0,0.6467650968761781,0.41830509053725207,0.0
12,2009,b0882,3.5,3.5,4.5,0.5,5.0,0,True,0.0,1.2935301937523562,1.6732203621490083,0.0,0.6467650968761781,0.41830509053725207,0.0
12,2010,b0883,3.5,3.5,5.0,0.0,5.0,0,False,0.0,0.0,0.0,0.0,0.0,0.0,0.0
12,2011,b0884,3.5,4.0,0.0,4.5,4.5,0,False,0.0,0.0,0.0,0.0,0.0,0.0,0.0
12,2012,b0885,3.5,4.0,0.5,4.0,3.5,0,True,-0.0,1.3145701043447118,1.7280945592368664,0.0,0.6572850521723559,0.4320236398092166,0.0
12,2013,b0885,3.5,4.0,0.5,4.0,4.5,0,True,0.0,1.3145701043447118,1.7280945592368664,0.0,0.6572850521723559,0.4320236398092166,0.0
12,2014,b0886,3.5,4.0,1.0,3.5,2.5,0,True,0.0,0.8348752744117425,1.4800848950338532,0.8849113917278786,0.41743763720587107,0.37002122375846314,0.44245569586393924
12,2015,b0886,3.5,4.0,1.0,3.5,3.5,0,True,0.0,1.7728215703557977,3.1428963203187967,0.0,0.886410785177899,0.7857240800796993,0.0
12,2016,b0886,3.5,4.0,1.0,3.5,4.5,0,True,0.0,0.9379462959440558,1.6628114252849453,0.8849113917278786,0.4689731479720279,0.4157028563212362,0.4424556958639392
12,2017,b0887,3.5,4.0,1.5,3.0,1.5,0,True,0.0,1.312356997145028,1.8373754199174366,0.33925585029874084,0.6561784985725144,0.4593438549793596,0.16962792514937008
12,2018,b0887,3.5,4.0,1.5,3.0,2.5,0,True,0.0,1.7552834710644916,3.2510460769177754,0.4123421069034371,0.8776417355322452,0.8127615192294427,0.20617105345171827
12,2019,b0887,3.5,4.0,1.5,3.0,3.5,0,True,-0.0,1.8793028837619414,3.6468738608778706,0.33925585029874017,0.9396514418809699,0.9117184652194661,0.16962792514937008
12,2020,b0887,3.5,4.0,1.5,3.0,4.5,0,True,0.0,1.4363764098424776,2.233203203877531,0.4123421069034371,0.7181882049212387,0.5583008009693824,0.20617105345171827
12,2021,b0888,3.5,4.0,2.0,2.5,0.5,0,True,0.0,0.7263489429165201,1.1146555749581706,0.7662067528299554,0.36317447145825993,0.27866389373954276,0.383103376414978
12,2022,b0888,3.5,4.0,2.0,2.5,1.5,0,True,0.0,1.6642382043941273,2.874582133479899,0.32387240159499536,0.8321191021970646,0.7186455333699765,0.16193620079749801
12,2023,b0888,3.5,4.0,2.0,2.5,2.5,0,True,0.0,1.6555998415155242,3.5171824276914303,0.8810060115942464,0.8277999207577628,0.8792956069228588,0.44050300579712337
12,2024,b0888,3.5,4.0,2.0,2.5,3.5,0,True,0.0,1.9541926754816024,3.9237623454208532,0.32387240159499536,0.9770963377408017,0.9809405863552144,0.16193620079749768
12,2025,b0888,3.5,4.0,2.0,2.5,4.5,0,True,0.0,1.236482095443687,2.1665064762511577,0.7985101777049222,0.6182410477218436,0.5416266190627895,0.3992550888524611
12,2026,b0889,3.5,4.0,2.5,2.0,0.5,0,True,0.0,0.7263489429165197,1.1146555749581701,0.7662067528299555,0.36317447145825993,0.27866389373954253,0.38310337641497766
12,2027,b0889,3.5,4.0,2.5,2.0,1.5,0,True,0.0,1.6642382043941273,2.874582133479899,0.32387240159499536,0.8321191021970639,0.7186455333699753,0.16193620079749838
12,2028,b0889,3.5,4.0,2.5,2.0,2.5,0,True,0.0,1.6555998415155242,3.51718242769143,0.8810060115942462,0.8277999207577622,0.8792956069228578,0.4405030057971232
12,2029,b0889,3.5,4.0,2.5,2.0,3.5,0,True,0.0,1.9541926754816028,3.923762345420855,0.32387240159499536,0.9770963377408017,0.9809405863552145,0.16193620079749801
12,2030,b0889,3.5,4.0,2.5,2.0,4.5,0,True,0.0,1.2364820954436866,2.1665064762511563,0.798510177704922,0.6182410477218435,0.5416266190627894,0.3992550888524611
12,2031,b0890,3.5,4.0,3.0,1.5,1.5,0,True,0.0,1.312356997145028,1.8373754199174364,0.3392558502987405,0.6561784985725144,0.4593438549793596,0.16962792514937008
12,2032,b0890,3.5,4.0,3.0,1.5,2.5,0,True,0.0,1.755283471064491,3.251046076917773,0.4123421069034371,0.8776417355322452,0.8127615192294427,0.20617105345171827
12,2033,b0890,3.5,4.0,3.0,1.5,3.5,0,True,0.0,1.879302883761941,3.646873860877869,0.33925585029874017,0.9396514418809699,0.9117184652194661,0.16962792514937008
12,2034,b0890,3.5,4.0,3.0,1.5,4.5,0,True,0.0,1.4363764098424776,2.233203203877531,0.4123421069034371,0.7181882049212387,0.5583008009693824,0.20617105345171827
12,2035,b0891,3.5,4.0,3.5,1.0,2.5,0,True,0.0,0.8348752744117426,1.4800848950338532,0.8849113917278784,0.41743763720587124,0.37002122375846325,0.4424556958639392
12,2036,b0891,3.5,4.0,3.5,1.0,3.5,0,True,0.0,1.7728215703557975,3.142896320318796,0.0,0.8864107851778986,0.7857240800796987,0.0
12,2037,b0891,3.5,4.0,3.5,1.0,4.5,0,True,0.0,0.9379462959440553,1.6628114252849442,0.8849113917278785,0.46897314797202766,0.415702856321236,0.4424556958639392
12,2038,b0892,3.5,4.0,4.0,0.5,3.5,0,True,0.0,1.3145701043447118,1.7280945592368664,0.0,0.6572850521723559,0.4320236398092166,0.0
12,2039,b0892,3.5,4.0,4.0,0.5,4.5,0,True,0.0,1.3145701043447118,1.7280945592368664,0.0,0.6572850521723559,0.4320236398092166,0.0
12,2040,b0893,3.5,4.0,4.5,0.0,4.5,0,False,0.0,0.0,0.0,0.0,0.0,0.0,0.0
12,2041,b0894,3.5,4.5,0.0,4.0,4.0,0,False,0.0,0.0,0.0,0.0,0.0,0.0,0.0
12,2042,b0895,3.5,4.5,0.5,3.5,3.0,0,True,0.0,1.2935301937523558,1.6732203621490072,0.0,0.6467650968761779,0.4183050905372518,0.0
12,2043,b0895,3.5,4.5,0.5,3.5,4.0,0,True,0.0,1.2935301937523558,1.6732203621490072,0.0,0.6467650968761779,0.4183050905372518,0.0
12,2044,b0896,3.5,4.5,1.0,3.0,2.0,0,True,0.0,0.75410947552447,1.2906395301759177,0.8496813691614795,0.3770547377622348,0.3226598825439792,0.4248406845807397
12,2045,b0896,3.5,4.5,1.0,3.0,3.0,0,True,0.0,1.7114750206238964,2.929146746219567,0.0,0.8557375103119482,0.7322866865548917,0.0
12,2046,b0896,3.5,4.5,1.0,3.0,4.0,0,True,0.0,0.9573655450994257,1.638507216043647,0.8496813691614794,0.4786827725497129,0.4096268040109117,0.42484068458073965
12,2047,b0897,3.5,4.5,1.5,2.5,1.0,0,True,0.0,1.1619754855372693,1.4330226106060686,0.28781171209055423,0.580987742768635,0.3582556526515176,0.1439058560452773
12,2048,b0897,3.5,4.5,1.5,2.5,2.0,0,True,-0.0,1.5860674387588094,2.6939929313256576,0.42235412988951343,0.7930337193794047,0.6734982328314144,0.21117706494475671
12,2049,b0897,3.5,4.5,1.5,2.5,3.0,0,True,0.0,1.8113662889077515,3.363883414207936,0.28781171209055423,0.9056831444538762,0.8409708535519849,0.14390585604527711
12,2050,b0897,3.5,4.5,1.5,2.5,4.0,0,True,0.0,1.3872743356862123,2.1029130934883495,0.42235412988951343,0.6936371678431063,0.5257282733720875,0.21117706494475658
12,2051,b0898,3.5,4.5,2.0,2.0,1.0,0,True,0.0,1.2507684252527798,1.663350851164839,0.3145301218572244,0.6253842126263898,0.4158377127912095,0.15726506092861203
12,2052,b0898,3.5,4.5,2.0,2.0,2.0,0,True,0.0,1.676485143224612,2.9810343951959912,0.41283405836139947,0.838242571612306,0.7452585987989978,0.20641702918069973
12,2053,b0898,3.5,4.5,2.0,2.0,3.0,0,True,0.0,1.8444436921119363,3.5009017309270316,0.3145301218572244,0.9222218460559681,0.8752254327317579,0.1572650609286122
12,2054,b0898,3.5,4.5,2.0,2.0,4.0,0,True,0.0,1.4187269741401032,2.183218186895876,0.41283405836139947,0.7093634870700519,0.5458045467239696,0.20641702918069973
12,2055,b0899,3.5,4.5,2.5,1.5,1.0,0,True,0.0,1.161975485537269,1.4330226106060682,0.28781171209055423,0.5809877427686349,0.35825565265151754,0.1439058560452775
12,2056,b0899,3.5,4.5,2.5,1.5,2.0,0,True,0.0,1.5860674387588085,2.693992931325655,0.42235412988951343,0.7930337193794048,0.6734982328314146,0.21117706494475696
12,2057,b0899,3.5,4.5,2.5,1.5,3.0,0,True,0.0,1.8113662889077504,3.363883414207932,0.28781171209055423,0.9056831444538767,0.8409708535519858,0.1439058560452775
12,2058,b0899,3.5,4.5,2.5,1.5,4.0,0,True,0.0,1.3872743356862114,2.102913093488347,0.42235412988951315,0.6936371678431067,0.5257282733720883,0.21117706494475696
12,2059,b0900,3.5,4.5,3.0,1.0,2.0,0,True,0.0,0.7541094755244698,1.2906395301759173,0.8496813691614794,0.3770547377622348,0.3226598825439792,0.4248406845807397
12,2060,b0900,3.5,4.5,3.0,1.0,3.0,0,True,0.0,1.7114750206238964,2.929146746219567,0.0,0.8557375103119482,0.7322866865548917,0.0
12,2061,b0900,3.5,4.5,3.0,1.0,4.0,0,True,0.0,0.9573655450994258,1.6385072160436471,0.8496813691614794,0.4786827725497129,0.4096268040109117,0.42484068458073965
12,2062,b0901,3.5,4.5,3.5,0.5,3.0,0,True,0.0,1.293530193752356,1.6732203621490076,0.0,0.646765096876178,0.4183050905372519,0.0
12,2063,b0901,3.5,4.5,3.5,0.5,4.0,0,True,0.0,1.293530193752356,1.6732203621490076,0.0,0.646765096876178,0.4183050905372519,0.0
12,2064,b0902,3.5,4.5,4.0,0.0,4.0,0,False,0.0,0.0,0.0,0.0,0.0,0.0,0.0
12,2065,b0903,3.5,5.0,0.0,3.5,3.5,0,False,0.0,0.0,0.0,0.0,0.0,0.0,0.0
12,2066,b0904,3.5,5.0,0.5,3.0,2.5,0,True,0.0,1.2233453267335435,1.4965737884408001,0.0,0.6116726633667716,0.3741434471101999,0.0
12,2067,b0904,3.5,5.0,0.5,3.0,3.5,0,True,0.0,1.2233453267335435,1.4965737884408001,0.0,0.6116726633667716,0.3741434471101999,0.0
12,2068,b0905,3.5,5.0,1.0,2.5,1.5,0,True,0.0,0.5883939428939484,0.9202758780095084,0.7576730468844866,0.29419697144697415,0.230068969502377,0.3788365234422432
12,2069,b0905,3.5,5.0,1.0,2.5,2.5,0,True,0.0,1.564047164529323,2.446243532872215,0.0,0.7820235822646612,0.6115608832180532,0.0
12,2070,b0905,3.5,5.0,1.0,2.5,3.5,0,True,0.0,0.9756532216353748,1.5259676548627072,0.7576730468844866,0.48782661081768725,0.3814919137156766,0.3788365234422432
12,2071,b0906,3.5,5.0,1.5,2.0,1.5,0,True,0.0,0.7196074792779495,1.2047588033170462,0.8288087107917493,0.3598037396389747,0.30118970082926144,0.4144043553958746
12,2072,b0906,3.5,5.0,1.5,2.0,2.5,0,True,0.0,1.6741888293405385,2.802908236288643,0.0,0.8370944146702691,0.7007270590721605,0.0
12,2073,b0906,3.5,5.0,1.5,2.0,3.5,0,True,0.0,0.9545813500625889,1.5981494329715964,0.8288087107917492,0.47729067503129435,0.399537358242899,0.4144043553958746
12,2074,b0907,3.5,5.0,2.0,1.5,1.5,0,True,0.0,0.7196074792779495,1.2047588033170462,0.8288087107917493,0.3598037396389753,0.3011897008292621,0.41440435539587495
12,2075,b0907,3.5,5.0,2.0,1.5,2.5,0,True,0.0,1.6741888293405385,2.802908236288643,0.0,0.8370944146702697,0.7007270590721614,0.0
12,2076,b0907,3.5,5.0,2.0,1.5,3.5,0,True,0.0,0.9545813500625889,1.5981494329715964,0.8288087107917492,0.47729067503129435,0.3995373582428992,0.4144043553958749
12,2077,b0908,3.5,5.0,2.5,1.0,1.5,0,True,0.0,0.5883939428939482,0.9202758780095082,0.7576730468844866,0.29419697144697404,0.230068969502377,0.3788365234422433
12,2078,b0908,3.5,5.0,2.5,1.0,2.5,0,True,0.0,1.5640471645293232,2.446243532872216,0.0,0.7820235822646616,0.611560883218054,0.0
12,2079,b0908,3.5,5.0,2.5,1.0,3.5,0,True,0.0,0.9756532216353753,1.5259676548627081,0.7576730468844866,0.48782661081768763,0.38149191371567703,0.3788365234422433
12,2080,b0909,3.5,5.0,3.0,0.5,2.5,0,True,0.0,1.2233453267335435,1.4965737884408001,0.0,0.6116726633667716,0.3741434471101999,0.0
12,2081,b0909,3.5,5.0,3.0,0.5,3.5,0,True,0.0,1.2233453267335435,1.4965737884408001,0.0,0.6116726633667716,0.3741434471101999,0.0
12,2082,b0910,3.5,5.0,3.5,0.0,3.5,0,False,0.0,0.0,0.0,0.0,0.0,0.0,0.0
12,2083,b0911,3.5,5.5,0.0,3.0,3.0,0,False,0.0,0.0,0.0,0.0,0.0,0.0,0.0
12,2084,b0912,3.5,5.5,0.5,2.5,2.0,0,True,0.0,1.069124460217859,1.1430271114361281,0.0,0.5345622301089294,0.28575677785903203,0.0
12,2085,b0912,3.5,5.5,0.5,2.5,3.0,0,True,0.0,1.069124460217859,1.1430271114361281,0.0,0.5345622301089294,0.28575677785903203,0.0
12,2086,b0913,3.5,5.5,1.0,2.0,2.0,0,True,0.0,1.2024257315046571,1.4458276397845098,0.0,0.6012128657523286,0.36145690994612745,0.0
12,2087,b0913,3.5,5.5,1.0,2.0,3.0,0,True,0.0,1.2024257315046571,1.4458276397845098,0.0,0.6012128657523286,0.36145690994612745,0.0
12,2088,b0914,3.5,5.5,1.5,1.5,2.0,0,True,0.0,1.2383585073708865,1.53353179277785,0.0,0.6191792536854432,0.3833829481944625,0.0
12,2089,b0914,3.5,5.5,1.5,1.5,3.0,0,True,0.0,1.2383585073708865,1.53353179277785,0.0,0.6191792536854432,0.3833829481944625,0.0
12,2090,b0915,3.5,5.5,2.0,1.0,2.0,0,True,0.0,1.202425731504657,1.4458276397845093,0.0,0.6012128657523286,0.36145690994612745,0.0
12,2091,b0915,3.5,5.5,2.0,1.0,3.0,0,True,0.0,1.202425731504657,1.4458276397845093,0.0,0.6012128657523286,0.36145690994612745,0.0
12,2092,b0916,3.5,5.5,2.5,0.5,2.0,0,True,0.0,1.069124460217859,1.1430271114361281,0.0,0.5345622301089296,0.28575677785903214,0.0
12,2093,b0916,3.5,5.5,2.5,0.5,3.0,0,True,0.0,1.069124460217859,1.1430271114361281,0.0,0.5345622301089296,0.28575677785903214,0.0
12,2094,b0917,3.5,5.5,3.0,0.0,3.0,0,False,0.0,0.0,0.0,0.0,0.0,0.0,0.0
12,2095,b0918,3.5,6.0,0.0,2.5,2.5,0,False,0.0,0.0,0.0,0.0,0.0,0.0,0.0
12,2096,b0919,3.5,6.0,0.5,2.0,2.5,0,True,0.0,0.0,0.0,0.0,0.0,0.0,0.0
12,2097,b0920,3.5,6.0,1.0,1.5,2.5,0,True,0.0,0.0,0.0,0.0,0.0,0.0,0.0
12,2098,b0921,3.5,6.0,1.5,1.0,2.5,0,True,0.0,0.0,0.0,0.0,0.0,0.0,0.0
12,2099,b0922,3.5,6.0,2.0,0.5,2.5,0,True,0.0,0.0,0.0,0.0,0.0,0.0,0.0
12,2100,b0923,3.5,6.0,2.5,0.0,2.5,0,False,0.0,0.0,0.0,0.0,0.0,0.0,0.0
12,2101,b0924,4.0,0.0,2.0,6.0,4.0,0,False,0.0,0.0,0.0,0.0,0.0,0.0,0.0
12,2102,b0925,4.0,0.0,2.5,5.5,4.0,0,False,0.0,0.0,0.0,0.0,0.0,0.0,0.0
12,2103,b0926,4.0,0.0,3.0,5.0,4.0,0,False,0.0,0.0,0.0,0.0,0.0,0.0,0.0
12,2104,b0927,4.0,0.0,3.5,4.5,4.0,0,False,0.0,0.0,0.0,0.0,0.0,0.0,0.0
12,2105,b0928,4.0,0.0,4.0,4.0,4.0,0,False,0.0,0.0,0.0,0.0,0.0,0.0,0.0
12,2106,b0929,4.0,0.0,4.5,3.5,4.0,0,False,0.0,0.0,0.0,0.0,0.0,0.0,0.0
12,2107,b0930,4.0,0.0,5.0,3.0,4.0,0,False,0.0,0.0,0.0,0.0,0.0,0.0,0.0
12,2108,b0931,4.0,0.0,5.5,2.5,4.0,0,False,0.0,0.0,0.0,0.0,0.0,0.0,0.0
12,2109,b0932,4.0,0.0,6.0,2.0,4.0,0,False,0.0,0.0,0.0,0.0,0.0,0.0,0.0
12,2110,b0933,4.0,0.5,1.5,6.0,4.5,0,True,0.0,0.0,0.0,0.0,0.0,0.0,0.0
12,2111,b0934,4.0,0.5,2.0,5.5,3.5,0,True,0.0,1.0454391248975965,1.0929429638666524,0.0,0.5227195624487982,0.2732357409666631,0.0
12,2112,b0934,4.0,0.5,2.0,5.5,4.5,0,True,-0.0,1.0454391248975965,1.0929429638666524,0.0,0.5227195624487982,0.2732357409666631,0.0
12,2113,b0935,4.0,0.5,2.5,5.0,3.5,0,True,-0.0,1.202425731504657,1.4458276397845093,0.0,0.6012128657523285,0.36145690994612734,0.0
12,2114,b0935,4.0,0.5,2.5,5.0,4.5,0,True,0.0,1.202425731504657,1.4458276397845093,0.0,0.6012128657523285,0.36145690994612734,0.0
12,2115,b0936,4.0,0.5,3.0,4.5,3.5,0,True,-0.0,1.2803962065704424,1.639414445799979,0.0,0.6401981032852212,0.40985361144999477,0.0
12,2116,b0936,4.0,0.5,3.0,4.5,4.5,0,True,0.0,1.2803962065704424,1.639414445799979,0.0,0.6401981032852212,0.40985361144999477,0.0
12,2117,b0937,4.0,0.5,3.5,4.0,3.5,0,True,0.0,1.3145701043447118,1.7280945592368664,0.0,0.6572850521723559,0.4320236398092166,0.0
12,2118,b0937,4.0,0.5,3.5,4.0,4.5,0,True,0.0,1.3145701043447118,1.7280945592368664,0.0,0.6572850521723559,0.4320236398092166,0.0
12,2119,b0938,4.0,0.5,4.0,3.5,3.5,0,True,0.0,1.3145701043447118,1.7280945592368664,0.0,0.6572850521723559,0.4320236398092166,0.0
12,2120,b0938,4.0,0.5,4.0,3.5,4.5,0,True,0.0,1.3145701043447118,1.7280945592368664,0.0,0.6572850521723559,0.4320236398092166,0.0
12,2121,b0939,4.0,0.5,4.5,3.0,3.5,0,True,0.0,1.2803962065704424,1.639414445799979,0.0,0.6401981032852212,0.40985361144999477,0.0
12,2122,b0939,4.0,0.5,4.5,3.0,4.5,0,True,0.0,1.2803962065704424,1.639414445799979,0.0,0.6401981032852212,0.40985361144999477,0.0
12,2123,b0940,4.0,0.5,5.0,2.5,3.5,0,True,0.0,1.202425731504657,1.4458276397845093,0.0,0.6012128657523285,0.36145690994612734,0.0
12,2124,b0940,4.0,0.5,5.0,2.5,4.5,0,True,0.0,1.202425731504657,1.4458276397845093,0.0,0.6012128657523285,0.36145690994612734,0.0
12,2125,b0941,4.0,0.5,5.5,2.0,3.5,0,True,0.0,1.0454391248975963,1.092942963866652,0.0,0.5227195624487982,0.2732357409666631,0.0
12,2126,b0941,4.0,0.5,5.5,2.0,4.5,0,True,0.0,1.0454391248975963,1.092942963866652,0.0,0.5227195624487982,0.2732357409666631,0.0
12,2127,b0942,4.0,0.5,6.0,1.5,4.5,0,True,0.0,0.0,0.0,0.0,0.0,0.0,0.0
12,2128,b0943,4.0,1.0,1.0,6.0,5.0,0,True,0.0,0.0,0.0,0.0,0.0,0.0,0.0
12,2129,b0944,4.0,1.0,1.5,5.5,4.0,0,True,0.0,1.1569685776714969,1.3385762897192064,0.0,0.5784842888357484,0.3346440724298016,0.0
12,2130,b0944,4.0,1.0,1.5,5.5,5.0,0,True,0.0,1.1569685776714969,1.3385762897192064,0.0,0.5784842888357484,0.3346440724298016,0.0
12,2131,b0945,4.0,1.0,2.0,5.0,3.0,0,True,-0.0,0.6112497595729315,0.9287281533223738,0.7450515987127383,0.3056248797864658,0.23218203833059348,0.37252579935636915
12,2132,b0945,4.0,1.0,2.0,5.0,4.0,0,True,0.0,1.519392259509858,2.3085528382584712,0.0,0.759696129754929,0.5771382095646178,0.0
12,2133,b0945,4.0,1.0,2.0,5.0,5.0,0,True,0.0,0.9081424999369264,1.3798246849360976,0.7450515987127383,0.4540712499684632,0.3449561712340244,0.37252579935636915
12,2134,b0946,4.0,1.0,2.5,4.5,3.0,0,True,-0.0,0.7832462359487891,1.3113020988484854,0.8353606602662944,0.3916231179743944,0.32782552471212123,0.41768033013314715
12,2135,b0946,4.0,1.0,2.5,4.5,4.0,0,True,0.0,1.6741888293405374,2.802908236288639,0.0,0.8370944146702685,0.7007270590721594,0.0
12,2136,b0946,4.0,1.0,2.5,4.5,5.0,0,True,0.0,0.8909425933917484,1.4916061374401537,0.8353606602662944,0.4454712966958742,0.37290153436003837,0.41768033013314715
12,2137,b0947,4.0,1.0,3.0,4.0,3.0,0,True,-0.0,0.8576948190354136,1.5007064213043908,0.8746805237938021,0.42884740951770645,0.37517660532609737,0.437340261896901
12,2138,b0947,4.0,1.0,3.0,4.0,4.0,0,True,0.0,1.7496974308322453,3.0614410994609598,0.0,0.8748487154161226,0.7653602748652399,0.0
12,2139,b0947,4.0,1.0,3.0,4.0,5.0,0,True,0.0,0.8920026117968319,1.5607346781565696,0.8746805237938021,0.44600130589841624,0.39018366953914263,0.437340261896901
12,2140,b0948,4.0,1.0,3.5,3.5,3.0,0,True,0.0,0.8795393837424101,1.5592663914759897,0.8863841514388731,0.4397696918712053,0.3898165978689975,0.4431920757194364
12,2141,b0948,4.0,1.0,3.5,3.5,4.0,0,True,-0.0,1.7728215703557975,3.142896320318796,0.0,0.8864107851778986,0.7857240800796987,0.0
12,2142,b0948,4.0,1.0,3.5,3.5,5.0,0,True,0.0,0.8932821866133871,1.5836299288428053,0.8863841514388732,0.44664109330669327,0.395907482210701,0.4431920757194365
12,2143,b0949,4.0,1.0,4.0,3.0,3.0,0,True,0.0,0.8576948190354136,1.5007064213043906,0.874680523793802,0.42884740951770645,0.37517660532609737,0.437340261896901
12,2144,b0949,4.0,1.0,4.0,3.0,4.0,0,True,-0.0,1.7496974308322453,3.0614410994609598,0.0,0.8748487154161226,0.7653602748652399,0.0
12,2145,b0949,4.0,1.0,4.0,3.0,5.0,0,True,0.0,0.8920026117968319,1.5607346781565696,0.8746805237938021,0.44600130589841624,0.39018366953914263,0.437340261896901
12,2146,b0950,4.0,1.0,4.5,2.5,3.0,0,True,0.0,0.783246235948789,1.3113020988484851,0.8353606602662943,0.3916231179743944,0.32782552471212123,0.41768033013314715
12,2147,b0950,4.0,1.0,4.5,2.5,4.0,0,True,-0.0,1.6741888293405374,2.802908236288639,0.0,0.8370944146702685,0.7007270590721594,0.0
12,2148,b0950,4.0,1.0,4.5,2.5,5.0,0,True,0.0,0.8909425933917484,1.4916061374401537,0.8353606602662944,0.4454712966958742,0.37290153436003837,0.41768033013314715
12,2149,b0951,4.0,1.0,5.0,2.0,3.0,0,True,0.0,0.6112497595729314,0.9287281533223735,0.7450515987127383,0.3056248797864657,0.23218203833059337,0.37252579935636915
12,2150,b0951,4.0,1.0,5.0,2.0,4.0,0,True,-0.0,1.519392259509858,2.3085528382584712,0.0,0.7596961297549288,0.5771382095646177,0.0
12,2151,b0951,4.0,1.0,5.0,2.0,5.0,0,True,0.0,0.9081424999369265,1.3798246849360976,0.7450515987127381,0.45407124996846326,0.3449561712340244,0.37252579935636904
12,2152,b0952,4.0,1.0,5.5,1.5,4.0,0,True,0.0,1.1569685776714969,1.3385762897192064,0.0,0.5784842888357484,0.3346440724298016,0.0
12,2153,b0952,4.0,1.0,5.5,1.5,5.0,0,True,0.0,1.1569685776714969,1.3385762897192064,0.0,0.5784842888357484,0.3346440724298016,0.0
12,2154,b0953,4.0,1.0,6.0,1.0,5.0,0,True,0.0,0.0,0.0,0.0,0.0,0.0,0.0
12,2155,b0954,4.0,1.5,0.5,6.0,5.5,0,True,0.0,0.0,0.0,0.0,0.0,0.0,0.0
12,2156,b0955,4.0,1.5,1.0,5.5,4.5,0,True,0.0,1.1569685776714969,1.3385762897192064,0.0,0.5784842888357484,0.3346440724298016,0.0
12,2157,b0955,4.0,1.5,1.0,5.5,5.5,0,True,0.0,1.1569685776714969,1.3385762897192064,0.0,0.5784842888357484,0.3346440724298016,0.0
12,2158,b0956,4.0,1.5,1.5,5.0,3.5,0,True,-0.0,0.7904201283115819,1.2576417763924046,0.7955361696065786,0.39521006415579085,0.3144104440981011,0.39776808480328935
12,2159,b0956,4.0,1.5,1.5,5.0,4.5,0,True,0.0,1.591105453094743,2.5316165628678275,0.0,0.7955527265473715,0.6329041407169569,0.0
12,2160,b0956,4.0,1.5,1.5,5.0,5.5,0,True,0.0,0.8006853247831613,1.2739747864754236,0.7955361696065787,0.40034266239158084,0.31849369661885607,0.39776808480328935
12,2161,b0957,4.0,1.5,2.0,4.5,2.5,0,True,0.0,1.1531185060706015,1.4279465760937498,0.313471349649779,0.5765592530353009,0.3569866440234376,0.1567356748248895
12,2162,b0957,4.0,1.5,2.0,4.5,3.5,0,True,-0.0,1.5919783955802922,2.6830422789519344,0.3855477492575119,0.795989197790145,0.6707605697379819,0.19277387462875595
12,2163,b0957,4.0,1.5,2.0,4.5,4.5,0,True,-0.0,1.7067821885689118,3.0113697262673385,0.31347134964977863,0.8533910942844555,0.7528424315668338,0.15673567482488932
12,2164,b0957,4.0,1.5,2.0,4.5,5.5,0,True,0.0,1.2679222990592212,1.7562740234091543,0.3855477492575119,0.6339611495296111,0.43906850585228924,0.1927738746287558
12,2165,b0958,4.0,1.5,2.5,4.0,2.5,0,True,-0.0,1.3147922285415112,1.8615181029038959,0.3644715334161811,0.6573961142707557,0.4653795257259742,0.1822357667080907
12,2166,b0958,4.0,1.5,2.5,4.0,3.5,0,True,0.0,1.7629588515626406,3.24868886507732,0.3750532665825685,0.8814794257813201,0.8121722162693297,0.18752663329128452
12,2167,b0958,4.0,1.5,2.5,4.0,4.5,0,True,-0.0,1.780419888823203,3.302734479187969,0.36447153341618077,0.8902099444116013,0.8256836197969919,0.1822357667080907
12,2168,b0958,4.0,1.5,2.5,4.0,5.5,0,True,0.0,1.3322532658020751,1.91556371701455,0.37505326658256877,0.6661266329010374,0.47889092925363724,0.18752663329128438
12,2169,b0959,4.0,1.5,3.0,3.5,2.5,0,True,0.0,1.3773195466532155,2.0447137829441515,0.38432362580399904,0.6886597733266082,0.5111784457360385,0.19216181290199966
12,2170,b0959,4.0,1.5,3.0,3.5,3.5,0,True,-0.0,1.8320573932105315,3.496082324131166,0.37369510581996873,0.9160286966052653,0.8740205810327905,0.18684755290998406
12,2171,b0959,4.0,1.5,3.0,3.5,4.5,0,True,0.0,1.8143403342537527,3.4395354978511516,0.3843236258039993,0.9071701671268764,0.8598838744627879,0.19216181290199966
12,2172,b0959,4.0,1.5,3.0,3.5,5.5,0,True,0.0,1.359602487696437,1.9881669566641378,0.37369510581996873,0.6798012438482186,0.4970417391660345,0.1868475529099842
12,2173,b0960,4.0,1.5,3.5,3.0,2.5,0,True,0.0,1.3773195466532162,2.0447137829441533,0.38432362580399904,0.6886597733266081,0.5111784457360383,0.19216181290199952
12,2174,b0960,4.0,1.5,3.5,3.0,3.5,0,True,0.0,1.8320573932105317,3.4960823241311667,0.37369510581996873,0.9160286966052653,0.8740205810327907,0.18684755290998464
12,2175,b0960,4.0,1.5,3.5,3.0,4.5,0,True,-0.0,1.8143403342537534,3.4395354978511543,0.3843236258039993,0.9071701671268766,0.8598838744627882,0.19216181290199935
12,2176,b0960,4.0,1.5,3.5,3.0,5.5,0,True,0.0,1.3596024876964372,1.9881669566641385,0.373695105819969,0.6798012438482188,0.497041739166035,0.18684755290998464
12,2177,b0961,4.0,1.5,4.0,2.5,2.5,0,True,0.0,1.3147922285415112,1.8615181029038959,0.3644715334161811,0.6573961142707556,0.4653795257259739,0.18223576670809039
12,2178,b0961,4.0,1.5,4.0,2.5,3.5,0,True,-0.0,1.7629588515626409,3.2486888650773214,0.37505326658256904,0.8814794257813199,0.8121722162693293,0.18752663329128452
12,2179,b0961,4.0,1.5,4.0,2.5,4.5,0,True,0.0,1.7804198888232035,3.3027344791879707,0.3644715334161814,0.8902099444116016,0.8256836197969923,0.18223576670809039
12,2180,b0961,4.0,1.5,4.0,2.5,5.5,0,True,0.0,1.332253265802075,1.9155637170145496,0.37505326658256904,0.6661266329010376,0.4788909292536376,0.18752663329128452
12,2181,b0962,4.0,1.5,4.5,2.0,2.5,0,True,0.0,1.1531185060706017,1.4279465760937504,0.313471349649779,0.576559253035301,0.35698664402343777,0.15673567482488968
12,2182,b0962,4.0,1.5,4.5,2.0,3.5,0,True,0.0,1.5919783955802922,2.6830422789519344,0.3855477492575119,0.7959891977901454,0.6707605697379826,0.19277387462875595
12,2183,b0962,4.0,1.5,4.5,2.0,4.5,0,True,0.0,1.706782188568912,3.0113697262673393,0.31347134964977935,0.853391094284456,0.7528424315668348,0.15673567482488968
12,2184,b0962,4.0,1.5,4.5,2.0,5.5,0,True,0.0,1.267922299059222,1.7562740234091565,0.3855477492575119,0.6339611495296109,0.439068505852289,0.19277387462875595
12,2185,b0963,4.0,1.5,5.0,1.5,3.5,0,True,0.0,0.7904201283115819,1.2576417763924048,0.7955361696065787,0.3952100641557909,0.3144104440981011,0.3977680848032893
12,2186,b0963,4.0,1.5,5.0,1.5,4.5,0,True,-0.0,1.5911054530947428,2.5316165628678267,0.0,0.7955527265473716,0.6329041407169571,0.0
12,2187,b0963,4.0,1.5,5.0,1.5,5.5,0,True,0.0,0.8006853247831613,1.2739747864754238,0.7955361696065788,0.40034266239158073,0.3184936966188559,0.39776808480328923
12,2188,b0964,4.0,1.5,5.5,1.0,4.5,0,True,0.0,1.156968577671497,1.338576289719207,0.0,0.5784842888357485,0.33464407242980176,0.0
12,2189,b0964,4.0,1.5,5.5,1.0,5.5,0,True,0.0,1.156968577671497,1.338576289719207,0.0,0.5784842888357485,0.33464407242980176,0.0
12,2190,b0965,4.0,1.5,6.0,0.5,5.5,0,True,0.0,0.0,0.0,0.0,0.0,0.0,0.0
12,2191,b0966,4.0,2.0,0.0,6.0,6.0,0,False,0.0,0.0,0.0,0.0,0.0,0.0,0.0
12,2192,b0967,4.0,2.0,0.5,5.5,5.0,0,True,0.0,1.0454391248975972,1.0929429638666537,0.0,0.5227195624487986,0.2732357409666634,0.0
12,2193,b0967,4.0,2.0,0.5,5.5,6.0,0,True,0.0,1.0454391248975972,1.0929429638666537,0.0,0.5227195624487986,0.2732357409666634,0.0
12,2194,b0968,4.0,2.0,1.0,5.0,4.0,0,True,0.0,0.9002041913710438,1.3677632803474946,0.7465893745463431,0.4501020956855224,0.34194082008687426,0.3732946872731718
12,2195,b0968,4.0,2.0,1.0,5.0,5.0,0,True,0.0,1.519392259509858,2.3085528382584712,0.0,0.7596961297549294,0.5771382095646185,0.0
12,2196,b0968,4.0,2.0,1.0,5.0,6.0,0,True,0.0,0.619188068138814,0.9407895579109764,0.7465893745463431,0.309594034069407,0.23519738947774424,0.3732946872731718
12,2197,b0969,4.0,2.0,1.5,4.5,3.0,0,True,0.0,1.2576089559538597,1.7267788862980757,0.38104934090314185,0.6288044779769304,0.4316947215745196,0.19052467045157076
12,2198,b0969,4.0,2.0,1.5,4.5,4.0,0,True,0.0,1.6997503637243474,2.991259405509785,0.31954359096801443,0.8498751818621746,0.7478148513774477,0.15977179548400722
12,2199,b0969,4.0,2.0,1.5,4.5,5.0,0,True,-0.0,1.6022917386856512,2.712537416063006,0.38104934090314185,0.8011458693428263,0.6781343540157525,0.19052467045157062
12,2200,b0969,4.0,2.0,1.5,4.5,6.0,0,True,0.0,1.1601503309151644,1.4480568968512992,0.31954359096801443,0.5800751654575825,0.3620142242128252,0.15977179548400722
12,2201,b0970,4.0,2.0,2.0,4.0,2.0,0,True,0.0,0.8607564895086088,1.2952545570850076,0.7445487377289842,0.4303782447543042,0.3238136392712517,0.37227436886449206
12,2202,b0970,4.0,2.0,2.0,4.0,3.0,0,True,0.0,1.6961627050196515,2.9998050153442954,0.35048123123031033,0.8480813525098247,0.7499512538360721,0.17524061561515486
12,2203,b0970,4.0,2.0,2.0,4.0,4.0,0,True,-0.0,1.668435333925886,3.4314090051542223,0.8048183283585432,0.8342176669629435,0.8578522512885566,0.4024091641792717
12,2204,b0970,4.0,2.0,2.0,4.0,5.0,0,True,0.0,1.7161332265942961,3.0679503448656638,0.3504812312303097,0.8580666132971486,0.7669875862164168,0.17524061561515486
12,2205,b0970,4.0,2.0,2.0,4.0,6.0,0,True,0.0,0.8831041081794541,1.3410917979707342,0.7491454679081395,0.44155205408972703,0.33527294949268355,0.37457273395406976
12,2206,b0971,4.0,2.0,2.5,3.5,2.0,0,True,0.0,1.0455822147174687,1.7251921344889187,0.7949528078794563,0.5227911073587338,0.4312980336222285,0.39747640393972744
12,2207,b0971,4.0,2.0,2.5,3.5,3.0,0,True,-0.0,1.8491367076962868,3.5436245874712373,0.35258761141221956,0.9245683538481424,0.8859061468678073,0.17629380570610947
12,2208,b0971,4.0,2.0,2.5,3.5,4.0,0,True,0.0,1.7191830870816922,3.713498616247952,0.8705791918833203,0.8595915435408442,0.928374654061984,0.4352895959416593
12,2209,b0971,4.0,2.0,2.5,3.5,5.0,0,True,0.0,1.7692941721794462,3.2547198914295263,0.3525876114122202,0.8846470860897222,0.8136799728573799,0.17629380570610978
12,2210,b0971,4.0,2.0,2.5,3.5,6.0,0,True,0.0,0.8536655780765715,1.3596537281638912,0.7942976828438342,0.4268327890382853,0.33991343204097196,0.39714884142191653
12,2211,b0972,4.0,2.0,3.0,3.0,2.0,0,True,0.0,1.0934210476848476,1.8486134125837612,0.8081112702243,0.5467105238424237,0.46215335314594,0.40405563511214976
12,2212,b0972,4.0,2.0,3.0,3.0,3.0,0,True,0.0,1.892517021876968,3.7069385883155173,0.3540026980426127,0.9462585109384838,0.9267346470788789,0.17700134902130604
12,2213,b0972,4.0,2.0,3.0,3.0,4.0,0,True,0.0,1.7368236027192798,3.804285720821495,0.8875412631865159,0.8684118013596399,0.9510714302053737,0.4437706315932578
12,2214,b0972,4.0,2.0,3.0,3.0,5.0,0,True,0.0,1.785781192405984,3.3143323773723874,0.3540026980426121,0.8928905962029919,0.8285830943430966,0.17700134902130604
12,2215,b0972,4.0,2.0,3.0,3.0,6.0,0,True,0.0,0.8480535638788246,1.3683718322826481,0.8057152009705865,0.42402678193941185,0.3420929580706615,0.402857600485293
12,2216,b0973,4.0,2.0,3.5,2.5,2.0,0,True,0.0,1.0455822147174691,1.7251921344889192,0.7949528078794561,0.5227911073587338,0.43129803362222846,0.3974764039397274
12,2217,b0973,4.0,2.0,3.5,2.5,3.0,0,True,0.0,1.849136707696287,3.543624587471238,0.3525876114122202,0.9245683538481421,0.8859061468678068,0.17629380570610978
12,2218,b0973,4.0,2.0,3.5,2.5,4.0,0,True,0.0,1.7191830870816924,3.7134986162479526,0.87057919188332,0.8595915435408449,0.928374654061985,0.4352895959416591
12,2219,b0973,4.0,2.0,3.5,2.5,5.0,0,True,0.0,1.7692941721794462,3.2547198914295263,0.3525876114122202,0.884647086089722,0.8136799728573795,0.17629380570610947
12,2220,b0973,4.0,2.0,3.5,2.5,6.0,0,True,0.0,0.8536655780765711,1.3596537281638903,0.7942976828438341,0.42683278903828503,0.3399134320409718,0.39714884142191664
12,2221,b0974,4.0,2.0,4.0,2.0,2.0,0,True,0.0,0.8607564895086084,1.2952545570850063,0.7445487377289838,0.4303782447543042,0.3238136392712517,0.37227436886449206
12,2222,b0974,4.0,2.0,4.0,2.0,3.0,0,True,-0.0,1.6961627050196508,2.9998050153442932,0.35048123123031033,0.8480813525098246,0.7499512538360719,0.17524061561515486
12,2223,b0974,4.0,2.0,4.0,2.0,4.0,0,True,0.0,1.668435333925886,3.4314090051542223,0.8048183283585432,0.8342176669629435,0.8578522512885566,0.4024091641792717
12,2224,b0974,4.0,2.0,4.0,2.0,5.0,0,True,0.0,1.7161332265942961,3.0679503448656638,0.3504812312303097,0.8580666132971486,0.7669875862164168,0.17524061561515486
12,2225,b0974,4.0,2.0,4.0,2.0,6.0,0,True,0.0,0.883104108179454,1.3410917979707337,0.7491454679081393,0.44155205408972703,0.33527294949268355,0.37457273395406976
12,2226,b0975,4.0,2.0,4.5,1.5,3.0,0,True,0.0,1.2576089559538597,1.7267788862980757,0.38104934090314185,0.62880447797693,0.43169472157451905,0.19052467045157076
12,2227,b0975,4.0,2.0,4.5,1.5,4.0,0,True,0.0,1.6997503637243478,2.9912594055097865,0.31954359096801443,0.8498751818621745,0.7478148513774475,0.15977179548400722
12,2228,b0975,4.0,2.0,4.5,1.5,5.0,0,True,0.0,1.602291738685652,2.7125374160630082,0.38104934090314185,0.8011458693428261,0.6781343540157522,0.19052467045157093
12,2229,b0975,4.0,2.0,4.5,1.5,6.0,0,True,0.0,1.1601503309151648,1.4480568968513003,0.31954359096801477,0.5800751654575822,0.3620142242128248,0.15977179548400722
12,2230,b0976,4.0,2.0,5.0,1.0,4.0,0,True,0.0,0.9002041913710441,1.3677632803474953,0.7465893745463431,0.4501020956855218,0.34194082008687354,0.37329468727317155
12,2231,b0976,4.0,2.0,5.0,1.0,5.0,0,True,0.0,1.519392259509858,2.3085528382584712,0.0,0.7596961297549287,0.5771382095646175,0.0
12,2232,b0976,4.0,2.0,5.0,1.0,6.0,0,True,0.0,0.6191880681388139,0.9407895579109763,0.7465893745463431,0.30959403406940694,0.23519738947774405,0.37329468727317155
12,2233,b0977,4.0,2.0,5.5,0.5,5.0,0,True,0.0,1.0454391248975972,1.0929429638666537,0.0,0.5227195624487986,0.2732357409666634,0.0
12,2234,b0977,4.0,2.0,5.5,0.5,6.0,0,True,0.0,1.0454391248975972,1.0929429638666537,0.0,0.5227195624487986,0.2732357409666634,0.0
12,2235,b0978,4.0,2.0,6.0,0.0,6.0,0,False,0.0,0.0,0.0,0.0,0.0,0.0,0.0
12,2236,b0979,4.0,2.5,0.0,5.5,5.5,0,False,0.0,0.0,0.0,0.0,0.0,0.0,0.0
12,2237,b0980,4.0,2.5,0.5,5.0,4.5,0,True,0.0,1.2024257315046567,1.4458276397845087,0.0,0.6012128657523284,0.36145690994612717,0.0
12,2238,b0980,4.0,2.5,0.5,5.0,5.5,0,True,0.0,1.2024257315046567,1.4458276397845087,0.0,0.6012128657523284,0.36145690994612717,0.0
12,2239,b0981,4.0,2.5,1.0,4.5,3.5,0,True,-0.0,0.8723404952879636,1.4604627125925007,0.8363520627542272,0.43617024764398216,0.36511567814812546,0.4181760313771136
12,2240,b0981,4.0,2.5,1.0,4.5,4.5,0,True,0.0,1.6741888293405378,2.8029082362886406,0.0,0.8370944146702689,0.7007270590721602,0.0
12,2241,b0981,4.0,2.5,1.0,4.5,5.5,0,True,0.0,0.8018483340525738,1.3424455236961388,0.8363520627542271,0.4009241670262868,0.33561138092403464,0.4181760313771136
12,2242,b0982,4.0,2.5,1.5,4.0,2.5,0,True,-0.0,1.3147922285415112,1.861518102903896,0.3644715334161814,0.6573961142707556,0.46537952572597396,0.18223576670809055
12,2243,b0982,4.0,2.5,1.5,4.0,3.5,0,True,0.0,1.7629588515626406,3.2486888650773205,0.37505326658256904,0.8814794257813205,0.8121722162693303,0.18752663329128424
12,2244,b0982,4.0,2.5,1.5,4.0,4.5,0,True,0.0,1.780419888823204,3.3027344791879725,0.3644715334161814,0.8902099444116014,0.825683619796992,0.18223576670809039
12,2245,b0982,4.0,2.5,1.5,4.0,5.5,0,True,0.0,1.3322532658020743,1.9155637170145476,0.37505326658256877,0.6661266329010369,0.4788909292536366,0.18752663329128424
12,2246,b0983,4.0,2.5,2.0,3.5,1.5,0,True,0.0,0.8131905412014864,1.2776117377842617,0.7850687113142998,0.4065952706007432,0.3194029344460653,0.3925343556571498
12,2247,b0983,4.0,2.5,2.0,3.5,2.5,0,True,-0.0,1.733575143132438,3.1254730537266537,0.3466846936915455,0.8667875715662183,0.7813682634316621,0.17334234684577243
12,2248,b0983,4.0,2.5,2.0,3.5,3.5,0,True,0.0,1.7063722405676194,3.673944539738785,0.8730626073535777,0.853186120283809,0.918486134934695,0.4365313036767887
12,2249,b0983,4.0,2.5,2.0,3.5,4.5,0,True,-0.0,1.8848557367432943,3.6728714251741073,0.34668469369154487,0.9424278683716467,0.9182178562935259,0.17334234684577243
12,2250,b0983,4.0,2.5,2.0,3.5,5.5,0,True,0.0,1.0988680981066261,1.8467882013777126,0.7995480625586174,0.5494340490533132,0.46169705034442826,0.3997740312793087
12,2251,b0984,4.0,2.5,2.5,3.0,1.5,0,True,0.0,0.9746453720548157,1.6499313552945112,0.8366586843071917,0.48732268602740736,0.4124828388236272,0.4183293421535957
12,2252,b0984,4.0,2.5,2.5,3.0,2.5,0,True,-0.0,1.8621843222546723,3.589982089311411,0.34964501892679367,0.931092161127336,0.8974955223278523,0.1748225094633965
12,2253,b0984,4.0,2.5,2.5,3.0,3.5,0,True,0.0,1.7414339300369588,3.9090715290991347,0.9362047833755002,0.8707169650184787,0.9772678822747823,0.46810239168775
12,2254,b0984,4.0,2.5,2.5,3.0,4.5,0,True,0.0,1.9282500972431733,3.8404000767786255,0.3496450189267943,0.9641250486215867,0.9601000191946563,0.17482250946339684
12,2255,b0984,4.0,2.5,2.5,3.0,5.5,0,True,0.0,1.074355117406071,1.87137928169639,0.8468414039238854,0.5371775587030359,0.46784482042409775,0.4234207019619426
12,2256,b0985,4.0,2.5,3.0,2.5,1.5,0,True,0.0,0.9746453720548155,1.6499313552945105,0.8366586843071915,0.48732268602740775,0.41248283882362774,0.4183293421535959
12,2257,b0985,4.0,2.5,3.0,2.5,2.5,0,True,0.0,1.8621843222546728,3.589982089311413,0.34964501892679367,0.9310921611273357,0.897495522327852,0.17482250946339684
12,2258,b0985,4.0,2.5,3.0,2.5,3.5,0,True,-0.0,1.7414339300369588,3.9090715290991342,0.9362047833755,0.8707169650184787,0.9772678822747827,0.4681023916877503
12,2259,b0985,4.0,2.5,3.0,2.5,4.5,0,True,0.0,1.9282500972431729,3.8404000767786237,0.34964501892679367,0.964125048621587,0.9601000191946569,0.17482250946339684
12,2260,b0985,4.0,2.5,3.0,2.5,5.5,0,True,0.0,1.0743551174060708,1.8713792816963892,0.8468414039238853,0.5371775587030363,0.46784482042409825,0.42342070196194265
12,2261,b0986,4.0,2.5,3.5,2.0,1.5,0,True,0.0,0.8131905412014864,1.277611737784262,0.7850687113143,0.40659527060074335,0.3194029344460656,0.39253435565714995
12,2262,b0986,4.0,2.5,3.5,2.0,2.5,0,True,0.0,1.7335751431324382,3.125473053726654,0.3466846936915455,0.8667875715662187,0.7813682634316629,0.17334234684577307
12,2263,b0986,4.0,2.5,3.5,2.0,3.5,0,True,0.0,1.7063722405676196,3.673944539738786,0.873062607353578,0.8531861202838098,0.9184861349346964,0.43653130367678883
12,2264,b0986,4.0,2.5,3.5,2.0,4.5,0,True,0.0,1.8848557367432939,3.672871425174106,0.3466846936915455,0.9424278683716478,0.9182178562935283,0.17334234684577307
12,2265,b0986,4.0,2.5,3.5,2.0,5.5,0,True,0.0,1.0988680981066266,1.846788201377714,0.7995480625586178,0.549434049053313,0.46169705034442815,0.39977403127930894
12,2266,b0987,4.0,2.5,4.0,1.5,2.5,0,True,0.0,1.3147922285415112,1.8615181029038959,0.3644715334161811,0.6573961142707556,0.46537952572597396,0.18223576670809055
12,2267,b0987,4.0,2.5,4.0,1.5,3.5,0,True,-0.0,1.7629588515626402,3.2486888650773182,0.3750532665825685,0.8814794257813205,0.8121722162693303,0.18752663329128424
12,2268,b0987,4.0,2.5,4.0,1.5,4.5,0,True,0.0,1.7804198888232035,3.3027344791879707,0.3644715334161814,0.8902099444116014,0.825683619796992,0.18223576670809039
12,2269,b0987,4.0,2.5,4.0,1.5,5.5,0,True,-0.0,1.3322532658020743,1.9155637170145476,0.37505326658256877,0.6661266329010369,0.4788909292536366,0.18752663329128424
12,2270,b0988,4.0,2.5,4.5,1.0,3.5,0,True,0.0,0.8723404952879635,1.4604627125925003,0.8363520627542271,0.43617024764398216,0.36511567814812546,0.4181760313771136
12,2271,b0988,4.0,2.5,4.5,1.0,4.5,0,True,0.0,1.6741888293405376,2.8029082362886397,0.0,0.8370944146702689,0.7007270590721602,0.0
12,2272,b0988,4.0,2.5,4.5,1.0,5.5,0,True,0.0,0.8018483340525737,1.3424455236961386,0.8363520627542271,0.4009241670262868,0.33561138092403464,0.4181760313771136
12,2273,b0989,4.0,2.5,5.0,0.5,4.5,0,True,0.0,1.2024257315046567,1.4458276397845087,0.0,0.6012128657523284,0.36145690994612717,0.0
12,2274,b0989,4.0,2.5,5.0,0.5,5.5,0,True,0.0,1.2024257315046567,1.4458276397845087,0.0,0.6012128657523284,0.36145690994612717,0.0
12,2275,b0990,4.0,2.5,5.5,0.0,5.5,0,False,0.0,0.0,0.0,0.0,0.0,0.0,0.0
12,2276,b0991,4.0,3.0,0.0,5.0,5.0,0,False,0.0,0.0,0.0,0.0,0.0,0.0,0.0
12,2277,b0992,4.0,3.0,0.5,4.5,4.0,0,True,0.0,1.2803962065704428,1.6394144457999802,0.0,0.6401981032852213,0.4098536114499949,0.0
12,2278,b0992,4.0,3.0,0.5,4.5,5.0,0,True,-0.0,1.2803962065704428,1.6394144457999802,0.0,0.6401981032852213,0.4098536114499949,0.0
12,2279,b0993,4.0,3.0,1.0,4.0,3.0,0,True,0.0,0.8576948190354132,1.5007064213043901,0.874680523793802,0.42884740951770645,0.37517660532609737,0.437340261896901
12,2280,b0993,4.0,3.0,1.0,4.0,4.0,0,True,0.0,1.749697430832245,3.061441099460959,0.0,0.8748487154161226,0.7653602748652399,0.0
12,2281,b0993,4.0,3.0,1.0,4.0,5.0,0,True,0.0,0.8920026117968319,1.5607346781565696,0.8746805237938021,0.44600130589841624,0.39018366953914263,0.437340261896901
12,2282,b0994,4.0,3.0,1.5,3.5,2.0,0,True,0.0,1.3309177255759377,1.8966149522107807,0.3539392037604111,0.6654588627879688,0.4741537380526952,0.17696960188020555
12,2283,b0994,4.0,3.0,1.5,3.5,3.0,0,True,0.0,1.780874778446505,3.332724825988907,0.40150946375150115,0.8904373892232521,0.8331812064972258,0.20075473187575057
12,2284,b0994,4.0,3.0,1.5,3.5,4.0,0,True,-0.0,1.8607421553310317,3.587634328584527,0.3539392037604111,0.9303710776655152,0.8969085821461306,0.17696960188020555
12,2285,b0994,4.0,3.0,1.5,3.5,5.0,0,True,0.0,1.410785102460464,2.1515244548064003,0.4015094637515014,0.7053925512302317,0.5378811137015995,0.20075473187575044
12,2286,b0995,4.0,3.0,2.0,3.0,1.0,0,True,0.0,0.7777369266017046,1.227927133316059,0.7893366875523992,0.38886846330085273,0.30698178332901516,0.39466834377619964
12,2287,b0995,4.0,3.0,2.0,3.0,2.0,0,True,0.0,1.7247892898511352,3.089985971119167,0.3392460415892624,0.8623946449255682,0.7724964927797927,0.1696230207946312
12,2288,b0995,4.0,3.0,2.0,3.0,3.0,0,True,-0.0,1.704208890349479,3.702186654770153,0.8932293730190195,0.852104445174739,0.9255466636925375,0.44661468650950964
12,2289,b0995,4.0,3.0,2.0,3.0,4.0,0,True,0.0,1.9535089244318162,3.931284994568735,0.3392460415892624,0.9767544622159074,0.9828212486421825,0.1696230207946312
12,2290,b0995,4.0,3.0,2.0,3.0,5.0,0,True,0.0,1.1963523973317685,2.0911571776016924,0.8123411346227783,0.598176198665884,0.5227892944004228,0.406170567311389
12,2291,b0996,4.0,3.0,2.5,2.5,1.0,0,True,0.0,0.8914957192270122,1.4800751361309494,0.8278348378335268,0.44574785961350616,0.37001878403273747,0.4139174189167635
12,2292,b0996,4.0,3.0,2.5,2.5,2.0,0,True,0.0,1.8102754990494223,3.393225099158603,0.3407751703102324,0.905137749524711,0.8483062747896505,0.1703875851551162
12,2293,b0996,4.0,3.0,2.5,2.5,3.0,0,True,0.0,1.7211656529811408,3.8445758887675705,0.9392362236229893,0.8605828264905704,0.9611439721918925,0.4696181118114945
12,2294,b0996,4.0,3.0,2.5,2.5,4.0,0,True,0.0,1.9801589204484242,4.037157066931437,0.3407751703102324,0.9900794602242121,1.0092892667328592,0.1703875851551162
12,2295,b0996,4.0,3.0,2.5,2.5,5.0,0,True,0.0,1.177773047289694,2.105731141191521,0.8476920373988832,0.588886523644847,0.5264327852978803,0.4238460186994416
12,2296,b0997,4.0,3.0,3.0,2.0,1.0,0,True,0.0,0.7777369266017046,1.2279271333160588,0.789336687552399,0.38886846330085223,0.3069817833290147,0.3946683437761996
12,2297,b0997,4.0,3.0,3.0,2.0,2.0,0,True,0.0,1.7247892898511352,3.0899859711191673,0.3392460415892631,0.8623946449255685,0.7724964927797936,0.1696230207946322
12,2298,b0997,4.0,3.0,3.0,2.0,3.0,0,True,0.0,1.7042088903494794,3.702186654770155,0.8932293730190197,0.85210444517474,0.9255466636925394,0.44661468650950986
12,2299,b0997,4.0,3.0,3.0,2.0,4.0,0,True,0.0,1.9535089244318167,3.9312849945687374,0.3392460415892631,0.9767544622159081,0.982821248642184,0.16962302079463187
12,2300,b0997,4.0,3.0,3.0,2.0,5.0,0,True,0.0,1.1963523973317682,2.091157177601692,0.8123411346227783,0.5981761986658846,0.5227892944004238,0.40617056731138945
12,2301,b0998,4.0,3.0,3.5,1.5,2.0,0,True,0.0,1.330917725575938,1.8966149522107814,0.3539392037604111,0.6654588627879684,0.4741537380526945,0.17696960188020525
12,2302,b0998,4.0,3.0,3.5,1.5,3.0,0,True,-0.0,1.780874778446505,3.332724825988907,0.40150946375150115,0.8904373892232523,0.8331812064972263,0.20075473187575057
12,2303,b0998,4.0,3.0,3.5,1.5,4.0,0,True,0.0,1.8607421553310317,3.587634328584527,0.3539392037604111,0.9303710776655154,0.8969085821461309,0.17696960188020525
12,2304,b0998,4.0,3.0,3.5,1.5,5.0,0,True,0.0,1.4107851024604643,2.1515244548064008,0.40150946375150115,0.7053925512302319,0.5378811137015999,0.20075473187575057
12,2305,b0999,4.0,3.0,4.0,1.0,3.0,0,True,0.0,0.8576948190354134,1.5007064213043901,0.8746805237938018,0.4288474095177067,0.3751766053260974,0.4373402618969008
12,2306,b0999,4.0,3.0,4.0,1.0,4.0,0,True,-0.0,1.7496974308322453,3.0614410994609598,0.0,0.8748487154161224,0.7653602748652395,0.0
12,2307,b0999,4.0,3.0,4.0,1.0,5.0,0,True,0.0,0.8920026117968317,1.560734678156569,0.8746805237938019,0.4460013058984155,0.3901836695391418,0.4373402618969008
12,2308,b1000,4.0,3.0,4.5,0.5,4.0,0,True,0.0,1.2803962065704428,1.6394144457999802,0.0,0.6401981032852213,0.4098536114499949,0.0
12,2309,b1000,4.0,3.0,4.5,0.5,5.0,0,True,0.0,1.2803962065704428,1.6394144457999802,0.0,0.6401981032852213,0.4098536114499949,0.0
12,2310,b1001,4.0,3.0,5.0,0.0,5.0,0,False,0.0,0.0,0.0,0.0,0.0,0.0,0.0
12,2311,b1002,4.0,3.5,0.0,4.5,4.5,0,False,0.0,0.0,0.0,0.0,0.0,0.0,0.0
12,2312,b1003,4.0,3.5,0.5,4.0,3.5,0,True,0.0,1.3145701043447118,1.7280945592368664,0.0,0.657285052172356,0.43202363980921676,0.0
12,2313,b1003,4.0,3.5,0.5,4.0,4.5,0,True,-0.0,1.3145701043447118,1.7280945592368664,0.0,0.657285052172356,0.43202363980921676,0.0
12,2314,b1004,4.0,3.5,1.0,3.5,2.5,0,True,0.0,0.834875274411742,1.4800848950338523,0.8849113917278785,0.4174376372058712,0.37002122375846325,0.4424556958639393
12,2315,b1004,4.0,3.5,1.0,3.5,3.5,0,True,0.0,1.7728215703557975,3.142896320318796,0.0,0.886410785177899,0.7857240800796993,0.0
12,2316,b1004,4.0,3.5,1.0,3.5,4.5,0,True,0.0,0.9379462959440558,1.6628114252849449,0.8849113917278784,0.468973147972028,0.41570285632123644,0.44245569586393935
12,2317,b1005,4.0,3.5,1.5,3.0,1.5,0,True,0.0,1.3123569971450277,1.837375419917436,0.33925585029874084,0.6561784985725136,0.4593438549793586,0.16962792514937008
12,2318,b1005,4.0,3.5,1.5,3.0,2.5,0,True,-0.0,1.7552834710644916,3.2510460769177754,0.4123421069034371,0.8776417355322457,0.8127615192294437,0.20617105345171882
12,2319,b1005,4.0,3.5,1.5,3.0,3.5,0,True,0.0,1.8793028837619414,3.6468738608778706,0.33925585029874017,0.9396514418809702,0.9117184652194665,0.16962792514937008
12,2320,b1005,4.0,3.5,1.5,3.0,4.5,0,True,0.0,1.4363764098424776,2.233203203877531,0.4123421069034371,0.7181882049212381,0.5583008009693818,0.20617105345171882
12,2321,b1006,4.0,3.5,2.0,2.5,0.5,0,True,0.0,0.72634894291652,1.1146555749581704,0.7662067528299554,0.3631744714582599,0.2786638937395425,0.38310337641497766
12,2322,b1006,4.0,3.5,2.0,2.5,1.5,0,True,-0.0,1.6642382043941282,2.874582133479902,0.32387240159499536,0.8321191021970639,0.7186455333699752,0.16193620079749801
12,2323,b1006,4.0,3.5,2.0,2.5,2.5,0,True,0.0,1.6555998415155242,3.51718242769143,0.8810060115942462,0.8277999207577619,0.879295606922857,0.440503005797123
12,2324,b1006,4.0,3.5,2.0,2.5,3.5,0,True,0.0,1.9541926754816024,3.9237623454208532,0.32387240159499536,0.9770963377408017,0.9809405863552144,0.16193620079749768
12,2325,b1006,4.0,3.5,2.0,2.5,4.5,0,True,0.0,1.2364820954436873,2.166506476251158,0.7985101777049222,0.6182410477218436,0.5416266190627895,0.3992550888524611
12,2326,b1007,4.0,3.5,2.5,2.0,0.5,0,True,0.0,0.7263489429165197,1.1146555749581701,0.7662067528299555,0.3631744714582599,0.2786638937395424,0.3831033764149776
12,2327,b1007,4.0,3.5,2.5,2.0,1.5,0,True,0.0,1.6642382043941282,2.874582133479902,0.32387240159499536,0.8321191021970638,0.718645533369975,0.16193620079749801
12,2328,b1007,4.0,3.5,2.5,2.0,2.5,0,True,0.0,1.6555998415155242,3.5171824276914294,0.881006011594246,0.8277999207577618,0.8792956069228569,0.4405030057971231
12,2329,b1007,4.0,3.5,2.5,2.0,3.5,0,True,0.0,1.9541926754816028,3.923762345420855,0.32387240159499536,0.9770963377408017,0.9809405863552144,0.16193620079749768
12,2330,b1007,4.0,3.5,2.5,2.0,4.5,0,True,-0.0,1.2364820954436868,2.1665064762511563,0.7985101777049217,0.6182410477218436,0.5416266190627895,0.3992550888524611
12,2331,b1008,4.0,3.5,3.0,1.5,1.5,0,True,-0.0,1.312356997145028,1.8373754199174364,0.3392558502987405,0.6561784985725144,0.4593438549793596,0.16962792514937008
12,2332,b1008,4.0,3.5,3.0,1.5,2.5,0,True,0.0,1.755283471064491,3.251046076917773,0.4123421069034371,0.8776417355322452,0.8127615192294427,0.20617105345171827
12,2333,b1008,4.0,3.5,3.0,1.5,3.5,0,True,0.0,1.8793028837619408,3.646873860877868,0.33925585029874017,0.9396514418809699,0.9117184652194661,0.16962792514937008
12,2334,b1008,4.0,3.5,3.0,1.5,4.5,0,True,0.0,1.4363764098424776,2.233203203877531,0.4123421069034371,0.7181882049212387,0.5583008009693824,0.20617105345171827
12,2335,b1009,4.0,3.5,3.5,1.0,2.5,0,True,0.0,0.8348752744117421,1.4800848950338523,0.8849113917278784,0.4174376372058712,0.37002122375846314,0.4424556958639391
12,2336,b1009,4.0,3.5,3.5,1.0,3.5,0,True,0.0,1.7728215703557972,3.142896320318795,0.0,0.8864107851778984,0.7857240800796983,0.0
12,2337,b1009,4.0,3.5,3.5,1.0,4.5,0,True,0.0,0.9379462959440555,1.6628114252849444,0.8849113917278784,0.46897314797202755,0.4157028563212358,0.4424556958639391
12,2338,b1010,4.0,3.5,4.0,0.5,3.5,0,True,0.0,1.3145701043447118,1.7280945592368664,0.0,0.6572850521723559,0.4320236398092166,0.0
12,2339,b1010,4.0,3.5,4.0,0.5,4.5,0,True,0.0,1.3145701043447118,1.7280945592368664,0.0,0.6572850521723559,0.4320236398092166,0.0
12,2340,b1011,4.0,3.5,4.5,0.0,4.5,0,False,0.0,0.0,0.0,0.0,0.0,0.0,0.0
12,2341,b1012,4.0,4.0,0.0,4.0,4.0,0,False,0.0,0.0,0.0,0.0,0.0,0.0,0.0
12,2342,b1013,4.0,4.0,0.5,3.5,3.0,0,True,0.0,1.3145701043447109,1.7280945592368642,0.0,0.6572850521723557,0.4320236398092163,0.0
12,2343,b1013,4.0,4.0,0.5,3.5,4.0,0,True,0.0,1.3145701043447109,1.7280945592368642,0.0,0.6572850521723557,0.4320236398092163,0.0
12,2344,b1014,4.0,4.0,1.0,3.0,2.0,0,True,0.0,0.793980346764212,1.3892253728646373,0.8711030833470967,0.39699017338210646,0.34730634321615983,0.43555154167354854
12,2345,b1014,4.0,4.0,1.0,3.0,3.0,0,True,0.0,1.749697430832246,3.061441099460962,0.0,0.874848715416123,0.7653602748652405,0.0
12,2346,b1014,4.0,4.0,1.0,3.0,4.0,0,True,0.0,0.9557170840680338,1.6722157265963242,0.8711030833470967,0.47785854203401673,0.418053931649081,0.4355515416735485
12,2347,b1015,4.0,4.0,1.5,2.5,1.0,0,True,0.0,1.2507684252527786,1.6633508511648358,0.31453012185722407,0.6253842126263897,0.4158377127912094,0.15726506092861203
12,2348,b1015,4.0,4.0,1.5,2.5,2.0,0,True,0.0,1.6764851432246113,2.9810343951959895,0.4128340583614,0.8382425716123056,0.7452585987989974,0.2064170291807
12,2349,b1015,4.0,4.0,1.5,2.5,3.0,0,True,0.0,1.8444436921119367,3.500901730927033,0.3145301218572237,0.922221846055969,0.8752254327317595,0.15726506092861184
12,2350,b1015,4.0,4.0,1.5,2.5,4.0,0,True,0.0,1.4187269741401027,2.1832181868958753,0.41283405836139947,0.7093634870700519,0.5458045467239696,0.20641702918069973
12,2351,b1016,4.0,4.0,2.0,2.0,0.0,0,True,-0.0,0.6140009571265606,0.8671221033418064,0.7000892285912375,0.3070004785632802,0.21678052583545157,0.35004461429561873
12,2352,b1016,4.0,4.0,2.0,2.0,1.0,0,True,0.0,1.520422115162776,2.4001261155562434,0.2973931863378751,0.7602110575813877,0.6000315288890604,0.14869659316893719
12,2353,b1016,4.0,4.0,2.0,2.0,2.0,0,True,0.0,1.5538276759984955,3.092955558815537,0.82375670687203,0.776913837999248,0.7732388897038845,0.411878353436015
12,2354,b1016,4.0,4.0,2.0,2.0,3.0,0,True,-0.0,1.8918738164511701,3.66762924465371,0.2973931863378751,0.9459369082255855,0.9169073111634283,0.14869659316893755
12,2355,b1016,4.0,4.0,2.0,2.0,4.0,0,True,0.0,1.2444672984888892,2.107677698052607,0.7476488755053226,0.6222336492444447,0.5269194245131519,0.37382443775266117
12,2356,b1017,4.0,4.0,2.5,1.5,1.0,0,True,0.0,1.2507684252527784,1.6633508511648356,0.3145301218572244,0.6253842126263897,0.4158377127912094,0.15726506092861203
12,2357,b1017,4.0,4.0,2.5,1.5,2.0,0,True,0.0,1.6764851432246122,2.981034395195992,0.4128340583614,0.838242571612306,0.7452585987989979,0.2064170291807
12,2358,b1017,4.0,4.0,2.5,1.5,3.0,0,True,0.0,1.8444436921119371,3.5009017309270347,0.3145301218572244,0.9222218460559687,0.8752254327317589,0.1572650609286122
12,2359,b1017,4.0,4.0,2.5,1.5,4.0,0,True,0.0,1.418726974140103,2.183218186895876,0.4128340583614,0.7093634870700517,0.5458045467239694,0.2064170291807
12,2360,b1018,4.0,4.0,3.0,1.0,2.0,0,True,0.0,0.7939803467642123,1.3892253728646378,0.8711030833470967,0.39699017338210646,0.34730634321615983,0.43555154167354854
12,2361,b1018,4.0,4.0,3.0,1.0,3.0,0,True,0.0,1.749697430832246,3.061441099460962,0.0,0.874848715416123,0.7653602748652405,0.0
12,2362,b1018,4.0,4.0,3.0,1.0,4.0,0,True,0.0,0.9557170840680336,1.6722157265963238,0.8711030833470967,0.47785854203401673,0.418053931649081,0.4355515416735485
12,2363,b1019,4.0,4.0,3.5,0.5,3.0,0,True,0.0,1.3145701043447109,1.7280945592368642,0.0,0.6572850521723557,0.4320236398092163,0.0
12,2364,b1019,4.0,4.0,3.5,0.5,4.0,0,True,0.0,1.3145701043447109,1.7280945592368642,0.0,0.6572850521723557,0.4320236398092163,0.0
12,2365,b1020,4.0,4.0,4.0,0.0,4.0,0,False,0.0,0.0,0.0,0.0,0.0,0.0,0.0
12,2366,b1021,4.0,4.5,0.0,3.5,3.5,0,False,0.0,0.0,0.0,0.0,0.0,0.0,0.0
12,2367,b1022,4.0,4.5,0.5,3.0,2.5,0,True,0.0,1.2803962065704428,1.6394144457999802,0.0,0.6401981032852214,0.40985361144999505,0.0
12,2368,b1022,4.0,4.5,0.5,3.0,3.5,0,True,0.0,1.2803962065704428,1.6394144457999802,0.0,0.6401981032852214,0.40985361144999505,0.0
12,2369,b1023,4.0,4.5,1.0,2.5,1.5,0,True,0.0,0.7196074792779494,1.2047588033170458,0.8288087107917492,0.35980373963897494,0.3011897008292616,0.4144043553958746
12,2370,b1023,4.0,4.5,1.0,2.5,2.5,0,True,0.0,1.6741888293405385,2.802908236288643,0.0,0.8370944146702692,0.7007270590721607,0.0
12,2371,b1023,4.0,4.5,1.0,2.5,3.5,0,True,0.0,0.9545813500625887,1.598149432971596,0.8288087107917492,0.4772906750312941,0.39953735824289865,0.41440435539587456
12,2372,b1024,4.0,4.5,1.5,2.0,0.5,0,True,0.0,1.1083368846920618,1.2998755860061801,0.2673292652091713,0.554168442346031,0.3249688965015451,0.13366463260458544
12,2373,b1024,4.0,4.5,1.5,2.0,1.5,0,True,0.0,1.5073004206099603,2.4408716795136147,0.41099528165497407,0.7536502103049801,0.6102179198784035,0.2054976408274865
12,2374,b1024,4.0,4.5,1.5,2.0,2.5,0,True,0.0,1.7515638099474515,3.1394407163549074,0.2673292652091713,0.8757819049737257,0.7848601790887266,0.13366463260458522
12,2375,b1024,4.0,4.5,1.5,2.0,3.5,0,True,0.0,1.352600274029553,1.9984446228474733,0.41099528165497384,0.6763001370147761,0.4996111557118676,0.20549764082748664
12,2376,b1025,4.0,4.5,2.0,1.5,0.5,0,True,0.0,1.1083368846920616,1.2998755860061795,0.2673292652091709,0.5541684423460311,0.32496889650154526,0.13366463260458544
12,2377,b1025,4.0,4.5,2.0,1.5,1.5,0,True,0.0,1.5073004206099603,2.4408716795136143,0.41099528165497357,0.7536502103049799,0.610217919878403,0.20549764082748623
12,2378,b1025,4.0,4.5,2.0,1.5,2.5,0,True,0.0,1.7515638099474513,3.1394407163549065,0.26732926520917044,0.8757819049737259,0.784860179088727,0.13366463260458522
12,2379,b1025,4.0,4.5,2.0,1.5,3.5,0,True,0.0,1.352600274029553,1.9984446228474733,0.41099528165497384,0.6763001370147763,0.49961115571186776,0.20549764082748623
12,2380,b1026,4.0,4.5,2.5,1.0,1.5,0,True,0.0,0.7196074792779498,1.2047588033170462,0.8288087107917492,0.35980373963897494,0.30118970082926166,0.41440435539587467
12,2381,b1026,4.0,4.5,2.5,1.0,2.5,0,True,0.0,1.6741888293405383,2.802908236288642,0.0,0.8370944146702692,0.7007270590721607,0.0
12,2382,b1026,4.0,4.5,2.5,1.0,3.5,0,True,-0.0,0.9545813500625883,1.5981494329715948,0.8288087107917491,0.47729067503129424,0.39953735824289893,0.41440435539587467
12,2383,b1027,4.0,4.5,3.0,0.5,2.5,0,True,0.0,1.2803962065704428,1.6394144457999802,0.0,0.6401981032852213,0.4098536114499949,0.0
12,2384,b1027,4.0,4.5,3.0,0.5,3.5,0,True,0.0,1.2803962065704428,1.6394144457999802,0.0,0.6401981032852213,0.4098536114499949,0.0
12,2385,b1028,4.0,4.5,3.5,0.0,3.5,0,False,0.0,0.0,0.0,0.0,0.0,0.0,0.0
12,2386,b1029,4.0,5.0,0.0,3.0,3.0,0,False,0.0,0.0,0.0,0.0,0.0,0.0,0.0
12,2387,b1030,4.0,5.0,0.5,2.5,2.0,0,True,0.0,1.2024257315046571,1.4458276397845098,0.0,0.6012128657523285,0.36145690994612734,0.0
12,2388,b1030,4.0,5.0,0.5,2.5,3.0,0,True,0.0,1.2024257315046571,1.4458276397845098,0.0,0.6012128657523285,0.36145690994612734,0.0
12,2389,b1031,4.0,5.0,1.0,2.0,1.0,0,True,0.0,0.5658426345760851,0.8597369190755692,0.734546820816457,0.28292131728804265,0.21493422976889234,0.3672734104082285
12,2390,b1031,4.0,5.0,1.0,2.0,2.0,0,True,0.0,1.5193922595098588,2.308552838258474,0.0,0.7596961297549292,0.5771382095646181,0.0
12,2391,b1031,4.0,5.0,1.0,2.0,3.0,0,True,0.0,0.953549624933773,1.4488159191829035,0.7345468208164571,0.4767748124668865,0.3622039797957259,0.36727341040822853
12,2392,b1032,4.0,5.0,1.5,1.5,1.0,0,True,0.0,0.6569725741810551,1.045312645313168,0.7833898659588889,0.32848628709052774,0.2613281613282922,0.3916949329794446
12,2393,b1032,4.0,5.0,1.5,1.5,2.0,0,True,0.0,1.5911054530947435,2.531616562867829,0.0,0.7955527265473716,0.6329041407169571,0.0
12,2394,b1032,4.0,5.0,1.5,1.5,3.0,0,True,0.0,0.9341328789136887,1.4863039175546622,0.7833898659588889,0.46706643945684423,0.37157597938866554,0.39169493297944463
12,2395,b1033,4.0,5.0,2.0,1.0,1.0,0,True,0.0,0.565842634576085,0.8597369190755689,0.734546820816457,0.28292131728804265,0.21493422976889234,0.3672734104082285
12,2396,b1033,4.0,5.0,2.0,1.0,2.0,0,True,0.0,1.5193922595098586,2.3085528382584735,0.0,0.7596961297549292,0.5771382095646181,0.0
12,2397,b1033,4.0,5.0,2.0,1.0,3.0,0,True,0.0,0.9535496249337733,1.4488159191829038,0.734546820816457,0.4767748124668865,0.3622039797957259,0.36727341040822853
12,2398,b1034,4.0,5.0,2.5,0.5,2.0,0,True,0.0,1.2024257315046571,1.4458276397845098,0.0,0.6012128657523285,0.36145690994612734,0.0
12,2399,b1034,4.0,5.0,2.5,0.5,3.0,0,True,0.0,1.2024257315046571,1.4458276397845098,0.0,0.6012128657523285,0.36145690994612734,0.0
12,2400,b1035,4.0,5.0,3.0,0.0,3.0,0,False,0.0,0.0,0.0,0.0,0.0,0.0,0.0
12,2401,b1036,4.0,5.5,0.0,2.5,2.5,0,False,0.0,0.0,0.0,0.0,0.0,0.0,0.0
12,2402,b1037,4.0,5.5,0.5,2.0,1.5,0,True,0.0,1.0454391248975952,1.0929429638666497,0.0,0.5227195624487976,0.2732357409666624,0.0
12,2403,b1037,4.0,5.5,0.5,2.0,2.5,0,True,0.0,1.0454391248975952,1.0929429638666497,0.0,0.5227195624487976,0.2732357409666624,0.0
12,2404,b1038,4.0,5.5,1.0,1.5,1.5,0,True,0.0,1.1569685776714962,1.3385762897192048,0.0,0.578484288835748,0.3346440724298011,0.0
12,2405,b1038,4.0,5.5,1.0,1.5,2.5,0,True,0.0,1.1569685776714962,1.3385762897192048,0.0,0.578484288835748,0.3346440724298011,0.0
12,2406,b1039,4.0,5.5,1.5,1.0,1.5,0,True,0.0,1.156968577671496,1.3385762897192044,0.0,0.578484288835748,0.3346440724298011,0.0
12,2407,b1039,4.0,5.5,1.5,1.0,2.5,0,True,0.0,1.156968577671496,1.3385762897192044,0.0,0.578484288835748,0.3346440724298011,0.0
12,2408,b1040,4.0,5.5,2.0,0.5,1.5,0,True,0.0,1.0454391248975952,1.0929429638666497,0.0,0.5227195624487976,0.2732357409666624,0.0
12,2409,b1040,4.0,5.5,2.0,0.5,2.5,0,True,0.0,1.0454391248975952,1.0929429638666497,0.0,0.5227195624487976,0.2732357409666624,0.0
12,2410,b1041,4.0,5.5,2.5,0.0,2.5,0,False,0.0,0.0,0.0,0.0,0.0,0.0,0.0
12,2411,b1042,4.0,6.0,0.0,2.0,2.0,0,False,0.0,0.0,0.0,0.0,0.0,0.0,0.0
12,2412,b1043,4.0,6.0,0.5,1.5,2.0,0,True,0.0,0.0,0.0,0.0,0.0,0.0,0.0
12,2413,b1044,4.0,6.0,1.0,1.0,2.0,0,True,0.0,0.0,0.0,0.0,0.0,0.0,0.0
12,2414,b1045,4.0,6.0,1.5,0.5,2.0,0,True,0.0,0.0,0.0,0.0,0.0,0.0,0.0
12,2415,b1046,4.0,6.0,2.0,0.0,2.0,0,False,0.0,0.0,0.0,0.0,0.0,0.0,0.0
12,2416,b1047,4.5,0.0,1.5,6.0,4.5,0,False,0.0,0.0,0.0,0.0,0.0,0.0,0.0
12,2417,b1048,4.5,0.0,2.0,5.5,4.5,0,False,0.0,0.0,0.0,0.0,0.0,0.0,0.0
12,2418,b1049,4.5,0.0,2.5,5.0,4.5,0,False,0.0,0.0,0.0,0.0,0.0,0.0,0.0
12,2419,b1050,4.5,0.0,3.0,4.5,4.5,0,False,0.0,0.0,0.0,0.0,0.0,0.0,0.0
12,2420,b1051,4.5,0.0,3.5,4.0,4.5,0,False,0.0,0.0,0.0,0.0,0.0,0.0,0.0
12,2421,b1052,4.5,0.0,4.0,3.5,4.5,0,False,0.0,0.0,0.0,0.0,0.0,0.0,0.0
12,2422,b1053,4.5,0.0,4.5,3.0,4.5,0,False,0.0,0.0,0.0,0.0,0.0,0.0,0.0
12,2423,b1054,4.5,0.0,5.0,2.5,4.5,0,False,0.0,0.0,0.0,0.0,0.0,0.0,0.0
12,2424,b1055,4.5,0.0,5.5,2.0,4.5,0,False,0.0,0.0,0.0,0.0,0.0,0.0,0.0
12,2425,b1056,4.5,0.0,6.0,1.5,4.5,0,False,0.0,0.0,0.0,0.0,0.0,0.0,0.0
12,2426,b1057,4.5,0.5,1.0,6.0,5.0,0,True,0.0,0.0,0.0,0.0,0.0,0.0,0.0
12,2427,b1058,4.5,0.5,1.5,5.5,4.0,0,True,0.0,1.0019641796438656,1.0039322172894047,0.0,0.5009820898219328,0.2509830543223512,0.0
12,2428,b1058,4.5,0.5,1.5,5.5,5.0,0,True,-0.0,1.0019641796438656,1.0039322172894047,0.0,0.5009820898219328,0.2509830543223512,0.0
12,2429,b1059,4.5,0.5,2.0,5.0,4.0,0,True,-0.0,1.1569685776714969,1.3385762897192064,0.0,0.5784842888357483,0.3346440724298015,0.0
12,2430,b1059,4.5,0.5,2.0,5.0,5.0,0,True,0.0,1.1569685776714969,1.3385762897192064,0.0,0.5784842888357483,0.3346440724298015,0.0
12,2431,b1060,4.5,0.5,2.5,4.5,4.0,0,True,0.0,1.2383585073708865,1.53353179277785,0.0,0.6191792536854431,0.38338294819446234,0.0
12,2432,b1060,4.5,0.5,2.5,4.5,5.0,0,True,0.0,1.2383585073708865,1.53353179277785,0.0,0.6191792536854431,0.38338294819446234,0.0
12,2433,b1061,4.5,0.5,3.0,4.0,4.0,0,True,0.0,1.2803962065704426,1.6394144457999795,0.0,0.6401981032852213,0.4098536114499949,0.0
12,2434,b1061,4.5,0.5,3.0,4.0,5.0,0,True,0.0,1.2803962065704426,1.6394144457999795,0.0,0.6401981032852213,0.4098536114499949,0.0
12,2435,b1062,4.5,0.5,3.5,3.5,4.0,0,True,0.0,1.2935301937523564,1.6732203621490087,0.0,0.6467650968761781,0.41830509053725207,0.0
12,2436,b1062,4.5,0.5,3.5,3.5,5.0,0,True,0.0,1.2935301937523564,1.6732203621490087,0.0,0.6467650968761781,0.41830509053725207,0.0
12,2437,b1063,4.5,0.5,4.0,3.0,4.0,0,True,0.0,1.2803962065704426,1.6394144457999795,0.0,0.6401981032852213,0.4098536114499949,0.0
12,2438,b1063,4.5,0.5,4.0,3.0,5.0,0,True,0.0,1.2803962065704426,1.6394144457999795,0.0,0.6401981032852213,0.4098536114499949,0.0
12,2439,b1064,4.5,0.5,4.5,2.5,4.0,0,True,0.0,1.2383585073708865,1.53353179277785,0.0,0.6191792536854432,0.3833829481944625,0.0
12,2440,b1064,4.5,0.5,4.5,2.5,5.0,0,True,0.0,1.2383585073708865,1.53353179277785,0.0,0.6191792536854432,0.3833829481944625,0.0
12,2441,b1065,4.5,0.5,5.0,2.0,4.0,0,True,0.0,1.1569685776714969,1.3385762897192064,0.0,0.5784842888357485,0.33464407242980176,0.0
12,2442,b1065,4.5,0.5,5.0,2.0,5.0,0,True,0.0,1.1569685776714969,1.3385762897192064,0.0,0.5784842888357485,0.33464407242980176,0.0
12,2443,b1066,4.5,0.5,5.5,1.5,4.0,0,True,0.0,1.0019641796438656,1.0039322172894047,0.0,0.5009820898219328,0.2509830543223512,0.0
12,2444,b1066,4.5,0.5,5.5,1.5,5.0,0,True,0.0,1.0019641796438656,1.0039322172894047,0.0,0.5009820898219328,0.2509830543223512,0.0
12,2445,b1067,4.5,0.5,6.0,1.0,5.0,0,True,0.0,0.0,0.0,0.0,0.0,0.0,0.0
12,2446,b1068,4.5,1.0,0.5,6.0,5.5,0,True,0.0,0.0,0.0,0.0,0.0,0.0,0.0
12,2447,b1069,4.5,1.0,1.0,5.5,4.5,0,True,0.0,1.07668058020954,1.1592410718003519,0.0,0.53834029010477,0.28981026795008796,0.0
12,2448,b1069,4.5,1.0,1.0,5.5,5.5,0,True,0.0,1.07668058020954,1.1592410718003519,0.0,0.53834029010477,0.28981026795008796,0.0
12,2449,b1070,4.5,1.0,1.5,5.0,3.5,0,True,0.0,0.6159221421371637,0.8837365620550076,0.7101946753392165,0.3079610710685815,0.22093414051375157,0.35509733766960805
12,2450,b1070,4.5,1.0,1.5,5.0,4.5,0,True,-0.0,1.4348186265695293,2.0587044911508703,0.0,0.7174093132847643,0.5146761227877171,0.0
12,2451,b1070,4.5,1.0,1.5,5.0,5.5,0,True,0.0,0.818896484432366,1.1749679290958635,0.7101946753392167,0.4094482422161828,0.2937419822739656,0.3550973376696081
12,2452,b1071,4.5,1.0,2.0,4.5,3.5,0,True,-0.0,0.7904201283115814,1.2576417763924042,0.7955361696065789,0.3952100641557905,0.3144104440981009,0.39776808480328946
12,2453,b1071,4.5,1.0,2.0,4.5,4.5,0,True,-0.0,1.591105453094743,2.5316165628678275,0.0,0.795552726547372,0.6329041407169576,0.0
12,2454,b1071,4.5,1.0,2.0,4.5,5.5,0,True,0.0,0.8006853247831622,1.2739747864754254,0.7955361696065789,0.4003426623915814,0.3184936966188566,0.3977680848032895
12,2455,b1072,4.5,1.0,2.5,4.0,3.5,0,True,0.0,0.8723404952879638,1.4604627125925007,0.8363520627542272,0.43617024764398216,0.36511567814812546,0.4181760313771136
12,2456,b1072,4.5,1.0,2.5,4.0,4.5,0,True,0.0,1.6741888293405376,2.8029082362886397,0.0,0.8370944146702689,0.7007270590721602,0.0
12,2457,b1072,4.5,1.0,2.5,4.0,5.5,0,True,-0.0,0.8018483340525739,1.342445523696139,0.8363520627542272,0.4009241670262868,0.33561138092403464,0.4181760313771136
12,2458,b1073,4.5,1.0,3.0,3.5,3.5,0,True,0.0,0.9072879627403789,1.552800684742903,0.8541833745802571,0.4536439813701892,0.3882001711857256,0.42709168729012864
12,2459,b1073,4.5,1.0,3.0,3.5,4.5,0,True,-0.0,1.7114750206238962,2.929146746219566,0.0,0.8557375103119484,0.732286686554892,0.0
12,2460,b1073,4.5,1.0,3.0,3.5,5.5,0,True,0.0,0.8041870578835176,1.376346061476664,0.8541833745802572,0.40209352894175915,0.34408651536916635,0.42709168729012864
12,2461,b1074,4.5,1.0,3.5,3.0,3.5,0,True,0.0,0.9072879627403788,1.5528006847429032,0.8541833745802573,0.4536439813701892,0.3882001711857256,0.42709168729012864
12,2462,b1074,4.5,1.0,3.5,3.0,4.5,0,True,0.0,1.7114750206238964,2.929146746219567,0.0,0.8557375103119484,0.732286686554892,0.0
12,2463,b1074,4.5,1.0,3.5,3.0,5.5,0,True,-0.0,0.8041870578835181,1.376346061476665,0.8541833745802573,0.40209352894175915,0.34408651536916635,0.42709168729012864
12,2464,b1075,4.5,1.0,4.0,2.5,3.5,0,True,0.0,0.8723404952879635,1.4604627125925003,0.8363520627542271,0.436170247643982,0.36511567814812534,0.4181760313771137
12,2465,b1075,4.5,1.0,4.0,2.5,4.5,0,True,-0.0,1.6741888293405376,2.8029082362886397,0.0,0.8370944146702689,0.7007270590721602,0.0
12,2466,b1075,4.5,1.0,4.0,2.5,5.5,0,True,0.0,0.8018483340525738,1.3424455236961388,0.8363520627542271,0.40092416702628697,0.3356113809240348,0.4181760313771137
12,2467,b1076,4.5,1.0,4.5,2.0,3.5,0,True,0.0,0.7904201283115814,1.2576417763924042,0.7955361696065789,0.39521006415579063,0.31441044409810087,0.39776808480328923
12,2468,b1076,4.5,1.0,4.5,2.0,4.5,0,True,0.0,1.591105453094743,2.5316165628678275,0.0,0.7955527265473714,0.6329041407169567,0.0
12,2469,b1076,4.5,1.0,4.5,2.0,5.5,0,True,0.0,0.8006853247831621,1.2739747864754252,0.7955361696065789,0.40034266239158095,0.31849369661885607,0.39776808480328923
12,2470,b1077,4.5,1.0,5.0,1.5,3.5,0,True,0.0,0.6159221421371636,0.8837365620550077,0.7101946753392167,0.3079610710685817,0.2209341405137519,0.3550973376696084
12,2471,b1077,4.5,1.0,5.0,1.5,4.5,0,True,0.0,1.4348186265695295,2.058704491150871,0.0,0.7174093132847648,0.5146761227877178,0.0
12,2472,b1077,4.5,1.0,5.0,1.5,5.5,0,True,0.0,0.818896484432366,1.1749679290958637,0.7101946753392168,0.40944824221618326,0.29374198227396614,0.3550973376696084
12,2473,b1078,4.5,1.0,5.5,1.0,4.5,0,True,0.0,1.0766805802095398,1.1592410718003514,0.0,0.53834029010477,0.28981026795008796,0.0
12,2474,b1078,4.5,1.0,5.5,1.0,5.5,0,True,0.0,1.0766805802095398,1.1592410718003514,0.0,0.53834029010477,0.28981026795008796,0.0
12,2475,b1079,4.5,1.0,6.0,0.5,5.5,0,True,0.0,0.0,0.0,0.0,0.0,0.0,0.0
12,2476,b1080,4.5,1.5,0.0,6.0,6.0,0,False,0.0,0.0,0.0,0.0,0.0,0.0,0.0
12,2477,b1081,4.5,1.5,0.5,5.5,5.0,0,True,0.0,1.0019641796438659,1.0039322172894052,0.0,0.500982089821933,0.2509830543223514,0.0
12,2478,b1081,4.5,1.5,0.5,5.5,6.0,0,True,0.0,1.0019641796438659,1.0039322172894052,0.0,0.500982089821933,0.2509830543223514,0.0
12,2479,b1082,4.5,1.5,1.0,5.0,4.0,0,True,0.0,0.8144425019995557,1.1685772721388537,0.7108169124855974,0.40722125099977785,0.2921443180347133,0.35540845624279854
12,2480,b1082,4.5,1.5,1.0,5.0,5.0,0,True,-0.0,1.4348186265695295,2.058704491150871,0.0,0.7174093132847644,0.5146761227877172,0.0
12,2481,b1082,4.5,1.5,1.0,5.0,6.0,0,True,0.0,0.6203761245699737,0.8901272190120171,0.7108169124855974,0.3101880622849866,0.22253180475300394,0.3554084562427985
12,2482,b1083,4.5,1.5,1.5,4.5,3.0,0,True,0.0,1.0928131295182775,1.3014626145114865,0.3274478255599738,0.5464065647591386,0.32536565362787145,0.16372391277998674
12,2483,b1083,4.5,1.5,1.5,4.5,4.0,0,True,-0.0,1.5270373385221403,2.4409064267797858,0.3302474731758049,0.76351866926107,0.6102266066949462,0.16512373658790244
12,2484,b1083,4.5,1.5,1.5,4.5,5.0,0,True,0.0,1.5312778093131938,2.4520338077589687,0.3274478255599738,0.7656389046565967,0.6130084519397418,0.1637239127799869
12,2485,b1083,4.5,1.5,1.5,4.5,6.0,0,True,0.0,1.0970536003093305,1.3125899954906681,0.33024747317580455,0.5485268001546652,0.3281474988726669,0.16512373658790228
12,2486,b1084,4.5,1.5,2.0,4.0,3.0,0,True,-0.0,1.25760895595386,1.7267788862980764,0.38104934090314185,0.6288044779769298,0.43169472157451894,0.19052467045157093
12,2487,b1084,4.5,1.5,2.0,4.0,4.0,0,True,0.0,1.6997503637243474,2.991259405509785,0.31954359096801443,0.8498751818621737,0.7478148513774464,0.15977179548400755
12,2488,b1084,4.5,1.5,2.0,4.0,5.0,0,True,-0.0,1.6022917386856512,2.712537416063006,0.38104934090314185,0.8011458693428261,0.6781343540157522,0.19052467045157093
12,2489,b1084,4.5,1.5,2.0,4.0,6.0,0,True,0.0,1.1601503309151644,1.4480568968512992,0.31954359096801443,0.5800751654575831,0.3620142242128259,0.15977179548400755
12,2490,b1085,4.5,1.5,2.5,3.5,3.0,0,True,0.0,1.3320540292771563,1.9387242496446497,0.40540882172338394,0.6660270146385782,0.4846810624111626,0.20270441086169236
12,2491,b1085,4.5,1.5,2.5,3.5,4.0,0,True,-0.0,1.781848525118183,3.2761170140442104,0.31801391098247006,0.8909242625590917,0.819029253511053,0.15900695549123503
12,2492,b1085,4.5,1.5,2.5,3.5,5.0,0,True,0.0,1.6412877451678618,2.8581817751693466,0.40540882172338394,0.8206438725839313,0.7145454437923375,0.2027044108616925
12,2493,b1085,4.5,1.5,2.5,3.5,6.0,0,True,0.0,1.1914932493268346,1.520789010769785,0.31801391098247006,0.5957466246634173,0.38019725269244625,0.15900695549123503
12,2494,b1086,4.5,1.5,3.0,3.0,3.0,0,True,0.0,1.3543088315994705,2.0044810408675273,0.41270889197981253,0.6771544157997347,0.501120260216881,0.20635444598990613
12,2495,b1086,4.5,1.5,3.0,3.0,4.0,0,True,-0.0,1.8068048786541326,3.3656085090195784,0.31790665216570035,0.9034024393270662,0.8414021272548944,0.15895332608284982
12,2496,b1086,4.5,1.5,3.0,3.0,5.0,0,True,0.0,1.6537339502364232,2.905164607683769,0.41270889197981225,0.8268669751182117,0.7262911519209424,0.20635444598990613
12,2497,b1086,4.5,1.5,3.0,3.0,6.0,0,True,0.0,1.20123790318176,1.5440371395317147,0.3179066521657,0.6006189515908802,0.3860092848829289,0.15895332608285
12,2498,b1087,4.5,1.5,3.5,2.5,3.0,0,True,0.0,1.3320540292771563,1.93872424964465,0.4054088217233842,0.6660270146385782,0.4846810624111626,0.20270441086169236
12,2499,b1087,4.5,1.5,3.5,2.5,4.0,0,True,0.0,1.7818485251181833,3.2761170140442113,0.31801391098247006,0.8909242625590917,0.819029253511053,0.15900695549123503
12,2500,b1087,4.5,1.5,3.5,2.5,5.0,0,True,-0.0,1.641287745167862,2.8581817751693475,0.40540882172338394,0.8206438725839313,0.7145454437923375,0.2027044108616925
12,2501,b1087,4.5,1.5,3.5,2.5,6.0,0,True,0.0,1.191493249326835,1.5207890107697861,0.3180139109824704,0.5957466246634173,0.38019725269244625,0.15900695549123503
12,2502,b1088,4.5,1.5,4.0,2.0,3.0,0,True,0.0,1.2576089559538601,1.7267788862980766,0.3810493409031415,0.6288044779769303,0.4316947215745195,0.19052467045157093
12,2503,b1088,4.5,1.5,4.0,2.0,4.0,0,True,-0.0,1.6997503637243472,2.9912594055097848,0.3195435909680151,0.8498751818621739,0.7478148513774466,0.15977179548400722
12,2504,b1088,4.5,1.5,4.0,2.0,5.0,0,True,0.0,1.602291738685652,2.712537416063008,0.38104934090314124,0.8011458693428262,0.6781343540157524,0.19052467045157093
12,2505,b1088,4.5,1.5,4.0,2.0,6.0,0,True,0.0,1.1601503309151648,1.4480568968513003,0.31954359096801477,0.5800751654575822,0.3620142242128248,0.15977179548400722
12,2506,b1089,4.5,1.5,4.5,1.5,3.0,0,True,0.0,1.092813129518277,1.3014626145114854,0.3274478255599735,0.5464065647591385,0.32536565362787134,0.16372391277998674
12,2507,b1089,4.5,1.5,4.5,1.5,4.0,0,True,0.0,1.52703733852214,2.440906426779785,0.3302474731758049,0.76351866926107,0.6102266066949462,0.16512373658790244
12,2508,b1089,4.5,1.5,4.5,1.5,5.0,0,True,0.0,1.5312778093131931,2.4520338077589665,0.32744782555997315,0.7656389046565968,0.613008451939742,0.16372391277998657
12,2509,b1089,4.5,1.5,4.5,1.5,6.0,0,True,0.0,1.0970536003093299,1.3125899954906668,0.3302474731758049,0.5485268001546649,0.32814749887266664,0.16512373658790228
12,2510,b1090,4.5,1.5,5.0,1.0,4.0,0,True,0.0,0.8144425019995557,1.1685772721388534,0.7108169124855972,0.4072212509997779,0.2921443180347136,0.3554084562427988
12,2511,b1090,4.5,1.5,5.0,1.0,5.0,0,True,0.0,1.434818626569529,2.05870449115087,0.0,0.717409313284765,0.514676122787718,0.0
12,2512,b1090,4.5,1.5,5.0,1.0,6.0,0,True,0.0,0.6203761245699733,0.8901272190120162,0.7108169124855973,0.310188062284987,0.22253180475300444,0.3554084562427988
12,2513,b1091,4.5,1.5,5.5,0.5,5.0,0,True,0.0,1.001964179643866,1.0039322172894056,0.0,0.500982089821933,0.2509830543223514,0.0
12,2514,b1091,4.5,1.5,5.5,0.5,6.0,0,True,0.0,1.001964179643866,1.0039322172894056,0.0,0.500982089821933,0.2509830543223514,0.0
12,2515,b1092,4.5,1.5,6.0,0.0,6.0,0,False,0.0,0.0,0.0,0.0,0.0,0.0,0.0
12,2516,b1093,4.5,2.0,0.0,5.5,5.5,0,False,0.0,0.0,0.0,0.0,0.0,0.0,0.0
12,2517,b1094,4.5,2.0,0.5,5.0,4.5,0,True,0.0,1.1569685776714969,1.3385762897192064,0.0,0.5784842888357485,0.33464407242980176,0.0
12,2518,b1094,4.5,2.0,0.5,5.0,5.5,0,True,0.0,1.1569685776714969,1.3385762897192064,0.0,0.5784842888357485,0.33464407242980176,0.0
12,2519,b1095,4.5,2.0,1.0,4.5,3.5,0,True,0.0,0.7904201283115814,1.2576417763924042,0.7955361696065789,0.3952100641557906,0.31441044409810087,0.39776808480328935
12,2520,b1095,4.5,2.0,1.0,4.5,4.5,0,True,-0.0,1.5911054530947435,2.531616562867829,0.0,0.7955527265473713,0.6329041407169566,0.0
12,2521,b1095,4.5,2.0,1.0,4.5,5.5,0,True,0.0,0.8006853247831623,1.2739747864754254,0.7955361696065787,0.40034266239158106,0.31849369661885624,0.39776808480328935
12,2522,b1096,4.5,2.0,1.5,4.0,2.5,0,True,0.0,1.1531185060706017,1.4279465760937504,0.313471349649779,0.5765592530353009,0.35698664402343766,0.15673567482488968
12,2523,b1096,4.5,2.0,1.5,4.0,3.5,0,True,0.0,1.591978395580292,2.683042278951934,0.3855477492575119,0.7959891977901455,0.6707605697379827,0.19277387462875595
12,2524,b1096,4.5,2.0,1.5,4.0,4.5,0,True,-0.0,1.7067821885689116,3.0113697262673376,0.31347134964977863,0.8533910942844559,0.7528424315668347,0.15673567482488968
12,2525,b1096,4.5,2.0,1.5,4.0,5.5,0,True,0.0,1.2679222990592212,1.7562740234091543,0.3855477492575119,0.633961149529611,0.4390685058522891,0.19277387462875595
12,2526,b1097,4.5,2.0,2.0,3.5,2.5,0,True,-0.0,1.3147922285415117,1.8615181029038974,0.3644715334161814,0.6573961142707563,0.4653795257259749,0.1822357667080907
12,2527,b1097,4.5,2.0,2.0,3.5,3.5,0,True,0.0,1.7629588515626409,3.2486888650773214,0.37505326658256904,0.8814794257813202,0.8121722162693299,0.18752663329128452
12,2528,b1097,4.5,2.0,2.0,3.5,4.5,0,True,0.0,1.7804198888232037,3.3027344791879716,0.3644715334161814,0.8902099444116024,0.8256836197969939,0.1822357667080907
12,2529,b1097,4.5,2.0,2.0,3.5,5.5,0,True,0.0,1.3322532658020751,1.91556371701455,0.37505326658256877,0.6661266329010378,0.4788909292536378,0.18752663329128438
12,2530,b1098,4.5,2.0,2.5,3.0,2.5,0,True,0.0,1.3773195466532155,2.044713782944152,0.3843236258039996,0.6886597733266073,0.5111784457360373,0.19216181290199966
12,2531,b1098,4.5,2.0,2.5,3.0,3.5,0,True,0.0,1.8320573932105313,3.4960823241311654,0.3736951058199693,0.916028696605265,0.8740205810327901,0.18684755290998464
12,2532,b1098,4.5,2.0,2.5,3.0,4.5,0,True,-0.0,1.8143403342537536,3.4395354978511548,0.3843236258039993,0.907170167126876,0.8598838744627874,0.19216181290199966
12,2533,b1098,4.5,2.0,2.5,3.0,5.5,0,True,0.0,1.3596024876964374,1.9881669566641391,0.373695105819969,0.6798012438482183,0.49704173916603417,0.1868475529099845
12,2534,b1099,4.5,2.0,3.0,2.5,2.5,0,True,0.0,1.3773195466532158,2.0447137829441524,0.3843236258039996,0.6886597733266079,0.5111784457360381,0.1921618129019998
12,2535,b1099,4.5,2.0,3.0,2.5,3.5,0,True,0.0,1.8320573932105322,3.496082324131168,0.37369510581996873,0.9160286966052659,0.8740205810327918,0.18684755290998464
12,2536,b1099,4.5,2.0,3.0,2.5,4.5,0,True,0.0,1.8143403342537539,3.4395354978511556,0.3843236258039993,0.9071701671268769,0.859883874462789,0.19216181290199993
12,2537,b1099,4.5,2.0,3.0,2.5,5.5,0,True,0.0,1.3596024876964374,1.9881669566641391,0.373695105819969,0.6798012438482184,0.49704173916603434,0.1868475529099845
12,2538,b1100,4.5,2.0,3.5,2.0,2.5,0,True,0.0,1.3147922285415117,1.8615181029038974,0.3644715334161814,0.6573961142707563,0.4653795257259749,0.1822357667080907
12,2539,b1100,4.5,2.0,3.5,2.0,3.5,0,True,0.0,1.7629588515626404,3.248688865077319,0.3750532665825685,0.8814794257813202,0.8121722162693299,0.18752663329128452
12,2540,b1100,4.5,2.0,3.5,2.0,4.5,0,True,0.0,1.780419888823204,3.3027344791879725,0.3644715334161814,0.8902099444116024,0.8256836197969939,0.1822357667080907
12,2541,b1100,4.5,2.0,3.5,2.0,5.5,0,True,0.0,1.3322532658020751,1.91556371701455,0.37505326658256877,0.6661266329010378,0.4788909292536378,0.18752663329128438
12,2542,b1101,4.5,2.0,4.0,1.5,2.5,0,True,0.0,1.1531185060706015,1.4279465760937498,0.313471349649779,0.5765592530353,0.35698664402343655,0.1567356748248895
12,2543,b1101,4.5,2.0,4.0,1.5,3.5,0,True,-0.0,1.5919783955802917,2.683042278951933,0.3855477492575119,0.7959891977901448,0.6707605697379815,0.19277387462875595
12,2544,b1101,4.5,2.0,4.0,1.5,4.5,0,True,0.0,1.7067821885689114,3.011369726267337,0.31347134964977935,0.8533910942844554,0.7528424315668337,0.15673567482488968
12,2545,b1101,4.5,2.0,4.0,1.5,5.5,0,True,0.0,1.2679222990592212,1.7562740234091543,0.3855477492575119,0.6339611495296104,0.4390685058522883,0.19277387462875595
12,2546,b1102,4.5,2.0,4.5,1.0,3.5,0,True,0.0,0.7904201283115816,1.2576417763924046,0.7955361696065789,0.3952100641557905,0.3144104440981009,0.39776808480328946
12,2547,b1102,4.5,2.0,4.5,1.0,4.5,0,True,0.0,1.591105453094743,2.5316165628678275,0.0,0.795552726547372,0.6329041407169576,0.0
12,2548,b1102,4.5,2.0,4.5,1.0,5.5,0,True,0.0,0.8006853247831623,1.2739747864754256,0.7955361696065789,0.4003426623915814,0.3184936966188566,0.3977680848032895
12,2549,b1103,4.5,2.0,5.0,0.5,4.5,0,True,0.0,1.1569685776714969,1.3385762897192064,0.0,0.5784842888357485,0.33464407242980176,0.0
12,2550,b1103,4.5,2.0,5.0,0.5,5.5,0,True,0.0,1.1569685776714969,1.3385762897192064,0.0,0.5784842888357485,0.33464407242980176,0.0
12,2551,b1104,4.5,2.0,5.5,0.0,5.5,0,False,0.0,0.0,0.0,0.0,0.0,0.0,0.0
12,2552,b1105,4.5,2.5,0.0,5.0,5.0,0,False,0.0,0.0,0.0,0.0,0.0,0.0,0.0
12,2553,b1106,4.5,2.5,0.5,4.5,4.0,0,True,0.0,1.2383585073708863,1.5335317927778493,0.0,0.6191792536854432,0.3833829481944625,0.0
12,2554,b1106,4.5,2.5,0.5,4.5,5.0,0,True,-0.0,1.2383585073708863,1.5335317927778493,0.0,0.6191792536854432,0.3833829481944625,0.0
12,2555,b1107,4.5,2.5,1.0,4.0,3.0,0,True,0.0,0.783246235948789,1.3113020988484854,0.8353606602662944,0.3916231179743944,0.32782552471212123,0.41768033013314715
12,2556,b1107,4.5,2.5,1.0,4.0,4.0,0,True,-0.0,1.6741888293405374,2.802908236288639,0.0,0.8370944146702685,0.7007270590721594,0.0
12,2557,b1107,4.5,2.5,1.0,4.0,5.0,0,True,0.0,0.8909425933917484,1.4916061374401537,0.8353606602662944,0.4454712966958742,0.37290153436003837,0.41768033013314715
12,2558,b1108,4.5,2.5,1.5,3.5,2.0,0,True,0.0,1.1801981866522555,1.487204929074484,0.3071435646358424,0.5900990933261279,0.3718012322686211,0.15357178231792104
12,2559,b1108,4.5,2.5,1.5,3.5,3.0,0,True,-0.0,1.621960637924693,2.8007156798240542,0.4122612871068267,0.8109803189623457,0.7001789199560122,0.20613064355341307
12,2560,b1108,4.5,2.5,1.5,3.5,4.0,0,True,0.0,1.7931435877927622,3.3097010957395114,0.3071435646358428,0.8965717938963812,0.827425273934878,0.15357178231792104
12,2561,b1108,4.5,2.5,1.5,3.5,5.0,0,True,0.0,1.3513811365203254,1.9961903449899436,0.4122612871068264,0.6756905682601628,0.49904758624748596,0.20613064355341293
12,2562,b1109,4.5,2.5,2.0,3.0,2.0,0,True,0.0,1.3309177255759381,1.8966149522107818,0.35393920376041077,0.6654588627879692,0.4741537380526955,0.17696960188020525
12,2563,b1109,4.5,2.5,2.0,3.0,3.0,0,True,0.0,1.7808747784465042,3.332724825988903,0.4015094637515006,0.8904373892232524,0.8331812064972263,0.20075473187575002
12,2564,b1109,4.5,2.5,2.0,3.0,4.0,0,True,0.0,1.860742155331029,3.587634328584517,0.3539392037604105,0.9303710776655156,0.8969085821461313,0.17696960188020555
12,2565,b1109,4.5,2.5,2.0,3.0,5.0,0,True,-0.0,1.4107851024604632,2.151524454806397,0.4015094637515006,0.7053925512302324,0.5378811137016003,0.20075473187575002
12,2566,b1110,4.5,2.5,2.5,2.5,2.0,0,True,0.0,1.3713564199129815,2.0149986619497886,0.3665790931207602,0.685678209956491,0.5037496654874475,0.1832895465603801
12,2567,b1110,4.5,2.5,2.5,2.5,3.0,0,True,-0.0,1.8251393834886431,3.4912538729284823,0.40015010154587993,0.9125696917443225,0.8728134682321222,0.20007505077293997
12,2568,b1110,4.5,2.5,2.5,2.5,4.0,0,True,0.0,1.8818622539356014,3.6757857743008207,0.3665790931207602,0.9409311269678019,0.9189464435752075,0.1832895465603801
12,2569,b1110,4.5,2.5,2.5,2.5,5.0,0,True,0.0,1.4280792903599395,2.1995305633221265,0.40015010154587993,0.7140396451799701,0.5498826408305321,0.20007505077293997
12,2570,b1111,4.5,2.5,3.0,2.0,2.0,0,True,0.0,1.3309177255759383,1.8966149522107822,0.35393920376041077,0.6654588627879688,0.4741537380526951,0.17696960188020538
12,2571,b1111,4.5,2.5,3.0,2.0,3.0,0,True,0.0,1.7808747784465049,3.3327248259889055,0.4015094637515006,0.8904373892232526,0.8331812064972265,0.20075473187575002
12,2572,b1111,4.5,2.5,3.0,2.0,4.0,0,True,0.0,1.860742155331029,3.587634328584517,0.3539392037604105,0.9303710776655147,0.8969085821461297,0.17696960188020555
12,2573,b1111,4.5,2.5,3.0,2.0,5.0,0,True,0.0,1.4107851024604636,2.1515244548063985,0.4015094637515009,0.7053925512302314,0.5378811137015989,0.20075473187575002
12,2574,b1112,4.5,2.5,3.5,1.5,2.0,0,True,0.0,1.1801981866522557,1.4872049290744849,0.3071435646358428,0.5900990933261282,0.3718012322686216,0.1535717823179214
12,2575,b1112,4.5,2.5,3.5,1.5,3.0,0,True,0.0,1.6219606379246927,2.8007156798240533,0.4122612871068267,0.8109803189623465,0.7001789199560133,0.2061306435534128
12,2576,b1112,4.5,2.5,3.5,1.5,4.0,0,True,0.0,1.7931435877927628,3.309701095739514,0.3071435646358428,0.896571793896381,0.8274252739348776,0.1535717823179214
12,2577,b1112,4.5,2.5,3.5,1.5,5.0,0,True,0.0,1.3513811365203259,1.996190344989945,0.4122612871068267,0.6756905682601627,0.49904758624748574,0.2061306435534128
12,2578,b1113,4.5,2.5,4.0,1.0,3.0,0,True,0.0,0.7832462359487891,1.3113020988484854,0.8353606602662944,0.3916231179743944,0.3278255247121212,0.4176803301331471
12,2579,b1113,4.5,2.5,4.0,1.0,4.0,0,True,0.0,1.6741888293405376,2.8029082362886397,0.0,0.8370944146702685,0.7007270590721594,0.0
12,2580,b1113,4.5,2.5,4.0,1.0,5.0,0,True,-0.0,0.8909425933917483,1.4916061374401535,0.8353606602662944,0.4454712966958741,0.3729015343600382,0.41768033013314704
12,2581,b1114,4.5,2.5,4.5,0.5,4.0,0,True,0.0,1.2383585073708863,1.5335317927778493,0.0,0.6191792536854432,0.3833829481944625,0.0
12,2582,b1114,4.5,2.5,4.5,0.5,5.0,0,True,0.0,1.2383585073708863,1.5335317927778493,0.0,0.6191792536854432,0.3833829481944625,0.0
12,2583,b1115,4.5,2.5,5.0,0.0,5.0,0,False,0.0,0.0,0.0,0.0,0.0,0.0,0.0
12,2584,b1116,4.5,3.0,0.0,4.5,4.5,0,False,0.0,0.0,0.0,0.0,0.0,0.0,0.0
12,2585,b1117,4.5,3.0,0.5,4.0,3.5,0,True,-0.0,1.2803962065704424,1.639414445799979,0.0,0.6401981032852212,0.40985361144999477,0.0
12,2586,b1117,4.5,3.0,0.5,4.0,4.5,0,True,0.0,1.2803962065704424,1.639414445799979,0.0,0.6401981032852212,0.40985361144999477,0.0
12,2587,b1118,4.5,3.0,1.0,3.5,2.5,0,True,-0.0,0.7732567864264606,1.3234096744967947,0.8517532604822936,0.3866283932132303,0.3308524186241987,0.4258766302411468
12,2588,b1118,4.5,3.0,1.0,3.5,3.5,0,True,0.0,1.7114750206238962,2.929146746219566,0.0,0.8557375103119484,0.732286686554892,0.0
12,2589,b1118,4.5,3.0,1.0,3.5,4.5,0,True,-0.0,0.9382182341974362,1.605737071722773,0.8517532604822935,0.4691091170987181,0.4014342679306933,0.4258766302411468
12,2590,b1119,4.5,3.0,1.5,3.0,1.5,0,True,0.0,1.1832087638069262,1.4898047169725321,0.29970274977553635,0.5916043819034631,0.37245117924313303,0.14985137488776817
12,2591,b1119,4.5,3.0,1.5,3.0,2.5,0,True,-0.0,1.620680528049227,2.8057384996585992,0.4232412145109194,0.8103402640246129,0.7014346249146486,0.21162060725545917
12,2592,b1119,4.5,3.0,1.5,3.0,3.5,0,True,-0.0,1.8248340180289662,3.4198409315787592,0.29970274977553674,0.9124170090144832,0.8549602328946899,0.14985137488776798
12,2593,b1119,4.5,3.0,1.5,3.0,4.5,0,True,0.0,1.3873622537866663,2.1039071488926964,0.4232412145109194,0.6936811268933327,0.5259767872231733,0.2116206072554593
12,2594,b1120,4.5,3.0,2.0,2.5,1.5,0,True,-0.0,1.3123569971450286,1.8373754199174384,0.33925585029874084,0.6561784985725136,0.4593438549793587,0.16962792514937042
12,2595,b1120,4.5,3.0,2.0,2.5,2.5,0,True,0.0,1.7552834710644925,3.251046076917779,0.41234210690343764,0.8776417355322457,0.8127615192294437,0.20617105345171882
12,2596,b1120,4.5,3.0,2.0,2.5,3.5,0,True,0.0,1.8793028837619423,3.646873860877874,0.33925585029874084,0.9396514418809704,0.9117184652194671,0.16962792514937042
12,2597,b1120,4.5,3.0,2.0,2.5,4.5,0,True,0.0,1.4363764098424778,2.233203203877532,0.41234210690343764,0.7181882049212387,0.5583008009693826,0.20617105345171882
12,2598,b1121,4.5,3.0,2.5,2.0,1.5,0,True,0.0,1.3123569971450284,1.8373754199174375,0.3392558502987405,0.6561784985725139,0.4593438549793589,0.16962792514937025
12,2599,b1121,4.5,3.0,2.5,2.0,2.5,0,True,0.0,1.7552834710644927,3.25104607691778,0.41234210690343764,0.8776417355322451,0.8127615192294426,0.20617105345171854
12,2600,b1121,4.5,3.0,2.5,2.0,3.5,0,True,0.0,1.8793028837619423,3.646873860877874,0.33925585029874084,0.9396514418809704,0.911718465219467,0.16962792514937008
12,2601,b1121,4.5,3.0,2.5,2.0,4.5,0,True,-0.0,1.4363764098424778,2.233203203877532,0.41234210690343764,0.7181882049212388,0.5583008009693827,0.20617105345171854
12,2602,b1122,4.5,3.0,3.0,1.5,1.5,0,True,0.0,1.1832087638069264,1.4898047169725328,0.29970274977553635,0.5916043819034628,0.37245117924313265,0.14985137488776817
12,2603,b1122,4.5,3.0,3.0,1.5,2.5,0,True,0.0,1.6206805280492258,2.805738499658595,0.42324121451091884,0.8103402640246123,0.7014346249146476,0.2116206072554589
12,2604,b1122,4.5,3.0,3.0,1.5,3.5,0,True,0.0,1.824834018028966,3.4198409315787583,0.29970274977553674,0.9124170090144823,0.8549602328946883,0.14985137488776798
12,2605,b1122,4.5,3.0,3.0,1.5,4.5,0,True,0.0,1.387362253786666,2.103907148892695,0.42324121451091834,0.6936811268933325,0.5259767872231729,0.2116206072554589
12,2606,b1123,4.5,3.0,3.5,1.0,2.5,0,True,0.0,0.7732567864264608,1.323409674496795,0.8517532604822935,0.3866283932132303,0.3308524186241987,0.4258766302411468
12,2607,b1123,4.5,3.0,3.5,1.0,3.5,0,True,-0.0,1.7114750206238964,2.929146746219567,0.0,0.8557375103119484,0.732286686554892,0.0
12,2608,b1123,4.5,3.0,3.5,1.0,4.5,0,True,0.0,0.9382182341974358,1.6057370717227721,0.8517532604822935,0.4691091170987181,0.4014342679306933,0.4258766302411468
12,2609,b1124,4.5,3.0,4.0,0.5,3.5,0,True,0.0,1.2803962065704424,1.639414445799979,0.0,0.6401981032852212,0.40985361144999477,0.0
12,2610,b1124,4.5,3.0,4.0,0.5,4.5,0,True,0.0,1.2803962065704424,1.639414445799979,0.0,0.6401981032852212,0.40985361144999477,0.0
12,2611,b1125,4.5,3.0,4.5,0.0,4.5,0,False,0.0,0.0,0.0,0.0,0.0,0.0,0.0
12,2612,b1126,4.5,3.5,0.0,4.0,4.0,0,False,0.0,0.0,0.0,0.0,0.0,0.0,0.0
12,2613,b1127,4.5,3.5,0.5,3.5,3.0,0,True,0.0,1.2935301937523558,1.6732203621490072,0.0,0.6467650968761779,0.4183050905372518,0.0
12,2614,b1127,4.5,3.5,0.5,3.5,4.0,0,True,0.0,1.2935301937523558,1.6732203621490072,0.0,0.6467650968761779,0.4183050905372518,0.0
12,2615,b1128,4.5,3.5,1.0,3.0,2.0,0,True,0.0,0.7541094755244702,1.290639530175918,0.8496813691614795,0.37705473776223486,0.3226598825439792,0.42484068458073965
12,2616,b1128,4.5,3.5,1.0,3.0,3.0,0,True,0.0,1.711475020623896,2.929146746219565,0.0,0.855737510311948,0.7322866865548913,0.0
12,2617,b1128,4.5,3.5,1.0,3.0,4.0,0,True,0.0,0.9573655450994257,1.638507216043647,0.8496813691614794,0.47868277254971286,0.40962680401091167,0.42484068458073965
12,2618,b1129,4.5,3.5,1.5,2.5,1.0,0,True,0.0,1.1619754855372695,1.4330226106060693,0.28781171209055423,0.5809877427686351,0.3582556526515178,0.1439058560452775
12,2619,b1129,4.5,3.5,1.5,2.5,2.0,0,True,0.0,1.5860674387588087,2.693992931325655,0.4223541298895129,0.793033719379405,0.6734982328314152,0.21117706494475724
12,2620,b1129,4.5,3.5,1.5,2.5,3.0,0,True,-0.0,1.8113662889077504,3.363883414207932,0.28781171209055423,0.9056831444538759,0.8409708535519843,0.1439058560452775
12,2621,b1129,4.5,3.5,1.5,2.5,4.0,0,True,0.0,1.3872743356862114,2.102913093488347,0.42235412988951315,0.6936371678431061,0.5257282733720876,0.21117706494475724
12,2622,b1130,4.5,3.5,2.0,2.0,1.0,0,True,0.0,1.2507684252527802,1.6633508511648403,0.31453012185722473,0.6253842126263899,0.41583771279120973,0.1572650609286122
12,2623,b1130,4.5,3.5,2.0,2.0,2.0,0,True,0.0,1.6764851432246128,2.9810343951959943,0.4128340583614,0.8382425716123066,0.7452585987989989,0.20641702918069973
12,2624,b1130,4.5,3.5,2.0,2.0,3.0,0,True,0.0,1.8444436921119367,3.5009017309270334,0.3145301218572244,0.9222218460559684,0.8752254327317583,0.1572650609286122
12,2625,b1130,4.5,3.5,2.0,2.0,4.0,0,True,0.0,1.4187269741401036,2.183218186895878,0.4128340583614,0.7093634870700517,0.5458045467239692,0.20641702918069949
12,2626,b1131,4.5,3.5,2.5,1.5,1.0,0,True,0.0,1.1619754855372693,1.4330226106060686,0.28781171209055423,0.5809877427686346,0.35825565265151715,0.14390585604527711
12,2627,b1131,4.5,3.5,2.5,1.5,2.0,0,True,0.0,1.5860674387588078,2.6939929313256523,0.4223541298895129,0.7930337193794043,0.6734982328314136,0.21117706494475644
12,2628,b1131,4.5,3.5,2.5,1.5,3.0,0,True,0.0,1.8113662889077495,3.363883414207929,0.28781171209055423,0.9056831444538753,0.8409708535519832,0.14390585604527711
12,2629,b1131,4.5,3.5,2.5,1.5,4.0,0,True,0.0,1.3872743356862105,2.102913093488344,0.4223541298895129,0.6936371678431055,0.5257282733720864,0.21117706494475658
12,2630,b1132,4.5,3.5,3.0,1.0,2.0,0,True,0.0,0.7541094755244698,1.2906395301759173,0.8496813691614794,0.37705473776223486,0.3226598825439792,0.42484068458073965
12,2631,b1132,4.5,3.5,3.0,1.0,3.0,0,True,0.0,1.7114750206238962,2.929146746219566,0.0,0.855737510311948,0.7322866865548913,0.0
12,2632,b1132,4.5,3.5,3.0,1.0,4.0,0,True,0.0,0.9573655450994258,1.638507216043647,0.8496813691614793,0.47868277254971286,0.40962680401091167,0.42484068458073965
12,2633,b1133,4.5,3.5,3.5,0.5,3.0,0,True,0.0,1.293530193752356,1.6732203621490076,0.0,0.6467650968761779,0.4183050905372518,0.0
12,2634,b1133,4.5,3.5,3.5,0.5,4.0,0,True,0.0,1.293530193752356,1.6732203621490076,0.0,0.6467650968761779,0.4183050905372518,0.0
12,2635,b1134,4.5,3.5,4.0,0.0,4.0,0,False,0.0,0.0,0.0,0.0,0.0,0.0,0.0
12,2636,b1135,4.5,4.0,0.0,3.5,3.5,0,False,0.0,0.0,0.0,0.0,0.0,0.0,0.0
12,2637,b1136,4.5,4.0,0.5,3.0,2.5,0,True,0.0,1.2803962065704424,1.639414445799979,0.0,0.6401981032852212,0.40985361144999477,0.0
12,2638,b1136,4.5,4.0,0.5,3.0,3.5,0,True,0.0,1.2803962065704424,1.639414445799979,0.0,0.6401981032852212,0.40985361144999477,0.0
12,2639,b1137,4.5,4.0,1.0,2.5,1.5,0,True,0.0,0.7196074792779493,1.2047588033170449,0.8288087107917488,0.35980373963897494,0.3011897008292616,0.4144043553958746
12,2640,b1137,4.5,4.0,1.0,2.5,2.5,0,True,-0.0,1.6741888293405376,2.8029082362886397,0.0,0.8370944146702692,0.7007270590721607,0.0
12,2641,b1137,4.5,4.0,1.0,2.5,3.5,0,True,0.0,0.9545813500625882,1.5981494329715942,0.8288087107917488,0.4772906750312941,0.39953735824289865,0.41440435539587456
12,2642,b1138,4.5,4.0,1.5,2.0,0.5,0,True,0.0,1.1083368846920623,1.2998755860061812,0.2673292652091713,0.554168442346031,0.3249688965015451,0.13366463260458544
12,2643,b1138,4.5,4.0,1.5,2.0,1.5,0,True,0.0,1.5073004206099605,2.4408716795136147,0.41099528165497357,0.7536502103049799,0.610217919878403,0.20549764082748623
12,2644,b1138,4.5,4.0,1.5,2.0,2.5,0,True,0.0,1.7515638099474522,3.13944071635491,0.2673292652091713,0.8757819049737253,0.7848601790887261,0.13366463260458564
12,2645,b1138,4.5,4.0,1.5,2.0,3.5,0,True,0.0,1.3526002740295535,1.9984446228474744,0.41099528165497357,0.6763001370147761,0.4996111557118675,0.20549764082748637
12,2646,b1139,4.5,4.0,2.0,1.5,0.5,0,True,0.0,1.1083368846920623,1.2998755860061812,0.2673292652091713,0.5541684423460309,0.3249688965015449,0.13366463260458522
12,2647,b1139,4.5,4.0,2.0,1.5,1.5,0,True,0.0,1.5073004206099605,2.4408716795136147,0.41099528165497357,0.7536502103049795,0.6102179198784023,0.20549764082748623
12,2648,b1139,4.5,4.0,2.0,1.5,2.5,0,True,0.0,1.7515638099474515,3.1394407163549074,0.2673292652091713,0.8757819049737248,0.7848601790887251,0.13366463260458522
12,2649,b1139,4.5,4.0,2.0,1.5,3.5,0,True,0.0,1.3526002740295535,1.9984446228474744,0.41099528165497357,0.6763001370147759,0.49961115571186715,0.20549764082748623
12,2650,b1140,4.5,4.0,2.5,1.0,1.5,0,True,-0.0,0.7196074792779495,1.2047588033170453,0.8288087107917488,0.35980373963897494,0.3011897008292616,0.4144043553958746
12,2651,b1140,4.5,4.0,2.5,1.0,2.5,0,True,0.0,1.6741888293405374,2.802908236288639,0.0,0.8370944146702692,0.7007270590721607,0.0
12,2652,b1140,4.5,4.0,2.5,1.0,3.5,0,True,0.0,0.9545813500625877,1.5981494329715933,0.8288087107917488,0.4772906750312941,0.39953735824289865,0.41440435539587456
12,2653,b1141,4.5,4.0,3.0,0.5,2.5,0,True,0.0,1.2803962065704422,1.6394144457999784,0.0,0.6401981032852212,0.40985361144999477,0.0
12,2654,b1141,4.5,4.0,3.0,0.5,3.5,0,True,0.0,1.2803962065704422,1.6394144457999784,0.0,0.6401981032852212,0.40985361144999477,0.0
12,2655,b1142,4.5,4.0,3.5,0.0,3.5,0,False,0.0,0.0,0.0,0.0,0.0,0.0,0.0
12,2656,b1143,4.5,4.5,0.0,3.0,3.0,0,False,0.0,0.0,0.0,0.0,0.0,0.0,0.0
12,2657,b1144,4.5,4.5,0.5,2.5,2.0,0,True,0.0,1.2383585073708887,1.5335317927778553,0.0,0.6191792536854444,0.38338294819446384,0.0
12,2658,b1144,4.5,4.5,0.5,2.5,3.0,0,True,0.0,1.2383585073708887,1.5335317927778553,0.0,0.6191792536854444,0.38338294819446384,0.0
12,2659,b1145,4.5,4.5,1.0,2.0,1.0,0,True,0.0,0.6569725741810554,1.045312645313168,0.7833898659588887,0.3284862870905276,0.261328161328292,0.39169493297944447
12,2660,b1145,4.5,4.5,1.0,2.0,2.0,0,True,0.0,1.5911054530947433,2.5316165628678284,0.0,0.7955527265473716,0.6329041407169571,0.0
12,2661,b1145,4.5,4.5,1.0,2.0,3.0,0,True,0.0,0.9341328789136883,1.4863039175546613,0.7833898659588888,0.46706643945684434,0.37157597938866554,0.39169493297944447
12,2662,b1146,4.5,4.5,1.5,1.5,0.0,0,True,-0.0,0.9901937363747896,1.032179994815273,0.22736833389767966,0.4950968681873949,0.25804499870381836,0.11368416694883983
12,2663,b1146,4.5,4.5,1.5,1.5,1.0,0,True,0.0,1.348428708802974,1.9722211399366152,0.39237884399207795,0.6742143544014866,0.49305528498415296,0.1961894219960384
12,2664,b1146,4.5,4.5,1.5,1.5,2.0,0,True,0.0,1.6338972024566853,2.7213164274551893,0.2273683338976799,0.816948601228342,0.6803291068637962,0.11368416694883945
12,2665,b1146,4.5,4.5,1.5,1.5,3.0,0,True,0.0,1.2756622300285003,1.7812752823338458,0.39237884399207795,0.6378311150142497,0.4453188205834607,0.1961894219960384
12,2666,b1147,4.5,4.5,2.0,1.0,1.0,0,True,0.0,0.6569725741810551,1.0453126453131678,0.7833898659588888,0.32848628709052774,0.2613281613282922,0.3916949329794446
12,2667,b1147,4.5,4.5,2.0,1.0,2.0,0,True,0.0,1.591105453094743,2.5316165628678275,0.0,0.795552726547372,0.6329041407169576,0.0
12,2668,b1147,4.5,4.5,2.0,1.0,3.0,0,True,0.0,0.9341328789136883,1.4863039175546613,0.7833898659588888,0.46706643945684423,0.3715759793886655,0.3916949329794446
12,2669,b1148,4.5,4.5,2.5,0.5,2.0,0,True,0.0,1.2383585073708887,1.5335317927778553,0.0,0.6191792536854444,0.38338294819446384,0.0
12,2670,b1148,4.5,4.5,2.5,0.5,3.0,0,True,0.0,1.2383585073708887,1.5335317927778553,0.0,0.6191792536854444,0.38338294819446384,0.0
12,2671,b1149,4.5,4.5,3.0,0.0,3.0,0,False,0.0,0.0,0.0,0.0,0.0,0.0,0.0
12,2672,b1150,4.5,5.0,0.0,2.5,2.5,0,False,0.0,0.0,0.0,0.0,0.0,0.0,0.0
12,2673,b1151,4.5,5.0,0.5,2.0,1.5,0,True,0.0,1.156968577671496,1.3385762897192044,0.0,0.578484288835748,0.3346440724298011,0.0
12,2674,b1151,4.5,5.0,0.5,2.0,2.5,0,True,0.0,1.156968577671496,1.3385762897192044,0.0,0.578484288835748,0.3346440724298011,0.0
12,2675,b1152,4.5,5.0,1.0,1.5,0.5,0,True,0.0,0.5249336438668983,0.7531845699332412,0.6911072561258936,0.2624668219334493,0.18829614248331045,0.3455536280629469
12,2676,b1152,4.5,5.0,1.0,1.5,1.5,0,True,0.0,1.4348186265695289,2.058704491150869,0.0,0.7174093132847649,0.5146761227877179,0.0
12,2677,b1152,4.5,5.0,1.0,1.5,2.5,0,True,0.0,0.9098849827026303,1.3055199212176274,0.6911072561258936,0.4549424913513154,0.3263799803044072,0.3455536280629469
12,2678,b1153,4.5,5.0,1.5,1.0,0.5,0,True,0.0,0.5249336438668983,0.753184569933241,0.6911072561258935,0.2624668219334493,0.18829614248331028,0.3455536280629467
12,2679,b1153,4.5,5.0,1.5,1.0,1.5,0,True,0.0,1.4348186265695289,2.058704491150869,0.0,0.7174093132847641,0.5146761227877168,0.0
12,2680,b1153,4.5,5.0,1.5,1.0,2.5,0,True,0.0,0.9098849827026302,1.305519921217627,0.6911072561258935,0.45494249135131465,0.3263799803044063,0.34555362806294665
12,2681,b1154,4.5,5.0,2.0,0.5,1.5,0,True,0.0,1.156968577671496,1.3385762897192044,0.0,0.578484288835748,0.3346440724298011,0.0
12,2682,b1154,4.5,5.0,2.0,0.5,2.5,0,True,0.0,1.156968577671496,1.3385762897192044,0.0,0.578484288835748,0.3346440724298011,0.0
12,2683,b1155,4.5,5.0,2.5,0.0,2.5,0,False,0.0,0.0,0.0,0.0,0.0,0.0,0.0
12,2684,b1156,4.5,5.5,0.0,2.0,2.0,0,False,0.0,0.0,0.0,0.0,0.0,0.0,0.0
12,2685,b1157,4.5,5.5,0.5,1.5,1.0,0,True,0.0,1.0019641796438672,1.0039322172894078,0.0,0.5009820898219336,0.25098305432235196,0.0
12,2686,b1157,4.5,5.5,0.5,1.5,2.0,0,True,0.0,1.0019641796438672,1.0039322172894078,0.0,0.5009820898219336,0.25098305432235196,0.0
12,2687,b1158,4.5,5.5,1.0,1.0,1.0,0,True,0.0,1.0766805802095403,1.1592410718003523,0.0,0.5383402901047701,0.2898102679500881,0.0
12,2688,b1158,4.5,5.5,1.0,1.0,2.0,0,True,0.0,1.0766805802095403,1.1592410718003523,0.0,0.5383402901047701,0.2898102679500881,0.0
12,2689,b1159,4.5,5.5,1.5,0.5,1.0,0,True,0.0,1.0019641796438672,1.0039322172894078,0.0,0.5009820898219336,0.25098305432235196,0.0
12,2690,b1159,4.5,5.5,1.5,0.5,2.0,0,True,0.0,1.0019641796438672,1.0039322172894078,0.0,0.5009820898219336,0.25098305432235196,0.0
12,2691,b1160,4.5,5.5,2.0,0.0,2.0,0,False,0.0,0.0,0.0,0.0,0.0,0.0,0.0
12,2692,b1161,4.5,6.0,0.0,1.5,1.5,0,False,0.0,0.0,0.0,0.0,0.0,0.0,0.0
12,2693,b1162,4.5,6.0,0.5,1.0,1.5,0,True,0.0,0.0,0.0,0.0,0.0,0.0,0.0
12,2694,b1163,4.5,6.0,1.0,0.5,1.5,0,True,0.0,0.0,0.0,0.0,0.0,0.0,0.0
12,2695,b1164,4.5,6.0,1.5,0.0,1.5,0,False,0.0,0.0,0.0,0.0,0.0,0.0,0.0
12,2696,b1165,5.0,0.0,1.0,6.0,5.0,0,False,0.0,0.0,0.0,0.0,0.0,0.0,0.0
12,2697,b1166,5.0,0.0,1.5,5.5,5.0,0,False,0.0,0.0,0.0,0.0,0.0,0.0,0.0
12,2698,b1167,5.0,0.0,2.0,5.0,5.0,0,False,0.0,0.0,0.0,0.0,0.0,0.0,0.0
12,2699,b1168,5.0,0.0,2.5,4.5,5.0,0,False,0.0,0.0,0.0,0.0,0.0,0.0,0.0
12,2700,b1169,5.0,0.0,3.0,4.0,5.0,0,False,0.0,0.0,0.0,0.0,0.0,0.0,0.0
12,2701,b1170,5.0,0.0,3.5,3.5,5.0,0,False,0.0,0.0,0.0,0.0,0.0,0.0,0.0
12,2702,b1171,5.0,0.0,4.0,3.0,5.0,0,False,0.0,0.0,0.0,0.0,0.0,0.0,0.0
12,2703,b1172,5.0,0.0,4.5,2.5,5.0,0,False,0.0,0.0,0.0,0.0,0.0,0.0,0.0
12,2704,b1173,5.0,0.0,5.0,2.0,5.0,0,False,0.0,0.0,0.0,0.0,0.0,0.0,0.0
12,2705,b1174,5.0,0.0,5.5,1.5,5.0,0,False,0.0,0.0,0.0,0.0,0.0,0.0,0.0
12,2706,b1175,5.0,0.0,6.0,1.0,5.0,0,False,0.0,0.0,0.0,0.0,0.0,0.0,0.0
12,2707,b1176,5.0,0.5,0.5,6.0,5.5,0,True,0.0,0.0,0.0,0.0,0.0,0.0,0.0
12,2708,b1177,5.0,0.5,1.0,5.5,4.5,0,True,0.0,0.929541435127253,0.864047279618433,0.0,0.4647707175636265,0.21601181990460824,0.0
12,2709,b1177,5.0,0.5,1.0,5.5,5.5,0,True,0.0,0.929541435127253,0.864047279618433,0.0,0.4647707175636265,0.21601181990460824,0.0
12,2710,b1178,5.0,0.5,1.5,5.0,4.5,0,True,-0.0,1.0766805802095396,1.1592410718003507,0.0,0.5383402901047698,0.2898102679500877,0.0
12,2711,b1178,5.0,0.5,1.5,5.0,5.5,0,True,0.0,1.0766805802095396,1.1592410718003507,0.0,0.5383402901047698,0.2898102679500877,0.0
12,2712,b1179,5.0,0.5,2.0,4.5,4.5,0,True,0.0,1.1569685776714969,1.3385762897192064,0.0,0.5784842888357485,0.33464407242980176,0.0
12,2713,b1179,5.0,0.5,2.0,4.5,5.5,0,True,0.0,1.1569685776714969,1.3385762897192064,0.0,0.5784842888357485,0.33464407242980176,0.0
12,2714,b1180,5.0,0.5,2.5,4.0,4.5,0,True,-0.0,1.2024257315046567,1.4458276397845087,0.0,0.6012128657523284,0.36145690994612717,0.0
12,2715,b1180,5.0,0.5,2.5,4.0,5.5,0,True,0.0,1.2024257315046567,1.4458276397845087,0.0,0.6012128657523284,0.36145690994612717,0.0
12,2716,b1181,5.0,0.5,3.0,3.5,4.5,0,True,0.0,1.223345326733543,1.496573788440799,0.0,0.6116726633667715,0.37414344711019976,0.0
12,2717,b1181,5.0,0.5,3.0,3.5,5.5,0,True,0.0,1.223345326733543,1.496573788440799,0.0,0.6116726633667715,0.37414344711019976,0.0
12,2718,b1182,5.0,0.5,3.5,3.0,4.5,0,True,0.0,1.223345326733543,1.496573788440799,0.0,0.6116726633667715,0.37414344711019976,0.0
12,2719,b1182,5.0,0.5,3.5,3.0,5.5,0,True,0.0,1.223345326733543,1.496573788440799,0.0,0.6116726633667715,0.37414344711019976,0.0
12,2720,b1183,5.0,0.5,4.0,2.5,4.5,0,True,0.0,1.2024257315046567,1.4458276397845087,0.0,0.6012128657523284,0.36145690994612717,0.0
12,2721,b1183,5.0,0.5,4.0,2.5,5.5,0,True,0.0,1.2024257315046567,1.4458276397845087,0.0,0.6012128657523284,0.36145690994612717,0.0
12,2722,b1184,5.0,0.5,4.5,2.0,4.5,0,True,0.0,1.1569685776714969,1.3385762897192064,0.0,0.5784842888357484,0.3346440724298016,0.0
12,2723,b1184,5.0,0.5,4.5,2.0,5.5,0,True,0.0,1.1569685776714969,1.3385762897192064,0.0,0.5784842888357484,0.3346440724298016,0.0
12,2724,b1185,5.0,0.5,5.0,1.5,4.5,0,True,0.0,1.0766805802095394,1.1592410718003503,0.0,0.5383402901047698,0.2898102679500877,0.0
12,2725,b1185,5.0,0.5,5.0,1.5,5.5,0,True,0.0,1.0766805802095394,1.1592410718003503,0.0,0.5383402901047698,0.2898102679500877,0.0
12,2726,b1186,5.0,0.5,5.5,1.0,4.5,0,True,0.0,0.9295414351272533,0.8640472796184336,0.0,0.46477071756362665,0.2160118199046084,0.0
12,2727,b1186,5.0,0.5,5.5,1.0,5.5,0,True,0.0,0.9295414351272533,0.8640472796184336,0.0,0.46477071756362665,0.2160118199046084,0.0
12,2728,b1187,5.0,0.5,6.0,0.5,5.5,0,True,0.0,0.0,0.0,0.0,0.0,0.0,0.0
12,2729,b1188,5.0,1.0,0.0,6.0,6.0,0,False,0.0,0.0,0.0,0.0,0.0,0.0,0.0
12,2730,b1189,5.0,1.0,0.5,5.5,5.0,0,True,-0.0,0.9295414351272533,0.8640472796184336,0.0,0.4647707175636266,0.21601181990460835,0.0
12,2731,b1189,5.0,1.0,0.5,5.5,6.0,0,True,0.0,0.9295414351272533,0.8640472796184336,0.0,0.4647707175636266,0.21601181990460835,0.0
12,2732,b1190,5.0,1.0,1.0,5.0,4.0,0,True,0.0,0.6405731464382024,0.8219343747024452,0.6415609236578445,0.3202865732191011,0.20548359367561125,0.3207804618289223
12,2733,b1190,5.0,1.0,1.0,5.0,5.0,0,True,-0.0,1.2831233704888676,1.6464055838947118,0.0,0.6415616852444339,0.41160139597367806,0.0
12,2734,b1190,5.0,1.0,1.0,5.0,6.0,0,True,0.0,0.6425502240506655,0.824471209192267,0.6415609236578445,0.32127511202533277,0.20611780229806675,0.3207804618289222
12,2735,b1191,5.0,1.0,1.5,4.5,4.0,0,True,0.0,0.8144425019995557,1.1685772721388537,0.7108169124855974,0.40722125099977785,0.2921443180347133,0.35540845624279854
12,2736,b1191,5.0,1.0,1.5,4.5,5.0,0,True,-0.0,1.4348186265695295,2.058704491150871,0.0,0.7174093132847644,0.5146761227877172,0.0
12,2737,b1191,5.0,1.0,1.5,4.5,6.0,0,True,0.0,0.6203761245699736,0.8901272190120167,0.7108169124855973,0.3101880622849866,0.22253180475300394,0.3554084562427985
12,2738,b1192,5.0,1.0,2.0,4.0,4.0,0,True,-0.0,0.9002041913710439,1.3677632803474948,0.7465893745463431,0.4501020956855224,0.34194082008687426,0.3732946872731718
12,2739,b1192,5.0,1.0,2.0,4.0,5.0,0,True,0.0,1.519392259509858,2.3085528382584712,0.0,0.7596961297549294,0.5771382095646185,0.0
12,2740,b1192,5.0,1.0,2.0,4.0,6.0,0,True,0.0,0.619188068138814,0.9407895579109764,0.7465893745463431,0.309594034069407,0.23519738947774424,0.3732946872731718
12,2741,b1193,5.0,1.0,2.5,3.5,4.0,0,True,0.0,0.9431769325795389,1.4751732070504922,0.7652388391217111,0.4715884662897701,0.36879330176262376,0.3826194195608557
12,2742,b1193,5.0,1.0,2.5,3.5,5.0,0,True,-0.0,1.5640471645293235,2.4462435328722165,0.0,0.7820235822646622,0.6115608832180548,0.0
12,2743,b1193,5.0,1.0,2.5,3.5,6.0,0,True,0.0,0.6208702319497839,0.9710703258217225,0.7652388391217111,0.31043511597489193,0.2427675814554308,0.38261941956085577
12,2744,b1194,5.0,1.0,3.0,3.0,4.0,0,True,0.0,0.9564337882518591,1.5093632256611738,0.7711015720068087,0.47821689412592927,0.3773408064152931,0.3855507860034043
12,2745,b1194,5.0,1.0,3.0,3.0,5.0,0,True,0.0,1.5781157506155683,2.4904493223409387,0.0,0.7890578753077842,0.6226123305852347,0.0
12,2746,b1194,5.0,1.0,3.0,3.0,6.0,0,True,0.0,0.6216819623637089,0.9810860966797635,0.7711015720068087,0.31084098118185455,0.2452715241699409,0.3855507860034043
12,2747,b1195,5.0,1.0,3.5,2.5,4.0,0,True,0.0,0.9431769325795389,1.4751732070504922,0.7652388391217111,0.4715884662897701,0.36879330176262376,0.3826194195608557
12,2748,b1195,5.0,1.0,3.5,2.5,5.0,0,True,0.0,1.564047164529323,2.446243532872215,0.0,0.7820235822646622,0.6115608832180548,0.0
12,2749,b1195,5.0,1.0,3.5,2.5,6.0,0,True,0.0,0.6208702319497837,0.9710703258217223,0.7652388391217111,0.31043511597489193,0.2427675814554308,0.38261941956085577
12,2750,b1196,5.0,1.0,4.0,2.0,4.0,0,True,0.0,0.900204191371044,1.3677632803474953,0.7465893745463433,0.4501020956855218,0.34194082008687354,0.37329468727317155
12,2751,b1196,5.0,1.0,4.0,2.0,5.0,0,True,0.0,1.519392259509858,2.3085528382584712,0.0,0.7596961297549287,0.5771382095646175,0.0
12,2752,b1196,5.0,1.0,4.0,2.0,6.0,0,True,0.0,0.619188068138814,0.9407895579109765,0.7465893745463432,0.30959403406940694,0.23519738947774405,0.37329468727317155
12,2753,b1197,5.0,1.0,4.5,1.5,4.0,0,True,0.0,0.814442501999556,1.1685772721388545,0.7108169124855976,0.40722125099977785,0.2921443180347134,0.3554084562427987
12,2754,b1197,5.0,1.0,4.5,1.5,5.0,0,True,0.0,1.4348186265695297,2.0587044911508716,0.0,0.7174093132847644,0.5146761227877172,0.0
12,2755,b1197,5.0,1.0,4.5,1.5,6.0,0,True,0.0,0.6203761245699738,0.8901272190120174,0.7108169124855976,0.3101880622849868,0.2225318047530042,0.35540845624279865
12,2756,b1198,5.0,1.0,5.0,1.0,4.0,0,True,0.0,0.6405731464382024,0.8219343747024453,0.6415609236578446,0.3202865732191011,0.20548359367561125,0.3207804618289223
12,2757,b1198,5.0,1.0,5.0,1.0,5.0,0,True,0.0,1.2831233704888676,1.6464055838947118,0.0,0.6415616852444339,0.41160139597367806,0.0
12,2758,b1198,5.0,1.0,5.0,1.0,6.0,0,True,0.0,0.6425502240506655,0.8244712091922671,0.6415609236578446,0.32127511202533277,0.20611780229806675,0.3207804618289222
12,2759,b1199,5.0,1.0,5.5,0.5,5.0,0,True,0.0,0.9295414351272535,0.8640472796184341,0.0,0.46477071756362665,0.2160118199046084,0.0
12,2760,b1199,5.0,1.0,5.5,0.5,6.0,0,True,0.0,0.9295414351272535,0.8640472796184341,0.0,0.46477071756362665,0.2160118199046084,0.0
12,2761,b1200,5.0,1.0,6.0,0.0,6.0,0,False,0.0,0.0,0.0,0.0,0.0,0.0,0.0
12,2762,b1201,5.0,1.5,0.0,5.5,5.5,0,False,0.0,0.0,0.0,0.0,0.0,0.0,0.0
12,2763,b1202,5.0,1.5,0.5,5.0,4.5,0,True,0.0,1.0766805802095396,1.1592410718003507,0.0,0.5383402901047698,0.2898102679500877,0.0
12,2764,b1202,5.0,1.5,0.5,5.0,5.5,0,True,0.0,1.0766805802095396,1.1592410718003507,0.0,0.5383402901047698,0.2898102679500877,0.0
12,2765,b1203,5.0,1.5,1.0,4.5,3.5,0,True,0.0,0.6159221421371636,0.8837365620550077,0.7101946753392167,0.307961071068582,0.2209341405137522,0.35509733766960855
12,2766,b1203,5.0,1.5,1.0,4.5,4.5,0,True,-0.0,1.4348186265695293,2.0587044911508703,0.0,0.7174093132847652,0.5146761227877183,0.0
12,2767,b1203,5.0,1.5,1.0,4.5,5.5,0,True,0.0,0.8188964844323658,1.1749679290958635,0.7101946753392168,0.4094482422161832,0.2937419822739662,0.3550973376696085
12,2768,b1204,5.0,1.5,1.5,4.0,3.5,0,True,-0.0,0.7904201283115818,1.2576417763924048,0.7955361696065789,0.39521006415579085,0.3144104440981011,0.39776808480328935
12,2769,b1204,5.0,1.5,1.5,4.0,4.5,0,True,0.0,1.5911054530947433,2.5316165628678284,0.0,0.7955527265473715,0.6329041407169569,0.0
12,2770,b1204,5.0,1.5,1.5,4.0,5.5,0,True,0.0,0.8006853247831618,1.2739747864754245,0.7955361696065787,0.40034266239158084,0.31849369661885607,0.39776808480328935
12,2771,b1205,5.0,1.5,2.0,3.5,3.5,0,True,-0.0,0.8723404952879641,1.4604627125925016,0.8363520627542274,0.436170247643982,0.36511567814812534,0.4181760313771137
12,2772,b1205,5.0,1.5,2.0,3.5,4.5,0,True,0.0,1.6741888293405374,2.802908236288639,0.0,0.8370944146702689,0.7007270590721602,0.0
12,2773,b1205,5.0,1.5,2.0,3.5,5.5,0,True,-0.0,0.8018483340525736,1.3424455236961386,0.8363520627542272,0.40092416702628697,0.3356113809240348,0.4181760313771137
12,2774,b1206,5.0,1.5,2.5,3.0,3.5,0,True,0.0,0.9072879627403782,1.5528006847429017,0.8541833745802572,0.4536439813701892,0.3882001711857254,0.4270916872901284
12,2775,b1206,5.0,1.5,2.5,3.0,4.5,0,True,0.0,1.7114750206238962,2.929146746219566,0.0,0.8557375103119479,0.7322866865548912,0.0
12,2776,b1206,5.0,1.5,2.5,3.0,5.5,0,True,0.0,0.8041870578835183,1.3763460614766652,0.8541833745802572,0.40209352894175876,0.34408651536916585,0.4270916872901284
12,2777,b1207,5.0,1.5,3.0,2.5,3.5,0,True,0.0,0.9072879627403782,1.5528006847429017,0.8541833745802572,0.4536439813701892,0.3882001711857254,0.4270916872901284
12,2778,b1207,5.0,1.5,3.0,2.5,4.5,0,True,0.0,1.7114750206238964,2.929146746219567,0.0,0.8557375103119479,0.7322866865548912,0.0
12,2779,b1207,5.0,1.5,3.0,2.5,5.5,0,True,0.0,0.8041870578835184,1.3763460614766654,0.8541833745802572,0.40209352894175876,0.34408651536916585,0.4270916872901284
12,2780,b1208,5.0,1.5,3.5,2.0,3.5,0,True,0.0,0.872340495287964,1.4604627125925012,0.8363520627542272,0.436170247643982,0.36511567814812534,0.4181760313771137
12,2781,b1208,5.0,1.5,3.5,2.0,4.5,0,True,-0.0,1.6741888293405371,2.8029082362886384,0.0,0.8370944146702689,0.7007270590721602,0.0
12,2782,b1208,5.0,1.5,3.5,2.0,5.5,0,True,0.0,0.8018483340525734,1.3424455236961381,0.8363520627542272,0.40092416702628697,0.3356113809240348,0.4181760313771137
12,2783,b1209,5.0,1.5,4.0,1.5,3.5,0,True,0.0,0.7904201283115816,1.257641776392404,0.7955361696065785,0.39521006415579085,0.3144104440981011,0.39776808480328935
12,2784,b1209,5.0,1.5,4.0,1.5,4.5,0,True,0.0,1.591105453094743,2.5316165628678275,0.0,0.7955527265473715,0.6329041407169569,0.0
12,2785,b1209,5.0,1.5,4.0,1.5,5.5,0,True,0.0,0.8006853247831618,1.2739747864754243,0.7955361696065786,0.40034266239158084,0.31849369661885607,0.39776808480328935
12,2786,b1210,5.0,1.5,4.5,1.0,3.5,0,True,0.0,0.6159221421371635,0.8837365620550074,0.7101946753392167,0.3079610710685817,0.22093414051375185,0.3550973376696083
12,2787,b1210,5.0,1.5,4.5,1.0,4.5,0,True,0.0,1.4348186265695295,2.058704491150871,0.0,0.7174093132847645,0.5146761227877175,0.0
12,2788,b1210,5.0,1.5,4.5,1.0,5.5,0,True,0.0,0.818896484432366,1.1749679290958635,0.7101946753392167,0.409448242216183,0.29374198227396586,0.3550973376696083
12,2789,b1211,5.0,1.5,5.0,0.5,4.5,0,True,0.0,1.0766805802095396,1.1592410718003507,0.0,0.5383402901047698,0.2898102679500877,0.0
12,2790,b1211,5.0,1.5,5.0,0.5,5.5,0,True,0.0,1.0766805802095396,1.1592410718003507,0.0,0.5383402901047698,0.2898102679500877,0.0
12,2791,b1212,5.0,1.5,5.5,0.0,5.5,0,False,0.0,0.0,0.0,0.0,0.0,0.0,0.0
12,2792,b1213,5.0,2.0,0.0,5.0,5.0,0,False,0.0,0.0,0.0,0.0,0.0,0.0,0.0
12,2793,b1214,5.0,2.0,0.5,4.5,4.0,0,True,-0.0,1.1569685776714969,1.3385762897192064,0.0,0.5784842888357483,0.3346440724298015,0.0
12,2794,b1214,5.0,2.0,0.5,4.5,5.0,0,True,0.0,1.1569685776714969,1.3385762897192064,0.0,0.5784842888357483,0.3346440724298015,0.0
12,2795,b1215,5.0,2.0,1.0,4.0,3.0,0,True,0.0,0.6112497595729315,0.9287281533223738,0.7450515987127383,0.3056248797864658,0.23218203833059348,0.37252579935636915
12,2796,b1215,5.0,2.0,1.0,4.0,4.0,0,True,-0.0,1.519392259509858,2.3085528382584712,0.0,0.759696129754929,0.5771382095646178,0.0
12,2797,b1215,5.0,2.0,1.0,4.0,5.0,0,True,-0.0,0.9081424999369264,1.3798246849360976,0.7450515987127383,0.4540712499684632,0.3449561712340244,0.37252579935636915
12,2798,b1216,5.0,2.0,1.5,3.5,3.0,0,True,0.0,0.7832462359487895,1.311302098848486,0.8353606602662943,0.39162311797439475,0.3278255247121216,0.41768033013314726
12,2799,b1216,5.0,2.0,1.5,3.5,4.0,0,True,-0.0,1.6741888293405371,2.8029082362886384,0.0,0.8370944146702689,0.7007270590721602,0.0
12,2800,b1216,5.0,2.0,1.5,3.5,5.0,0,True,0.0,0.8909425933917476,1.4916061374401521,0.8353606602662943,0.4454712966958741,0.37290153436003837,0.41768033013314726
12,2801,b1217,5.0,2.0,2.0,3.0,3.0,0,True,0.0,0.8576948190354147,1.500706421304393,0.8746805237938022,0.4288474095177071,0.3751766053260979,0.437340261896901
12,2802,b1217,5.0,2.0,2.0,3.0,4.0,0,True,0.0,1.7496974308322457,3.061441099460961,0.0,0.8748487154161227,0.7653602748652402,0.0
12,2803,b1217,5.0,2.0,2.0,3.0,5.0,0,True,0.0,0.8920026117968314,1.5607346781565692,0.8746805237938025,0.4460013058984154,0.39018366953914185,0.437340261896901
12,2804,b1218,5.0,2.0,2.5,2.5,3.0,0,True,0.0,0.8795393837424107,1.5592663914759914,0.8863841514388735,0.43976969187120524,0.38981659786899764,0.44319207571943664
12,2805,b1218,5.0,2.0,2.5,2.5,4.0,0,True,0.0,1.7728215703557986,3.1428963203188,0.0,0.8864107851778985,0.7857240800796985,0.0
12,2806,b1218,5.0,2.0,2.5,2.5,5.0,0,True,0.0,0.8932821866133874,1.5836299288428066,0.8863841514388735,0.4466410933066936,0.39590748221070143,0.44319207571943664
12,2807,b1219,5.0,2.0,3.0,2.0,3.0,0,True,0.0,0.8576948190354148,1.5007064213043935,0.8746805237938025,0.4288474095177074,0.3751766053260983,0.4373402618969011
12,2808,b1219,5.0,2.0,3.0,2.0,4.0,0,True,0.0,1.7496974308322455,3.0614410994609607,0.0,0.8748487154161227,0.7653602748652402,0.0
12,2809,b1219,5.0,2.0,3.0,2.0,5.0,0,True,0.0,0.892002611796831,1.5607346781565685,0.8746805237938023,0.4460013058984154,0.39018366953914196,0.4373402618969011
12,2810,b1220,5.0,2.0,3.5,1.5,3.0,0,True,0.0,0.7832462359487894,1.3113020988484858,0.8353606602662943,0.39162311797439475,0.3278255247121216,0.41768033013314726
12,2811,b1220,5.0,2.0,3.5,1.5,4.0,0,True,0.0,1.6741888293405371,2.8029082362886384,0.0,0.8370944146702689,0.7007270590721602,0.0
12,2812,b1220,5.0,2.0,3.5,1.5,5.0,0,True,0.0,0.8909425933917479,1.4916061374401526,0.8353606602662944,0.4454712966958741,0.37290153436003837,0.41768033013314726
12,2813,b1221,5.0,2.0,4.0,1.0,3.0,0,True,0.0,0.6112497595729314,0.9287281533223731,0.745051598712738,0.3056248797864657,0.23218203833059337,0.37252579935636915
12,2814,b1221,5.0,2.0,4.0,1.0,4.0,0,True,0.0,1.5193922595098575,2.30855283825847,0.0,0.7596961297549288,0.5771382095646177,0.0
12,2815,b1221,5.0,2.0,4.0,1.0,5.0,0,True,0.0,0.9081424999369262,1.379824684936097,0.7450515987127381,0.45407124996846326,0.3449561712340244,0.37252579935636904
12,2816,b1222,5.0,2.0,4.5,0.5,4.0,0,True,0.0,1.1569685776714969,1.3385762897192064,0.0,0.5784842888357485,0.33464407242980176,0.0
12,2817,b1222,5.0,2.0,4.5,0.5,5.0,0,True,-0.0,1.1569685776714969,1.3385762897192064,0.0,0.5784842888357485,0.33464407242980176,0.0
12,2818,b1223,5.0,2.0,5.0,0.0,5.0,0,False,0.0,0.0,0.0,0.0,0.0,0.0,0.0
12,2819,b1224,5.0,2.5,0.0,4.5,4.5,0,False,0.0,0.0,0.0,0.0,0.0,0.0,0.0
12,2820,b1225,5.0,2.5,0.5,4.0,3.5,0,True,0.0,1.2024257315046567,1.4458276397845087,0.0,0.6012128657523285,0.36145690994612734,0.0
12,2821,b1225,5.0,2.5,0.5,4.0,4.5,0,True,-0.0,1.2024257315046567,1.4458276397845087,0.0,0.6012128657523285,0.36145690994612734,0.0
12,2822,b1226,5.0,2.5,1.0,3.5,2.5,0,True,0.0,0.6079070073266573,0.950795231106765,0.7623937968988943,0.3039535036633287,0.23769880777669133,0.3811968984494472
12,2823,b1226,5.0,2.5,1.0,3.5,3.5,0,True,-0.0,1.5640471645293237,2.4462435328722174,0.0,0.7820235822646617,0.6115608832180541,0.0
12,2824,b1226,5.0,2.5,1.0,3.5,4.5,0,True,-0.0,0.9561401572026664,1.495448301765452,0.7623937968988942,0.4780700786013332,0.3738620754413631,0.38119689844944715
12,2825,b1227,5.0,2.5,1.5,3.0,2.5,0,True,-0.0,0.7732567864264586,1.3234096744967911,0.8517532604822933,0.38662839321322895,0.3308524186241974,0.42587663024114647
12,2826,b1227,5.0,2.5,1.5,3.0,3.5,0,True,-0.0,1.711475020623896,2.929146746219565,0.0,0.8557375103119479,0.7322866865548912,0.0
12,2827,b1227,5.0,2.5,1.5,3.0,4.5,0,True,0.0,0.9382182341974379,1.6057370717227757,0.8517532604822933,0.46910911709871905,0.40143426793069387,0.4258766302411464
12,2828,b1228,5.0,2.5,2.0,2.5,2.5,0,True,0.0,0.8348752744117426,1.480084895033854,0.8849113917278789,0.41743763720587107,0.37002122375846314,0.44245569586393924
12,2829,b1228,5.0,2.5,2.0,2.5,3.5,0,True,0.0,1.7728215703557986,3.1428963203188,0.0,0.886410785177899,0.7857240800796993,0.0
12,2830,b1228,5.0,2.5,2.0,2.5,4.5,0,True,-0.0,0.9379462959440563,1.6628114252849469,0.8849113917278789,0.4689731479720279,0.4157028563212362,0.4424556958639392
12,2831,b1229,5.0,2.5,2.5,2.0,2.5,0,True,0.0,0.8348752744117424,1.4800848950338532,0.8849113917278787,0.41743763720587074,0.3700212237584627,0.44245569586393907
12,2832,b1229,5.0,2.5,2.5,2.0,3.5,0,True,0.0,1.7728215703557981,3.142896320318798,0.0,0.8864107851778987,0.785724080079699,0.0
12,2833,b1229,5.0,2.5,2.5,2.0,4.5,0,True,0.0,0.9379462959440561,1.662811425284946,0.8849113917278787,0.468973147972028,0.4157028563212362,0.44245569586393907
12,2834,b1230,5.0,2.5,3.0,1.5,2.5,0,True,0.0,0.7732567864264583,1.3234096744967907,0.8517532604822933,0.38662839321322917,0.3308524186241976,0.4258766302411466
12,2835,b1230,5.0,2.5,3.0,1.5,3.5,0,True,0.0,1.7114750206238962,2.929146746219566,0.0,0.8557375103119481,0.7322866865548915,0.0
12,2836,b1230,5.0,2.5,3.0,1.5,4.5,0,True,-0.0,0.9382182341974382,1.6057370717227764,0.8517532604822933,0.46910911709871894,0.40143426793069387,0.4258766302411466
12,2837,b1231,5.0,2.5,3.5,1.0,2.5,0,True,0.0,0.6079070073266569,0.9507952311067641,0.762393796898894,0.3039535036633287,0.23769880777669133,0.3811968984494472
12,2838,b1231,5.0,2.5,3.5,1.0,3.5,0,True,0.0,1.5640471645293232,2.446243532872216,0.0,0.7820235822646622,0.6115608832180548,0.0
12,2839,b1231,5.0,2.5,3.5,1.0,4.5,0,True,0.0,0.956140157202666,1.4954483017654507,0.762393796898894,0.4780700786013333,0.3738620754413632,0.3811968984494472
12,2840,b1232,5.0,2.5,4.0,0.5,3.5,0,True,0.0,1.2024257315046567,1.4458276397845087,0.0,0.6012128657523285,0.36145690994612734,0.0
12,2841,b1232,5.0,2.5,4.0,0.5,4.5,0,True,0.0,1.2024257315046567,1.4458276397845087,0.0,0.6012128657523285,0.36145690994612734,0.0
12,2842,b1233,5.0,2.5,4.5,0.0,4.5,0,False,0.0,0.0,0.0,0.0,0.0,0.0,0.0
12,2843,b1234,5.0,3.0,0.0,4.0,4.0,0,False,0.0,0.0,0.0,0.0,0.0,0.0,0.0
12,2844,b1235,5.0,3.0,0.5,3.5,3.0,0,True,0.0,1.2233453267335423,1.4965737884407975,0.0,0.6116726633667713,0.37414344711019953,0.0
12,2845,b1235,5.0,3.0,0.5,3.5,4.0,0,True,-0.0,1.2233453267335423,1.4965737884407975,0.0,0.6116726633667713,0.37414344711019953,0.0
12,2846,b1236,5.0,3.0,1.0,3.0,2.0,0,True,0.0,0.6011869526154546,0.9487425989870241,0.7663660006758959,0.3005934763077272,0.23718564974675585,0.3831830003379478
12,2847,b1236,5.0,3.0,1.0,3.0,3.0,0,True,-0.0,1.5781157506155676,2.4904493223409365,0.0,0.7890578753077838,0.6226123305852341,0.0
12,2848,b1236,5.0,3.0,1.0,3.0,4.0,0,True,0.0,0.9769287980001133,1.5417067233539135,0.7663660006758959,0.48846439900005656,0.38542668083847814,0.3831830003379478
12,2849,b1237,5.0,3.0,1.5,2.5,2.0,0,True,0.0,0.75410947552447,1.2906395301759175,0.8496813691614794,0.3770547377622348,0.3226598825439792,0.4248406845807397
12,2850,b1237,5.0,3.0,1.5,2.5,3.0,0,True,-0.0,1.7114750206238956,2.9291467462195637,0.0,0.8557375103119482,0.7322866865548917,0.0
12,2851,b1237,5.0,3.0,1.5,2.5,4.0,0,True,0.0,0.9573655450994257,1.6385072160436467,0.8496813691614793,0.4786827725497129,0.4096268040109117,0.42484068458073965
12,2852,b1238,5.0,3.0,2.0,2.0,2.0,0,True,0.0,0.7939803467642089,1.389225372864632,0.8711030833470965,0.3969901733821049,0.34730634321615844,0.43555154167354837
12,2853,b1238,5.0,3.0,2.0,2.0,3.0,0,True,0.0,1.7496974308322464,3.0614410994609638,0.0,0.874848715416123,0.7653602748652405,0.0
12,2854,b1238,5.0,3.0,2.0,2.0,4.0,0,True,0.0,0.9557170840680369,1.6722157265963298,0.8711030833470965,0.47785854203401823,0.41805393164908233,0.4355515416735484
12,2855,b1239,5.0,3.0,2.5,1.5,2.0,0,True,0.0,0.75410947552447,1.2906395301759175,0.8496813691614794,0.37705473776223525,0.32265988254397976,0.4248406845807399
12,2856,b1239,5.0,3.0,2.5,1.5,3.0,0,True,0.0,1.7114750206238956,2.9291467462195637,0.0,0.8557375103119484,0.732286686554892,0.0
12,2857,b1239,5.0,3.0,2.5,1.5,4.0,0,True,0.0,0.9573655450994253,1.6385072160436458,0.8496813691614793,0.4786827725497129,0.40962680401091195,0.4248406845807399
12,2858,b1240,5.0,3.0,3.0,1.0,2.0,0,True,0.0,0.6011869526154546,0.9487425989870241,0.7663660006758959,0.30059347630772704,0.23718564974675574,0.3831830003379478
12,2859,b1240,5.0,3.0,3.0,1.0,3.0,0,True,0.0,1.5781157506155676,2.4904493223409365,0.0,0.7890578753077838,0.6226123305852341,0.0
12,2860,b1240,5.0,3.0,3.0,1.0,4.0,0,True,0.0,0.9769287980001133,1.5417067233539135,0.7663660006758959,0.4884643990000567,0.3854266808384783,0.3831830003379478
12,2861,b1241,5.0,3.0,3.5,0.5,3.0,0,True,0.0,1.2233453267335423,1.4965737884407975,0.0,0.6116726633667713,0.37414344711019953,0.0
12,2862,b1241,5.0,3.0,3.5,0.5,4.0,0,True,0.0,1.2233453267335423,1.4965737884407975,0.0,0.6116726633667713,0.37414344711019953,0.0
12,2863,b1242,5.0,3.0,4.0,0.0,4.0,0,False,0.0,0.0,0.0,0.0,0.0,0.0,0.0
12,2864,b1243,5.0,3.5,0.0,3.5,3.5,0,False,0.0,0.0,0.0,0.0,0.0,0.0,0.0
12,2865,b1244,5.0,3.5,0.5,3.0,2.5,0,True,0.0,1.2233453267335432,1.4965737884407997,0.0,0.6116726633667716,0.3741434471101999,0.0
12,2866,b1244,5.0,3.5,0.5,3.0,3.5,0,True,-0.0,1.2233453267335432,1.4965737884407997,0.0,0.6116726633667716,0.3741434471101999,0.0
12,2867,b1245,5.0,3.5,1.0,2.5,1.5,0,True,0.0,0.5883939428939479,0.9202758780095074,0.7576730468844863,0.2941969714469741,0.23006896950237704,0.3788365234422433
12,2868,b1245,5.0,3.5,1.0,2.5,2.5,0,True,0.0,1.5640471645293224,2.446243532872213,0.0,0.7820235822646616,0.611560883218054,0.0
12,2869,b1245,5.0,3.5,1.0,2.5,3.5,0,True,0.0,0.9756532216353748,1.5259676548627068,0.7576730468844863,0.4878266108176875,0.3814919137156769,0.3788365234422433
12,2870,b1246,5.0,3.5,1.5,2.0,1.5,0,True,0.0,0.7196074792779494,1.2047588033170458,0.8288087107917492,0.35980373963897483,0.30118970082926155,0.4144043553958746
12,2871,b1246,5.0,3.5,1.5,2.0,2.5,0,True,0.0,1.6741888293405383,2.802908236288642,0.0,0.8370944146702692,0.7007270590721607,0.0
12,2872,b1246,5.0,3.5,1.5,2.0,3.5,0,True,0.0,0.9545813500625887,1.5981494329715957,0.8288087107917491,0.47729067503129424,0.3995373582428989,0.4144043553958746
12,2873,b1247,5.0,3.5,2.0,1.5,1.5,0,True,0.0,0.7196074792779494,1.2047588033170458,0.8288087107917492,0.3598037396389747,0.30118970082926144,0.4144043553958746
12,2874,b1247,5.0,3.5,2.0,1.5,2.5,0,True,0.0,1.6741888293405383,2.802908236288642,0.0,0.8370944146702691,0.7007270590721605,0.0
12,2875,b1247,5.0,3.5,2.0,1.5,3.5,0,True,-0.0,0.9545813500625887,1.5981494329715957,0.8288087107917491,0.47729067503129435,0.399537358242899,0.4144043553958746
12,2876,b1248,5.0,3.5,2.5,1.0,1.5,0,True,0.0,0.5883939428939478,0.9202758780095073,0.7576730468844863,0.294196971446974,0.23006896950237696,0.3788365234422433
12,2877,b1248,5.0,3.5,2.5,1.0,2.5,0,True,0.0,1.5640471645293226,2.446243532872214,0.0,0.7820235822646615,0.6115608832180538,0.0
12,2878,b1248,5.0,3.5,2.5,1.0,3.5,0,True,0.0,0.975653221635375,1.5259676548627072,0.7576730468844863,0.48782661081768763,0.38149191371567703,0.3788365234422433
12,2879,b1249,5.0,3.5,3.0,0.5,2.5,0,True,0.0,1.2233453267335432,1.4965737884407997,0.0,0.6116726633667716,0.3741434471101999,0.0
12,2880,b1249,5.0,3.5,3.0,0.5,3.5,0,True,0.0,1.2233453267335432,1.4965737884407997,0.0,0.6116726633667716,0.3741434471101999,0.0
12,2881,b1250,5.0,3.5,3.5,0.0,3.5,0,False,0.0,0.0,0.0,0.0,0.0,0.0,0.0
12,2882,b1251,5.0,4.0,0.0,3.0,3.0,0,False,0.0,0.0,0.0,0.0,0.0,0.0,0.0
12,2883,b1252,5.0,4.0,0.5,2.5,2.0,0,True,0.0,1.2024257315046571,1.4458276397845098,0.0,0.6012128657523285,0.36145690994612734,0.0
12,2884,b1252,5.0,4.0,0.5,2.5,3.0,0,True,-0.0,1.2024257315046571,1.4458276397845098,0.0,0.6012128657523285,0.36145690994612734,0.0
12,2885,b1253,5.0,4.0,1.0,2.0,1.0,0,True,0.0,0.5658426345760853,0.8597369190755696,0.7345468208164572,0.2829213172880423,0.21493422976889193,0.3672734104082282
12,2886,b1253,5.0,4.0,1.0,2.0,2.0,0,True,-0.0,1.519392259509859,2.308552838258475,0.0,0.7596961297549288,0.5771382095646177,0.0
12,2887,b1253,5.0,4.0,1.0,2.0,3.0,0,True,-0.0,0.9535496249337737,1.4488159191829049,0.7345468208164571,0.4767748124668863,0.3622039797957254,0.36727341040822814
12,2888,b1254,5.0,4.0,1.5,1.5,1.0,0,True,0.0,0.6569725741810551,1.0453126453131678,0.7833898659588888,0.32848628709052774,0.2613281613282922,0.3916949329794446
12,2889,b1254,5.0,4.0,1.5,1.5,2.0,0,True,0.0,1.591105453094743,2.5316165628678275,0.0,0.7955527265473716,0.6329041407169571,0.0
12,2890,b1254,5.0,4.0,1.5,1.5,3.0,0,True,0.0,0.9341328789136887,1.486303917554662,0.7833898659588888,0.46706643945684423,0.37157597938866554,0.39169493297944463
12,2891,b1255,5.0,4.0,2.0,1.0,1.0,0,True,0.0,0.5658426345760852,0.8597369190755695,0.7345468208164572,0.2829213172880423,0.21493422976889193,0.3672734104082282
12,2892,b1255,5.0,4.0,2.0,1.0,2.0,0,True,0.0,1.5193922595098588,2.308552838258474,0.0,0.7596961297549288,0.5771382095646177,0.0
12,2893,b1255,5.0,4.0,2.0,1.0,3.0,0,True,0.0,0.9535496249337737,1.4488159191829049,0.7345468208164571,0.4767748124668863,0.3622039797957254,0.36727341040822814
12,2894,b1256,5.0,4.0,2.5,0.5,2.0,0,True,0.0,1.202425731504657,1.4458276397845093,0.0,0.6012128657523285,0.36145690994612734,0.0
12,2895,b1256,5.0,4.0,2.5,0.5,3.0,0,True,0.0,1.202425731504657,1.4458276397845093,0.0,0.6012128657523285,0.36145690994612734,0.0
12,2896,b1257,5.0,4.0,3.0,0.0,3.0,0,False,0.0,0.0,0.0,0.0,0.0,0.0,0.0
12,2897,b1258,5.0,4.5,0.0,2.5,2.5,0,False,0.0,0.0,0.0,0.0,0.0,0.0,0.0
12,2898,b1259,5.0,4.5,0.5,2.0,1.5,0,True,-0.0,1.156968577671496,1.3385762897192044,0.0,0.578484288835748,0.3346440724298011,0.0
12,2899,b1259,5.0,4.5,0.5,2.0,2.5,0,True,0.0,1.156968577671496,1.3385762897192044,0.0,0.578484288835748,0.3346440724298011,0.0
12,2900,b1260,5.0,4.5,1.0,1.5,0.5,0,True,0.0,0.5249336438668986,0.7531845699332416,0.6911072561258937,0.26246682193344906,0.18829614248331014,0.34555362806294665
12,2901,b1260,5.0,4.5,1.0,1.5,1.5,0,True,0.0,1.434818626569529,2.05870449115087,0.0,0.7174093132847645,0.5146761227877175,0.0
12,2902,b1260,5.0,4.5,1.0,1.5,2.5,0,True,-0.0,0.9098849827026302,1.3055199212176274,0.6911072561258939,0.4549424913513151,0.3263799803044067,0.34555362806294665
12,2903,b1261,5.0,4.5,1.5,1.0,0.5,0,True,0.0,0.5249336438668986,0.7531845699332415,0.6911072561258936,0.26246682193344906,0.18829614248331017,0.3455536280629467
12,2904,b1261,5.0,4.5,1.5,1.0,1.5,0,True,0.0,1.4348186265695289,2.058704491150869,0.0,0.7174093132847642,0.5146761227877169,0.0
12,2905,b1261,5.0,4.5,1.5,1.0,2.5,0,True,0.0,0.9098849827026302,1.3055199212176272,0.6911072561258936,0.45494249135131515,0.3263799803044068,0.34555362806294676
12,2906,b1262,5.0,4.5,2.0,0.5,1.5,0,True,0.0,1.156968577671496,1.3385762897192044,0.0,0.578484288835748,0.3346440724298011,0.0
12,2907,b1262,5.0,4.5,2.0,0.5,2.5,0,True,0.0,1.156968577671496,1.3385762897192044,0.0,0.578484288835748,0.3346440724298011,0.0
12,2908,b1263,5.0,4.5,2.5,0.0,2.5,0,False,0.0,0.0,0.0,0.0,0.0,0.0,0.0
12,2909,b1264,5.0,5.0,0.0,2.0,2.0,0,False,0.0,0.0,0.0,0.0,0.0,0.0,0.0
12,2910,b1265,5.0,5.0,0.5,1.5,1.0,0,True,0.0,1.076680580209538,1.1592410718003474,0.0,0.538340290104769,0.28981026795008685,0.0
12,2911,b1265,5.0,5.0,0.5,1.5,2.0,0,True,0.0,1.076680580209538,1.1592410718003474,0.0,0.538340290104769,0.28981026795008685,0.0
12,2912,b1266,5.0,5.0,1.0,1.0,0.0,0,True,-0.0,0.43495707474198775,0.5581035877609187,0.6073845000432688,0.21747853737099393,0.1395258969402297,0.3036922500216344
12,2913,b1266,5.0,5.0,1.0,1.0,1.0,0,True,0.0,1.28312337048887,1.646405583894718,0.0,0.641561685244435,0.4116013959736795,0.0
12,2914,b1266,5.0,5.0,1.0,1.0,2.0,0,True,0.0,0.8481662957468824,1.0883019961337996,0.6073845000432688,0.4240831478734411,0.2720754990334498,0.3036922500216344
12,2915,b1267,5.0,5.0,1.5,0.5,1.0,0,True,0.0,1.076680580209538,1.1592410718003474,0.0,0.538340290104769,0.28981026795008685,0.0
12,2916,b1267,5.0,5.0,1.5,0.5,2.0,0,True,0.0,1.076680580209538,1.1592410718003474,0.0,0.538340290104769,0.28981026795008685,0.0
12,2917,b1268,5.0,5.0,2.0,0.0,2.0,0,False,0.0,0.0,0.0,0.0,0.0,0.0,0.0
12,2918,b1269,5.0,5.5,0.0,1.5,1.5,0,False,0.0,0.0,0.0,0.0,0.0,0.0,0.0
12,2919,b1270,5.0,5.5,0.5,1.0,0.5,0,True,0.0,0.9295414351272504,0.8640472796184283,0.0,0.4647707175636252,0.21601181990460708,0.0
12,2920,b1270,5.0,5.5,0.5,1.0,1.5,0,True,0.0,0.9295414351272504,0.8640472796184283,0.0,0.4647707175636252,0.21601181990460708,0.0
12,2921,b1271,5.0,5.5,1.0,0.5,0.5,0,True,0.0,0.9295414351272504,0.8640472796184283,0.0,0.4647707175636252,0.21601181990460708,0.0
12,2922,b1271,5.0,5.5,1.0,0.5,1.5,0,True,0.0,0.9295414351272504,0.8640472796184283,0.0,0.4647707175636252,0.21601181990460708,0.0
12,2923,b1272,5.0,5.5,1.5,0.0,1.5,0,False,0.0,0.0,0.0,0.0,0.0,0.0,0.0
12,2924,b1273,5.0,6.0,0.0,1.0,1.0,0,False,0.0,0.0,0.0,0.0,0.0,0.0,0.0
12,2925,b1274,5.0,6.0,0.5,0.5,1.0,0,True,0.0,0.0,0.0,0.0,0.0,0.0,0.0
12,2926,b1275,5.0,6.0,1.0,0.0,1.0,0,False,0.0,0.0,0.0,0.0,0.0,0.0,0.0
12,2927,b1276,5.5,0.0,0.5,6.0,5.5,0,False,0.0,0.0,0.0,0.0,0.0,0.0,0.0
12,2928,b1277,5.5,0.0,1.0,5.5,5.5,0,False,0.0,0.0,0.0,0.0,0.0,0.0,0.0
12,2929,b1278,5.5,0.0,1.5,5.0,5.5,0,False,0.0,0.0,0.0,0.0,0.0,0.0,0.0
12,2930,b1279,5.5,0.0,2.0,4.5,5.5,0,False,0.0,0.0,0.0,0.0,0.0,0.0,0.0
12,2931,b1280,5.5,0.0,2.5,4.0,5.5,0,False,0.0,0.0,0.0,0.0,0.0,0.0,0.0
12,2932,b1281,5.5,0.0,3.0,3.5,5.5,0,False,0.0,0.0,0.0,0.0,0.0,0.0,0.0
12,2933,b1282,5.5,0.0,3.5,3.0,5.5,0,False,0.0,0.0,0.0,0.0,0.0,0.0,0.0
12,2934,b1283,5.5,0.0,4.0,2.5,5.5,0,False,0.0,0.0,0.0,0.0,0.0,0.0,0.0
12,2935,b1284,5.5,0.0,4.5,2.0,5.5,0,False,0.0,0.0,0.0,0.0,0.0,0.0,0.0
12,2936,b1285,5.5,0.0,5.0,1.5,5.5,0,False,0.0,0.0,0.0,0.0,0.0,0.0,0.0
12,2937,b1286,5.5,0.0,5.5,1.0,5.5,0,False,0.0,0.0,0.0,0.0,0.0,0.0,0.0
12,2938,b1287,5.5,0.0,6.0,0.5,5.5,0,False,0.0,0.0,0.0,0.0,0.0,0.0,0.0
12,2939,b1288,5.5,0.5,0.0,6.0,6.0,0,False,0.0,0.0,0.0,0.0,0.0,0.0,0.0
12,2940,b1289,5.5,0.5,0.5,5.5,5.0,0,True,0.0,0.8004964789357508,0.640794612788535,0.0,0.4002482394678754,0.16019865319713375,0.0
12,2941,b1289,5.5,0.5,0.5,5.5,6.0,0,True,0.0,0.8004964789357508,0.640794612788535,0.0,0.4002482394678754,0.16019865319713375,0.0
12,2942,b1290,5.5,0.5,1.0,5.0,5.0,0,True,0.0,0.9295414351272532,0.8640472796184334,0.0,0.4647707175636266,0.21601181990460835,0.0
12,2943,b1290,5.5,0.5,1.0,5.0,6.0,0,True,0.0,0.9295414351272532,0.8640472796184334,0.0,0.4647707175636266,0.21601181990460835,0.0
12,2944,b1291,5.5,0.5,1.5,4.5,5.0,0,True,0.0,1.0019641796438659,1.0039322172894052,0.0,0.500982089821933,0.2509830543223514,0.0
12,2945,b1291,5.5,0.5,1.5,4.5,6.0,0,True,0.0,1.0019641796438659,1.0039322172894052,0.0,0.500982089821933,0.2509830543223514,0.0
12,2946,b1292,5.5,0.5,2.0,4.0,5.0,0,True,0.0,1.045439124897597,1.0929429638666532,0.0,0.5227195624487986,0.2732357409666634,0.0
12,2947,b1292,5.5,0.5,2.0,4.0,6.0,0,True,0.0,1.045439124897597,1.0929429638666532,0.0,0.5227195624487986,0.2732357409666634,0.0
12,2948,b1293,5.5,0.5,2.5,3.5,5.0,0,True,0.0,1.0691244602178605,1.1430271114361314,0.0,0.5345622301089303,0.285756777859033,0.0
12,2949,b1293,5.5,0.5,2.5,3.5,6.0,0,True,0.0,1.0691244602178605,1.1430271114361314,0.0,0.5345622301089303,0.285756777859033,0.0
12,2950,b1294,5.5,0.5,3.0,3.0,5.0,0,True,0.0,1.07668058020954,1.1592410718003519,0.0,0.53834029010477,0.28981026795008796,0.0
12,2951,b1294,5.5,0.5,3.0,3.0,6.0,0,True,0.0,1.07668058020954,1.1592410718003519,0.0,0.53834029010477,0.28981026795008796,0.0
12,2952,b1295,5.5,0.5,3.5,2.5,5.0,0,True,0.0,1.0691244602178605,1.1430271114361314,0.0,0.5345622301089302,0.28575677785903286,0.0
12,2953,b1295,5.5,0.5,3.5,2.5,6.0,0,True,0.0,1.0691244602178605,1.1430271114361314,0.0,0.5345622301089302,0.28575677785903286,0.0
12,2954,b1296,5.5,0.5,4.0,2.0,5.0,0,True,0.0,1.0454391248975972,1.0929429638666537,0.0,0.5227195624487986,0.2732357409666634,0.0
12,2955,b1296,5.5,0.5,4.0,2.0,6.0,0,True,0.0,1.0454391248975972,1.0929429638666537,0.0,0.5227195624487986,0.2732357409666634,0.0
12,2956,b1297,5.5,0.5,4.5,1.5,5.0,0,True,0.0,1.0019641796438659,1.0039322172894052,0.0,0.5009820898219329,0.2509830543223513,0.0
12,2957,b1297,5.5,0.5,4.5,1.5,6.0,0,True,0.0,1.0019641796438659,1.0039322172894052,0.0,0.5009820898219329,0.2509830543223513,0.0
12,2958,b1298,5.5,0.5,5.0,1.0,5.0,0,True,0.0,0.9295414351272533,0.8640472796184336,0.0,0.46477071756362665,0.2160118199046084,0.0
12,2959,b1298,5.5,0.5,5.0,1.0,6.0,0,True,0.0,0.9295414351272533,0.8640472796184336,0.0,0.46477071756362665,0.2160118199046084,0.0
12,2960,b1299,5.5,0.5,5.5,0.5,5.0,0,True,0.0,0.8004964789357506,0.6407946127885346,0.0,0.4002482394678753,0.16019865319713364,0.0
12,2961,b1299,5.5,0.5,5.5,0.5,6.0,0,True,0.0,0.8004964789357506,0.6407946127885346,0.0,0.4002482394678753,0.16019865319713364,0.0
12,2962,b1300,5.5,0.5,6.0,0.0,6.0,0,False,0.0,0.0,0.0,0.0,0.0,0.0,0.0
12,2963,b1301,5.5,1.0,0.0,5.5,5.5,0,False,0.0,0.0,0.0,0.0,0.0,0.0,0.0
12,2964,b1302,5.5,1.0,0.5,5.0,4.5,0,True,0.0,0.9295414351272532,0.8640472796184334,0.0,0.4647707175636265,0.21601181990460824,0.0
12,2965,b1302,5.5,1.0,0.5,5.0,5.5,0,True,-0.0,0.9295414351272532,0.8640472796184334,0.0,0.4647707175636265,0.21601181990460824,0.0
12,2966,b1303,5.5,1.0,1.0,4.5,4.5,0,True,0.0,1.07668058020954,1.1592410718003519,0.0,0.5383402901047701,0.2898102679500881,0.0
12,2967,b1303,5.5,1.0,1.0,4.5,5.5,0,True,0.0,1.07668058020954,1.1592410718003519,0.0,0.5383402901047701,0.2898102679500881,0.0
12,2968,b1304,5.5,1.0,1.5,4.0,4.5,0,True,0.0,1.1569685776714969,1.3385762897192064,0.0,0.5784842888357484,0.3346440724298016,0.0
12,2969,b1304,5.5,1.0,1.5,4.0,5.5,0,True,-0.0,1.1569685776714969,1.3385762897192064,0.0,0.5784842888357484,0.3346440724298016,0.0
12,2970,b1305,5.5,1.0,2.0,3.5,4.5,0,True,0.0,1.2024257315046567,1.4458276397845087,0.0,0.6012128657523285,0.36145690994612734,0.0
12,2971,b1305,5.5,1.0,2.0,3.5,5.5,0,True,-0.0,1.2024257315046567,1.4458276397845087,0.0,0.6012128657523285,0.36145690994612734,0.0
12,2972,b1306,5.5,1.0,2.5,3.0,4.5,0,True,0.0,1.223345326733543,1.496573788440799,0.0,0.6116726633667715,0.37414344711019976,0.0
12,2973,b1306,5.5,1.0,2.5,3.0,5.5,0,True,-0.0,1.223345326733543,1.496573788440799,0.0,0.6116726633667715,0.37414344711019976,0.0
12,2974,b1307,5.5,1.0,3.0,2.5,4.5,0,True,0.0,1.223345326733543,1.496573788440799,0.0,0.6116726633667715,0.37414344711019976,0.0
12,2975,b1307,5.5,1.0,3.0,2.5,5.5,0,True,0.0,1.223345326733543,1.496573788440799,0.0,0.6116726633667715,0.37414344711019976,0.0
12,2976,b1308,5.5,1.0,3.5,2.0,4.5,0,True,0.0,1.2024257315046567,1.4458276397845087,0.0,0.6012128657523284,0.36145690994612717,0.0
12,2977,b1308,5.5,1.0,3.5,2.0,5.5,0,True,0.0,1.2024257315046567,1.4458276397845087,0.0,0.6012128657523284,0.36145690994612717,0.0
12,2978,b1309,5.5,1.0,4.0,1.5,4.5,0,True,0.0,1.1569685776714969,1.3385762897192064,0.0,0.5784842888357484,0.3346440724298016,0.0
12,2979,b1309,5.5,1.0,4.0,1.5,5.5,0,True,0.0,1.1569685776714969,1.3385762897192064,0.0,0.5784842888357484,0.3346440724298016,0.0
12,2980,b1310,5.5,1.0,4.5,1.0,4.5,0,True,0.0,1.07668058020954,1.1592410718003519,0.0,0.53834029010477,0.28981026795008796,0.0
12,2981,b1310,5.5,1.0,4.5,1.0,5.5,0,True,0.0,1.07668058020954,1.1592410718003519,0.0,0.53834029010477,0.28981026795008796,0.0
12,2982,b1311,5.5,1.0,5.0,0.5,4.5,0,True,0.0,0.9295414351272533,0.8640472796184336,0.0,0.4647707175636266,0.21601181990460835,0.0
12,2983,b1311,5.5,1.0,5.0,0.5,5.5,0,True,0.0,0.9295414351272533,0.8640472796184336,0.0,0.4647707175636266,0.21601181990460835,0.0
12,2984,b1312,5.5,1.0,5.5,0.0,5.5,0,False,0.0,0.0,0.0,0.0,0.0,0.0,0.0
12,2985,b1313,5.5,1.5,0.0,5.0,5.0,0,False,0.0,0.0,0.0,0.0,0.0,0.0,0.0
12,2986,b1314,5.5,1.5,0.5,4.5,4.0,0,True,0.0,1.0019641796438656,1.0039322172894047,0.0,0.5009820898219328,0.2509830543223512,0.0
12,2987,b1314,5.5,1.5,0.5,4.5,5.0,0,True,-0.0,1.0019641796438656,1.0039322172894047,0.0,0.5009820898219328,0.2509830543223512,0.0
12,2988,b1315,5.5,1.5,1.0,4.0,4.0,0,True,0.0,1.1569685776714969,1.3385762897192064,0.0,0.5784842888357484,0.3346440724298016,0.0
12,2989,b1315,5.5,1.5,1.0,4.0,5.0,0,True,-0.0,1.1569685776714969,1.3385762897192064,0.0,0.5784842888357484,0.3346440724298016,0.0
12,2990,b1316,5.5,1.5,1.5,3.5,4.0,0,True,0.0,1.2383585073708865,1.53353179277785,0.0,0.6191792536854434,0.3833829481944626,0.0
12,2991,b1316,5.5,1.5,1.5,3.5,5.0,0,True,0.0,1.2383585073708865,1.53353179277785,0.0,0.6191792536854434,0.3833829481944626,0.0
12,2992,b1317,5.5,1.5,2.0,3.0,4.0,0,True,0.0,1.2803962065704428,1.6394144457999802,0.0,0.6401981032852213,0.4098536114499949,0.0
12,2993,b1317,5.5,1.5,2.0,3.0,5.0,0,True,-0.0,1.2803962065704428,1.6394144457999802,0.0,0.6401981032852213,0.4098536114499949,0.0
12,2994,b1318,5.5,1.5,2.5,2.5,4.0,0,True,0.0,1.2935301937523558,1.6732203621490072,0.0,0.646765096876178,0.4183050905372519,0.0
12,2995,b1318,5.5,1.5,2.5,2.5,5.0,0,True,0.0,1.2935301937523558,1.6732203621490072,0.0,0.646765096876178,0.4183050905372519,0.0
12,2996,b1319,5.5,1.5,3.0,2.0,4.0,0,True,0.0,1.2803962065704428,1.6394144457999802,0.0,0.6401981032852213,0.4098536114499949,0.0
12,2997,b1319,5.5,1.5,3.0,2.0,5.0,0,True,0.0,1.2803962065704428,1.6394144457999802,0.0,0.6401981032852213,0.4098536114499949,0.0
12,2998,b1320,5.5,1.5,3.5,1.5,4.0,0,True,0.0,1.2383585073708867,1.5335317927778505,0.0,0.6191792536854434,0.3833829481944626,0.0
12,2999,b1320,5.5,1.5,3.5,1.5,5.0,0,True,-0.0,1.2383585073708867,1.5335317927778505,0.0,0.6191792536854434,0.3833829481944626,0.0
12,3000,b1321,5.5,1.5,4.0,1.0,4.0,0,True,0.0,1.1569685776714966,1.338576289719206,0.0,0.5784842888357484,0.3346440724298016,0.0
12,3001,b1321,5.5,1.5,4.0,1.0,5.0,0,True,0.0,1.1569685776714966,1.338576289719206,0.0,0.5784842888357484,0.3346440724298016,0.0
12,3002,b1322,5.5,1.5,4.5,0.5,4.0,0,True,0.0,1.0019641796438656,1.0039322172894047,0.0,0.5009820898219328,0.2509830543223512,0.0
12,3003,b1322,5.5,1.5,4.5,0.5,5.0,0,True,0.0,1.0019641796438656,1.0039322172894047,0.0,0.5009820898219328,0.2509830543223512,0.0
12,3004,b1323,5.5,1.5,5.0,0.0,5.0,0,False,0.0,0.0,0.0,0.0,0.0,0.0,0.0
12,3005,b1324,5.5,2.0,0.0,4.5,4.5,0,False,0.0,0.0,0.0,0.0,0.0,0.0,0.0
12,3006,b1325,5.5,2.0,0.5,4.0,3.5,0,True,0.0,1.0454391248975963,1.092942963866652,0.0,0.5227195624487982,0.2732357409666631,0.0
12,3007,b1325,5.5,2.0,0.5,4.0,4.5,0,True,0.0,1.0454391248975963,1.092942963866652,0.0,0.5227195624487982,0.2732357409666631,0.0
12,3008,b1326,5.5,2.0,1.0,3.5,3.5,0,True,0.0,1.2024257315046567,1.4458276397845087,0.0,0.6012128657523284,0.36145690994612717,0.0
12,3009,b1326,5.5,2.0,1.0,3.5,4.5,0,True,0.0,1.2024257315046567,1.4458276397845087,0.0,0.6012128657523284,0.36145690994612717,0.0
12,3010,b1327,5.5,2.0,1.5,3.0,3.5,0,True,0.0,1.2803962065704424,1.639414445799979,0.0,0.6401981032852212,0.40985361144999477,0.0
12,3011,b1327,5.5,2.0,1.5,3.0,4.5,0,True,0.0,1.2803962065704424,1.639414445799979,0.0,0.6401981032852212,0.40985361144999477,0.0
12,3012,b1328,5.5,2.0,2.0,2.5,3.5,0,True,0.0,1.3145701043447118,1.7280945592368664,0.0,0.6572850521723559,0.4320236398092166,0.0
12,3013,b1328,5.5,2.0,2.0,2.5,4.5,0,True,0.0,1.3145701043447118,1.7280945592368664,0.0,0.6572850521723559,0.4320236398092166,0.0
12,3014,b1329,5.5,2.0,2.5,2.0,3.5,0,True,0.0,1.3145701043447118,1.7280945592368664,0.0,0.6572850521723559,0.4320236398092166,0.0
12,3015,b1329,5.5,2.0,2.5,2.0,4.5,0,True,0.0,1.3145701043447118,1.7280945592368664,0.0,0.6572850521723559,0.4320236398092166,0.0
12,3016,b1330,5.5,2.0,3.0,1.5,3.5,0,True,0.0,1.2803962065704424,1.639414445799979,0.0,0.6401981032852212,0.40985361144999477,0.0
12,3017,b1330,5.5,2.0,3.0,1.5,4.5,0,True,0.0,1.2803962065704424,1.639414445799979,0.0,0.6401981032852212,0.40985361144999477,0.0
12,3018,b1331,5.5,2.0,3.5,1.0,3.5,0,True,0.0,1.2024257315046567,1.4458276397845087,0.0,0.6012128657523282,0.36145690994612706,0.0
12,3019,b1331,5.5,2.0,3.5,1.0,4.5,0,True,0.0,1.2024257315046567,1.4458276397845087,0.0,0.6012128657523282,0.36145690994612706,0.0
12,3020,b1332,5.5,2.0,4.0,0.5,3.5,0,True,0.0,1.0454391248975963,1.092942963866652,0.0,0.5227195624487981,0.273235740966663,0.0
12,3021,b1332,5.5,2.0,4.0,0.5,4.5,0,True,0.0,1.0454391248975963,1.092942963866652,0.0,0.5227195624487981,0.273235740966663,0.0
12,3022,b1333,5.5,2.0,4.5,0.0,4.5,0,False,0.0,0.0,0.0,0.0,0.0,0.0,0.0
12,3023,b1334,5.5,2.5,0.0,4.0,4.0,0,False,0.0,0.0,0.0,0.0,0.0,0.0,0.0
12,3024,b1335,5.5,2.5,0.5,3.5,3.0,0,True,0.0,1.0691244602178607,1.143027111436132,0.0,0.5345622301089303,0.285756777859033,0.0
12,3025,b1335,5.5,2.5,0.5,3.5,4.0,0,True,0.0,1.0691244602178607,1.143027111436132,0.0,0.5345622301089303,0.285756777859033,0.0
12,3026,b1336,5.5,2.5,1.0,3.0,3.0,0,True,0.0,1.223345326733543,1.496573788440799,0.0,0.6116726633667714,0.37414344711019965,0.0
12,3027,b1336,5.5,2.5,1.0,3.0,4.0,0,True,0.0,1.223345326733543,1.496573788440799,0.0,0.6116726633667714,0.37414344711019965,0.0
12,3028,b1337,5.5,2.5,1.5,2.5,3.0,0,True,0.0,1.2935301937523558,1.6732203621490072,0.0,0.6467650968761779,0.4183050905372518,0.0
12,3029,b1337,5.5,2.5,1.5,2.5,4.0,0,True,0.0,1.2935301937523558,1.6732203621490072,0.0,0.6467650968761779,0.4183050905372518,0.0
12,3030,b1338,5.5,2.5,2.0,2.0,3.0,0,True,0.0,1.3145701043447118,1.7280945592368664,0.0,0.6572850521723559,0.4320236398092166,0.0
12,3031,b1338,5.5,2.5,2.0,2.0,4.0,0,True,0.0,1.3145701043447118,1.7280945592368664,0.0,0.6572850521723559,0.4320236398092166,0.0
12,3032,b1339,5.5,2.5,2.5,1.5,3.0,0,True,0.0,1.2935301937523556,1.6732203621490065,0.0,0.6467650968761779,0.4183050905372518,0.0
12,3033,b1339,5.5,2.5,2.5,1.5,4.0,0,True,0.0,1.2935301937523556,1.6732203621490065,0.0,0.6467650968761779,0.4183050905372518,0.0
12,3034,b1340,5.5,2.5,3.0,1.0,3.0,0,True,0.0,1.2233453267335428,1.4965737884407986,0.0,0.6116726633667714,0.37414344711019965,0.0
12,3035,b1340,5.5,2.5,3.0,1.0,4.0,0,True,0.0,1.2233453267335428,1.4965737884407986,0.0,0.6116726633667714,0.37414344711019965,0.0
12,3036,b1341,5.5,2.5,3.5,0.5,3.0,0,True,0.0,1.0691244602178607,1.143027111436132,0.0,0.5345622301089304,0.2857567778590331,0.0
12,3037,b1341,5.5,2.5,3.5,0.5,4.0,0,True,0.0,1.0691244602178607,1.143027111436132,0.0,0.5345622301089304,0.2857567778590331,0.0
12,3038,b1342,5.5,2.5,4.0,0.0,4.0,0,False,0.0,0.0,0.0,0.0,0.0,0.0,0.0
12,3039,b1343,5.5,3.0,0.0,3.5,3.5,0,False,0.0,0.0,0.0,0.0,0.0,0.0,0.0
12,3040,b1344,5.5,3.0,0.5,3.0,2.5,0,True,0.0,1.0766805802095412,1.1592410718003543,0.0,0.5383402901047706,0.2898102679500886,0.0
12,3041,b1344,5.5,3.0,0.5,3.0,3.5,0,True,0.0,1.0766805802095412,1.1592410718003543,0.0,0.5383402901047706,0.2898102679500886,0.0
12,3042,b1345,5.5,3.0,1.0,2.5,2.5,0,True,0.0,1.2233453267335432,1.4965737884407997,0.0,0.6116726633667716,0.3741434471101999,0.0
12,3043,b1345,5.5,3.0,1.0,2.5,3.5,0,True,0.0,1.2233453267335432,1.4965737884407997,0.0,0.6116726633667716,0.3741434471101999,0.0
12,3044,b1346,5.5,3.0,1.5,2.0,2.5,0,True,0.0,1.2803962065704428,1.6394144457999802,0.0,0.6401981032852215,0.40985361144999516,0.0
12,3045,b1346,5.5,3.0,1.5,2.0,3.5,0,True,0.0,1.2803962065704428,1.6394144457999802,0.0,0.6401981032852215,0.40985361144999516,0.0
12,3046,b1347,5.5,3.0,2.0,1.5,2.5,0,True,0.0,1.280396206570443,1.6394144457999806,0.0,0.6401981032852215,0.40985361144999516,0.0
12,3047,b1347,5.5,3.0,2.0,1.5,3.5,0,True,0.0,1.280396206570443,1.6394144457999806,0.0,0.6401981032852215,0.40985361144999516,0.0
12,3048,b1348,5.5,3.0,2.5,1.0,2.5,0,True,0.0,1.2233453267335432,1.4965737884407997,0.0,0.6116726633667716,0.3741434471101999,0.0
12,3049,b1348,5.5,3.0,2.5,1.0,3.5,0,True,0.0,1.2233453267335432,1.4965737884407997,0.0,0.6116726633667716,0.3741434471101999,0.0
12,3050,b1349,5.5,3.0,3.0,0.5,2.5,0,True,0.0,1.0766805802095412,1.1592410718003543,0.0,0.5383402901047706,0.2898102679500886,0.0
12,3051,b1349,5.5,3.0,3.0,0.5,3.5,0,True,0.0,1.0766805802095412,1.1592410718003543,0.0,0.5383402901047706,0.2898102679500886,0.0
12,3052,b1350,5.5,3.0,3.5,0.0,3.5,0,False,0.0,0.0,0.0,0.0,0.0,0.0,0.0
12,3053,b1351,5.5,3.5,0.0,3.0,3.0,0,False,0.0,0.0,0.0,0.0,0.0,0.0,0.0
12,3054,b1352,5.5,3.5,0.5,2.5,2.0,0,True,0.0,1.069124460217859,1.1430271114361281,0.0,0.5345622301089294,0.28575677785903203,0.0
12,3055,b1352,5.5,3.5,0.5,2.5,3.0,0,True,0.0,1.069124460217859,1.1430271114361281,0.0,0.5345622301089294,0.28575677785903203,0.0
12,3056,b1353,5.5,3.5,1.0,2.0,2.0,0,True,0.0,1.2024257315046571,1.4458276397845098,0.0,0.6012128657523286,0.36145690994612745,0.0
12,3057,b1353,5.5,3.5,1.0,2.0,3.0,0,True,-0.0,1.2024257315046571,1.4458276397845098,0.0,0.6012128657523286,0.36145690994612745,0.0
12,3058,b1354,5.5,3.5,1.5,1.5,2.0,0,True,0.0,1.2383585073708867,1.5335317927778505,0.0,0.6191792536854434,0.3833829481944626,0.0
12,3059,b1354,5.5,3.5,1.5,1.5,3.0,0,True,0.0,1.2383585073708867,1.5335317927778505,0.0,0.6191792536854434,0.3833829481944626,0.0
12,3060,b1355,5.5,3.5,2.0,1.0,2.0,0,True,0.0,1.2024257315046571,1.4458276397845098,0.0,0.6012128657523286,0.36145690994612745,0.0
12,3061,b1355,5.5,3.5,2.0,1.0,3.0,0,True,0.0,1.2024257315046571,1.4458276397845098,0.0,0.6012128657523286,0.36145690994612745,0.0
12,3062,b1356,5.5,3.5,2.5,0.5,2.0,0,True,0.0,1.069124460217859,1.1430271114361281,0.0,0.5345622301089296,0.28575677785903214,0.0
12,3063,b1356,5.5,3.5,2.5,0.5,3.0,0,True,0.0,1.069124460217859,1.1430271114361281,0.0,0.5345622301089296,0.28575677785903214,0.0
12,3064,b1357,5.5,3.5,3.0,0.0,3.0,0,False,0.0,0.0,0.0,0.0,0.0,0.0,0.0
12,3065,b1358,5.5,4.0,0.0,2.5,2.5,0,False,0.0,0.0,0.0,0.0,0.0,0.0,0.0
12,3066,b1359,5.5,4.0,0.5,2.0,1.5,0,True,0.0,1.0454391248975952,1.0929429638666497,0.0,0.5227195624487976,0.2732357409666624,0.0
12,3067,b1359,5.5,4.0,0.5,2.0,2.5,0,True,0.0,1.0454391248975952,1.0929429638666497,0.0,0.5227195624487976,0.2732357409666624,0.0
12,3068,b1360,5.5,4.0,1.0,1.5,1.5,0,True,0.0,1.1569685776714957,1.338576289719204,0.0,0.5784842888357479,0.334644072429801,0.0
12,3069,b1360,5.5,4.0,1.0,1.5,2.5,0,True,0.0,1.1569685776714957,1.338576289719204,0.0,0.5784842888357479,0.334644072429801,0.0
12,3070,b1361,5.5,4.0,1.5,1.0,1.5,0,True,0.0,1.1569685776714957,1.338576289719204,0.0,0.5784842888357479,0.334644072429801,0.0
12,3071,b1361,5.5,4.0,1.5,1.0,2.5,0,True,0.0,1.1569685776714957,1.338576289719204,0.0,0.5784842888357479,0.334644072429801,0.0
12,3072,b1362,5.5,4.0,2.0,0.5,1.5,0,True,0.0,1.0454391248975952,1.0929429638666497,0.0,0.5227195624487976,0.2732357409666624,0.0
12,3073,b1362,5.5,4.0,2.0,0.5,2.5,0,True,0.0,1.0454391248975952,1.0929429638666497,0.0,0.5227195624487976,0.2732357409666624,0.0
12,3074,b1363,5.5,4.0,2.5,0.0,2.5,0,False,0.0,0.0,0.0,0.0,0.0,0.0,0.0
12,3075,b1364,5.5,4.5,0.0,2.0,2.0,0,False,0.0,0.0,0.0,0.0,0.0,0.0,0.0
12,3076,b1365,5.5,4.5,0.5,1.5,1.0,0,True,0.0,1.0019641796438672,1.0039322172894078,0.0,0.5009820898219336,0.25098305432235196,0.0
12,3077,b1365,5.5,4.5,0.5,1.5,2.0,0,True,0.0,1.0019641796438672,1.0039322172894078,0.0,0.5009820898219336,0.25098305432235196,0.0
12,3078,b1366,5.5,4.5,1.0,1.0,1.0,0,True,0.0,1.0766805802095396,1.1592410718003507,0.0,0.5383402901047698,0.2898102679500877,0.0
12,3079,b1366,5.5,4.5,1.0,1.0,2.0,0,True,0.0,1.0766805802095396,1.1592410718003507,0.0,0.5383402901047698,0.2898102679500877,0.0
12,3080,b1367,5.5,4.5,1.5,0.5,1.0,0,True,0.0,1.0019641796438674,1.0039322172894083,0.0,0.5009820898219336,0.25098305432235196,0.0
12,3081,b1367,5.5,4.5,1.5,0.5,2.0,0,True,0.0,1.0019641796438674,1.0039322172894083,0.0,0.5009820898219336,0.25098305432235196,0.0
12,3082,b1368,5.5,4.5,2.0,0.0,2.0,0,False,0.0,0.0,0.0,0.0,0.0,0.0,0.0
12,3083,b1369,5.5,5.0,0.0,1.5,1.5,0,False,0.0,0.0,0.0,0.0,0.0,0.0,0.0
12,3084,b1370,5.5,5.0,0.5,1.0,0.5,0,True,0.0,0.9295414351272504,0.8640472796184283,0.0,0.4647707175636252,0.21601181990460708,0.0
12,3085,b1370,5.5,5.0,0.5,1.0,1.5,0,True,-0.0,0.9295414351272504,0.8640472796184283,0.0,0.4647707175636252,0.21601181990460708,0.0
12,3086,b1371,5.5,5.0,1.0,0.5,0.5,0,True,0.0,0.9295414351272504,0.8640472796184283,0.0,0.4647707175636252,0.21601181990460708,0.0
12,3087,b1371,5.5,5.0,1.0,0.5,1.5,0,True,0.0,0.9295414351272504,0.8640472796184283,0.0,0.4647707175636252,0.21601181990460708,0.0
12,3088,b1372,5.5,5.0,1.5,0.0,1.5,0,False,0.0,0.0,0.0,0.0,0.0,0.0,0.0
12,3089,b1373,5.5,5.5,0.0,1.0,1.0,0,False,0.0,0.0,0.0,0.0,0.0,0.0,0.0
12,3090,b1374,5.5,5.5,0.5,0.5,0.0,0,True,0.0,0.8004964789357477,0.64079461278853,0.0,0.4002482394678739,0.16019865319713253,0.0
12,3091,b1374,5.5,5.5,0.5,0.5,1.0,0,True,-0.0,0.8004964789357477,0.64079461278853,0.0,0.4002482394678739,0.16019865319713253,0.0
12,3092,b1375,5.5,5.5,1.0,0.0,1.0,0,False,0.0,0.0,0.0,0.0,0.0,0.0,0.0
12,3093,b1376,5.5,6.0,0.0,0.5,0.5,0,False,0.0,0.0,0.0,0.0,0.0,0.0,0.0
12,3094,b1377,5.5,6.0,0.5,0.0,0.5,0,False,0.0,0.0,0.0,0.0,0.0,0.0,0.0
12,3095,b1378,6.0,0.0,0.0,6.0,6.0,0,False,0.0,0.0,0.0,0.0,0.0,0.0,0.0
12,3096,b1379,6.0,0.0,0.5,5.5,6.0,0,False,0.0,0.0,0.0,0.0,0.0,0.0,0.0
12,3097,b1380,6.0,0.0,1.0,5.0,6.0,0,False,0.0,0.0,0.0,0.0,0.0,0.0,0.0
12,3098,b1381,6.0,0.0,1.5,4.5,6.0,0,False,0.0,0.0,0.0,0.0,0.0,0.0,0.0
12,3099,b1382,6.0,0.0,2.0,4.0,6.0,0,False,0.0,0.0,0.0,0.0,0.0,0.0,0.0
12,3100,b1383,6.0,0.0,2.5,3.5,6.0,0,False,0.0,0.0,0.0,0.0,0.0,0.0,0.0
12,3101,b1384,6.0,0.0,3.0,3.0,6.0,0,False,0.0,0.0,0.0,0.0,0.0,0.0,0.0
12,3102,b1385,6.0,0.0,3.5,2.5,6.0,0,False,0.0,0.0,0.0,0.0,0.0,0.0,0.0
12,3103,b1386,6.0,0.0,4.0,2.0,6.0,0,False,0.0,0.0,0.0,0.0,0.0,0.0,0.0
12,3104,b1387,6.0,0.0,4.5,1.5,6.0,0,False,0.0,0.0,0.0,0.0,0.0,0.0,0.0
12,3105,b1388,6.0,0.0,5.0,1.0,6.0,0,False,0.0,0.0,0.0,0.0,0.0,0.0,0.0
12,3106,b1389,6.0,0.0,5.5,0.5,6.0,0,False,0.0,0.0,0.0,0.0,0.0,0.0,0.0
12,3107,b1390,6.0,0.0,6.0,0.0,6.0,0,False,0.0,0.0,0.0,0.0,0.0,0.0,0.0
12,3108,b1391,6.0,0.5,0.0,5.5,5.5,0,False,0.0,0.0,0.0,0.0,0.0,0.0,0.0
12,3109,b1392,6.0,0.5,0.5,5.0,5.5,0,True,0.0,0.0,0.0,0.0,0.0,0.0,0.0
12,3110,b1393,6.0,0.5,1.0,4.5,5.5,0,True,0.0,0.0,0.0,0.0,0.0,0.0,0.0
12,3111,b1394,6.0,0.5,1.5,4.0,5.5,0,True,0.0,0.0,0.0,0.0,0.0,0.0,0.0
12,3112,b1395,6.0,0.5,2.0,3.5,5.5,0,True,0.0,0.0,0.0,0.0,0.0,0.0,0.0
12,3113,b1396,6.0,0.5,2.5,3.0,5.5,0,True,0.0,0.0,0.0,0.0,0.0,0.0,0.0
12,3114,b1397,6.0,0.5,3.0,2.5,5.5,0,True,0.0,0.0,0.0,0.0,0.0,0.0,0.0
12,3115,b1398,6.0,0.5,3.5,2.0,5.5,0,True,0.0,0.0,0.0,0.0,0.0,0.0,0.0
12,3116,b1399,6.0,0.5,4.0,1.5,5.5,0,True,0.0,0.0,0.0,0.0,0.0,0.0,0.0
12,3117,b1400,6.0,0.5,4.5,1.0,5.5,0,True,0.0,0.0,0.0,0.0,0.0,0.0,0.0
12,3118,b1401,6.0,0.5,5.0,0.5,5.5,0,True,0.0,0.0,0.0,0.0,0.0,0.0,0.0
12,3119,b1402,6.0,0.5,5.5,0.0,5.5,0,False,0.0,0.0,0.0,0.0,0.0,0.0,0.0
12,3120,b1403,6.0,1.0,0.0,5.0,5.0,0,False,0.0,0.0,0.0,0.0,0.0,0.0,0.0
12,3121,b1404,6.0,1.0,0.5,4.5,5.0,0,True,0.0,0.0,0.0,0.0,0.0,0.0,0.0
12,3122,b1405,6.0,1.0,1.0,4.0,5.0,0,True,0.0,0.0,0.0,0.0,0.0,0.0,0.0
12,3123,b1406,6.0,1.0,1.5,3.5,5.0,0,True,0.0,0.0,0.0,0.0,0.0,0.0,0.0
12,3124,b1407,6.0,1.0,2.0,3.0,5.0,0,True,0.0,0.0,0.0,0.0,0.0,0.0,0.0
12,3125,b1408,6.0,1.0,2.5,2.5,5.0,0,True,0.0,0.0,0.0,0.0,0.0,0.0,0.0
12,3126,b1409,6.0,1.0,3.0,2.0,5.0,0,True,0.0,0.0,0.0,0.0,0.0,0.0,0.0
12,3127,b1410,6.0,1.0,3.5,1.5,5.0,0,True,0.0,0.0,0.0,0.0,0.0,0.0,0.0
12,3128,b1411,6.0,1.0,4.0,1.0,5.0,0,True,0.0,0.0,0.0,0.0,0.0,0.0,0.0
12,3129,b1412,6.0,1.0,4.5,0.5,5.0,0,True,0.0,0.0,0.0,0.0,0.0,0.0,0.0
12,3130,b1413,6.0,1.0,5.0,0.0,5.0,0,False,0.0,0.0,0.0,0.0,0.0,0.0,0.0
12,3131,b1414,6.0,1.5,0.0,4.5,4.5,0,False,0.0,0.0,0.0,0.0,0.0,0.0,0.0
12,3132,b1415,6.0,1.5,0.5,4.0,4.5,0,True,0.0,0.0,0.0,0.0,0.0,0.0,0.0
12,3133,b1416,6.0,1.5,1.0,3.5,4.5,0,True,0.0,0.0,0.0,0.0,0.0,0.0,0.0
12,3134,b1417,6.0,1.5,1.5,3.0,4.5,0,True,0.0,0.0,0.0,0.0,0.0,0.0,0.0
12,3135,b1418,6.0,1.5,2.0,2.5,4.5,0,True,0.0,0.0,0.0,0.0,0.0,0.0,0.0
12,3136,b1419,6.0,1.5,2.5,2.0,4.5,0,True,0.0,0.0,0.0,0.0,0.0,0.0,0.0
12,3137,b1420,6.0,1.5,3.0,1.5,4.5,0,True,0.0,0.0,0.0,0.0,0.0,0.0,0.0
12,3138,b1421,6.0,1.5,3.5,1.0,4.5,0,True,0.0,0.0,0.0,0.0,0.0,0.0,0.0
12,3139,b1422,6.0,1.5,4.0,0.5,4.5,0,True,0.0,0.0,0.0,0.0,0.0,0.0,0.0
12,3140,b1423,6.0,1.5,4.5,0.0,4.5,0,False,0.0,0.0,0.0,0.0,0.0,0.0,0.0
12,3141,b1424,6.0,2.0,0.0,4.0,4.0,0,False,0.0,0.0,0.0,0.0,0.0,0.0,0.0
12,3142,b1425,6.0,2.0,0.5,3.5,4.0,0,True,0.0,0.0,0.0,0.0,0.0,0.0,0.0
12,3143,b1426,6.0,2.0,1.0,3.0,4.0,0,True,0.0,0.0,0.0,0.0,0.0,0.0,0.0
12,3144,b1427,6.0,2.0,1.5,2.5,4.0,0,True,0.0,0.0,0.0,0.0,0.0,0.0,0.0
12,3145,b1428,6.0,2.0,2.0,2.0,4.0,0,True,0.0,0.0,0.0,0.0,0.0,0.0,0.0
12,3146,b1429,6.0,2.0,2.5,1.5,4.0,0,True,0.0,0.0,0.0,0.0,0.0,0.0,0.0
12,3147,b1430,6.0,2.0,3.0,1.0,4.0,0,True,0.0,0.0,0.0,0.0,0.0,0.0,0.0
12,3148,b1431,6.0,2.0,3.5,0.5,4.0,0,True,0.0,0.0,0.0,0.0,0.0,0.0,0.0
12,3149,b1432,6.0,2.0,4.0,0.0,4.0,0,False,0.0,0.0,0.0,0.0,0.0,0.0,0.0
12,3150,b1433,6.0,2.5,0.0,3.5,3.5,0,False,0.0,0.0,0.0,0.0,0.0,0.0,0.0
12,3151,b1434,6.0,2.5,0.5,3.0,3.5,0,True,0.0,0.0,0.0,0.0,0.0,0.0,0.0
12,3152,b1435,6.0,2.5,1.0,2.5,3.5,0,True,0.0,0.0,0.0,0.0,0.0,0.0,0.0
12,3153,b1436,6.0,2.5,1.5,2.0,3.5,0,True,0.0,0.0,0.0,0.0,0.0,0.0,0.0
12,3154,b1437,6.0,2.5,2.0,1.5,3.5,0,True,0.0,0.0,0.0,0.0,0.0,0.0,0.0
12,3155,b1438,6.0,2.5,2.5,1.0,3.5,0,True,0.0,0.0,0.0,0.0,0.0,0.0,0.0
12,3156,b1439,6.0,2.5,3.0,0.5,3.5,0,True,0.0,0.0,0.0,0.0,0.0,0.0,0.0
12,3157,b1440,6.0,2.5,3.5,0.0,3.5,0,False,0.0,0.0,0.0,0.0,0.0,0.0,0.0
12,3158,b1441,6.0,3.0,0.0,3.0,3.0,0,False,0.0,0.0,0.0,0.0,0.0,0.0,0.0
12,3159,b1442,6.0,3.0,0.5,2.5,3.0,0,True,0.0,0.0,0.0,0.0,0.0,0.0,0.0
12,3160,b1443,6.0,3.0,1.0,2.0,3.0,0,True,0.0,0.0,0.0,0.0,0.0,0.0,0.0
12,3161,b1444,6.0,3.0,1.5,1.5,3.0,0,True,0.0,0.0,0.0,0.0,0.0,0.0,0.0
12,3162,b1445,6.0,3.0,2.0,1.0,3.0,0,True,0.0,0.0,0.0,0.0,0.0,0.0,0.0
12,3163,b1446,6.0,3.0,2.5,0.5,3.0,0,True,0.0,0.0,0.0,0.0,0.0,0.0,0.0
12,3164,b1447,6.0,3.0,3.0,0.0,3.0,0,False,0.0,0.0,0.0,0.0,0.0,0.0,0.0
12,3165,b1448,6.0,3.5,0.0,2.5,2.5,0,False,0.0,0.0,0.0,0.0,0.0,0.0,0.0
12,3166,b1449,6.0,3.5,0.5,2.0,2.5,0,True,0.0,0.0,0.0,0.0,0.0,0.0,0.0
12,3167,b1450,6.0,3.5,1.0,1.5,2.5,0,True,0.0,0.0,0.0,0.0,0.0,0.0,0.0
12,3168,b1451,6.0,3.5,1.5,1.0,2.5,0,True,0.0,0.0,0.0,0.0,0.0,0.0,0.0
12,3169,b1452,6.0,3.5,2.0,0.5,2.5,0,True,0.0,0.0,0.0,0.0,0.0,0.0,0.0
12,3170,b1453,6.0,3.5,2.5,0.0,2.5,0,False,0.0,0.0,0.0,0.0,0.0,0.0,0.0
12,3171,b1454,6.0,4.0,0.0,2.0,2.0,0,False,0.0,0.0,0.0,0.0,0.0,0.0,0.0
12,3172,b1455,6.0,4.0,0.5,1.5,2.0,0,True,0.0,0.0,0.0,0.0,0.0,0.0,0.0
12,3173,b1456,6.0,4.0,1.0,1.0,2.0,0,True,0.0,0.0,0.0,0.0,0.0,0.0,0.0
12,3174,b1457,6.0,4.0,1.5,0.5,2.0,0,True,0.0,0.0,0.0,0.0,0.0,0.0,0.0
12,3175,b1458,6.0,4.0,2.0,0.0,2.0,0,False,0.0,0.0,0.0,0.0,0.0,0.0,0.0
12,3176,b1459,6.0,4.5,0.0,1.5,1.5,0,False,0.0,0.0,0.0,0.0,0.0,0.0,0.0
12,3177,b1460,6.0,4.5,0.5,1.0,1.5,0,True,0.0,0.0,0.0,0.0,0.0,0.0,0.0
12,3178,b1461,6.0,4.5,1.0,0.5,1.5,0,True,0.0,0.0,0.0,0.0,0.0,0.0,0.0
12,3179,b1462,6.0,4.5,1.5,0.0,1.5,0,False,0.0,0.0,0.0,0.0,0.0,0.0,0.0
12,3180,b1463,6.0,5.0,0.0,1.0,1.0,0,False,0.0,0.0,0.0,0.0,0.0,0.0,0.0
12,3181,b1464,6.0,5.0,0.5,0.5,1.0,0,True,0.0,0.0,0.0,0.0,0.0,0.0,0.0
12,3182,b1465,6.0,5.0,1.0,0.0,1.0,0,False,0.0,0.0,0.0,0.0,0.0,0.0,0.0
12,3183,b1466,6.0,5.5,0.0,0.5,0.5,0,False,0.0,0.0,0.0,0.0,0.0,0.0,0.0
12,3184,b1467,6.0,5.5,0.5,0.0,0.5,0,False,0.0,0.0,0.0,0.0,0.0,0.0,0.0
12,3185,b1468,6.0,6.0,0.0,0.0,0.0,0,False,0.0,0.0,0.0,0.0,0.0,0.0,0.0
