K,state_index_at_K,block,j1,j2,j3,j4,k_pair,J_total,all_four_faces_active,q012_mean,rs_mean,rs_second_moment,rs_sd,al_mean,al_second_moment,al_sd
11,1,b0000,0.0,0.0,5.5,5.5,0.0,0,False,0.0,0.0,0.0,0.0,0.0,0.0,0.0
11,2,b0001,0.0,0.5,5.0,5.5,0.5,0,False,0.0,0.0,0.0,0.0,0.0,0.0,0.0
11,3,b0002,0.0,0.5,5.5,5.0,0.5,0,False,0.0,0.0,0.0,0.0,0.0,0.0,0.0
11,4,b0003,0.0,1.0,4.5,5.5,1.0,0,False,0.0,0.0,0.0,0.0,0.0,0.0,0.0
11,5,b0004,0.0,1.0,5.0,5.0,1.0,0,False,0.0,0.0,0.0,0.0,0.0,0.0,0.0
11,6,b0005,0.0,1.0,5.5,4.5,1.0,0,False,0.0,0.0,0.0,0.0,0.0,0.0,0.0
11,7,b0006,0.0,1.5,4.0,5.5,1.5,0,False,0.0,0.0,0.0,0.0,0.0,0.0,0.0
11,8,b0007,0.0,1.5,4.5,5.0,1.5,0,False,0.0,0.0,0.0,0.0,0.0,0.0,0.0
11,9,b0008,0.0,1.5,5.0,4.5,1.5,0,False,0.0,0.0,0.0,0.0,0.0,0.0,0.0
11,10,b0009,0.0,1.5,5.5,4.0,1.5,0,False,0.0,0.0,0.0,0.0,0.0,0.0,0.0
11,11,b0010,0.0,2.0,3.5,5.5,2.0,0,False,0.0,0.0,0.0,0.0,0.0,0.0,0.0
11,12,b0011,0.0,2.0,4.0,5.0,2.0,0,False,0.0,0.0,0.0,0.0,0.0,0.0,0.0
11,13,b0012,0.0,2.0,4.5,4.5,2.0,0,False,0.0,0.0,0.0,0.0,0.0,0.0,0.0
11,14,b0013,0.0,2.0,5.0,4.0,2.0,0,False,0.0,0.0,0.0,0.0,0.0,0.0,0.0
11,15,b0014,0.0,2.0,5.5,3.5,2.0,0,False,0.0,0.0,0.0,0.0,0.0,0.0,0.0
11,16,b0015,0.0,2.5,3.0,5.5,2.5,0,False,0.0,0.0,0.0,0.0,0.0,0.0,0.0
11,17,b0016,0.0,2.5,3.5,5.0,2.5,0,False,0.0,0.0,0.0,0.0,0.0,0.0,0.0
11,18,b0017,0.0,2.5,4.0,4.5,2.5,0,False,0.0,0.0,0.0,0.0,0.0,0.0,0.0
11,19,b0018,0.0,2.5,4.5,4.0,2.5,0,False,0.0,0.0,0.0,0.0,0.0,0.0,0.0
11,20,b0019,0.0,2.5,5.0,3.5,2.5,0,False,0.0,0.0,0.0,0.0,0.0,0.0,0.0
11,21,b0020,0.0,2.5,5.5,3.0,2.5,0,False,0.0,0.0,0.0,0.0,0.0,0.0,0.0
11,22,b0021,0.0,3.0,2.5,5.5,3.0,0,False,0.0,0.0,0.0,0.0,0.0,0.0,0.0
11,23,b0022,0.0,3.0,3.0,5.0,3.0,0,False,0.0,0.0,0.0,0.0,0.0,0.0,0.0
11,24,b0023,0.0,3.0,3.5,4.5,3.0,0,False,0.0,0.0,0.0,0.0,0.0,0.0,0.0
11,25,b0024,0.0,3.0,4.0,4.0,3.0,0,False,0.0,0.0,0.0,0.0,0.0,0.0,0.0
11,26,b0025,0.0,3.0,4.5,3.5,3.0,0,False,0.0,0.0,0.0,0.0,0.0,0.0,0.0
11,27,b0026,0.0,3.0,5.0,3.0,3.0,0,False,0.0,0.0,0.0,0.0,0.0,0.0,0.0
11,28,b0027,0.0,3.0,5.5,2.5,3.0,0,False,0.0,0.0,0.0,0.0,0.0,0.0,0.0
11,29,b0028,0.0,3.5,2.0,5.5,3.5,0,False,0.0,0.0,0.0,0.0,0.0,0.0,0.0
11,30,b0029,0.0,3.5,2.5,5.0,3.5,0,False,0.0,0.0,0.0,0.0,0.0,0.0,0.0
11,31,b0030,0.0,3.5,3.0,4.5,3.5,0,False,0.0,0.0,0.0,0.0,0.0,0.0,0.0
11,32,b0031,0.0,3.5,3.5,4.0,3.5,0,False,0.0,0.0,0.0,0.0,0.0,0.0,0.0
11,33,b0032,0.0,3.5,4.0,3.5,3.5,0,False,0.0,0.0,0.0,0.0,0.0,0.0,0.0
11,34,b0033,0.0,3.5,4.5,3.0,3.5,0,False,0.0,0.0,0.0,0.0,0.0,0.0,0.0
11,35,b0034,0.0,3.5,5.0,2.5,3.5,0,False,0.0,0.0,0.0,0.0,0.0,0.0,0.0
11,36,b0035,0.0,3.5,5.5,2.0,3.5,0,False,0.0,0.0,0.0,0.0,0.0,0.0,0.0
11,37,b0036,0.0,4.0,1.5,5.5,4.0,0,False,0.0,0.0,0.0,0.0,0.0,0.0,0.0
11,38,b0037,0.0,4.0,2.0,5.0,4.0,0,False,0.0,0.0,0.0,0.0,0.0,0.0,0.0
11,39,b0038,0.0,4.0,2.5,4.5,4.0,0,False,0.0,0.0,0.0,0.0,0.0,0.0,0.0
11,40,b0039,0.0,4.0,3.0,4.0,4.0,0,False,0.0,0.0,0.0,0.0,0.0,0.0,0.0
11,41,b0040,0.0,4.0,3.5,3.5,4.0,0,False,0.0,0.0,0.0,0.0,0.0,0.0,0.0
11,42,b0041,0.0,4.0,4.0,3.0,4.0,0,False,0.0,0.0,0.0,0.0,0.0,0.0,0.0
11,43,b0042,0.0,4.0,4.5,2.5,4.0,0,False,0.0,0.0,0.0,0.0,0.0,0.0,0.0
11,44,b0043,0.0,4.0,5.0,2.0,4.0,0,False,0.0,0.0,0.0,0.0,0.0,0.0,0.0
11,45,b0044,0.0,4.0,5.5,1.5,4.0,0,False,0.0,0.0,0.0,0.0,0.0,0.0,0.0
11,46,b0045,0.0,4.5,1.0,5.5,4.5,0,False,0.0,0.0,0.0,0.0,0.0,0.0,0.0
11,47,b0046,0.0,4.5,1.5,5.0,4.5,0,False,0.0,0.0,0.0,0.0,0.0,0.0,0.0
11,48,b0047,0.0,4.5,2.0,4.5,4.5,0,False,0.0,0.0,0.0,0.0,0.0,0.0,0.0
11,49,b0048,0.0,4.5,2.5,4.0,4.5,0,False,0.0,0.0,0.0,0.0,0.0,0.0,0.0
11,50,b0049,0.0,4.5,3.0,3.5,4.5,0,False,0.0,0.0,0.0,0.0,0.0,0.0,0.0
11,51,b0050,0.0,4.5,3.5,3.0,4.5,0,False,0.0,0.0,0.0,0.0,0.0,0.0,0.0
11,52,b0051,0.0,4.5,4.0,2.5,4.5,0,False,0.0,0.0,0.0,0.0,0.0,0.0,0.0
11,53,b0052,0.0,4.5,4.5,2.0,4.5,0,False,0.0,0.0,0.0,0.0,0.0,0.0,0.0
11,54,b0053,0.0,4.5,5.0,1.5,4.5,0,False,0.0,0.0,0.0,0.0,0.0,0.0,0.0
11,55,b0054,0.0,4.5,5.5,1.0,4.5,0,False,0.0,0.0,0.0,0.0,0.0,0.0,0.0
11,56,b0055,0.0,5.0,0.5,5.5,5.0,0,False,0.0,0.0,0.0,0.0,0.0,0.0,0.0
11,57,b0056,0.0,5.0,1.0,5.0,5.0,0,False,0.0,0.0,0.0,0.0,0.0,0.0,0.0
11,58,b0057,0.0,5.0,1.5,4.5,5.0,0,False,0.0,0.0,0.0,0.0,0.0,0.0,0.0
11,59,b0058,0.0,5.0,2.0,4.0,5.0,0,False,0.0,0.0,0.0,0.0,0.0,0.0,0.0
11,60,b0059,0.0,5.0,2.5,3.5,5.0,0,False,0.0,0.0,0.0,0.0,0.0,0.0,0.0
11,61,b0060,0.0,5.0,3.0,3.0,5.0,0,False,0.0,0.0,0.0,0.0,0.0,0.0,0.0
11,62,b0061,0.0,5.0,3.5,2.5,5.0,0,False,0.0,0.0,0.0,0.0,0.0,0.0,0.0
11,63,b0062,0.0,5.0,4.0,2.0,5.0,0,False,0.0,0.0,0.0,0.0,0.0,0.0,0.0
11,64,b0063,0.0,5.0,4.5,1.5,5.0,0,False,0.0,0.0,0.0,0.0,0.0,0.0,0.0
11,65,b0064,0.0,5.0,5.0,1.0,5.0,0,False,0.0,0.0,0.0,0.0,0.0,0.0,0.0
11,66,b0065,0.0,5.0,5.5,0.5,5.0,0,False,0.0,0.0,0.0,0.0,0.0,0.0,0.0
11,67,b0066,0.0,5.5,0.0,5.5,5.5,0,False,0.0,0.0,0.0,0.0,0.0,0.0,0.0
11,68,b0067,0.0,5.5,0.5,5.0,5.5,0,False,0.0,0.0,0.0,0.0,0.0,0.0,0.0
11,69,b0068,0.0,5.5,1.0,4.5,5.5,0,False,0.0,0.0,0.0,0.0,0.0,0.0,0.0
11,70,b0069,0.0,5.5,1.5,4.0,5.5,0,False,0.0,0.0,0.0,0.0,0.0,0.0,0.0
11,71,b0070,0.0,5.5,2.0,3.5,5.5,0,False,0.0,0.0,0.0,0.0,0.0,0.0,0.0
11,72,b0071,0.0,5.5,2.5,3.0,5.5,0,False,0.0,0.0,0.0,0.0,0.0,0.0,0.0
11,73,b0072,0.0,5.5,3.0,2.5,5.5,0,False,0.0,0.0,0.0,0.0,0.0,0.0,0.0
11,74,b0073,0.0,5.5,3.5,2.0,5.5,0,False,0.0,0.0,0.0,0.0,0.0,0.0,0.0
11,75,b0074,0.0,5.5,4.0,1.5,5.5,0,False,0.0,0.0,0.0,0.0,0.0,0.0,0.0
11,76,b0075,0.0,5.5,4.5,1.0,5.5,0,False,0.0,0.0,0.0,0.0,0.0,0.0,0.0
11,77,b0076,0.0,5.5,5.0,0.5,5.5,0,False,0.0,0.0,0.0,0.0,0.0,0.0,0.0
11,78,b0077,0.0,5.5,5.5,0.0,5.5,0,False,0.0,0.0,0.0,0.0,0.0,0.0,0.0
11,79,b0078,0.5,0.0,5.0,5.5,0.5,0,False,0.0,0.0,0.0,0.0,0.0,0.0,0.0
11,80,b0079,0.5,0.0,5.5,5.0,0.5,0,False,0.0,0.0,0.0,0.0,0.0,0.0,0.0
11,81,b0080,0.5,0.5,4.5,5.5,1.0,0,True,0.0,0.0,0.0,0.0,0.0,0.0,0.0
11,82,b0081,0.5,0.5,5.0,5.0,0.0,0,True,0.0,0.7661622117255803,0.5870045346762329,0.0,0.38308110586279015,0.14675113366905823,0.0
11,83,b0081,0.5,0.5,5.0,5.0,1.0,0,True,0.0,0.7661622117255803,0.5870045346762329,0.0,0.38308110586279015,0.14675113366905823,0.0
11,84,b0082,0.5,0.5,5.5,4.5,1.0,0,True,0.0,0.0,0.0,0.0,0.0,0.0,0.0
11,85,b0083,0.5,1.0,4.0,5.5,1.5,0,True,0.0,0.0,0.0,0.0,0.0,0.0,0.0
11,86,b0084,0.5,1.0,4.5,5.0,0.5,0,True,0.0,0.8874397025049207,0.7875492255820221,0.0,0.4437198512524604,0.19688730639550556,0.0
11,87,b0084,0.5,1.0,4.5,5.0,1.5,0,True,0.0,0.8874397025049207,0.7875492255820221,0.0,0.4437198512524604,0.19688730639550556,0.0
11,88,b0085,0.5,1.0,5.0,4.5,0.5,0,True,0.0,0.8874397025049208,0.7875492255820222,0.0,0.4437198512524604,0.19688730639550556,0.0
11,89,b0085,0.5,1.0,5.0,4.5,1.5,0,True,0.0,0.8874397025049208,0.7875492255820222,0.0,0.4437198512524604,0.19688730639550556,0.0
11,90,b0086,0.5,1.0,5.5,4.0,1.5,0,True,0.0,0.0,0.0,0.0,0.0,0.0,0.0
11,91,b0087,0.5,1.5,3.5,5.5,2.0,0,True,0.0,0.0,0.0,0.0,0.0,0.0,0.0
11,92,b0088,0.5,1.5,4.0,5.0,1.0,0,True,0.0,0.953616020618218,0.9093835147797257,0.0,0.476808010309109,0.22734587869493142,0.0
11,93,b0088,0.5,1.5,4.0,5.0,2.0,0,True,0.0,0.953616020618218,0.9093835147797257,0.0,0.476808010309109,0.22734587869493142,0.0
11,94,b0089,0.5,1.5,4.5,4.5,1.0,0,True,0.0,1.0247271022615554,1.0500656341093642,0.0,0.5123635511307777,0.26251640852734104,0.0
11,95,b0089,0.5,1.5,4.5,4.5,2.0,0,True,0.0,1.0247271022615554,1.0500656341093642,0.0,0.5123635511307777,0.26251640852734104,0.0
11,96,b0090,0.5,1.5,5.0,4.0,1.0,0,True,0.0,0.953616020618218,0.9093835147797257,0.0,0.4768080103091089,0.2273458786949313,0.0
11,97,b0090,0.5,1.5,5.0,4.0,2.0,0,True,0.0,0.953616020618218,0.9093835147797257,0.0,0.4768080103091089,0.2273458786949313,0.0
11,98,b0091,0.5,1.5,5.5,3.5,2.0,0,True,0.0,0.0,0.0,0.0,0.0,0.0,0.0
11,99,b0092,0.5,2.0,3.0,5.5,2.5,0,True,0.0,0.0,0.0,0.0,0.0,0.0,0.0
11,100,b0093,0.5,2.0,3.5,5.0,1.5,0,True,0.0,0.9910834773699394,0.9822464591156912,0.0,0.4955417386849697,0.2455616147789228,0.0
11,101,b0093,0.5,2.0,3.5,5.0,2.5,0,True,0.0,0.9910834773699394,0.9822464591156912,0.0,0.4955417386849697,0.2455616147789228,0.0
11,102,b0094,0.5,2.0,4.0,4.5,1.5,0,True,0.0,1.096814165319036,1.2030013132444937,0.0,0.548407082659518,0.3007503283111234,0.0
11,103,b0094,0.5,2.0,4.0,4.5,2.5,0,True,0.0,1.096814165319036,1.2030013132444937,0.0,0.548407082659518,0.3007503283111234,0.0
11,104,b0095,0.5,2.0,4.5,4.0,1.5,0,True,0.0,1.096814165319036,1.2030013132444937,0.0,0.548407082659518,0.3007503283111234,0.0
11,105,b0095,0.5,2.0,4.5,4.0,2.5,0,True,0.0,1.096814165319036,1.2030013132444937,0.0,0.548407082659518,0.3007503283111234,0.0
11,106,b0096,0.5,2.0,5.0,3.5,1.5,0,True,0.0,0.9910834773699394,0.9822464591156912,0.0,0.4955417386849697,0.2455616147789228,0.0
11,107,b0096,0.5,2.0,5.0,3.5,2.5,0,True,0.0,0.9910834773699394,0.9822464591156912,0.0,0.4955417386849697,0.2455616147789228,0.0
11,108,b0097,0.5,2.0,5.5,3.0,2.5,0,True,0.0,0.0,0.0,0.0,0.0,0.0,0.0
11,109,b0098,0.5,2.5,2.5,5.5,3.0,0,True,0.0,0.0,0.0,0.0,0.0,0.0,0.0
11,110,b0099,0.5,2.5,3.0,5.0,2.0,0,True,0.0,1.0083261765582467,1.0167216783325725,0.0,0.5041630882791234,0.25418041958314314,0.0
11,111,b0099,0.5,2.5,3.0,5.0,3.0,0,True,0.0,1.0083261765582467,1.0167216783325725,0.0,0.5041630882791234,0.25418041958314314,0.0
11,112,b0100,0.5,2.5,3.5,4.5,2.0,0,True,0.0,1.1340469566997644,1.2860624999999972,0.0,0.5670234783498822,0.3215156249999993,0.0
11,113,b0100,0.5,2.5,3.5,4.5,3.0,0,True,0.0,1.1340469566997644,1.2860624999999972,0.0,0.5670234783498822,0.3215156249999993,0.0
11,114,b0101,0.5,2.5,4.0,4.0,2.0,0,True,0.0,1.1679363305290178,1.364075272169587,0.0,0.5839681652645089,0.34101881804239675,0.0
11,115,b0101,0.5,2.5,4.0,4.0,3.0,0,True,0.0,1.1679363305290178,1.364075272169587,0.0,0.5839681652645089,0.34101881804239675,0.0
11,116,b0102,0.5,2.5,4.5,3.5,2.0,0,True,0.0,1.1340469566997644,1.2860624999999972,0.0,0.5670234783498822,0.3215156249999993,0.0
11,117,b0102,0.5,2.5,4.5,3.5,3.0,0,True,0.0,1.1340469566997644,1.2860624999999972,0.0,0.5670234783498822,0.3215156249999993,0.0
11,118,b0103,0.5,2.5,5.0,3.0,2.0,0,True,0.0,1.0083261765582465,1.016721678332572,0.0,0.5041630882791234,0.25418041958314314,0.0
11,119,b0103,0.5,2.5,5.0,3.0,3.0,0,True,0.0,1.0083261765582465,1.016721678332572,0.0,0.5041630882791234,0.25418041958314314,0.0
11,120,b0104,0.5,2.5,5.5,2.5,3.0,0,True,0.0,0.0,0.0,0.0,0.0,0.0,0.0
11,121,b0105,0.5,3.0,2.0,5.5,3.5,0,True,0.0,0.0,0.0,0.0,0.0,0.0,0.0
11,122,b0106,0.5,3.0,2.5,5.0,2.5,0,True,0.0,1.0083261765582474,1.0167216783325739,0.0,0.5041630882791236,0.25418041958314336,0.0
11,123,b0106,0.5,3.0,2.5,5.0,3.5,0,True,0.0,1.0083261765582474,1.0167216783325739,0.0,0.5041630882791236,0.25418041958314336,0.0
11,124,b0107,0.5,3.0,3.0,4.5,2.5,0,True,0.0,1.145679729521608,1.3125820426367047,0.0,0.5728398647608041,0.3281455106591763,0.0
11,125,b0107,0.5,3.0,3.0,4.5,3.5,0,True,0.0,1.145679729521608,1.3125820426367047,0.0,0.5728398647608041,0.3281455106591763,0.0
11,126,b0108,0.5,3.0,3.5,4.0,2.5,0,True,0.0,1.1991086634065575,1.4378615866566609,0.0,0.5995543317032788,0.3594653966641652,0.0
11,127,b0108,0.5,3.0,3.5,4.0,3.5,0,True,0.0,1.1991086634065575,1.4378615866566609,0.0,0.5995543317032788,0.3594653966641652,0.0
11,128,b0109,0.5,3.0,4.0,3.5,2.5,0,True,0.0,1.1991086634065575,1.4378615866566609,0.0,0.5995543317032788,0.3594653966641652,0.0
11,129,b0109,0.5,3.0,4.0,3.5,3.5,0,True,0.0,1.1991086634065575,1.4378615866566609,0.0,0.5995543317032788,0.3594653966641652,0.0
11,130,b0110,0.5,3.0,4.5,3.0,2.5,0,True,0.0,1.1456797295216081,1.3125820426367052,0.0,0.5728398647608041,0.3281455106591763,0.0
11,131,b0110,0.5,3.0,4.5,3.0,3.5,0,True,0.0,1.1456797295216081,1.3125820426367052,0.0,0.5728398647608041,0.3281455106591763,0.0
11,132,b0111,0.5,3.0,5.0,2.5,2.5,0,True,0.0,1.0083261765582472,1.0167216783325734,0.0,0.5041630882791236,0.25418041958314336,0.0
11,133,b0111,0.5,3.0,5.0,2.5,3.5,0,True,-0.0,1.0083261765582472,1.0167216783325734,0.0,0.5041630882791236,0.25418041958314336,0.0
11,134,b0112,0.5,3.0,5.5,2.0,3.5,0,True,0.0,0.0,0.0,0.0,0.0,0.0,0.0
11,135,b0113,0.5,3.5,1.5,5.5,4.0,0,True,0.0,0.0,0.0,0.0,0.0,0.0,0.0
11,136,b0114,0.5,3.5,2.0,5.0,3.0,0,True,0.0,0.9910834773699391,0.9822464591156905,0.0,0.49554173868496953,0.24556161477892263,0.0
11,137,b0114,0.5,3.5,2.0,5.0,4.0,0,True,0.0,0.9910834773699391,0.9822464591156905,0.0,0.49554173868496953,0.24556161477892263,0.0
11,138,b0115,0.5,3.5,2.5,4.5,3.0,0,True,0.0,1.1340469566997655,1.2860624999999999,0.0,0.5670234783498828,0.32151562499999997,0.0
11,139,b0115,0.5,3.5,2.5,4.5,4.0,0,True,0.0,1.1340469566997655,1.2860624999999999,0.0,0.5670234783498828,0.32151562499999997,0.0
11,140,b0116,0.5,3.5,3.0,4.0,3.0,0,True,0.0,1.1991086634065575,1.4378615866566609,0.0,0.5995543317032787,0.3594653966641651,0.0
11,141,b0116,0.5,3.5,3.0,4.0,4.0,0,True,0.0,1.1991086634065575,1.4378615866566609,0.0,0.5995543317032787,0.3594653966641651,0.0
11,142,b0117,0.5,3.5,3.5,3.5,3.0,0,True,0.0,1.2186127609455617,1.4850170611393647,0.0,0.6093063804727809,0.3712542652848412,0.0
11,143,b0117,0.5,3.5,3.5,3.5,4.0,0,True,0.0,1.2186127609455617,1.4850170611393647,0.0,0.6093063804727809,0.3712542652848412,0.0
11,144,b0118,0.5,3.5,4.0,3.0,3.0,0,True,0.0,1.1991086634065573,1.4378615866566604,0.0,0.5995543317032787,0.3594653966641651,0.0
11,145,b0118,0.5,3.5,4.0,3.0,4.0,0,True,0.0,1.1991086634065573,1.4378615866566604,0.0,0.5995543317032787,0.3594653966641651,0.0
11,146,b0119,0.5,3.5,4.5,2.5,3.0,0,True,0.0,1.1340469566997655,1.2860624999999999,0.0,0.5670234783498828,0.32151562499999997,0.0
11,147,b0119,0.5,3.5,4.5,2.5,4.0,0,True,0.0,1.1340469566997655,1.2860624999999999,0.0,0.5670234783498828,0.32151562499999997,0.0
11,148,b0120,0.5,3.5,5.0,2.0,3.0,0,True,0.0,0.9910834773699388,0.9822464591156901,0.0,0.49554173868496953,0.24556161477892263,0.0
11,149,b0120,0.5,3.5,5.0,2.0,4.0,0,True,0.0,0.9910834773699388,0.9822464591156901,0.0,0.49554173868496953,0.24556161477892263,0.0
11,150,b0121,0.5,3.5,5.5,1.5,4.0,0,True,0.0,0.0,0.0,0.0,0.0,0.0,0.0
11,151,b0122,0.5,4.0,1.0,5.5,4.5,0,True,0.0,0.0,0.0,0.0,0.0,0.0,0.0
11,152,b0123,0.5,4.0,1.5,5.0,3.5,0,True,0.0,0.9536160206182168,0.9093835147797233,0.0,0.4768080103091084,0.22734587869493084,0.0
11,153,b0123,0.5,4.0,1.5,5.0,4.5,0,True,0.0,0.9536160206182168,0.9093835147797233,0.0,0.4768080103091084,0.22734587869493084,0.0
11,154,b0124,0.5,4.0,2.0,4.5,3.5,0,True,0.0,1.0968141653190342,1.2030013132444897,0.0,0.5484070826595171,0.3007503283111224,0.0
11,155,b0124,0.5,4.0,2.0,4.5,4.5,0,True,0.0,1.0968141653190342,1.2030013132444897,0.0,0.5484070826595171,0.3007503283111224,0.0
11,156,b0125,0.5,4.0,2.5,4.0,3.5,0,True,0.0,1.1679363305290171,1.3640752721695855,0.0,0.5839681652645085,0.34101881804239625,0.0
11,157,b0125,0.5,4.0,2.5,4.0,4.5,0,True,0.0,1.1679363305290171,1.3640752721695855,0.0,0.5839681652645085,0.34101881804239625,0.0
11,158,b0126,0.5,4.0,3.0,3.5,3.5,0,True,0.0,1.1991086634065575,1.4378615866566609,0.0,0.5995543317032788,0.3594653966641652,0.0
11,159,b0126,0.5,4.0,3.0,3.5,4.5,0,True,0.0,1.1991086634065575,1.4378615866566609,0.0,0.5995543317032788,0.3594653966641652,0.0
11,160,b0127,0.5,4.0,3.5,3.0,3.5,0,True,0.0,1.1991086634065575,1.4378615866566609,0.0,0.5995543317032788,0.3594653966641652,0.0
11,161,b0127,0.5,4.0,3.5,3.0,4.5,0,True,0.0,1.1991086634065575,1.4378615866566609,0.0,0.5995543317032788,0.3594653966641652,0.0
11,162,b0128,0.5,4.0,4.0,2.5,3.5,0,True,0.0,1.1679363305290171,1.3640752721695855,0.0,0.5839681652645085,0.34101881804239625,0.0
11,163,b0128,0.5,4.0,4.0,2.5,4.5,0,True,0.0,1.1679363305290171,1.3640752721695855,0.0,0.5839681652645085,0.34101881804239625,0.0
11,164,b0129,0.5,4.0,4.5,2.0,3.5,0,True,0.0,1.0968141653190342,1.2030013132444897,0.0,0.5484070826595171,0.3007503283111224,0.0
11,165,b0129,0.5,4.0,4.5,2.0,4.5,0,True,0.0,1.0968141653190342,1.2030013132444897,0.0,0.5484070826595171,0.3007503283111224,0.0
11,166,b0130,0.5,4.0,5.0,1.5,3.5,0,True,0.0,0.953616020618217,0.9093835147797238,0.0,0.4768080103091084,0.22734587869493084,0.0
11,167,b0130,0.5,4.0,5.0,1.5,4.5,0,True,0.0,0.953616020618217,0.9093835147797238,0.0,0.4768080103091084,0.22734587869493084,0.0
11,168,b0131,0.5,4.0,5.5,1.0,4.5,0,True,0.0,0.0,0.0,0.0,0.0,0.0,0.0
11,169,b0132,0.5,4.5,0.5,5.5,5.0,0,True,0.0,0.0,0.0,0.0,0.0,0.0,0.0
11,170,b0133,0.5,4.5,1.0,5.0,4.0,0,True,0.0,0.8874397025049208,0.7875492255820222,0.0,0.4437198512524604,0.19688730639550556,0.0
11,171,b0133,0.5,4.5,1.0,5.0,5.0,0,True,0.0,0.8874397025049208,0.7875492255820222,0.0,0.4437198512524604,0.19688730639550556,0.0
11,172,b0134,0.5,4.5,1.5,4.5,4.0,0,True,0.0,1.0247271022615547,1.0500656341093628,0.0,0.5123635511307774,0.2625164085273407,0.0
11,173,b0134,0.5,4.5,1.5,4.5,5.0,0,True,0.0,1.0247271022615547,1.0500656341093628,0.0,0.5123635511307774,0.2625164085273407,0.0
11,174,b0135,0.5,4.5,2.0,4.0,4.0,0,True,0.0,1.0968141653190344,1.2030013132444901,0.0,0.5484070826595172,0.30075032831112253,0.0
11,175,b0135,0.5,4.5,2.0,4.0,5.0,0,True,0.0,1.0968141653190344,1.2030013132444901,0.0,0.5484070826595172,0.30075032831112253,0.0
11,176,b0136,0.5,4.5,2.5,3.5,4.0,0,True,0.0,1.1340469566997657,1.2860625000000003,0.0,0.5670234783498829,0.3215156250000001,0.0
11,177,b0136,0.5,4.5,2.5,3.5,5.0,0,True,0.0,1.1340469566997657,1.2860625000000003,0.0,0.5670234783498829,0.3215156250000001,0.0
11,178,b0137,0.5,4.5,3.0,3.0,4.0,0,True,0.0,1.1456797295216075,1.3125820426367036,0.0,0.5728398647608037,0.3281455106591759,0.0
11,179,b0137,0.5,4.5,3.0,3.0,5.0,0,True,0.0,1.1456797295216075,1.3125820426367036,0.0,0.5728398647608037,0.3281455106591759,0.0
11,180,b0138,0.5,4.5,3.5,2.5,4.0,0,True,0.0,1.1340469566997657,1.2860625000000003,0.0,0.5670234783498829,0.3215156250000001,0.0
11,181,b0138,0.5,4.5,3.5,2.5,5.0,0,True,0.0,1.1340469566997657,1.2860625000000003,0.0,0.5670234783498829,0.3215156250000001,0.0
11,182,b0139,0.5,4.5,4.0,2.0,4.0,0,True,0.0,1.096814165319034,1.2030013132444892,0.0,0.548407082659517,0.3007503283111223,0.0
11,183,b0139,0.5,4.5,4.0,2.0,5.0,0,True,0.0,1.096814165319034,1.2030013132444892,0.0,0.548407082659517,0.3007503283111223,0.0
11,184,b0140,0.5,4.5,4.5,1.5,4.0,0,True,0.0,1.0247271022615547,1.0500656341093628,0.0,0.5123635511307774,0.2625164085273407,0.0
11,185,b0140,0.5,4.5,4.5,1.5,5.0,0,True,0.0,1.0247271022615547,1.0500656341093628,0.0,0.5123635511307774,0.2625164085273407,0.0
11,186,b0141,0.5,4.5,5.0,1.0,4.0,0,True,0.0,0.8874397025049207,0.7875492255820221,0.0,0.4437198512524604,0.19688730639550556,0.0
11,187,b0141,0.5,4.5,5.0,1.0,5.0,0,True,0.0,0.8874397025049207,0.7875492255820221,0.0,0.4437198512524604,0.19688730639550556,0.0
11,188,b0142,0.5,4.5,5.5,0.5,5.0,0,True,0.0,0.0,0.0,0.0,0.0,0.0,0.0
11,189,b0143,0.5,5.0,0.0,5.5,5.5,0,False,0.0,0.0,0.0,0.0,0.0,0.0,0.0
11,190,b0144,0.5,5.0,0.5,5.0,4.5,0,True,0.0,0.7661622117255844,0.5870045346762393,0.0,0.3830811058627922,0.1467511336690598,0.0
11,191,b0144,0.5,5.0,0.5,5.0,5.5,0,True,0.0,0.7661622117255844,0.5870045346762393,0.0,0.3830811058627922,0.1467511336690598,0.0
11,192,b0145,0.5,5.0,1.0,4.5,4.5,0,True,0.0,0.887439702504921,0.7875492255820227,0.0,0.44371985125246044,0.1968873063955056,0.0
11,193,b0145,0.5,5.0,1.0,4.5,5.5,0,True,0.0,0.887439702504921,0.7875492255820227,0.0,0.44371985125246044,0.1968873063955056,0.0
11,194,b0146,0.5,5.0,1.5,4.0,4.5,0,True,0.0,0.953616020618217,0.9093835147797238,0.0,0.4768080103091085,0.22734587869493095,0.0
11,195,b0146,0.5,5.0,1.5,4.0,5.5,0,True,0.0,0.953616020618217,0.9093835147797238,0.0,0.4768080103091085,0.22734587869493095,0.0
11,196,b0147,0.5,5.0,2.0,3.5,4.5,0,True,0.0,0.9910834773699391,0.9822464591156905,0.0,0.49554173868496953,0.24556161477892263,0.0
11,197,b0147,0.5,5.0,2.0,3.5,5.5,0,True,0.0,0.9910834773699391,0.9822464591156905,0.0,0.49554173868496953,0.24556161477892263,0.0
11,198,b0148,0.5,5.0,2.5,3.0,4.5,0,True,0.0,1.0083261765582474,1.0167216783325739,0.0,0.5041630882791237,0.25418041958314347,0.0
11,199,b0148,0.5,5.0,2.5,3.0,5.5,0,True,0.0,1.0083261765582474,1.0167216783325739,0.0,0.5041630882791237,0.25418041958314347,0.0
11,200,b0149,0.5,5.0,3.0,2.5,4.5,0,True,0.0,1.0083261765582476,1.0167216783325743,0.0,0.5041630882791238,0.2541804195831436,0.0
11,201,b0149,0.5,5.0,3.0,2.5,5.5,0,True,0.0,1.0083261765582476,1.0167216783325743,0.0,0.5041630882791238,0.2541804195831436,0.0
11,202,b0150,0.5,5.0,3.5,2.0,4.5,0,True,0.0,0.9910834773699391,0.9822464591156905,0.0,0.49554173868496953,0.24556161477892263,0.0
11,203,b0150,0.5,5.0,3.5,2.0,5.5,0,True,0.0,0.9910834773699391,0.9822464591156905,0.0,0.49554173868496953,0.24556161477892263,0.0
11,204,b0151,0.5,5.0,4.0,1.5,4.5,0,True,0.0,0.953616020618217,0.9093835147797238,0.0,0.4768080103091085,0.22734587869493095,0.0
11,205,b0151,0.5,5.0,4.0,1.5,5.5,0,True,0.0,0.953616020618217,0.9093835147797238,0.0,0.4768080103091085,0.22734587869493095,0.0
11,206,b0152,0.5,5.0,4.5,1.0,4.5,0,True,0.0,0.8874397025049208,0.7875492255820222,0.0,0.44371985125246044,0.1968873063955056,0.0
11,207,b0152,0.5,5.0,4.5,1.0,5.5,0,True,0.0,0.8874397025049208,0.7875492255820222,0.0,0.44371985125246044,0.1968873063955056,0.0
11,208,b0153,0.5,5.0,5.0,0.5,4.5,0,True,0.0,0.766162211725584,0.5870045346762386,0.0,0.38308110586279204,0.14675113366905967,0.0
11,209,b0153,0.5,5.0,5.0,0.5,5.5,0,True,0.0,0.766162211725584,0.5870045346762386,0.0,0.38308110586279204,0.14675113366905967,0.0
11,210,b0154,0.5,5.0,5.5,0.0,5.5,0,False,0.0,0.0,0.0,0.0,0.0,0.0,0.0
11,211,b0155,0.5,5.5,0.0,5.0,5.0,0,False,0.0,0.0,0.0,0.0,0.0,0.0,0.0
11,212,b0156,0.5,5.5,0.5,4.5,5.0,0,True,0.0,0.0,0.0,0.0,0.0,0.0,0.0
11,213,b0157,0.5,5.5,1.0,4.0,5.0,0,True,0.0,0.0,0.0,0.0,0.0,0.0,0.0
11,214,b0158,0.5,5.5,1.5,3.5,5.0,0,True,0.0,0.0,0.0,0.0,0.0,0.0,0.0
11,215,b0159,0.5,5.5,2.0,3.0,5.0,0,True,0.0,0.0,0.0,0.0,0.0,0.0,0.0
11,216,b0160,0.5,5.5,2.5,2.5,5.0,0,True,0.0,0.0,0.0,0.0,0.0,0.0,0.0
11,217,b0161,0.5,5.5,3.0,2.0,5.0,0,True,0.0,0.0,0.0,0.0,0.0,0.0,0.0
11,218,b0162,0.5,5.5,3.5,1.5,5.0,0,True,0.0,0.0,0.0,0.0,0.0,0.0,0.0
11,219,b0163,0.5,5.5,4.0,1.0,5.0,0,True,0.0,0.0,0.0,0.0,0.0,0.0,0.0
11,220,b0164,0.5,5.5,4.5,0.5,5.0,0,True,0.0,0.0,0.0,0.0,0.0,0.0,0.0
11,221,b0165,0.5,5.5,5.0,0.0,5.0,0,False,0.0,0.0,0.0,0.0,0.0,0.0,0.0
11,222,b0166,1.0,0.0,4.5,5.5,1.0,0,False,0.0,0.0,0.0,0.0,0.0,0.0,0.0
11,223,b0167,1.0,0.0,5.0,5.0,1.0,0,False,0.0,0.0,0.0,0.0,0.0,0.0,0.0
11,224,b0168,1.0,0.0,5.5,4.5,1.0,0,False,0.0,0.0,0.0,0.0,0.0,0.0,0.0
11,225,b0169,1.0,0.5,4.0,5.5,1.5,0,True,0.0,0.0,0.0,0.0,0.0,0.0,0.0
11,226,b0170,1.0,0.5,4.5,5.0,0.5,0,True,0.0,0.8874397025049205,0.7875492255820219,0.0,0.4437198512524603,0.19688730639550547,0.0
11,227,b0170,1.0,0.5,4.5,5.0,1.5,0,True,0.0,0.8874397025049205,0.7875492255820219,0.0,0.4437198512524603,0.19688730639550547,0.0
11,228,b0171,1.0,0.5,5.0,4.5,0.5,0,True,0.0,0.8874397025049205,0.7875492255820219,0.0,0.4437198512524603,0.19688730639550547,0.0
11,229,b0171,1.0,0.5,5.0,4.5,1.5,0,True,0.0,0.8874397025049205,0.7875492255820219,0.0,0.4437198512524603,0.19688730639550547,0.0
11,230,b0172,1.0,0.5,5.5,4.0,1.5,0,True,0.0,0.0,0.0,0.0,0.0,0.0,0.0
11,231,b0173,1.0,1.0,3.5,5.5,2.0,0,True,0.0,0.0,0.0,0.0,0.0,0.0,0.0
11,232,b0174,1.0,1.0,4.0,5.0,1.0,0,True,0.0,1.0247271022615543,1.050065634109362,0.0,0.5123635511307771,0.2625164085273405,0.0
11,233,b0174,1.0,1.0,4.0,5.0,2.0,0,True,0.0,1.0247271022615543,1.050065634109362,0.0,0.5123635511307771,0.2625164085273405,0.0
11,234,b0175,1.0,1.0,4.5,4.5,0.0,0,True,0.0,0.4156550415794025,0.5078364854020189,0.578850042594491,0.20782752078970113,0.12695912135050458,0.28942502129724534
11,235,b0175,1.0,1.0,4.5,4.5,1.0,0,True,-0.0,1.2217739100970515,1.492731487393838,0.0,0.6108869550485254,0.3731828718484591,0.0
11,236,b0175,1.0,1.0,4.5,4.5,2.0,0,True,0.0,0.8061188685176487,0.9848950019918182,0.578850042594491,0.40305943425882396,0.24622375049795417,0.28942502129724534
11,237,b0176,1.0,1.0,5.0,4.0,1.0,0,True,0.0,1.0247271022615543,1.050065634109362,0.0,0.5123635511307771,0.2625164085273405,0.0
11,238,b0176,1.0,1.0,5.0,4.0,2.0,0,True,0.0,1.0247271022615543,1.050065634109362,0.0,0.5123635511307771,0.2625164085273405,0.0
11,239,b0177,1.0,1.0,5.5,3.5,2.0,0,True,0.0,0.0,0.0,0.0,0.0,0.0,0.0
11,240,b0178,1.0,1.5,3.0,5.5,2.5,0,True,0.0,0.0,0.0,0.0,0.0,0.0,0.0
11,241,b0179,1.0,1.5,3.5,5.0,1.5,0,True,0.0,1.096814165319035,1.2030013132444917,0.0,0.5484070826595175,0.3007503283111229,0.0
11,242,b0179,1.0,1.5,3.5,5.0,2.5,0,True,0.0,1.096814165319035,1.2030013132444917,0.0,0.5484070826595175,0.3007503283111229,0.0
11,243,b0180,1.0,1.5,4.0,4.5,0.5,0,True,0.0,0.5008177449225941,0.681770051592513,0.6564690685501949,0.250408872461297,0.1704425128981282,0.3282345342750974
11,244,b0180,1.0,1.5,4.0,4.5,1.5,0,True,-0.0,1.3613136884714159,1.853174958419651,0.0,0.6806568442357078,0.4632937396049126,0.0
11,245,b0180,1.0,1.5,4.0,4.5,2.5,0,True,0.0,0.8604959435488213,1.1714049068271366,0.6564690685501948,0.43024797177441065,0.29285122670678415,0.3282345342750974
11,246,b0181,1.0,1.5,4.5,4.0,0.5,0,True,0.0,0.500817744922594,0.6817700515925127,0.6564690685501947,0.250408872461297,0.17044251289812812,0.3282345342750973
11,247,b0181,1.0,1.5,4.5,4.0,1.5,0,True,0.0,1.3613136884714152,1.8531749584196493,0.0,0.6806568442357074,0.46329373960491205,0.0
11,248,b0181,1.0,1.5,4.5,4.0,2.5,0,True,0.0,0.8604959435488211,1.1714049068271362,0.6564690685501947,0.4302479717744103,0.2928512267067838,0.3282345342750973
11,249,b0182,1.0,1.5,5.0,3.5,1.5,0,True,0.0,1.0968141653190353,1.203001313244492,0.0,0.5484070826595177,0.300750328311123,0.0
11,250,b0182,1.0,1.5,5.0,3.5,2.5,0,True,0.0,1.0968141653190353,1.203001313244492,0.0,0.5484070826595177,0.300750328311123,0.0
11,251,b0183,1.0,1.5,5.5,3.0,2.5,0,True,0.0,0.0,0.0,0.0,0.0,0.0,0.0
11,252,b0184,1.0,2.0,2.5,5.5,3.0,0,True,0.0,0.0,0.0,0.0,0.0,0.0,0.0
11,253,b0185,1.0,2.0,3.0,5.0,2.0,0,True,0.0,1.1340469566997642,1.2860624999999968,0.0,0.567023478349882,0.3215156249999991,0.0
11,254,b0185,1.0,2.0,3.0,5.0,3.0,0,True,0.0,1.1340469566997642,1.2860624999999968,0.0,0.567023478349882,0.3215156249999991,0.0
11,255,b0186,1.0,2.0,3.5,4.5,1.0,0,True,0.0,0.5389318743700209,0.7732694917981352,0.6948538886601637,0.26946593718501066,0.19331737294953422,0.3474269443300823
11,256,b0186,1.0,2.0,3.5,4.5,2.0,0,True,-0.0,1.4348186265695293,2.0587044911508703,0.0,0.7174093132847651,0.5146761227877182,0.0
11,257,b0186,1.0,2.0,3.5,4.5,3.0,0,True,0.0,0.8958867521995081,1.285434999352734,0.6948538886601638,0.4479433760997546,0.3213587498381843,0.3474269443300823
11,258,b0187,1.0,2.0,4.0,4.0,1.0,0,True,0.0,0.6254680840746386,0.9399209087825907,0.7407500149082628,0.3127340420373192,0.2349802271956475,0.37037500745413127
11,259,b0187,1.0,2.0,4.0,4.0,2.0,0,True,0.0,1.5027479942052924,2.2582515340880294,0.0,0.7513739971026465,0.5645628835220079,0.0
11,260,b0187,1.0,2.0,4.0,4.0,3.0,0,True,0.0,0.877279910130654,1.3183306253054399,0.7407500149082628,0.438639955065327,0.32958265632635986,0.3703750074541312
11,261,b0188,1.0,2.0,4.5,3.5,1.0,0,True,0.0,0.538931874370021,0.7732694917981353,0.6948538886601637,0.26946593718501066,0.19331737294953422,0.3474269443300823
11,262,b0188,1.0,2.0,4.5,3.5,2.0,0,True,0.0,1.4348186265695293,2.0587044911508703,0.0,0.7174093132847651,0.5146761227877182,0.0
11,263,b0188,1.0,2.0,4.5,3.5,3.0,0,True,0.0,0.8958867521995079,1.2854349993527336,0.6948538886601637,0.4479433760997546,0.3213587498381843,0.3474269443300823
11,264,b0189,1.0,2.0,5.0,3.0,2.0,0,True,0.0,1.1340469566997642,1.2860624999999968,0.0,0.567023478349882,0.3215156249999991,0.0
11,265,b0189,1.0,2.0,5.0,3.0,3.0,0,True,0.0,1.1340469566997642,1.2860624999999968,0.0,0.567023478349882,0.3215156249999991,0.0
11,266,b0190,1.0,2.0,5.5,2.5,3.0,0,True,0.0,0.0,0.0,0.0,0.0,0.0,0.0
11,267,b0191,1.0,2.5,2.0,5.5,3.5,0,True,0.0,0.0,0.0,0.0,0.0,0.0,0.0
11,268,b0192,1.0,2.5,2.5,5.0,2.5,0,True,0.0,1.1456797295216086,1.312582042636706,0.0,0.5728398647608042,0.3281455106591764,0.0
11,269,b0192,1.0,2.5,2.5,5.0,3.5,0,True,0.0,1.1456797295216086,1.312582042636706,0.0,0.5728398647608042,0.3281455106591764,0.0
11,270,b0193,1.0,2.5,3.0,4.5,1.5,0,True,0.0,0.5594678200250248,0.8211280105454275,0.712828007938713,0.2797339100125123,0.2052820026363568,0.35641400396935646
11,271,b0193,1.0,2.5,3.0,4.5,2.5,0,True,0.0,1.4676948005851322,2.154128027664631,0.0,0.7338474002925661,0.5385320069161578,0.0
11,272,b0193,1.0,2.5,3.0,4.5,3.5,0,True,0.0,0.9082269805601075,1.3330000171192038,0.7128280079387129,0.45411349028005377,0.33325000427980095,0.35641400396935646
11,273,b0194,1.0,2.5,3.5,4.0,1.5,0,True,0.0,0.6836463564260307,1.0743494064397676,0.7790873287284169,0.3418231782130152,0.26858735160994174,0.3895436643642083
11,274,b0194,1.0,2.5,3.5,4.0,2.5,0,True,0.0,1.5714987673689298,2.469608375842066,0.0,0.7857493836844649,0.6174020939605165,0.0
11,275,b0194,1.0,2.5,3.5,4.0,3.5,0,True,0.0,0.8878524109428996,1.3952589694022997,0.7790873287284169,0.4439262054714498,0.34881474235057486,0.38954366436420834
11,276,b0195,1.0,2.5,4.0,3.5,1.5,0,True,0.0,0.6836463564260307,1.0743494064397676,0.7790873287284169,0.3418231782130153,0.26858735160994196,0.38954366436420856
11,277,b0195,1.0,2.5,4.0,3.5,2.5,0,True,0.0,1.57149876736893,2.4696083758420664,0.0,0.7857493836844651,0.6174020939605168,0.0
11,278,b0195,1.0,2.5,4.0,3.5,3.5,0,True,-0.0,0.8878524109428996,1.3952589694022997,0.7790873287284169,0.4439262054714501,0.3488147423505753,0.38954366436420856
11,279,b0196,1.0,2.5,4.5,3.0,1.5,0,True,0.0,0.5594678200250248,0.8211280105454274,0.7128280079387129,0.2797339100125123,0.2052820026363568,0.35641400396935646
11,280,b0196,1.0,2.5,4.5,3.0,2.5,0,True,0.0,1.4676948005851325,2.154128027664632,0.0,0.7338474002925661,0.5385320069161578,0.0
11,281,b0196,1.0,2.5,4.5,3.0,3.5,0,True,0.0,0.9082269805601074,1.3330000171192036,0.7128280079387129,0.4541134902800536,0.3332500042798008,0.35641400396935646
11,282,b0197,1.0,2.5,5.0,2.5,2.5,0,True,0.0,1.1456797295216083,1.3125820426367056,0.0,0.5728398647608042,0.3281455106591764,0.0
11,283,b0197,1.0,2.5,5.0,2.5,3.5,0,True,0.0,1.1456797295216083,1.3125820426367056,0.0,0.5728398647608042,0.3281455106591764,0.0
11,284,b0198,1.0,2.5,5.5,2.0,3.5,0,True,0.0,0.0,0.0,0.0,0.0,0.0,0.0
11,285,b0199,1.0,3.0,1.5,5.5,4.0,0,True,0.0,0.0,0.0,0.0,0.0,0.0,0.0
11,286,b0200,1.0,3.0,2.0,5.0,3.0,0,True,0.0,1.1340469566997657,1.2860625000000003,0.0,0.5670234783498829,0.3215156250000001,0.0
11,287,b0200,1.0,3.0,2.0,5.0,4.0,0,True,0.0,1.1340469566997657,1.2860625000000003,0.0,0.5670234783498829,0.3215156250000001,0.0
11,288,b0201,1.0,3.0,2.5,4.5,2.0,0,True,0.0,0.5708855306377822,0.8378857250463574,0.7155245879456381,0.28544276531889123,0.2094714312615895,0.35776229397281917
11,289,b0201,1.0,3.0,2.5,4.5,3.0,0,True,-0.0,1.4676948005851325,2.154128027664632,0.0,0.7338474002925666,0.5385320069161584,0.0
11,290,b0201,1.0,3.0,2.5,4.5,4.0,0,True,0.0,0.8968092699473502,1.3162423026182744,0.715524587945638,0.4484046349736753,0.32906057565456887,0.35776229397281917
11,291,b0202,1.0,3.0,3.0,4.0,2.0,0,True,0.0,0.7150131382792223,1.138679345803782,0.7921082993454114,0.357506569139611,0.2846698364509454,0.3960541496727057
11,292,b0202,1.0,3.0,3.0,4.0,3.0,0,True,0.0,1.5925292625309952,2.5361494520175154,0.0,0.7962646312654973,0.6340373630043784,0.0
11,293,b0202,1.0,3.0,3.0,4.0,4.0,0,True,0.0,0.8775161242517727,1.3974701062137325,0.7921082993454114,0.43875806212588636,0.34936752655343306,0.39605414967270564
11,294,b0203,1.0,3.0,3.5,3.5,2.0,0,True,0.0,0.7525649681512798,1.2253841767879232,0.8118067168355941,0.37628248407563974,0.3063460441969807,0.40590335841779707
11,295,b0203,1.0,3.0,3.5,3.5,3.0,0,True,0.0,1.6282769310909482,2.6512857643229566,0.0,0.8141384655454741,0.6628214410807391,0.0
11,296,b0203,1.0,3.0,3.5,3.5,4.0,0,True,0.0,0.8757119629396687,1.425901587535034,0.8118067168355941,0.4378559814698346,0.3564753968837588,0.40590335841779707
11,297,b0204,1.0,3.0,4.0,3.0,2.0,0,True,0.0,0.7150131382792225,1.1386793458037827,0.7921082993454115,0.357506569139611,0.2846698364509454,0.3960541496727057
11,298,b0204,1.0,3.0,4.0,3.0,3.0,0,True,0.0,1.592529262530996,2.5361494520175176,0.0,0.7962646312654973,0.6340373630043784,0.0
11,299,b0204,1.0,3.0,4.0,3.0,4.0,0,True,0.0,0.8775161242517728,1.3974701062137331,0.7921082993454117,0.43875806212588636,0.34936752655343306,0.39605414967270564
11,300,b0205,1.0,3.0,4.5,2.5,2.0,0,True,0.0,0.5708855306377822,0.8378857250463575,0.7155245879456381,0.2854427653188909,0.20947143126158907,0.35776229397281883
11,301,b0205,1.0,3.0,4.5,2.5,3.0,0,True,0.0,1.4676948005851327,2.1541280276646324,0.0,0.7338474002925658,0.5385320069161573,0.0
11,302,b0205,1.0,3.0,4.5,2.5,4.0,0,True,0.0,0.8968092699473502,1.3162423026182746,0.7155245879456382,0.44840463497367494,0.3290605756545683,0.35776229397281883
11,303,b0206,1.0,3.0,5.0,2.0,3.0,0,True,0.0,1.1340469566997657,1.2860625000000003,0.0,0.5670234783498829,0.3215156250000001,0.0
11,304,b0206,1.0,3.0,5.0,2.0,4.0,0,True,0.0,1.1340469566997657,1.2860625000000003,0.0,0.5670234783498829,0.3215156250000001,0.0
11,305,b0207,1.0,3.0,5.5,1.5,4.0,0,True,0.0,0.0,0.0,0.0,0.0,0.0,0.0
11,306,b0208,1.0,3.5,1.0,5.5,4.5,0,True,0.0,0.0,0.0,0.0,0.0,0.0,0.0
11,307,b0209,1.0,3.5,1.5,5.0,3.5,0,True,0.0,1.0968141653190344,1.2030013132444901,0.0,0.5484070826595172,0.30075032831112253,0.0
11,308,b0209,1.0,3.5,1.5,5.0,4.5,0,True,0.0,1.0968141653190344,1.2030013132444901,0.0,0.5484070826595172,0.30075032831112253,0.0
11,309,b0210,1.0,3.5,2.0,4.5,2.5,0,True,0.0,0.577427008253591,0.8285030269265693,0.7036199805760754,0.28871350412679564,0.20712575673164252,0.35180999028803783
11,310,b0210,1.0,3.5,2.0,4.5,3.5,0,True,0.0,1.434818626569529,2.05870449115087,0.0,0.7174093132847646,0.5146761227877176,0.0
11,311,b0210,1.0,3.5,2.0,4.5,4.5,0,True,0.0,0.8573916183159379,1.2302014642242998,0.7036199805760754,0.4286958091579689,0.307550366056075,0.3518099902880379
11,312,b0211,1.0,3.5,2.5,4.0,2.5,0,True,0.0,0.732478239027892,1.151088649756897,0.7839415023504595,0.36623911951394594,0.28777216243922416,0.3919707511752296
11,313,b0211,1.0,3.5,2.5,4.0,3.5,0,True,-0.0,1.5714987673689302,2.4696083758420673,0.0,0.7857493836844652,0.6174020939605169,0.0
11,314,b0211,1.0,3.5,2.5,4.0,4.5,0,True,0.0,0.839020528341038,1.3185197260851698,0.7839415023504593,0.41951026417051906,0.3296299315212925,0.39197075117522967
11,315,b0212,1.0,3.5,3.0,3.5,2.5,0,True,0.0,0.7901932165588431,1.2866533856273181,0.8137862533440261,0.39509660827942156,0.32166334640682953,0.40689312667201305
11,316,b0212,1.0,3.5,3.0,3.5,3.5,0,True,0.0,1.6282769310909484,2.651285764322957,0.0,0.8141384655454743,0.6628214410807395,0.0
11,317,b0212,1.0,3.5,3.0,3.5,4.5,0,True,0.0,0.8380837145321053,1.3646323786956387,0.8137862533440261,0.4190418572660526,0.3411580946739096,0.406893126672013
11,318,b0213,1.0,3.5,3.5,3.0,2.5,0,True,0.0,0.7901932165588432,1.2866533856273183,0.8137862533440261,0.39509660827942183,0.32166334640683,0.4068931266720133
11,319,b0213,1.0,3.5,3.5,3.0,3.5,0,True,0.0,1.6282769310909484,2.651285764322957,0.0,0.8141384655454746,0.66282144108074,0.0
11,320,b0213,1.0,3.5,3.5,3.0,4.5,0,True,0.0,0.8380837145321051,1.3646323786956385,0.8137862533440261,0.4190418572660529,0.3411580946739101,0.40689312667201327
11,321,b0214,1.0,3.5,4.0,2.5,2.5,0,True,0.0,0.7324782390278921,1.1510886497568973,0.7839415023504595,0.36623911951394594,0.28777216243922416,0.3919707511752296
11,322,b0214,1.0,3.5,4.0,2.5,3.5,0,True,0.0,1.5714987673689302,2.4696083758420673,0.0,0.7857493836844652,0.6174020939605169,0.0
11,323,b0214,1.0,3.5,4.0,2.5,4.5,0,True,0.0,0.8390205283410382,1.3185197260851704,0.7839415023504595,0.41951026417051906,0.3296299315212925,0.39197075117522967
11,324,b0215,1.0,3.5,4.5,2.0,2.5,0,True,0.0,0.577427008253591,0.8285030269265696,0.7036199805760757,0.2887135041267956,0.2071257567316425,0.35180999028803783
11,325,b0215,1.0,3.5,4.5,2.0,3.5,0,True,0.0,1.4348186265695297,2.0587044911508716,0.0,0.7174093132847645,0.5146761227877175,0.0
11,326,b0215,1.0,3.5,4.5,2.0,4.5,0,True,0.0,0.8573916183159382,1.2302014642243004,0.7036199805760756,0.42869580915796895,0.307550366056075,0.3518099902880378
11,327,b0216,1.0,3.5,5.0,1.5,3.5,0,True,0.0,1.0968141653190342,1.2030013132444897,0.0,0.5484070826595171,0.3007503283111224,0.0
11,328,b0216,1.0,3.5,5.0,1.5,4.5,0,True,0.0,1.0968141653190342,1.2030013132444897,0.0,0.5484070826595171,0.3007503283111224,0.0
11,329,b0217,1.0,3.5,5.5,1.0,4.5,0,True,0.0,0.0,0.0,0.0,0.0,0.0,0.0
11,330,b0218,1.0,4.0,0.5,5.5,5.0,0,True,0.0,0.0,0.0,0.0,0.0,0.0,0.0
11,331,b0219,1.0,4.0,1.0,5.0,4.0,0,True,0.0,1.024727102261555,1.0500656341093633,0.0,0.5123635511307776,0.2625164085273409,0.0
11,332,b0219,1.0,4.0,1.0,5.0,5.0,0,True,0.0,1.024727102261555,1.0500656341093633,0.0,0.5123635511307776,0.2625164085273409,0.0
11,333,b0220,1.0,4.0,1.5,4.5,3.0,0,True,0.0,0.5842873690763599,0.7953983935245991,0.673800166119321,0.29214368453817996,0.1988495983811498,0.33690008305966057
11,334,b0220,1.0,4.0,1.5,4.5,4.0,0,True,0.0,1.3613136884714154,1.85317495841965,0.0,0.6806568442357079,0.46329373960491277,0.0
11,335,b0220,1.0,4.0,1.5,4.5,5.0,0,True,0.0,0.7770263193950561,1.0577765648950523,0.673800166119321,0.3885131596975282,0.26444414122376325,0.33690008305966057
11,336,b0221,1.0,4.0,2.0,4.0,3.0,0,True,0.0,0.7446048619936133,1.118953462836411,0.7513435048843393,0.37230243099680677,0.2797383657091029,0.37567175244216966
11,337,b0221,1.0,4.0,2.0,4.0,4.0,0,True,0.0,1.5027479942052921,2.258251534088029,0.0,0.7513739971026461,0.5645628835220072,0.0
11,338,b0221,1.0,4.0,2.0,4.0,5.0,0,True,0.0,0.7581431322116792,1.1392980712516187,0.7513435048843393,0.3790715661058396,0.28482451781290474,0.3756717524421697
11,339,b0222,1.0,4.0,2.5,3.5,3.0,0,True,0.0,0.8138647100309895,1.2789873886187715,0.7852462176826737,0.406932355015495,0.31974684715469326,0.392623108841337
11,340,b0222,1.0,4.0,2.5,3.5,4.0,0,True,0.0,1.5714987673689302,2.4696083758420673,0.0,0.7857493836844653,0.6174020939605172,0.0
11,341,b0222,1.0,4.0,2.5,3.5,5.0,0,True,0.0,0.7576340573379403,1.1906209872232945,0.7852462176826738,0.3788170286689703,0.29765524680582384,0.392623108841337
11,342,b0223,1.0,4.0,3.0,3.0,3.0,0,True,0.0,0.8341819946590927,1.3284592367710797,0.7953613245297115,0.41709099732954646,0.33211480919277,0.3976806622648557
11,343,b0223,1.0,4.0,3.0,3.0,4.0,0,True,0.0,1.592529262530995,2.536149452017515,0.0,0.7962646312654973,0.6340373630043784,0.0
11,344,b0223,1.0,4.0,3.0,3.0,5.0,0,True,0.0,0.7583472678719028,1.2076902152464366,0.7953613245297115,0.3791736339359512,0.301922553811609,0.39768066226485577
11,345,b0224,1.0,4.0,3.5,2.5,3.0,0,True,0.0,0.8138647100309897,1.2789873886187721,0.7852462176826738,0.40693235501549474,0.3197468471546929,0.3926231088413369
11,346,b0224,1.0,4.0,3.5,2.5,4.0,0,True,0.0,1.5714987673689302,2.4696083758420673,0.0,0.7857493836844651,0.6174020939605168,0.0
11,347,b0224,1.0,4.0,3.5,2.5,5.0,0,True,0.0,0.7576340573379404,1.1906209872232947,0.7852462176826738,0.37881702866897043,0.2976552468058239,0.39262310884133694
11,348,b0225,1.0,4.0,4.0,2.0,3.0,0,True,0.0,0.744604861993613,1.1189534628364106,0.7513435048843393,0.37230243099680643,0.27973836570910265,0.3756717524421697
11,349,b0225,1.0,4.0,4.0,2.0,4.0,0,True,0.0,1.502747994205292,2.258251534088028,0.0,0.7513739971026461,0.5645628835220072,0.0
11,350,b0225,1.0,4.0,4.0,2.0,5.0,0,True,0.0,0.7581431322116793,1.1392980712516187,0.7513435048843391,0.3790715661058399,0.284824517812905,0.37567175244216977
11,351,b0226,1.0,4.0,4.5,1.5,3.0,0,True,0.0,0.5842873690763595,0.7953983935245982,0.6738001661193208,0.29214368453818007,0.1988495983811498,0.33690008305966046
11,352,b0226,1.0,4.0,4.5,1.5,4.0,0,True,0.0,1.3613136884714157,1.8531749584196504,0.0,0.6806568442357076,0.4632937396049123,0.0
11,353,b0226,1.0,4.0,4.5,1.5,5.0,0,True,0.0,0.7770263193950563,1.0577765648950523,0.6738001661193208,0.38851315969752787,0.2644441412237629,0.33690008305966046
11,354,b0227,1.0,4.0,5.0,1.0,4.0,0,True,0.0,1.024727102261555,1.0500656341093633,0.0,0.5123635511307775,0.2625164085273408,0.0
11,355,b0227,1.0,4.0,5.0,1.0,5.0,0,True,0.0,1.024727102261555,1.0500656341093633,0.0,0.5123635511307775,0.2625164085273408,0.0
11,356,b0228,1.0,4.0,5.5,0.5,5.0,0,True,0.0,0.0,0.0,0.0,0.0,0.0,0.0
11,357,b0229,1.0,4.5,0.0,5.5,5.5,0,False,0.0,0.0,0.0,0.0,0.0,0.0,0.0
11,358,b0230,1.0,4.5,0.5,5.0,4.5,0,True,0.0,0.8874397025049208,0.7875492255820222,0.0,0.44371985125246044,0.1968873063955056,0.0
11,359,b0230,1.0,4.5,0.5,5.0,5.5,0,True,0.0,0.8874397025049208,0.7875492255820222,0.0,0.44371985125246044,0.1968873063955056,0.0
11,360,b0231,1.0,4.5,1.0,4.5,3.5,0,True,0.0,0.6096273943164672,0.7448268452563083,0.610885656530928,0.3048136971582333,0.1862067113140768,0.3054428282654638
11,361,b0231,1.0,4.5,1.0,4.5,4.5,0,True,0.0,1.2217739100970533,1.4927314873938424,0.0,0.6108869550485262,0.37318287184846005,0.0
11,362,b0231,1.0,4.5,1.0,4.5,5.5,0,True,0.0,0.6121465157805862,0.7479046421375344,0.610885656530928,0.3060732578902931,0.18697616053438348,0.3054428282654638
11,363,b0232,1.0,4.5,1.5,4.0,3.5,0,True,0.0,0.771259327180795,1.0499258794524706,0.6745998292981535,0.3856296635903974,0.26248146986311743,0.3372999146490766
11,364,b0232,1.0,4.5,1.5,4.0,4.5,0,True,0.0,1.3613136884714159,1.853174958419651,0.0,0.6806568442357075,0.46329373960491216,0.0
11,365,b0232,1.0,4.5,1.5,4.0,5.5,0,True,0.0,0.5900543612906208,0.8032490789671806,0.6745998292981537,0.2950271806453102,0.20081226974179486,0.3372999146490766
11,366,b0233,1.0,4.5,2.0,3.5,3.5,0,True,0.0,0.8468929454386002,1.2151377728256363,0.7056274596357263,0.4234464727193,0.303784443206409,0.35281372981786313
11,367,b0233,1.0,4.5,2.0,3.5,4.5,0,True,0.0,1.43481862656953,2.058704491150872,0.0,0.7174093132847652,0.5146761227877183,0.0
11,368,b0233,1.0,4.5,2.0,3.5,5.5,0,True,0.0,0.5879256811309298,0.8435667183252362,0.7056274596357263,0.293962840565465,0.2108916795813091,0.35281372981786313
11,369,b0234,1.0,4.5,2.5,3.0,3.5,0,True,0.0,0.8791637171821828,1.2903440165713873,0.7193157686036045,0.4395818585910913,0.32258600414284677,0.3596578843018023
11,370,b0234,1.0,4.5,2.5,3.0,4.5,0,True,0.0,1.467694800585132,2.1541280276646306,0.0,0.7338474002925662,0.538532006916158,0.0
11,371,b0234,1.0,4.5,2.5,3.0,5.5,0,True,0.0,0.5885310834029494,0.8637840110932435,0.7193157686036045,0.29426554170147484,0.21594600277331105,0.35965788430180234
11,372,b0235,1.0,4.5,3.0,2.5,3.5,0,True,0.0,0.8791637171821828,1.2903440165713873,0.7193157686036045,0.43958185859109167,0.32258600414284716,0.35965788430180234
11,373,b0235,1.0,4.5,3.0,2.5,4.5,0,True,0.0,1.467694800585132,2.1541280276646306,0.0,0.7338474002925666,0.5385320069161584,0.0
11,374,b0235,1.0,4.5,3.0,2.5,5.5,0,True,0.0,0.5885310834029494,0.8637840110932435,0.7193157686036045,0.2942655417014748,0.21594600277331105,0.35965788430180234
11,375,b0236,1.0,4.5,3.5,2.0,3.5,0,True,0.0,0.8468929454386003,1.2151377728256365,0.7056274596357263,0.42344647271930047,0.30378444320640946,0.35281372981786324
11,376,b0236,1.0,4.5,3.5,2.0,4.5,0,True,0.0,1.4348186265695304,2.0587044911508734,0.0,0.7174093132847652,0.5146761227877183,0.0
11,377,b0236,1.0,4.5,3.5,2.0,5.5,0,True,0.0,0.5879256811309297,0.8435667183252361,0.7056274596357263,0.2939628405654648,0.21089167958130903,0.3528137298178632
11,378,b0237,1.0,4.5,4.0,1.5,3.5,0,True,0.0,0.7712593271807946,1.04992587945247,0.6745998292981535,0.3856296635903972,0.26248146986311743,0.3372999146490768
11,379,b0237,1.0,4.5,4.0,1.5,4.5,0,True,0.0,1.3613136884714159,1.853174958419651,0.0,0.680656844235708,0.46329373960491294,0.0
11,380,b0237,1.0,4.5,4.0,1.5,5.5,0,True,0.0,0.5900543612906213,0.803249078967181,0.6745998292981535,0.2950271806453107,0.2008122697417953,0.3372999146490768
11,381,b0238,1.0,4.5,4.5,1.0,3.5,0,True,0.0,0.6096273943164668,0.7448268452563078,0.610885656530928,0.3048136971582335,0.186206711314077,0.305442828265464
11,382,b0238,1.0,4.5,4.5,1.0,4.5,0,True,0.0,1.221773910097053,1.4927314873938418,0.0,0.6108869550485265,0.37318287184846044,0.0
11,383,b0238,1.0,4.5,4.5,1.0,5.5,0,True,0.0,0.6121465157805865,0.7479046421375347,0.6108856565309279,0.30607325789029327,0.18697616053438368,0.30544282826546393
11,384,b0239,1.0,4.5,5.0,0.5,4.5,0,True,0.0,0.8874397025049208,0.7875492255820222,0.0,0.44371985125246044,0.1968873063955056,0.0
11,385,b0239,1.0,4.5,5.0,0.5,5.5,0,True,0.0,0.8874397025049208,0.7875492255820222,0.0,0.44371985125246044,0.1968873063955056,0.0
11,386,b0240,1.0,4.5,5.5,0.0,5.5,0,False,0.0,0.0,0.0,0.0,0.0,0.0,0.0
11,387,b0241,1.0,5.0,0.0,5.0,5.0,0,False,0.0,0.0,0.0,0.0,0.0,0.0,0.0
11,388,b0242,1.0,5.0,0.5,4.5,4.0,0,True,0.0,0.8874397025049208,0.7875492255820222,0.0,0.44371985125246044,0.1968873063955056,0.0
11,389,b0242,1.0,5.0,0.5,4.5,5.0,0,True,0.0,0.8874397025049208,0.7875492255820222,0.0,0.44371985125246044,0.1968873063955056,0.0
11,390,b0243,1.0,5.0,1.0,4.0,4.0,0,True,0.0,1.0247271022615547,1.0500656341093628,0.0,0.5123635511307775,0.2625164085273408,0.0
11,391,b0243,1.0,5.0,1.0,4.0,5.0,0,True,0.0,1.0247271022615547,1.0500656341093628,0.0,0.5123635511307775,0.2625164085273408,0.0
11,392,b0244,1.0,5.0,1.5,3.5,4.0,0,True,0.0,1.0968141653190342,1.2030013132444897,0.0,0.5484070826595171,0.3007503283111224,0.0
11,393,b0244,1.0,5.0,1.5,3.5,5.0,0,True,0.0,1.0968141653190342,1.2030013132444897,0.0,0.5484070826595171,0.3007503283111224,0.0
11,394,b0245,1.0,5.0,2.0,3.0,4.0,0,True,0.0,1.1340469566997653,1.2860624999999994,0.0,0.5670234783498826,0.32151562499999986,0.0
11,395,b0245,1.0,5.0,2.0,3.0,5.0,0,True,0.0,1.1340469566997653,1.2860624999999994,0.0,0.5670234783498826,0.32151562499999986,0.0
11,396,b0246,1.0,5.0,2.5,2.5,4.0,0,True,0.0,1.1456797295216075,1.3125820426367036,0.0,0.5728398647608037,0.3281455106591759,0.0
11,397,b0246,1.0,5.0,2.5,2.5,5.0,0,True,0.0,1.1456797295216075,1.3125820426367036,0.0,0.5728398647608037,0.3281455106591759,0.0
11,398,b0247,1.0,5.0,3.0,2.0,4.0,0,True,0.0,1.134046956699765,1.2860624999999988,0.0,0.5670234783498826,0.32151562499999986,0.0
11,399,b0247,1.0,5.0,3.0,2.0,5.0,0,True,0.0,1.134046956699765,1.2860624999999988,0.0,0.5670234783498826,0.32151562499999986,0.0
11,400,b0248,1.0,5.0,3.5,1.5,4.0,0,True,0.0,1.0968141653190344,1.2030013132444901,0.0,0.5484070826595171,0.3007503283111224,0.0
11,401,b0248,1.0,5.0,3.5,1.5,5.0,0,True,0.0,1.0968141653190344,1.2030013132444901,0.0,0.5484070826595171,0.3007503283111224,0.0
11,402,b0249,1.0,5.0,4.0,1.0,4.0,0,True,0.0,1.0247271022615547,1.0500656341093628,0.0,0.5123635511307775,0.2625164085273408,0.0
11,403,b0249,1.0,5.0,4.0,1.0,5.0,0,True,0.0,1.0247271022615547,1.0500656341093628,0.0,0.5123635511307775,0.2625164085273408,0.0
11,404,b0250,1.0,5.0,4.5,0.5,4.0,0,True,0.0,0.8874397025049207,0.7875492255820221,0.0,0.4437198512524604,0.19688730639550556,0.0
11,405,b0250,1.0,5.0,4.5,0.5,5.0,0,True,0.0,0.8874397025049207,0.7875492255820221,0.0,0.4437198512524604,0.19688730639550556,0.0
11,406,b0251,1.0,5.0,5.0,0.0,5.0,0,False,0.0,0.0,0.0,0.0,0.0,0.0,0.0
11,407,b0252,1.0,5.5,0.0,4.5,4.5,0,False,0.0,0.0,0.0,0.0,0.0,0.0,0.0
11,408,b0253,1.0,5.5,0.5,4.0,4.5,0,True,0.0,0.0,0.0,0.0,0.0,0.0,0.0
11,409,b0254,1.0,5.5,1.0,3.5,4.5,0,True,0.0,0.0,0.0,0.0,0.0,0.0,0.0
11,410,b0255,1.0,5.5,1.5,3.0,4.5,0,True,0.0,0.0,0.0,0.0,0.0,0.0,0.0
11,411,b0256,1.0,5.5,2.0,2.5,4.5,0,True,0.0,0.0,0.0,0.0,0.0,0.0,0.0
11,412,b0257,1.0,5.5,2.5,2.0,4.5,0,True,0.0,0.0,0.0,0.0,0.0,0.0,0.0
11,413,b0258,1.0,5.5,3.0,1.5,4.5,0,True,0.0,0.0,0.0,0.0,0.0,0.0,0.0
11,414,b0259,1.0,5.5,3.5,1.0,4.5,0,True,0.0,0.0,0.0,0.0,0.0,0.0,0.0
11,415,b0260,1.0,5.5,4.0,0.5,4.5,0,True,0.0,0.0,0.0,0.0,0.0,0.0,0.0
11,416,b0261,1.0,5.5,4.5,0.0,4.5,0,False,0.0,0.0,0.0,0.0,0.0,0.0,0.0
11,417,b0262,1.5,0.0,4.0,5.5,1.5,0,False,0.0,0.0,0.0,0.0,0.0,0.0,0.0
11,418,b0263,1.5,0.0,4.5,5.0,1.5,0,False,0.0,0.0,0.0,0.0,0.0,0.0,0.0
11,419,b0264,1.5,0.0,5.0,4.5,1.5,0,False,0.0,0.0,0.0,0.0,0.0,0.0,0.0
11,420,b0265,1.5,0.0,5.5,4.0,1.5,0,False,0.0,0.0,0.0,0.0,0.0,0.0,0.0
11,421,b0266,1.5,0.5,3.5,5.5,2.0,0,True,0.0,0.0,0.0,0.0,0.0,0.0,0.0
11,422,b0267,1.5,0.5,4.0,5.0,1.0,0,True,0.0,0.953616020618218,0.9093835147797257,0.0,0.476808010309109,0.22734587869493142,0.0
11,423,b0267,1.5,0.5,4.0,5.0,2.0,0,True,0.0,0.953616020618218,0.9093835147797257,0.0,0.476808010309109,0.22734587869493142,0.0
11,424,b0268,1.5,0.5,4.5,4.5,1.0,0,True,0.0,1.0247271022615554,1.0500656341093642,0.0,0.5123635511307777,0.26251640852734104,0.0
11,425,b0268,1.5,0.5,4.5,4.5,2.0,0,True,0.0,1.0247271022615554,1.0500656341093642,0.0,0.5123635511307777,0.26251640852734104,0.0
11,426,b0269,1.5,0.5,5.0,4.0,1.0,0,True,0.0,0.953616020618218,0.9093835147797257,0.0,0.4768080103091089,0.2273458786949313,0.0
11,427,b0269,1.5,0.5,5.0,4.0,2.0,0,True,0.0,0.953616020618218,0.9093835147797257,0.0,0.4768080103091089,0.2273458786949313,0.0
11,428,b0270,1.5,0.5,5.5,3.5,2.0,0,True,0.0,0.0,0.0,0.0,0.0,0.0,0.0
11,429,b0271,1.5,1.0,3.0,5.5,2.5,0,True,0.0,0.0,0.0,0.0,0.0,0.0,0.0
11,430,b0272,1.5,1.0,3.5,5.0,1.5,0,True,0.0,1.0968141653190353,1.203001313244492,0.0,0.5484070826595177,0.300750328311123,0.0
11,431,b0272,1.5,1.0,3.5,5.0,2.5,0,True,0.0,1.0968141653190353,1.203001313244492,0.0,0.5484070826595177,0.300750328311123,0.0
11,432,b0273,1.5,1.0,4.0,4.5,0.5,0,True,0.0,0.5008177449225942,0.6817700515925134,0.656469068550195,0.250408872461297,0.17044251289812812,0.3282345342750973
11,433,b0273,1.5,1.0,4.0,4.5,1.5,0,True,0.0,1.3613136884714159,1.853174958419651,0.0,0.6806568442357074,0.46329373960491205,0.0
11,434,b0273,1.5,1.0,4.0,4.5,2.5,0,True,0.0,0.8604959435488214,1.171404906827137,0.6564690685501949,0.4302479717744103,0.2928512267067838,0.3282345342750973
11,435,b0274,1.5,1.0,4.5,4.0,0.5,0,True,0.0,0.500817744922594,0.6817700515925128,0.6564690685501948,0.250408872461297,0.17044251289812812,0.3282345342750973
11,436,b0274,1.5,1.0,4.5,4.0,1.5,0,True,0.0,1.3613136884714154,1.85317495841965,0.0,0.6806568442357074,0.46329373960491205,0.0
11,437,b0274,1.5,1.0,4.5,4.0,2.5,0,True,0.0,0.8604959435488212,1.1714049068271364,0.6564690685501947,0.4302479717744103,0.2928512267067838,0.3282345342750973
11,438,b0275,1.5,1.0,5.0,3.5,1.5,0,True,0.0,1.0968141653190353,1.203001313244492,0.0,0.5484070826595177,0.300750328311123,0.0
11,439,b0275,1.5,1.0,5.0,3.5,2.5,0,True,0.0,1.0968141653190353,1.203001313244492,0.0,0.5484070826595177,0.300750328311123,0.0
11,440,b0276,1.5,1.0,5.5,3.0,2.5,0,True,0.0,0.0,0.0,0.0,0.0,0.0,0.0
11,441,b0277,1.5,1.5,2.5,5.5,3.0,0,True,0.0,0.0,0.0,0.0,0.0,0.0,0.0
11,442,b0278,1.5,1.5,3.0,5.0,2.0,0,True,0.0,1.167936330529017,1.364075272169585,0.0,0.5839681652645085,0.34101881804239625,0.0
11,443,b0278,1.5,1.5,3.0,5.0,3.0,0,True,0.0,1.167936330529017,1.364075272169585,0.0,0.5839681652645085,0.34101881804239625,0.0
11,444,b0279,1.5,1.5,3.5,4.5,1.0,0,True,0.0,0.6254680840746351,0.9399209087825855,0.7407500149082622,0.31273404203731753,0.23498022719564624,0.37037500745413093
11,445,b0279,1.5,1.5,3.5,4.5,2.0,0,True,0.0,1.5027479942052928,2.2582515340880307,0.0,0.751373997102646,0.564562883522007,0.0
11,446,b0279,1.5,1.5,3.5,4.5,3.0,0,True,0.0,0.8772799101306581,1.3183306253054463,0.7407500149082622,0.4386399550653287,0.32958265632636113,0.37037500745413093
11,447,b0280,1.5,1.5,4.0,4.0,0.0,0,True,-0.0,0.9382086895810899,0.9271759432278283,0.216657328568323,0.4691043447905451,0.23179398580695718,0.1083286642841615
11,448,b0280,1.5,1.5,4.0,4.0,1.0,0,True,0.0,1.2782985905295032,1.7709254871829236,0.3699705402234197,0.6391492952647512,0.4427313717957302,0.18498527011170954
11,449,b0280,1.5,1.5,4.0,4.0,2.0,0,True,0.0,1.5427516141565962,2.4270229410051454,0.21665732856832326,0.7713758070782983,0.6067557352512867,0.10832866428416163
11,450,b0280,1.5,1.5,4.0,4.0,3.0,0,True,0.0,1.2026617132081838,1.5832733970500528,0.3699705402234197,0.601330856604092,0.39581834926251325,0.18498527011170954
11,451,b0281,1.5,1.5,4.5,3.5,1.0,0,True,0.0,0.6254680840746346,0.9399209087825845,0.740750014908262,0.3127340420373172,0.234980227195646,0.37037500745413093
11,452,b0281,1.5,1.5,4.5,3.5,2.0,0,True,0.0,1.5027479942052928,2.2582515340880307,0.0,0.7513739971026465,0.5645628835220079,0.0
11,453,b0281,1.5,1.5,4.5,3.5,3.0,0,True,0.0,0.8772799101306582,1.318330625305446,0.740750014908262,0.43863995506532905,0.3295826563263614,0.3703750074541309
11,454,b0282,1.5,1.5,5.0,3.0,2.0,0,True,0.0,1.167936330529017,1.364075272169585,0.0,0.5839681652645085,0.34101881804239625,0.0
11,455,b0282,1.5,1.5,5.0,3.0,3.0,0,True,0.0,1.167936330529017,1.364075272169585,0.0,0.5839681652645085,0.34101881804239625,0.0
11,456,b0283,1.5,1.5,5.5,2.5,3.0,0,True,0.0,0.0,0.0,0.0,0.0,0.0,0.0
11,457,b0284,1.5,2.0,2.0,5.5,3.5,0,True,0.0,0.0,0.0,0.0,0.0,0.0,0.0
11,458,b0285,1.5,2.0,2.5,5.0,2.5,0,True,0.0,1.1991086634065575,1.4378615866566609,0.0,0.5995543317032789,0.3594653966641653,0.0
11,459,b0285,1.5,2.0,2.5,5.0,3.5,0,True,0.0,1.1991086634065575,1.4378615866566609,0.0,0.5995543317032789,0.3594653966641653,0.0
11,460,b0286,1.5,2.0,3.0,4.5,1.5,0,True,0.0,0.6836463564260314,1.074349406439769,0.779087328728417,0.3418231782130159,0.2685873516099424,0.38954366436420856
11,461,b0286,1.5,2.0,3.0,4.5,2.5,0,True,0.0,1.57149876736893,2.4696083758420664,0.0,0.7857493836844656,0.6174020939605175,0.0
11,462,b0286,1.5,2.0,3.0,4.5,3.5,0,True,0.0,0.8878524109428992,1.3952589694022994,0.7790873287284171,0.4439262054714495,0.3488147423505748,0.38954366436420856
11,463,b0287,1.5,2.0,3.5,4.0,0.5,0,True,0.0,1.045693005139126,1.1581530007172895,0.2543209384230748,0.5228465025695636,0.289538250179323,0.1271604692115374
11,464,b0287,1.5,2.0,3.5,4.0,1.5,0,True,0.0,1.4229119168931172,2.172516356883059,0.38449711786515856,0.7114559584465593,0.5431290892207656,0.192248558932579
11,465,b0287,1.5,2.0,3.5,4.0,2.5,0,True,-0.0,1.6433645276584372,2.765326110486432,0.2543209384230748,0.8216822638292194,0.6913315276216092,0.1271604692115374
11,466,b0287,1.5,2.0,3.5,4.0,3.5,0,True,0.0,1.2661456159044466,1.750962754320664,0.38449711786515856,0.6330728079522235,0.43774068858016624,0.19224855893257914
11,467,b0288,1.5,2.0,4.0,3.5,0.5,0,True,0.0,1.0456930051391264,1.1581530007172904,0.2543209384230748,0.5228465025695634,0.289538250179323,0.12716046921153784
11,468,b0288,1.5,2.0,4.0,3.5,1.5,0,True,0.0,1.4229119168931181,2.172516356883062,0.3844971178651591,0.7114559584465594,0.5431290892207661,0.19224855893257986
11,469,b0288,1.5,2.0,4.0,3.5,2.5,0,True,0.0,1.6433645276584379,2.765326110486434,0.2543209384230748,0.8216822638292194,0.6913315276216093,0.12716046921153784
11,470,b0288,1.5,2.0,4.0,3.5,3.5,0,True,0.0,1.266145615904447,1.7509627543206656,0.3844971178651591,0.6330728079522235,0.43774068858016646,0.19224855893257972
11,471,b0289,1.5,2.0,4.5,3.0,1.5,0,True,0.0,0.6836463564260317,1.0743494064397694,0.7790873287284171,0.3418231782130159,0.2685873516099424,0.38954366436420856
11,472,b0289,1.5,2.0,4.5,3.0,2.5,0,True,0.0,1.5714987673689302,2.4696083758420673,0.0,0.7857493836844656,0.6174020939605175,0.0
11,473,b0289,1.5,2.0,4.5,3.0,3.5,0,True,0.0,0.887852410942899,1.3952589694022992,0.7790873287284171,0.4439262054714495,0.3488147423505748,0.38954366436420856
11,474,b0290,1.5,2.0,5.0,2.5,2.5,0,True,0.0,1.1991086634065578,1.4378615866566613,0.0,0.5995543317032789,0.3594653966641653,0.0
11,475,b0290,1.5,2.0,5.0,2.5,3.5,0,True,0.0,1.1991086634065578,1.4378615866566613,0.0,0.5995543317032789,0.3594653966641653,0.0
11,476,b0291,1.5,2.0,5.5,2.0,3.5,0,True,0.0,0.0,0.0,0.0,0.0,0.0,0.0
11,477,b0292,1.5,2.5,1.5,5.5,4.0,0,True,0.0,0.0,0.0,0.0,0.0,0.0,0.0
11,478,b0293,1.5,2.5,2.0,5.0,3.0,0,True,0.0,1.1991086634065573,1.4378615866566604,0.0,0.5995543317032788,0.3594653966641652,0.0
11,479,b0293,1.5,2.5,2.0,5.0,4.0,0,True,0.0,1.1991086634065573,1.4378615866566604,0.0,0.5995543317032788,0.3594653966641652,0.0
11,480,b0294,1.5,2.5,2.5,4.5,2.0,0,True,0.0,0.7150131382792225,1.1386793458037834,0.7921082993454119,0.357506569139611,0.2846698364509455,0.3960541496727058
11,481,b0294,1.5,2.5,2.5,4.5,3.0,0,True,0.0,1.5925292625309961,2.5361494520175185,0.0,0.7962646312654978,0.6340373630043793,0.0
11,482,b0294,1.5,2.5,2.5,4.5,4.0,0,True,0.0,0.8775161242517734,1.3974701062137345,0.7921082993454119,0.4387580621258867,0.3493675265534335,0.3960541496727058
11,483,b0295,1.5,2.5,3.0,4.0,1.0,0,True,0.0,1.0900429345236007,1.2629923616206775,0.2734936242691131,0.5450214672618003,0.3157480904051694,0.13674681213455656
11,484,b0295,1.5,2.5,3.0,4.0,2.0,0,True,0.0,1.4890527778360199,2.3699287109278093,0.390705177527304,0.7445263889180095,0.5924821777319516,0.1953525887636517
11,485,b0295,1.5,2.5,3.0,4.0,3.0,0,True,-0.0,1.6841651905637185,2.911211151622381,0.2734936242691131,0.8420825952818591,0.727802787905595,0.13674681213455656
11,486,b0295,1.5,2.5,3.0,4.0,4.0,0,True,0.0,1.2851553472512998,1.804274802315251,0.390705177527304,0.6425776736256497,0.4510687005788123,0.19535258876365155
11,487,b0296,1.5,2.5,3.5,3.5,1.0,0,True,0.0,1.1735062802778138,1.4663350663268682,0.29869395118649017,0.5867531401389068,0.366583766581717,0.14934697559324528
11,488,b0296,1.5,2.5,3.5,3.5,2.0,0,True,0.0,1.5737916562803975,2.622482343051915,0.38165713104056914,0.7868958281401988,0.6556205857629787,0.19082856552028427
11,489,b0296,1.5,2.5,3.5,3.5,3.0,0,True,0.0,1.714801277372217,3.0297614973527844,0.29869395118649017,0.8574006386861084,0.757440374338196,0.14934697559324545
11,490,b0296,1.5,2.5,3.5,3.5,4.0,0,True,0.0,1.3145159013696328,1.8736142206277364,0.38165713104056914,0.6572579506848164,0.468403555156934,0.19082856552028427
11,491,b0297,1.5,2.5,4.0,3.0,1.0,0,True,0.0,1.0900429345236005,1.262992361620677,0.2734936242691131,0.5450214672618002,0.31574809040516927,0.13674681213455656
11,492,b0297,1.5,2.5,4.0,3.0,2.0,0,True,0.0,1.4890527778360196,2.3699287109278084,0.390705177527304,0.7445263889180095,0.5924821777319516,0.1953525887636517
11,493,b0297,1.5,2.5,4.0,3.0,3.0,0,True,0.0,1.6841651905637185,2.911211151622381,0.2734936242691131,0.8420825952818591,0.727802787905595,0.13674681213455656
11,494,b0297,1.5,2.5,4.0,3.0,4.0,0,True,0.0,1.2851553472512998,1.804274802315251,0.390705177527304,0.6425776736256498,0.4510687005788125,0.1953525887636517
11,495,b0298,1.5,2.5,4.5,2.5,2.0,0,True,0.0,0.7150131382792225,1.1386793458037834,0.7921082993454119,0.35750656913961143,0.284669836450946,0.3960541496727061
11,496,b0298,1.5,2.5,4.5,2.5,3.0,0,True,0.0,1.592529262530996,2.5361494520175176,0.0,0.7962646312654982,0.6340373630043797,0.0
11,497,b0298,1.5,2.5,4.5,2.5,4.0,0,True,0.0,0.8775161242517735,1.3974701062137347,0.7921082993454119,0.43875806212588675,0.3493675265534338,0.3960541496727061
11,498,b0299,1.5,2.5,5.0,2.0,3.0,0,True,0.0,1.1991086634065575,1.4378615866566609,0.0,0.5995543317032788,0.3594653966641652,0.0
11,499,b0299,1.5,2.5,5.0,2.0,4.0,0,True,0.0,1.1991086634065575,1.4378615866566609,0.0,0.5995543317032788,0.3594653966641652,0.0
11,500,b0300,1.5,2.5,5.5,1.5,4.0,0,True,0.0,0.0,0.0,0.0,0.0,0.0,0.0
11,501,b0301,1.5,3.0,1.0,5.5,4.5,0,True,0.0,0.0,0.0,0.0,0.0,0.0,0.0
11,502,b0302,1.5,3.0,1.5,5.0,3.5,0,True,-0.0,1.1679363305290171,1.3640752721695855,0.0,0.5839681652645086,0.34101881804239637,0.0
11,503,b0302,1.5,3.0,1.5,5.0,4.5,0,True,0.0,1.1679363305290171,1.3640752721695855,0.0,0.5839681652645086,0.34101881804239637,0.0
11,504,b0303,1.5,3.0,2.0,4.5,2.5,0,True,0.0,0.7324782390278921,1.151088649756897,0.7839415023504593,0.3662391195139461,0.28777216243922443,0.3919707511752298
11,505,b0303,1.5,3.0,2.0,4.5,3.5,0,True,-0.0,1.5714987673689302,2.4696083758420673,0.0,0.7857493836844652,0.6174020939605169,0.0
11,506,b0303,1.5,3.0,2.0,4.5,4.5,0,True,0.0,0.839020528341038,1.3185197260851698,0.7839415023504593,0.4195102641705194,0.32962993152129294,0.3919707511752299
11,507,b0304,1.5,3.0,2.5,4.0,1.5,0,True,0.0,1.100953359926673,1.2932601524220408,0.2848891919469927,0.5504766799633363,0.32331503810550993,0.14244459597349635
11,508,b0304,1.5,3.0,2.5,4.0,2.5,0,True,0.0,1.510094312541948,2.428302307473302,0.3846004091284404,0.7550471562709741,0.6070755768683256,0.19230020456421992
11,509,b0304,1.5,3.0,2.5,4.0,3.5,0,True,0.0,1.6732547651606449,2.880943360821015,0.2848891919469927,0.8366273825803217,0.7202358402052526,0.14244459597349635
11,510,b0304,1.5,3.0,2.5,4.0,4.5,0,True,0.0,1.2641138125453706,1.745901205769756,0.3846004091284404,0.6320569062726845,0.43647530144243796,0.19230020456422006
11,511,b0305,1.5,3.0,3.0,3.5,1.5,0,True,0.0,1.221528586570564,1.595832605211435,0.3220256471189136,0.6107642932852824,0.3989581513028592,0.16101282355945698
11,512,b0305,1.5,3.0,3.0,3.5,2.5,0,True,0.0,1.6351780199243224,2.813802855336807,0.3741599905029654,0.8175890099621616,0.7034507138342023,0.1870799952514827
11,513,b0305,1.5,3.0,3.0,3.5,3.5,0,True,0.0,1.7229218391205745,3.072160181120978,0.3220256471189136,0.8614609195602874,0.7680400452802447,0.1610128235594568
11,514,b0305,1.5,3.0,3.0,3.5,4.5,0,True,0.0,1.3092724057668161,1.8541899309956058,0.3741599905029657,0.6546362028834086,0.4635474827489022,0.18707999525148286
11,515,b0306,1.5,3.0,3.5,3.0,1.5,0,True,0.0,1.2215285865705643,1.5958326052114358,0.3220256471189136,0.6107642932852824,0.3989581513028592,0.16101282355945698
11,516,b0306,1.5,3.0,3.5,3.0,2.5,0,True,0.0,1.6351780199243227,2.8138028553368075,0.3741599905029654,0.8175890099621616,0.7034507138342023,0.1870799952514827
11,517,b0306,1.5,3.0,3.5,3.0,3.5,0,True,-0.0,1.7229218391205747,3.072160181120979,0.3220256471189136,0.8614609195602874,0.7680400452802447,0.1610128235594568
11,518,b0306,1.5,3.0,3.5,3.0,4.5,0,True,0.0,1.3092724057668164,1.8541899309956063,0.3741599905029654,0.6546362028834086,0.4635474827489022,0.18707999525148286
11,519,b0307,1.5,3.0,4.0,2.5,1.5,0,True,0.0,1.1009533599266732,1.2932601524220413,0.2848891919469927,0.5504766799633367,0.3233150381055104,0.14244459597349615
11,520,b0307,1.5,3.0,4.0,2.5,2.5,0,True,0.0,1.5100943125419481,2.428302307473303,0.3846004091284404,0.7550471562709737,0.607075576868325,0.19230020456421992
11,521,b0307,1.5,3.0,4.0,2.5,3.5,0,True,-0.0,1.673254765160645,2.880943360821016,0.2848891919469927,0.836627382580322,0.720235840205253,0.14244459597349596
11,522,b0307,1.5,3.0,4.0,2.5,4.5,0,True,0.0,1.2641138125453704,1.7459012057697554,0.3846004091284401,0.6320569062726851,0.4364753014424386,0.19230020456421992
11,523,b0308,1.5,3.0,4.5,2.0,2.5,0,True,0.0,0.7324782390278921,1.1510886497568973,0.7839415023504595,0.3662391195139461,0.28777216243922443,0.3919707511752298
11,524,b0308,1.5,3.0,4.5,2.0,3.5,0,True,0.0,1.5714987673689305,2.4696083758420677,0.0,0.7857493836844652,0.6174020939605169,0.0
11,525,b0308,1.5,3.0,4.5,2.0,4.5,0,True,0.0,0.8390205283410384,1.3185197260851707,0.7839415023504596,0.4195102641705194,0.32962993152129294,0.3919707511752299
11,526,b0309,1.5,3.0,5.0,1.5,3.5,0,True,0.0,1.1679363305290174,1.3640752721695861,0.0,0.5839681652645087,0.34101881804239653,0.0
11,527,b0309,1.5,3.0,5.0,1.5,4.5,0,True,0.0,1.1679363305290174,1.3640752721695861,0.0,0.5839681652645087,0.34101881804239653,0.0
11,528,b0310,1.5,3.0,5.5,1.0,4.5,0,True,0.0,0.0,0.0,0.0,0.0,0.0,0.0
11,529,b0311,1.5,3.5,0.5,5.5,5.0,0,True,0.0,0.0,0.0,0.0,0.0,0.0,0.0
11,530,b0312,1.5,3.5,1.0,5.0,4.0,0,True,-0.0,1.0968141653190342,1.2030013132444897,0.0,0.5484070826595171,0.3007503283111224,0.0
11,531,b0312,1.5,3.5,1.0,5.0,5.0,0,True,0.0,1.0968141653190342,1.2030013132444897,0.0,0.5484070826595171,0.3007503283111224,0.0
11,532,b0313,1.5,3.5,1.5,4.5,3.0,0,True,0.0,0.7446048619936131,1.1189534628364104,0.7513435048843391,0.37230243099680643,0.27973836570910243,0.37567175244216944
11,533,b0313,1.5,3.5,1.5,4.5,4.0,0,True,-0.0,1.502747994205292,2.258251534088028,0.0,0.7513739971026457,0.5645628835220067,0.0
11,534,b0313,1.5,3.5,1.5,4.5,5.0,0,True,0.0,0.7581431322116788,1.1392980712516179,0.751343504884339,0.3790715661058395,0.28482451781290447,0.37567175244216944
11,535,b0314,1.5,3.5,2.0,4.0,2.0,0,True,0.0,1.084184730828309,1.261659465632165,0.2936033635211149,0.5420923654141547,0.3154148664080415,0.14680168176055763
11,536,b0314,1.5,3.5,2.0,4.0,3.0,0,True,0.0,1.4947631381795932,2.365728424724163,0.36250735918551646,0.7473815690897966,0.5914321061810407,0.18125367959275823
11,537,b0314,1.5,3.5,2.0,4.0,4.0,0,True,-0.0,1.604872801969255,2.6618196455715597,0.2936033635211149,0.8024364009846279,0.6654549113928906,0.1468016817605578
11,538,b0314,1.5,3.5,2.0,4.0,5.0,0,True,0.0,1.194294394617972,1.5577506864795652,0.3625073591855162,0.597147197308986,0.38943767161989135,0.18125367959275823
11,539,b0315,1.5,3.5,2.5,3.5,2.0,0,True,0.0,1.2235419522781366,1.6108534759174986,0.3373404318087367,0.611770976139068,0.40271336897937415,0.168670215904368
11,540,b0315,1.5,3.5,2.5,3.5,3.0,0,True,0.0,1.6405058856141608,2.8151735558394204,0.352014197305618,0.82025294280708,0.7037933889598545,0.176007098652809
11,541,b0315,1.5,3.5,2.5,3.5,4.0,0,True,-0.0,1.6647656053718944,2.885243087762155,0.33734043180873635,0.8323828026859471,0.7213107719405385,0.16867021590436818
11,542,b0315,1.5,3.5,2.5,3.5,5.0,0,True,0.0,1.247801672035869,1.6809230078402286,0.352014197305618,0.6239008360179341,0.4202307519600567,0.17600709865280884
11,543,b0316,1.5,3.5,3.0,3.0,2.0,0,True,0.0,1.2609237706994947,1.711829771890045,0.3491432605321391,0.6304618853497476,0.42795744297251154,0.17457163026606956
11,544,b0316,1.5,3.5,3.0,3.0,3.0,0,True,0.0,1.681139068074741,2.9491328831285175,0.35057711979150796,0.8405695340373707,0.7372832207821298,0.17528855989575398
11,545,b0316,1.5,3.5,3.0,3.0,4.0,0,True,0.0,1.6835266549916459,2.9561630144423736,0.3491432605321391,0.8417633274958223,0.7390407536105923,0.17457163026606956
11,546,b0316,1.5,3.5,3.0,3.0,5.0,0,True,0.0,1.2633113576163995,1.7188599032038996,0.35057711979150796,0.6316556788081993,0.42971497580097434,0.17528855989575398
11,547,b0317,1.5,3.5,3.5,2.5,2.0,0,True,0.0,1.2235419522781361,1.6108534759174975,0.33734043180873635,0.6117709761390685,0.40271336897937493,0.16867021590436834
11,548,b0317,1.5,3.5,3.5,2.5,3.0,0,True,0.0,1.64050588561416,2.815173555839418,0.352014197305618,0.8202529428070806,0.7037933889598557,0.1760070986528093
11,549,b0317,1.5,3.5,3.5,2.5,4.0,0,True,0.0,1.6647656053718938,2.8852430877621527,0.33734043180873635,0.8323828026859477,0.7213107719405395,0.16867021590436818
11,550,b0317,1.5,3.5,3.5,2.5,5.0,0,True,0.0,1.247801672035869,1.6809230078402286,0.352014197305618,0.623900836017935,0.420230751960058,0.1760070986528093
11,551,b0318,1.5,3.5,4.0,2.0,2.0,0,True,0.0,1.0841847308283092,1.2616594656321654,0.2936033635211149,0.5420923654141547,0.3154148664080415,0.14680168176055763
11,552,b0318,1.5,3.5,4.0,2.0,3.0,0,True,0.0,1.4947631381795936,2.365728424724164,0.36250735918551646,0.7473815690897965,0.5914321061810405,0.18125367959275823
11,553,b0318,1.5,3.5,4.0,2.0,4.0,0,True,0.0,1.6048728019692555,2.661819645571561,0.2936033635211149,0.8024364009846279,0.6654549113928906,0.1468016817605578
11,554,b0318,1.5,3.5,4.0,2.0,5.0,0,True,0.0,1.1942943946179723,1.5577506864795658,0.36250735918551646,0.597147197308986,0.38943767161989135,0.18125367959275823
11,555,b0319,1.5,3.5,4.5,1.5,3.0,0,True,0.0,0.7446048619936131,1.1189534628364104,0.7513435048843391,0.3723024309968064,0.27973836570910243,0.37567175244216944
11,556,b0319,1.5,3.5,4.5,1.5,4.0,0,True,0.0,1.502747994205292,2.258251534088028,0.0,0.751373997102646,0.564562883522007,0.0
11,557,b0319,1.5,3.5,4.5,1.5,5.0,0,True,0.0,0.758143132211679,1.139298071251618,0.7513435048843391,0.37907156610583953,0.2848245178129045,0.37567175244216944
11,558,b0320,1.5,3.5,5.0,1.0,4.0,0,True,0.0,1.0968141653190344,1.2030013132444901,0.0,0.5484070826595171,0.3007503283111224,0.0
11,559,b0320,1.5,3.5,5.0,1.0,5.0,0,True,0.0,1.0968141653190344,1.2030013132444901,0.0,0.5484070826595171,0.3007503283111224,0.0
11,560,b0321,1.5,3.5,5.5,0.5,5.0,0,True,0.0,0.0,0.0,0.0,0.0,0.0,0.0
11,561,b0322,1.5,4.0,0.0,5.5,5.5,0,False,0.0,0.0,0.0,0.0,0.0,0.0,0.0
11,562,b0323,1.5,4.0,0.5,5.0,4.5,0,True,-0.0,0.9536160206182168,0.9093835147797233,0.0,0.4768080103091085,0.22734587869493095,0.0
11,563,b0323,1.5,4.0,0.5,5.0,5.5,0,True,0.0,0.9536160206182168,0.9093835147797233,0.0,0.4768080103091085,0.22734587869493095,0.0
11,564,b0324,1.5,4.0,1.0,4.5,3.5,0,True,0.0,0.7712593271807949,1.0499258794524704,0.6745998292981535,0.3856296635903972,0.2624814698631174,0.33729991464907677
11,565,b0324,1.5,4.0,1.0,4.5,4.5,0,True,0.0,1.3613136884714159,1.853174958419651,0.0,0.6806568442357078,0.4632937396049126,0.0
11,566,b0324,1.5,4.0,1.0,4.5,5.5,0,True,0.0,0.5900543612906212,0.8032490789671809,0.6745998292981537,0.2950271806453106,0.2008122697417952,0.33729991464907677
11,567,b0325,1.5,4.0,1.5,4.0,2.5,0,True,0.0,1.0330998449796434,1.1625971329474427,0.3087099662312176,0.5165499224898217,0.29064928323686073,0.154354983115609
11,568,b0325,1.5,4.0,1.5,4.0,3.5,0,True,0.0,1.4422705070582016,2.1777333030184134,0.31239252149898095,0.7211352535291008,0.5444333257546032,0.1561962607494901
11,569,b0325,1.5,4.0,1.5,4.0,4.5,0,True,0.0,1.4478604587580435,2.191601751285532,0.308709966231218,0.7239302293790217,0.547900437821383,0.154354983115609
11,570,b0325,1.5,4.0,1.5,4.0,5.5,0,True,0.0,1.0386897966794852,1.1764655812145615,0.31239252149898056,0.5193448983397424,0.2941163953036401,0.1561962607494901
11,571,b0326,1.5,4.0,2.0,3.5,2.5,0,True,0.0,1.1804140450512675,1.5204256279193544,0.35643836797552925,0.5902070225256336,0.3801064069798385,0.17821918398776462
11,572,b0326,1.5,4.0,2.0,3.5,3.5,0,True,0.0,1.5953548479806576,2.636225319701701,0.3017751294031929,0.7976774239903286,0.659056329925425,0.15088756470159645
11,573,b0326,1.5,4.0,2.0,3.5,4.5,0,True,0.0,1.5086434877462986,2.403053483284375,0.35643836797552925,0.754321743873149,0.6007633708210933,0.17821918398776462
11,574,b0326,1.5,4.0,2.0,3.5,5.5,0,True,0.0,1.0937026848169071,1.287253791502025,0.3017751294031933,0.5468513424084537,0.3218134478755063,0.15088756470159645
11,575,b0327,1.5,4.0,2.5,3.0,2.5,0,True,0.0,1.2373336774650987,1.6716075374391297,0.37498387705316727,0.6186668387325495,0.4179018843597826,0.18749193852658363
11,576,b0327,1.5,4.0,2.5,3.0,3.5,0,True,0.0,1.657385055483447,2.8369174832917565,0.2999871016425335,0.8286925277417243,0.7092293708229405,0.14999355082126675
11,577,b0327,1.5,4.0,2.5,3.0,4.5,0,True,0.0,1.5368744476222205,2.50259597580393,0.37498387705316694,0.7684372238111103,0.6256489939509827,0.18749193852658377
11,578,b0327,1.5,4.0,2.5,3.0,5.5,0,True,0.0,1.1168230696038728,1.3372860299513047,0.2999871016425339,0.5584115348019365,0.33432150748782635,0.14999355082126695
11,579,b0328,1.5,4.0,3.0,2.5,2.5,0,True,0.0,1.237333677465099,1.6716075374391306,0.37498387705316755,0.6186668387325495,0.4179018843597827,0.1874919385265839
11,580,b0328,1.5,4.0,3.0,2.5,3.5,0,True,0.0,1.6573850554834473,2.8369174832917574,0.2999871016425335,0.8286925277417234,0.709229370822939,0.14999355082126675
11,581,b0328,1.5,4.0,3.0,2.5,4.5,0,True,0.0,1.5368744476222207,2.502595975803931,0.37498387705316755,0.7684372238111109,0.6256489939509837,0.18749193852658408
11,582,b0328,1.5,4.0,3.0,2.5,5.5,0,True,0.0,1.116823069603873,1.3372860299513052,0.2999871016425335,0.5584115348019365,0.3343215074878263,0.14999355082126675
11,583,b0329,1.5,4.0,3.5,2.0,2.5,0,True,0.0,1.1804140450512668,1.5204256279193529,0.35643836797552925,0.5902070225256337,0.3801064069798386,0.17821918398776462
11,584,b0329,1.5,4.0,3.5,2.0,3.5,0,True,0.0,1.5953548479806576,2.6362253197017016,0.3017751294031936,0.7976774239903288,0.6590563299254253,0.15088756470159645
11,585,b0329,1.5,4.0,3.5,2.0,4.5,0,True,0.0,1.5086434877462982,2.4030534832843737,0.35643836797552925,0.7543217438731493,0.6007633708210938,0.17821918398776462
11,586,b0329,1.5,4.0,3.5,2.0,5.5,0,True,0.0,1.093702684816907,1.2872537915020246,0.3017751294031936,0.5468513424084533,0.321813447875506,0.15088756470159664
11,587,b0330,1.5,4.0,4.0,1.5,2.5,0,True,0.0,1.0330998449796434,1.1625971329474427,0.3087099662312176,0.5165499224898217,0.2906492832368607,0.1543549831156088
11,588,b0330,1.5,4.0,4.0,1.5,3.5,0,True,0.0,1.4422705070582014,2.1777333030184125,0.31239252149898095,0.7211352535291007,0.5444333257546031,0.15619626074949047
11,589,b0330,1.5,4.0,4.0,1.5,4.5,0,True,0.0,1.4478604587580433,2.191601751285531,0.308709966231218,0.723930229379022,0.5479004378213832,0.15435498311560863
11,590,b0330,1.5,4.0,4.0,1.5,5.5,0,True,0.0,1.0386897966794848,1.1764655812145606,0.31239252149898056,0.5193448983397423,0.29411639530364003,0.15619626074949028
11,591,b0331,1.5,4.0,4.5,1.0,3.5,0,True,0.0,0.7712593271807945,1.0499258794524697,0.6745998292981535,0.3856296635903974,0.26248146986311743,0.3372999146490766
11,592,b0331,1.5,4.0,4.5,1.0,4.5,0,True,0.0,1.3613136884714159,1.853174958419651,0.0,0.6806568442357075,0.46329373960491216,0.0
11,593,b0331,1.5,4.0,4.5,1.0,5.5,0,True,0.0,0.5900543612906213,0.803249078967181,0.6745998292981535,0.2950271806453102,0.20081226974179486,0.3372999146490766
11,594,b0332,1.5,4.0,5.0,0.5,4.5,0,True,0.0,0.953616020618217,0.9093835147797238,0.0,0.4768080103091085,0.22734587869493095,0.0
11,595,b0332,1.5,4.0,5.0,0.5,5.5,0,True,0.0,0.953616020618217,0.9093835147797238,0.0,0.4768080103091085,0.22734587869493095,0.0
11,596,b0333,1.5,4.0,5.5,0.0,5.5,0,False,0.0,0.0,0.0,0.0,0.0,0.0,0.0
11,597,b0334,1.5,4.5,0.0,5.0,5.0,0,False,0.0,0.0,0.0,0.0,0.0,0.0,0.0
11,598,b0335,1.5,4.5,0.5,4.5,4.0,0,True,0.0,1.0247271022615547,1.0500656341093628,0.0,0.5123635511307775,0.2625164085273408,0.0
11,599,b0335,1.5,4.5,0.5,4.5,5.0,0,True,0.0,1.0247271022615547,1.0500656341093628,0.0,0.5123635511307775,0.2625164085273408,0.0
11,600,b0336,1.5,4.5,1.0,4.0,3.0,0,True,0.0,0.5842873690763597,0.7953983935245985,0.6738001661193208,0.29214368453818007,0.1988495983811498,0.33690008305966046
11,601,b0336,1.5,4.5,1.0,4.0,4.0,0,True,0.0,1.3613136884714159,1.853174958419651,0.0,0.6806568442357076,0.4632937396049123,0.0
11,602,b0336,1.5,4.5,1.0,4.0,5.0,0,True,0.0,0.777026319395056,1.057776564895052,0.6738001661193208,0.38851315969752787,0.2644441412237629,0.33690008305966046
11,603,b0337,1.5,4.5,1.5,3.5,3.0,0,True,-0.0,0.7446048619936134,1.1189534628364108,0.751343504884339,0.3723024309968068,0.2797383657091028,0.37567175244216955
11,604,b0337,1.5,4.5,1.5,3.5,4.0,0,True,0.0,1.502747994205292,2.258251534088028,0.0,0.751373997102646,0.564562883522007,0.0
11,605,b0337,1.5,4.5,1.5,3.5,5.0,0,True,-0.0,0.7581431322116788,1.1392980712516179,0.751343504884339,0.37907156610583925,0.2848245178129044,0.3756717524421696
11,606,b0338,1.5,4.5,2.0,3.0,3.0,0,True,0.0,0.8138647100309899,1.2789873886187726,0.7852462176826739,0.40693235501549463,0.31974684715469276,0.3926231088413368
11,607,b0338,1.5,4.5,2.0,3.0,4.0,0,True,0.0,1.5714987673689302,2.4696083758420673,0.0,0.7857493836844652,0.6174020939605169,0.0
11,608,b0338,1.5,4.5,2.0,3.0,5.0,0,True,0.0,0.7576340573379403,1.1906209872232947,0.7852462176826739,0.37881702866897027,0.29765524680582367,0.39262310884133683
11,609,b0339,1.5,4.5,2.5,2.5,3.0,0,True,0.0,0.8341819946590924,1.328459236771079,0.7953613245297115,0.41709099732954624,0.33211480919276976,0.39768066226485566
11,610,b0339,1.5,4.5,2.5,2.5,4.0,0,True,0.0,1.5925292625309952,2.5361494520175154,0.0,0.7962646312654973,0.6340373630043784,0.0
11,611,b0339,1.5,4.5,2.5,2.5,5.0,0,True,0.0,0.7583472678719032,1.2076902152464373,0.7953613245297115,0.3791736339359514,0.3019225538116091,0.3976806622648557
11,612,b0340,1.5,4.5,3.0,2.0,3.0,0,True,0.0,0.8138647100309899,1.2789873886187726,0.7852462176826739,0.4069323550154947,0.31974684715469287,0.3926231088413369
11,613,b0340,1.5,4.5,3.0,2.0,4.0,0,True,0.0,1.5714987673689302,2.4696083758420673,0.0,0.7857493836844651,0.6174020939605168,0.0
11,614,b0340,1.5,4.5,3.0,2.0,5.0,0,True,0.0,0.7576340573379404,1.190620987223295,0.7852462176826739,0.3788170286689704,0.2976552468058238,0.3926231088413369
11,615,b0341,1.5,4.5,3.5,1.5,3.0,0,True,0.0,0.7446048619936133,1.1189534628364106,0.751343504884339,0.3723024309968068,0.2797383657091028,0.37567175244216955
11,616,b0341,1.5,4.5,3.5,1.5,4.0,0,True,0.0,1.502747994205292,2.258251534088028,0.0,0.751373997102646,0.564562883522007,0.0
11,617,b0341,1.5,4.5,3.5,1.5,5.0,0,True,0.0,0.7581431322116787,1.1392980712516179,0.7513435048843391,0.37907156610583925,0.2848245178129044,0.3756717524421696
11,618,b0342,1.5,4.5,4.0,1.0,3.0,0,True,0.0,0.5842873690763595,0.7953983935245982,0.6738001661193208,0.29214368453818,0.19884959838114988,0.3369000830596606
11,619,b0342,1.5,4.5,4.0,1.0,4.0,0,True,0.0,1.3613136884714157,1.8531749584196504,0.0,0.680656844235708,0.46329373960491294,0.0
11,620,b0342,1.5,4.5,4.0,1.0,5.0,0,True,0.0,0.7770263193950563,1.0577765648950523,0.6738001661193208,0.38851315969752825,0.2644441412237633,0.33690008305966057
11,621,b0343,1.5,4.5,4.5,0.5,4.0,0,True,0.0,1.0247271022615547,1.0500656341093628,0.0,0.5123635511307774,0.2625164085273407,0.0
11,622,b0343,1.5,4.5,4.5,0.5,5.0,0,True,0.0,1.0247271022615547,1.0500656341093628,0.0,0.5123635511307774,0.2625164085273407,0.0
11,623,b0344,1.5,4.5,5.0,0.0,5.0,0,False,0.0,0.0,0.0,0.0,0.0,0.0,0.0
11,624,b0345,1.5,5.0,0.0,4.5,4.5,0,False,0.0,0.0,0.0,0.0,0.0,0.0,0.0
11,625,b0346,1.5,5.0,0.5,4.0,3.5,0,True,0.0,0.9536160206182168,0.9093835147797233,0.0,0.4768080103091085,0.22734587869493095,0.0
11,626,b0346,1.5,5.0,0.5,4.0,4.5,0,True,0.0,0.9536160206182168,0.9093835147797233,0.0,0.4768080103091085,0.22734587869493095,0.0
11,627,b0347,1.5,5.0,1.0,3.5,3.5,0,True,0.0,1.096814165319034,1.2030013132444892,0.0,0.5484070826595171,0.3007503283111224,0.0
11,628,b0347,1.5,5.0,1.0,3.5,4.5,0,True,0.0,1.096814165319034,1.2030013132444892,0.0,0.5484070826595171,0.3007503283111224,0.0
11,629,b0348,1.5,5.0,1.5,3.0,3.5,0,True,0.0,1.1679363305290171,1.3640752721695855,0.0,0.5839681652645087,0.34101881804239653,0.0
11,630,b0348,1.5,5.0,1.5,3.0,4.5,0,True,0.0,1.1679363305290171,1.3640752721695855,0.0,0.5839681652645087,0.34101881804239653,0.0
11,631,b0349,1.5,5.0,2.0,2.5,3.5,0,True,0.0,1.1991086634065575,1.4378615866566609,0.0,0.5995543317032788,0.3594653966641652,0.0
11,632,b0349,1.5,5.0,2.0,2.5,4.5,0,True,0.0,1.1991086634065575,1.4378615866566609,0.0,0.5995543317032788,0.3594653966641652,0.0
11,633,b0350,1.5,5.0,2.5,2.0,3.5,0,True,0.0,1.1991086634065575,1.4378615866566609,0.0,0.5995543317032788,0.3594653966641652,0.0
11,634,b0350,1.5,5.0,2.5,2.0,4.5,0,True,0.0,1.1991086634065575,1.4378615866566609,0.0,0.5995543317032788,0.3594653966641652,0.0
11,635,b0351,1.5,5.0,3.0,1.5,3.5,0,True,0.0,1.1679363305290174,1.3640752721695861,0.0,0.5839681652645087,0.34101881804239653,0.0
11,636,b0351,1.5,5.0,3.0,1.5,4.5,0,True,0.0,1.1679363305290174,1.3640752721695861,0.0,0.5839681652645087,0.34101881804239653,0.0
11,637,b0352,1.5,5.0,3.5,1.0,3.5,0,True,0.0,1.0968141653190342,1.2030013132444897,0.0,0.5484070826595171,0.3007503283111224,0.0
11,638,b0352,1.5,5.0,3.5,1.0,4.5,0,True,0.0,1.0968141653190342,1.2030013132444897,0.0,0.5484070826595171,0.3007503283111224,0.0
11,639,b0353,1.5,5.0,4.0,0.5,3.5,0,True,0.0,0.9536160206182168,0.9093835147797233,0.0,0.4768080103091085,0.22734587869493095,0.0
11,640,b0353,1.5,5.0,4.0,0.5,4.5,0,True,0.0,0.9536160206182168,0.9093835147797233,0.0,0.4768080103091085,0.22734587869493095,0.0
11,641,b0354,1.5,5.0,4.5,0.0,4.5,0,False,0.0,0.0,0.0,0.0,0.0,0.0,0.0
11,642,b0355,1.5,5.5,0.0,4.0,4.0,0,False,0.0,0.0,0.0,0.0,0.0,0.0,0.0
11,643,b0356,1.5,5.5,0.5,3.5,4.0,0,True,0.0,0.0,0.0,0.0,0.0,0.0,0.0
11,644,b0357,1.5,5.5,1.0,3.0,4.0,0,True,0.0,0.0,0.0,0.0,0.0,0.0,0.0
11,645,b0358,1.5,5.5,1.5,2.5,4.0,0,True,0.0,0.0,0.0,0.0,0.0,0.0,0.0
11,646,b0359,1.5,5.5,2.0,2.0,4.0,0,True,0.0,0.0,0.0,0.0,0.0,0.0,0.0
11,647,b0360,1.5,5.5,2.5,1.5,4.0,0,True,0.0,0.0,0.0,0.0,0.0,0.0,0.0
11,648,b0361,1.5,5.5,3.0,1.0,4.0,0,True,0.0,0.0,0.0,0.0,0.0,0.0,0.0
11,649,b0362,1.5,5.5,3.5,0.5,4.0,0,True,0.0,0.0,0.0,0.0,0.0,0.0,0.0
11,650,b0363,1.5,5.5,4.0,0.0,4.0,0,False,0.0,0.0,0.0,0.0,0.0,0.0,0.0
11,651,b0364,2.0,0.0,3.5,5.5,2.0,0,False,0.0,0.0,0.0,0.0,0.0,0.0,0.0
11,652,b0365,2.0,0.0,4.0,5.0,2.0,0,False,0.0,0.0,0.0,0.0,0.0,0.0,0.0
11,653,b0366,2.0,0.0,4.5,4.5,2.0,0,False,0.0,0.0,0.0,0.0,0.0,0.0,0.0
11,654,b0367,2.0,0.0,5.0,4.0,2.0,0,False,0.0,0.0,0.0,0.0,0.0,0.0,0.0
11,655,b0368,2.0,0.0,5.5,3.5,2.0,0,False,0.0,0.0,0.0,0.0,0.0,0.0,0.0
11,656,b0369,2.0,0.5,3.0,5.5,2.5,0,True,0.0,0.0,0.0,0.0,0.0,0.0,0.0
11,657,b0370,2.0,0.5,3.5,5.0,1.5,0,True,0.0,0.9910834773699393,0.982246459115691,0.0,0.4955417386849697,0.2455616147789228,0.0
11,658,b0370,2.0,0.5,3.5,5.0,2.5,0,True,0.0,0.9910834773699393,0.982246459115691,0.0,0.4955417386849697,0.2455616147789228,0.0
11,659,b0371,2.0,0.5,4.0,4.5,1.5,0,True,0.0,1.096814165319036,1.2030013132444937,0.0,0.548407082659518,0.3007503283111234,0.0
11,660,b0371,2.0,0.5,4.0,4.5,2.5,0,True,-0.0,1.096814165319036,1.2030013132444937,0.0,0.548407082659518,0.3007503283111234,0.0
11,661,b0372,2.0,0.5,4.5,4.0,1.5,0,True,0.0,1.096814165319036,1.2030013132444937,0.0,0.548407082659518,0.3007503283111234,0.0
11,662,b0372,2.0,0.5,4.5,4.0,2.5,0,True,0.0,1.096814165319036,1.2030013132444937,0.0,0.548407082659518,0.3007503283111234,0.0
11,663,b0373,2.0,0.5,5.0,3.5,1.5,0,True,0.0,0.9910834773699393,0.982246459115691,0.0,0.4955417386849697,0.2455616147789228,0.0
11,664,b0373,2.0,0.5,5.0,3.5,2.5,0,True,0.0,0.9910834773699393,0.982246459115691,0.0,0.4955417386849697,0.2455616147789228,0.0
11,665,b0374,2.0,0.5,5.5,3.0,2.5,0,True,0.0,0.0,0.0,0.0,0.0,0.0,0.0
11,666,b0375,2.0,1.0,2.5,5.5,3.0,0,True,0.0,0.0,0.0,0.0,0.0,0.0,0.0
11,667,b0376,2.0,1.0,3.0,5.0,2.0,0,True,0.0,1.134046956699764,1.2860624999999963,0.0,0.567023478349882,0.3215156249999991,0.0
11,668,b0376,2.0,1.0,3.0,5.0,3.0,0,True,0.0,1.134046956699764,1.2860624999999963,0.0,0.567023478349882,0.3215156249999991,0.0
11,669,b0377,2.0,1.0,3.5,4.5,1.0,0,True,0.0,0.5389318743700208,0.7732694917981351,0.6948538886601637,0.26946593718501066,0.19331737294953422,0.3474269443300823
11,670,b0377,2.0,1.0,3.5,4.5,2.0,0,True,0.0,1.4348186265695295,2.058704491150871,0.0,0.7174093132847651,0.5146761227877182,0.0
11,671,b0377,2.0,1.0,3.5,4.5,3.0,0,True,-0.0,0.8958867521995082,1.2854349993527343,0.6948538886601638,0.4479433760997546,0.3213587498381843,0.3474269443300823
11,672,b0378,2.0,1.0,4.0,4.0,1.0,0,True,0.0,0.6254680840746387,0.9399209087825909,0.7407500149082629,0.3127340420373192,0.2349802271956475,0.37037500745413127
11,673,b0378,2.0,1.0,4.0,4.0,2.0,0,True,-0.0,1.502747994205293,2.2582515340880316,0.0,0.7513739971026465,0.5645628835220079,0.0
11,674,b0378,2.0,1.0,4.0,4.0,3.0,0,True,0.0,0.8772799101306544,1.3183306253054408,0.7407500149082629,0.438639955065327,0.32958265632635986,0.3703750074541312
11,675,b0379,2.0,1.0,4.5,3.5,1.0,0,True,0.0,0.5389318743700209,0.7732694917981352,0.6948538886601637,0.2694659371850106,0.19331737294953394,0.3474269443300819
11,676,b0379,2.0,1.0,4.5,3.5,2.0,0,True,-0.0,1.4348186265695293,2.0587044911508703,0.0,0.7174093132847648,0.5146761227877178,0.0
11,677,b0379,2.0,1.0,4.5,3.5,3.0,0,True,0.0,0.895886752199508,1.2854349993527339,0.6948538886601638,0.4479433760997538,0.32135874983818336,0.3474269443300819
11,678,b0380,2.0,1.0,5.0,3.0,2.0,0,True,0.0,1.1340469566997642,1.2860624999999968,0.0,0.567023478349882,0.3215156249999991,0.0
11,679,b0380,2.0,1.0,5.0,3.0,3.0,0,True,0.0,1.1340469566997642,1.2860624999999968,0.0,0.567023478349882,0.3215156249999991,0.0
11,680,b0381,2.0,1.0,5.5,2.5,3.0,0,True,0.0,0.0,0.0,0.0,0.0,0.0,0.0
11,681,b0382,2.0,1.5,2.0,5.5,3.5,0,True,0.0,0.0,0.0,0.0,0.0,0.0,0.0
11,682,b0383,2.0,1.5,2.5,5.0,2.5,0,True,0.0,1.1991086634065575,1.4378615866566609,0.0,0.5995543317032788,0.3594653966641652,0.0
11,683,b0383,2.0,1.5,2.5,5.0,3.5,0,True,0.0,1.1991086634065575,1.4378615866566609,0.0,0.5995543317032788,0.3594653966641652,0.0
11,684,b0384,2.0,1.5,3.0,4.5,1.5,0,True,0.0,0.6836463564260316,1.0743494064397692,0.7790873287284171,0.3418231782130157,0.2685873516099421,0.38954366436420834
11,685,b0384,2.0,1.5,3.0,4.5,2.5,0,True,-0.0,1.57149876736893,2.4696083758420664,0.0,0.785749383684465,0.6174020939605166,0.0
11,686,b0384,2.0,1.5,3.0,4.5,3.5,0,True,0.0,0.8878524109428989,1.3952589694022988,0.779087328728417,0.44392620547144923,0.3488147423505744,0.3895436643642084
11,687,b0385,2.0,1.5,3.5,4.0,0.5,0,True,0.0,1.0456930051391262,1.15815300071729,0.2543209384230748,0.5228465025695636,0.289538250179323,0.1271604692115374
11,688,b0385,2.0,1.5,3.5,4.0,1.5,0,True,0.0,1.4229119168931177,2.1725163568830603,0.38449711786515856,0.7114559584465593,0.5431290892207656,0.192248558932579
11,689,b0385,2.0,1.5,3.5,4.0,2.5,0,True,0.0,1.6433645276584374,2.7653261104864324,0.2543209384230748,0.8216822638292194,0.6913315276216092,0.1271604692115374
11,690,b0385,2.0,1.5,3.5,4.0,3.5,0,True,0.0,1.2661456159044469,1.7509627543206647,0.38449711786515856,0.6330728079522235,0.43774068858016624,0.19224855893257914
11,691,b0386,2.0,1.5,4.0,3.5,0.5,0,True,0.0,1.0456930051391267,1.158153000717291,0.25432093842307524,0.5228465025695636,0.28953825017932305,0.12716046921153762
11,692,b0386,2.0,1.5,4.0,3.5,1.5,0,True,0.0,1.4229119168931186,2.1725163568830634,0.3844971178651591,0.7114559584465591,0.5431290892207655,0.19224855893257956
11,693,b0386,2.0,1.5,4.0,3.5,2.5,0,True,0.0,1.643364527658438,2.765326110486435,0.2543209384230757,0.8216822638292197,0.6913315276216099,0.12716046921153784
11,694,b0386,2.0,1.5,4.0,3.5,3.5,0,True,0.0,1.2661456159044475,1.7509627543206667,0.3844971178651591,0.6330728079522241,0.43774068858016707,0.19224855893257942
11,695,b0387,2.0,1.5,4.5,3.0,1.5,0,True,0.0,0.6836463564260318,1.0743494064397696,0.7790873287284171,0.34182317821301617,0.2685873516099426,0.3895436643642086
11,696,b0387,2.0,1.5,4.5,3.0,2.5,0,True,0.0,1.5714987673689302,2.4696083758420673,0.0,0.7857493836844653,0.6174020939605172,0.0
11,697,b0387,2.0,1.5,4.5,3.0,3.5,0,True,0.0,0.8878524109428987,1.3952589694022985,0.7790873287284171,0.44392620547144923,0.3488147423505746,0.3895436643642086
11,698,b0388,2.0,1.5,5.0,2.5,2.5,0,True,0.0,1.1991086634065575,1.4378615866566609,0.0,0.5995543317032789,0.3594653966641653,0.0
11,699,b0388,2.0,1.5,5.0,2.5,3.5,0,True,0.0,1.1991086634065575,1.4378615866566609,0.0,0.5995543317032789,0.3594653966641653,0.0
11,700,b0389,2.0,1.5,5.5,2.0,3.5,0,True,0.0,0.0,0.0,0.0,0.0,0.0,0.0
11,701,b0390,2.0,2.0,1.5,5.5,4.0,0,True,0.0,0.0,0.0,0.0,0.0,0.0,0.0
11,702,b0391,2.0,2.0,2.0,5.0,3.0,0,True,-0.0,1.218612760945562,1.4850170611393652,0.0,0.609306380472781,0.3712542652848413,0.0
11,703,b0391,2.0,2.0,2.0,5.0,4.0,0,True,0.0,1.218612760945562,1.4850170611393652,0.0,0.609306380472781,0.3712542652848413,0.0
11,704,b0392,2.0,2.0,2.5,4.5,2.0,0,True,0.0,0.7525649681512787,1.2253841767879212,0.8118067168355939,0.37628248407563936,0.3063460441969804,0.40590335841779707
11,705,b0392,2.0,2.0,2.5,4.5,3.0,0,True,-0.0,1.628276931090948,2.6512857643229557,0.0,0.8141384655454745,0.6628214410807398,0.0
11,706,b0392,2.0,2.0,2.5,4.5,4.0,0,True,0.0,0.8757119629396696,1.4259015875350354,0.8118067168355939,0.43785598146983506,0.3564753968837592,0.40590335841779707
11,707,b0393,2.0,2.0,3.0,4.0,1.0,0,True,0.0,1.1735062802778133,1.4663350663268673,0.29869395118649017,0.5867531401389063,0.3665837665817163,0.1493469755932449
11,708,b0393,2.0,2.0,3.0,4.0,2.0,0,True,0.0,1.5737916562803982,2.6224823430519173,0.38165713104056914,0.7868958281401978,0.6556205857629771,0.19082856552028427
11,709,b0393,2.0,2.0,3.0,4.0,3.0,0,True,-0.0,1.714801277372217,3.0297614973527844,0.29869395118649017,0.8574006386861078,0.7574403743381949,0.1493469755932447
11,710,b0393,2.0,2.0,3.0,4.0,4.0,0,True,-0.0,1.314515901369632,1.873614220627734,0.38165713104056914,0.6572579506848157,0.46840355515693305,0.19082856552028413
11,711,b0394,2.0,2.0,3.5,3.5,0.0,0,True,-0.0,0.5847268547696393,0.7744914396301851,0.6577126613813895,0.2923634273848196,0.19362285990754624,0.32885633069069475
11,712,b0394,2.0,2.0,3.5,3.5,1.0,0,True,0.0,1.4292528622429737,2.1218459643435974,0.28121561143340634,0.7146264311214864,0.5304614910858987,0.14060780571670317
11,713,b0394,2.0,2.0,3.5,3.5,2.0,0,True,0.0,1.4587257588112683,2.720504153863333,0.7698203130885951,0.7293628794056342,0.6801260384658332,0.38491015654429744
11,714,b0394,2.0,2.0,3.5,3.5,3.0,0,True,-0.0,1.7596880048241836,3.175584094435981,0.2812156114334071,0.8798440024120918,0.7938960236089951,0.14060780571670317
11,715,b0394,2.0,2.0,3.5,3.5,4.0,0,True,0.0,1.1454882534862498,1.8024344652860604,0.7002079165584186,0.572744126743125,0.4506086163215153,0.3501039582792094
11,716,b0395,2.0,2.0,4.0,3.0,1.0,0,True,0.0,1.1735062802778136,1.466335066326868,0.29869395118649056,0.5867531401389068,0.366583766581717,0.14934697559324528
11,717,b0395,2.0,2.0,4.0,3.0,2.0,0,True,0.0,1.573791656280398,2.6224823430519164,0.38165713104056914,0.7868958281401994,0.6556205857629797,0.19082856552028427
11,718,b0395,2.0,2.0,4.0,3.0,3.0,0,True,0.0,1.714801277372217,3.0297614973527844,0.29869395118649017,0.8574006386861086,0.7574403743381963,0.14934697559324508
11,719,b0395,2.0,2.0,4.0,3.0,4.0,0,True,0.0,1.3145159013696324,1.873614220627735,0.38165713104056886,0.6572579506848166,0.4684035551569343,0.19082856552028443
11,720,b0396,2.0,2.0,4.5,2.5,2.0,0,True,0.0,0.7525649681512785,1.225384176787921,0.8118067168355939,0.37628248407563936,0.3063460441969804,0.40590335841779707
11,721,b0396,2.0,2.0,4.5,2.5,3.0,0,True,0.0,1.6282769310909482,2.6512857643229566,0.0,0.8141384655454745,0.6628214410807398,0.0
11,722,b0396,2.0,2.0,4.5,2.5,4.0,0,True,0.0,0.8757119629396699,1.4259015875350358,0.8118067168355938,0.43785598146983506,0.3564753968837592,0.40590335841779707
11,723,b0397,2.0,2.0,5.0,2.0,3.0,0,True,0.0,1.218612760945562,1.4850170611393652,0.0,0.609306380472781,0.3712542652848413,0.0
11,724,b0397,2.0,2.0,5.0,2.0,4.0,0,True,0.0,1.218612760945562,1.4850170611393652,0.0,0.609306380472781,0.3712542652848413,0.0
11,725,b0398,2.0,2.0,5.5,1.5,4.0,0,True,0.0,0.0,0.0,0.0,0.0,0.0,0.0
11,726,b0399,2.0,2.5,1.0,5.5,4.5,0,True,0.0,0.0,0.0,0.0,0.0,0.0,0.0
11,727,b0400,2.0,2.5,1.5,5.0,3.5,0,True,0.0,1.1991086634065573,1.4378615866566604,0.0,0.5995543317032788,0.3594653966641652,0.0
11,728,b0400,2.0,2.5,1.5,5.0,4.5,0,True,0.0,1.1991086634065573,1.4378615866566604,0.0,0.5995543317032788,0.3594653966641652,0.0
11,729,b0401,2.0,2.5,2.0,4.5,2.5,0,True,0.0,0.790193216558843,1.2866533856273177,0.813786253344026,0.39509660827942183,0.32166334640683,0.4068931266720133
11,730,b0401,2.0,2.5,2.0,4.5,3.5,0,True,-0.0,1.628276931090948,2.6512857643229557,0.0,0.8141384655454746,0.66282144108074,0.0
11,731,b0401,2.0,2.5,2.0,4.5,4.5,0,True,0.0,0.8380837145321048,1.3646323786956376,0.8137862533440258,0.4190418572660529,0.3411580946739101,0.40689312667201327
11,732,b0402,2.0,2.5,2.5,4.0,1.5,0,True,0.0,1.2215285865705654,1.5958326052114387,0.32202564711891396,0.6107642932852828,0.3989581513028598,0.16101282355945698
11,733,b0402,2.0,2.5,2.5,4.0,2.5,0,True,0.0,1.6351780199243247,2.813802855336814,0.3741599905029654,0.8175890099621622,0.7034507138342034,0.1870799952514827
11,734,b0402,2.0,2.5,2.5,4.0,3.5,0,True,0.0,1.7229218391205758,3.072160181120983,0.3220256471189143,0.8614609195602879,0.7680400452802457,0.16101282355945715
11,735,b0402,2.0,2.5,2.5,4.0,4.5,0,True,0.0,1.3092724057668166,1.854189930995607,0.3741599905029657,0.6546362028834083,0.46354748274890173,0.18707999525148286
11,736,b0403,2.0,2.5,3.0,3.5,0.5,0,True,0.0,0.6926940229156167,0.9890793670339226,0.713620597832561,0.34634701145780833,0.24726984175848057,0.3568102989162804
11,737,b0403,2.0,2.5,3.0,3.5,1.5,0,True,0.0,1.554550226987463,2.5095540539864953,0.304840361106798,0.7772751134937312,0.6273885134966234,0.15242018055339865
11,738,b0403,2.0,2.5,3.0,3.5,2.5,0,True,0.0,1.5428055315915452,3.0435050853060894,0.814405413167557,0.7714027657957719,0.7608762713265211,0.4072027065837782
11,739,b0403,2.0,2.5,3.0,3.5,3.5,0,True,-0.0,1.7933467567471835,3.3090202356953644,0.3048403611067973,0.8966733783735914,0.8272550589238404,0.15242018055339865
11,740,b0403,2.0,2.5,3.0,3.5,4.5,0,True,0.0,1.1123974292274854,1.7859898373418508,0.7406495775938391,0.5561987146137424,0.44649745933546225,0.3703247887969195
11,741,b0404,2.0,2.5,3.5,3.0,0.5,0,True,0.0,0.6926940229156165,0.989079367033922,0.7136205978325606,0.3463470114578084,0.24726984175848082,0.3568102989162807
11,742,b0404,2.0,2.5,3.5,3.0,1.5,0,True,0.0,1.5545502269874627,2.5095540539864944,0.3048403611067973,0.7772751134937318,0.6273885134966244,0.152420180553399
11,743,b0404,2.0,2.5,3.5,3.0,2.5,0,True,0.0,1.542805531591544,3.0435050853060854,0.8144054131675564,0.7714027657957729,0.760876271326523,0.4072027065837786
11,744,b0404,2.0,2.5,3.5,3.0,3.5,0,True,0.0,1.7933467567471828,3.309020235695362,0.304840361106798,0.8966733783735921,0.8272550589238418,0.152420180553399
11,745,b0404,2.0,2.5,3.5,3.0,4.5,0,True,0.0,1.1123974292274847,1.7859898373418488,0.7406495775938389,0.5561987146137429,0.4464974593354629,0.37032478879691955
11,746,b0405,2.0,2.5,4.0,2.5,1.5,0,True,0.0,1.2215285865705654,1.5958326052114389,0.3220256471189143,0.610764293285282,0.3989581513028589,0.16101282355945715
11,747,b0405,2.0,2.5,4.0,2.5,2.5,0,True,0.0,1.6351780199243242,2.813802855336813,0.3741599905029654,0.8175890099621623,0.7034507138342035,0.1870799952514827
11,748,b0405,2.0,2.5,4.0,2.5,3.5,0,True,0.0,1.7229218391205752,3.0721601811209807,0.3220256471189143,0.8614609195602879,0.7680400452802457,0.16101282355945715
11,749,b0405,2.0,2.5,4.0,2.5,4.5,0,True,0.0,1.3092724057668164,1.8541899309956063,0.3741599905029654,0.6546362028834076,0.4635474827489009,0.18707999525148286
11,750,b0406,2.0,2.5,4.5,2.0,2.5,0,True,0.0,0.7901932165588427,1.2866533856273172,0.813786253344026,0.39509660827942134,0.32166334640682936,0.40689312667201305
11,751,b0406,2.0,2.5,4.5,2.0,3.5,0,True,0.0,1.628276931090948,2.6512857643229557,0.0,0.814138465545474,0.6628214410807389,0.0
11,752,b0406,2.0,2.5,4.5,2.0,4.5,0,True,0.0,0.8380837145321055,1.3646323786956387,0.8137862533440258,0.41904185726605286,0.3411580946739099,0.40689312667201305
11,753,b0407,2.0,2.5,5.0,1.5,3.5,0,True,0.0,1.1991086634065573,1.4378615866566604,0.0,0.5995543317032788,0.3594653966641652,0.0
11,754,b0407,2.0,2.5,5.0,1.5,4.5,0,True,0.0,1.1991086634065573,1.4378615866566604,0.0,0.5995543317032788,0.3594653966641652,0.0
11,755,b0408,2.0,2.5,5.5,1.0,4.5,0,True,0.0,0.0,0.0,0.0,0.0,0.0,0.0
11,756,b0409,2.0,3.0,0.5,5.5,5.0,0,True,0.0,0.0,0.0,0.0,0.0,0.0,0.0
11,757,b0410,2.0,3.0,1.0,5.0,4.0,0,True,-0.0,1.1340469566997653,1.2860624999999994,0.0,0.5670234783498826,0.32151562499999986,0.0
11,758,b0410,2.0,3.0,1.0,5.0,5.0,0,True,0.0,1.1340469566997653,1.2860624999999994,0.0,0.5670234783498826,0.32151562499999986,0.0
11,759,b0411,2.0,3.0,1.5,4.5,3.0,0,True,0.0,0.8138647100309899,1.2789873886187724,0.7852462176826738,0.4069323550154952,0.3197468471546933,0.39262310884133694
11,760,b0411,2.0,3.0,1.5,4.5,4.0,0,True,0.0,1.5714987673689302,2.4696083758420673,0.0,0.7857493836844651,0.6174020939605168,0.0
11,761,b0411,2.0,3.0,1.5,4.5,5.0,0,True,-0.0,0.7576340573379403,1.1906209872232945,0.7852462176826738,0.37881702866897,0.29765524680582356,0.39262310884133694
11,762,b0412,2.0,3.0,2.0,4.0,2.0,0,True,0.0,1.2235419522781361,1.6108534759174973,0.337340431808736,0.6117709761390676,0.4027133689793738,0.16867021590436818
11,763,b0412,2.0,3.0,2.0,4.0,3.0,0,True,-0.0,1.64050588561416,2.815173555839418,0.352014197305618,0.8202529428070799,0.7037933889598544,0.176007098652809
11,764,b0412,2.0,3.0,2.0,4.0,4.0,0,True,-0.0,1.6647656053718938,2.8852430877621527,0.33734043180873635,0.8323828026859464,0.7213107719405374,0.16867021590436818
11,765,b0412,2.0,3.0,2.0,4.0,5.0,0,True,0.0,1.2478016720358687,1.6809230078402282,0.352014197305618,0.623900836017934,0.42023075196005666,0.17600709865280917
11,766,b0413,2.0,3.0,2.5,3.5,1.0,0,True,0.0,0.7466551531001032,1.0826920659280457,0.7247055597117406,0.3733275765500517,0.27067301648201175,0.3623527798558706
11,767,b0413,2.0,3.0,2.5,3.5,2.0,0,True,-0.0,1.5962448591677316,2.6491433873007417,0.31803417564992986,0.7981224295838669,0.6622858468251874,0.15901708782496562
11,768,b0413,2.0,3.0,2.5,3.5,3.0,0,True,0.0,1.5720046309320455,3.1270653784855655,0.8098560482047221,0.7860023154660244,0.7817663446213944,0.4049280241023615
11,769,b0413,2.0,3.0,2.5,3.5,4.0,0,True,-0.0,1.7516521245669143,3.1694309023811154,0.31803417564992986,0.8758260622834578,0.7923577255952802,0.15901708782496562
11,770,b0413,2.0,3.0,2.5,3.5,5.0,0,True,0.0,1.0292371997024956,1.6088168452682399,0.7412743297975487,0.5146185998512482,0.40220421131706074,0.3706371648987748
11,771,b0414,2.0,3.0,3.0,3.0,1.0,0,True,0.0,0.8532497688942089,1.302503904765919,0.7579371587723471,0.4266248844471047,0.32562597619148004,0.3789685793861736
11,772,b0414,2.0,3.0,3.0,3.0,2.0,0,True,0.0,1.6762754718109194,2.911479316535579,0.31871595369648303,0.8381377359054595,0.7278698291338943,0.15935797684824116
11,773,b0414,2.0,3.0,3.0,3.0,3.0,0,True,0.0,1.5885739522356896,3.247746664498017,0.8509873458379376,0.7942869761178447,0.8119366661245041,0.42549367291896895
11,774,b0414,2.0,3.0,3.0,3.0,4.0,0,True,0.0,1.7761418588542217,3.256259761914789,0.3187159536964837,0.8880709294271104,0.8140649404786963,0.15935797684824116
11,775,b0414,2.0,3.0,3.0,3.0,5.0,0,True,0.0,1.010593609535242,1.6174885091864297,0.7721328030546045,0.5052968047676208,0.40437212729660726,0.3860664015273022
11,776,b0415,2.0,3.0,3.5,2.5,1.0,0,True,0.0,0.7466551531001031,1.0826920659280452,0.7247055597117403,0.37332757655005144,0.27067301648201136,0.3623527798558704
11,777,b0415,2.0,3.0,3.5,2.5,2.0,0,True,0.0,1.596244859167732,2.649143387300743,0.31803417564992986,0.7981224295838659,0.6622858468251858,0.1590170878249653
11,778,b0415,2.0,3.0,3.5,2.5,3.0,0,True,-0.0,1.572004630932045,3.1270653784855638,0.8098560482047219,0.7860023154660232,0.7817663446213923,0.40492802410236123
11,779,b0415,2.0,3.0,3.5,2.5,4.0,0,True,0.0,1.7516521245669137,3.1694309023811127,0.31803417564992986,0.8758260622834572,0.7923577255952788,0.15901708782496493
11,780,b0415,2.0,3.0,3.5,2.5,5.0,0,True,0.0,1.0292371997024956,1.60881684526824,0.7412743297975488,0.5146185998512482,0.4022042113170605,0.37063716489877446
11,781,b0416,2.0,3.0,4.0,2.0,2.0,0,True,0.0,1.2235419522781366,1.6108534759174984,0.33734043180873635,0.6117709761390681,0.4027133689793744,0.16867021590436818
11,782,b0416,2.0,3.0,4.0,2.0,3.0,0,True,0.0,1.6405058856141603,2.815173555839419,0.352014197305618,0.8202529428070803,0.703793388959855,0.176007098652809
11,783,b0416,2.0,3.0,4.0,2.0,4.0,0,True,0.0,1.6647656053718938,2.8852430877621527,0.33734043180873635,0.8323828026859466,0.7213107719405376,0.16867021590436818
11,784,b0416,2.0,3.0,4.0,2.0,5.0,0,True,0.0,1.2478016720358687,1.6809230078402282,0.352014197305618,0.6239008360179343,0.42023075196005705,0.176007098652809
11,785,b0417,2.0,3.0,4.5,1.5,3.0,0,True,0.0,0.8138647100309899,1.2789873886187726,0.7852462176826739,0.4069323550154947,0.31974684715469287,0.3926231088413369
11,786,b0417,2.0,3.0,4.5,1.5,4.0,0,True,0.0,1.5714987673689302,2.4696083758420673,0.0,0.7857493836844651,0.6174020939605168,0.0
11,787,b0417,2.0,3.0,4.5,1.5,5.0,0,True,0.0,0.7576340573379404,1.190620987223295,0.7852462176826739,0.3788170286689704,0.2976552468058238,0.3926231088413369
11,788,b0418,2.0,3.0,5.0,1.0,4.0,0,True,0.0,1.1340469566997653,1.2860624999999994,0.0,0.5670234783498826,0.32151562499999986,0.0
11,789,b0418,2.0,3.0,5.0,1.0,5.0,0,True,0.0,1.1340469566997653,1.2860624999999994,0.0,0.5670234783498826,0.32151562499999986,0.0
11,790,b0419,2.0,3.0,5.5,0.5,5.0,0,True,0.0,0.0,0.0,0.0,0.0,0.0,0.0
11,791,b0420,2.0,3.5,0.0,5.5,5.5,0,False,0.0,0.0,0.0,0.0,0.0,0.0,0.0
11,792,b0421,2.0,3.5,0.5,5.0,4.5,0,True,0.0,0.9910834773699391,0.9822464591156905,0.0,0.49554173868496953,0.24556161477892263,0.0
11,793,b0421,2.0,3.5,0.5,5.0,5.5,0,True,0.0,0.9910834773699391,0.9822464591156905,0.0,0.49554173868496953,0.24556161477892263,0.0
11,794,b0422,2.0,3.5,1.0,4.5,3.5,0,True,0.0,0.8468929454386002,1.2151377728256363,0.7056274596357263,0.42344647271929997,0.30378444320640885,0.35281372981786296
11,795,b0422,2.0,3.5,1.0,4.5,4.5,0,True,-0.0,1.4348186265695302,2.058704491150873,0.0,0.7174093132847649,0.5146761227877179,0.0
11,796,b0422,2.0,3.5,1.0,4.5,5.5,0,True,0.0,0.5879256811309298,0.8435667183252362,0.7056274596357263,0.29396284056546473,0.21089167958130883,0.35281372981786296
11,797,b0423,2.0,3.5,1.5,4.0,2.5,0,True,0.0,1.1804140450512666,1.5204256279193524,0.35643836797552925,0.5902070225256336,0.3801064069798385,0.17821918398776462
11,798,b0423,2.0,3.5,1.5,4.0,3.5,0,True,-0.0,1.595354847980657,2.636225319701699,0.3017751294031929,0.7976774239903286,0.659056329925425,0.15088756470159645
11,799,b0423,2.0,3.5,1.5,4.0,4.5,0,True,-0.0,1.5086434877462982,2.4030534832843737,0.35643836797552925,0.754321743873149,0.6007633708210933,0.17821918398776462
11,800,b0423,2.0,3.5,1.5,4.0,5.5,0,True,0.0,1.0937026848169071,1.287253791502025,0.3017751294031933,0.5468513424084537,0.3218134478755063,0.15088756470159645
11,801,b0424,2.0,3.5,2.0,3.5,1.5,0,True,0.0,0.8013666924154593,1.1257744911476173,0.6954034191997649,0.4006833462077294,0.28144362278690377,0.34770170959988195
11,802,b0424,2.0,3.5,2.0,3.5,2.5,0,True,0.0,1.580702302592697,2.604809273969279,0.32586731125939167,0.7903511512963473,0.6512023184923177,0.16293365562969517
11,803,b0424,2.0,3.5,2.0,3.5,3.5,0,True,0.0,1.5547732221924127,2.985789327221545,0.7539692001500907,0.7773866110962048,0.7464473318053834,0.3769846000750448
11,804,b0424,2.0,3.5,2.0,3.5,4.5,0,True,0.0,1.6082385644744637,2.692620784810309,0.32586731125939167,0.8041192822372307,0.6731551962025752,0.16293365562969517
11,805,b0424,2.0,3.5,2.0,3.5,5.5,0,True,0.0,0.8328009524592879,1.1858662404104232,0.7016472147691646,0.4164004762296436,0.2964665601026053,0.35082360738458196
11,806,b0425,2.0,3.5,2.5,3.0,1.5,0,True,-0.0,0.9512508841371737,1.4452217731197008,0.735080627242989,0.47562544206858665,0.36130544327992503,0.36754031362149453
11,807,b0425,2.0,3.5,2.5,3.0,2.5,0,True,0.0,1.7004814396184038,2.9981167205863613,0.3263121114817562,0.8502407198092015,0.7495291801465895,0.1631560557408781
11,808,b0425,2.0,3.5,2.5,3.0,3.5,0,True,0.0,1.5899733074492808,3.1784870973652577,0.8065184306412672,0.794986653724641,0.7946217743413154,0.40325921532063375
11,809,b0425,2.0,3.5,2.5,3.0,4.5,0,True,0.0,1.6474155441162437,2.8204575690955016,0.32631211148175693,0.8237077720581226,0.7051143922738766,0.1631560557408781
11,810,b0425,2.0,3.5,2.5,3.0,5.5,0,True,0.0,0.8066727921481932,1.194865419196905,0.7376614573127316,0.4033363960740968,0.2987163547992266,0.368830728656366
11,811,b0426,2.0,3.5,3.0,2.5,1.5,0,True,0.0,0.9512508841371737,1.4452217731197008,0.735080627242989,0.4756254420685864,0.3613054432799246,0.3675403136214942
11,812,b0426,2.0,3.5,3.0,2.5,2.5,0,True,0.0,1.7004814396184036,2.998116720586361,0.32631211148175693,0.8502407198092015,0.7495291801465895,0.1631560557408781
11,813,b0426,2.0,3.5,3.0,2.5,3.5,0,True,0.0,1.589973307449281,3.1784870973652586,0.8065184306412672,0.7949866537246404,0.7946217743413143,0.40325921532063347
11,814,b0426,2.0,3.5,3.0,2.5,4.5,0,True,0.0,1.6474155441162437,2.8204575690955016,0.32631211148175693,0.823707772058121,0.7051143922738738,0.1631560557408781
11,815,b0426,2.0,3.5,3.0,2.5,5.5,0,True,0.0,0.8066727921481932,1.194865419196905,0.7376614573127316,0.4033363960740965,0.29871635479922615,0.3688307286563658
11,816,b0427,2.0,3.5,3.5,2.0,1.5,0,True,0.0,0.8013666924154592,1.1257744911476169,0.6954034191997647,0.40068334620772955,0.28144362278690405,0.34770170959988217
11,817,b0427,2.0,3.5,3.5,2.0,2.5,0,True,0.0,1.580702302592697,2.6048092739692796,0.3258673112593924,0.790351151296348,0.6512023184923192,0.1629336556296962
11,818,b0427,2.0,3.5,3.5,2.0,3.5,0,True,0.0,1.554773222192412,2.9857893272215428,0.7539692001500907,0.7773866110962067,0.7464473318053868,0.37698460007504536
11,819,b0427,2.0,3.5,3.5,2.0,4.5,0,True,0.0,1.6082385644744632,2.6926207848103076,0.32586731125939167,0.8041192822372323,0.673155196202578,0.1629336556296962
11,820,b0427,2.0,3.5,3.5,2.0,5.5,0,True,0.0,0.832800952459288,1.1858662404104234,0.7016472147691646,0.4164004762296437,0.2964665601026057,0.3508236073845824
11,821,b0428,2.0,3.5,4.0,1.5,2.5,0,True,0.0,1.1804140450512666,1.5204256279193524,0.35643836797552925,0.590207022525634,0.38010640697983883,0.17821918398776446
11,822,b0428,2.0,3.5,4.0,1.5,3.5,0,True,0.0,1.5953548479806576,2.6362253197017016,0.3017751294031936,0.7976774239903287,0.6590563299254251,0.15088756470159645
11,823,b0428,2.0,3.5,4.0,1.5,4.5,0,True,0.0,1.5086434877462982,2.4030534832843737,0.35643836797552925,0.754321743873149,0.6007633708210932,0.17821918398776432
11,824,b0428,2.0,3.5,4.0,1.5,5.5,0,True,0.0,1.093702684816907,1.2872537915020246,0.3017751294031936,0.5468513424084536,0.3218134478755062,0.15088756470159645
11,825,b0429,2.0,3.5,4.5,1.0,3.5,0,True,0.0,0.8468929454386004,1.2151377728256365,0.7056274596357262,0.4234464727193,0.303784443206409,0.35281372981786313
11,826,b0429,2.0,3.5,4.5,1.0,4.5,0,True,0.0,1.4348186265695302,2.058704491150873,0.0,0.7174093132847652,0.5146761227877183,0.0
11,827,b0429,2.0,3.5,4.5,1.0,5.5,0,True,0.0,0.5879256811309297,0.8435667183252359,0.705627459635726,0.293962840565465,0.2108916795813091,0.35281372981786313
11,828,b0430,2.0,3.5,5.0,0.5,4.5,0,True,0.0,0.9910834773699391,0.9822464591156905,0.0,0.49554173868496953,0.24556161477892263,0.0
11,829,b0430,2.0,3.5,5.0,0.5,5.5,0,True,0.0,0.9910834773699391,0.9822464591156905,0.0,0.49554173868496953,0.24556161477892263,0.0
11,830,b0431,2.0,3.5,5.5,0.0,5.5,0,False,0.0,0.0,0.0,0.0,0.0,0.0,0.0
11,831,b0432,2.0,4.0,0.0,5.0,5.0,0,False,0.0,0.0,0.0,0.0,0.0,0.0,0.0
11,832,b0433,2.0,4.0,0.5,4.5,4.0,0,True,0.0,1.0968141653190344,1.2030013132444901,0.0,0.5484070826595171,0.3007503283111224,0.0
11,833,b0433,2.0,4.0,0.5,4.5,5.0,0,True,0.0,1.0968141653190344,1.2030013132444901,0.0,0.5484070826595171,0.3007503283111224,0.0
11,834,b0434,2.0,4.0,1.0,4.0,3.0,0,True,0.0,0.7446048619936134,1.1189534628364113,0.7513435048843393,0.37230243099680677,0.2797383657091029,0.37567175244216966
11,835,b0434,2.0,4.0,1.0,4.0,4.0,0,True,0.0,1.5027479942052921,2.258251534088029,0.0,0.7513739971026461,0.5645628835220072,0.0
11,836,b0434,2.0,4.0,1.0,4.0,5.0,0,True,0.0,0.7581431322116792,1.139298071251619,0.7513435048843394,0.3790715661058396,0.28482451781290474,0.3756717524421697
11,837,b0435,2.0,4.0,1.5,3.5,2.0,0,True,0.0,1.0841847308283092,1.2616594656321651,0.2936033635211145,0.5420923654141555,0.31541486640804234,0.14680168176055763
11,838,b0435,2.0,4.0,1.5,3.5,3.0,0,True,-0.0,1.494763138179593,2.3657284247241614,0.36250735918551585,0.7473815690897972,0.5914321061810417,0.18125367959275823
11,839,b0435,2.0,4.0,1.5,3.5,4.0,0,True,0.0,1.6048728019692549,2.661819645571559,0.2936033635211141,0.8024364009846281,0.6654549113928908,0.14680168176055744
11,840,b0435,2.0,4.0,1.5,3.5,5.0,0,True,0.0,1.1942943946179723,1.5577506864795656,0.3625073591855162,0.597147197308987,0.38943767161989257,0.18125367959275823
11,841,b0436,2.0,4.0,2.0,3.0,2.0,0,True,0.0,1.2235419522781361,1.6108534759174973,0.337340431808736,0.6117709761390674,0.4027133689793735,0.168670215904368
11,842,b0436,2.0,4.0,2.0,3.0,3.0,0,True,0.0,1.640505885614161,2.8151735558394213,0.352014197305618,0.8202529428070795,0.7037933889598537,0.176007098652809
11,843,b0436,2.0,4.0,2.0,3.0,4.0,0,True,0.0,1.6647656053718933,2.885243087762151,0.3373404318087357,0.8323828026859457,0.721310771940536,0.16867021590436784
11,844,b0436,2.0,4.0,2.0,3.0,5.0,0,True,0.0,1.2478016720358687,1.6809230078402282,0.352014197305618,0.6239008360179336,0.420230751960056,0.17600709865280884
11,845,b0437,2.0,4.0,2.5,2.5,2.0,0,True,0.0,1.260923770699493,1.7118297718900404,0.3491432605321388,0.6304618853497465,0.4279574429725101,0.1745716302660694
11,846,b0437,2.0,4.0,2.5,2.5,3.0,0,True,0.0,1.6811390680747398,2.949132883128514,0.35057711979150796,0.8405695340373701,0.7372832207821289,0.1752885598957543
11,847,b0437,2.0,4.0,2.5,2.5,4.0,0,True,0.0,1.683526654991645,2.95616301444237,0.34914326053213846,0.8417633274958226,0.7390407536105927,0.17457163026606923
11,848,b0437,2.0,4.0,2.5,2.5,5.0,0,True,0.0,1.2633113576163981,1.7188599032038963,0.35057711979150796,0.6316556788081992,0.42971497580097434,0.1752885598957543
11,849,b0438,2.0,4.0,3.0,2.0,2.0,0,True,0.0,1.2235419522781361,1.6108534759174973,0.337340431808736,0.6117709761390685,0.4027133689793749,0.16867021590436818
11,850,b0438,2.0,4.0,3.0,2.0,3.0,0,True,0.0,1.6405058856141606,2.81517355583942,0.352014197305618,0.8202529428070809,0.703793388959856,0.176007098652809
11,851,b0438,2.0,4.0,3.0,2.0,4.0,0,True,0.0,1.6647656053718929,2.8852430877621495,0.33734043180873635,0.8323828026859467,0.7213107719405378,0.16867021590436818
11,852,b0438,2.0,4.0,3.0,2.0,5.0,0,True,0.0,1.2478016720358684,1.6809230078402275,0.352014197305618,0.6239008360179347,0.42023075196005744,0.176007098652809
11,853,b0439,2.0,4.0,3.5,1.5,2.0,0,True,0.0,1.0841847308283092,1.2616594656321654,0.2936033635211149,0.542092365414155,0.31541486640804167,0.14680168176055744
11,854,b0439,2.0,4.0,3.5,1.5,3.0,0,True,0.0,1.4947631381795936,2.365728424724164,0.36250735918551646,0.747381569089797,0.5914321061810414,0.18125367959275823
11,855,b0439,2.0,4.0,3.5,1.5,4.0,0,True,0.0,1.6048728019692555,2.661819645571561,0.2936033635211149,0.8024364009846274,0.6654549113928897,0.14680168176055705
11,856,b0439,2.0,4.0,3.5,1.5,5.0,0,True,0.0,1.1942943946179725,1.5577506864795663,0.3625073591855162,0.5971471973089861,0.38943767161989146,0.18125367959275823
11,857,b0440,2.0,4.0,4.0,1.0,3.0,0,True,0.0,0.7446048619936134,1.1189534628364115,0.7513435048843394,0.3723024309968066,0.2797383657091027,0.3756717524421696
11,858,b0440,2.0,4.0,4.0,1.0,4.0,0,True,0.0,1.5027479942052921,2.258251534088029,0.0,0.751373997102646,0.564562883522007,0.0
11,859,b0440,2.0,4.0,4.0,1.0,5.0,0,True,0.0,0.7581431322116792,1.139298071251619,0.7513435048843394,0.3790715661058396,0.2848245178129047,0.37567175244216966
11,860,b0441,2.0,4.0,4.5,0.5,4.0,0,True,0.0,1.0968141653190342,1.2030013132444897,0.0,0.548407082659517,0.3007503283111223,0.0
11,861,b0441,2.0,4.0,4.5,0.5,5.0,0,True,0.0,1.0968141653190342,1.2030013132444897,0.0,0.548407082659517,0.3007503283111223,0.0
11,862,b0442,2.0,4.0,5.0,0.0,5.0,0,False,0.0,0.0,0.0,0.0,0.0,0.0,0.0
11,863,b0443,2.0,4.5,0.0,4.5,4.5,0,False,0.0,0.0,0.0,0.0,0.0,0.0,0.0
11,864,b0444,2.0,4.5,0.5,4.0,3.5,0,True,0.0,1.0968141653190342,1.2030013132444897,0.0,0.5484070826595171,0.3007503283111224,0.0
11,865,b0444,2.0,4.5,0.5,4.0,4.5,0,True,0.0,1.0968141653190342,1.2030013132444897,0.0,0.5484070826595171,0.3007503283111224,0.0
11,866,b0445,2.0,4.5,1.0,3.5,2.5,0,True,0.0,0.5774270082535912,0.82850302692657,0.7036199805760757,0.28871350412679564,0.20712575673164252,0.35180999028803783
11,867,b0445,2.0,4.5,1.0,3.5,3.5,0,True,0.0,1.4348186265695297,2.0587044911508716,0.0,0.7174093132847646,0.5146761227877176,0.0
11,868,b0445,2.0,4.5,1.0,3.5,4.5,0,True,0.0,0.8573916183159381,1.2302014642243004,0.7036199805760757,0.4286958091579689,0.307550366056075,0.3518099902880379
11,869,b0446,2.0,4.5,1.5,3.0,2.5,0,True,-0.0,0.7324782390278922,1.1510886497568977,0.7839415023504596,0.3662391195139463,0.28777216243922454,0.3919707511752298
11,870,b0446,2.0,4.5,1.5,3.0,3.5,0,True,0.0,1.5714987673689307,2.4696083758420686,0.0,0.7857493836844651,0.6174020939605168,0.0
11,871,b0446,2.0,4.5,1.5,3.0,4.5,0,True,0.0,0.8390205283410385,1.3185197260851709,0.7839415023504596,0.41951026417051906,0.3296299315212926,0.3919707511752298
11,872,b0447,2.0,4.5,2.0,2.5,2.5,0,True,0.0,0.7901932165588426,1.286653385627317,0.813786253344026,0.3950966082794215,0.32166334640682936,0.4068931266720129
11,873,b0447,2.0,4.5,2.0,2.5,3.5,0,True,0.0,1.628276931090948,2.6512857643229557,0.0,0.8141384655454736,0.6628214410807384,0.0
11,874,b0447,2.0,4.5,2.0,2.5,4.5,0,True,0.0,0.8380837145321055,1.364632378695639,0.813786253344026,0.4190418572660523,0.3411580946739093,0.4068931266720129
11,875,b0448,2.0,4.5,2.5,2.0,2.5,0,True,0.0,0.7901932165588426,1.2866533856273172,0.8137862533440261,0.395096608279421,0.3216633464068289,0.40689312667201283
11,876,b0448,2.0,4.5,2.5,2.0,3.5,0,True,0.0,1.6282769310909484,2.651285764322957,0.0,0.8141384655454739,0.6628214410807387,0.0
11,877,b0448,2.0,4.5,2.5,2.0,4.5,0,True,0.0,0.8380837145321058,1.3646323786956396,0.813786253344026,0.41904185726605264,0.3411580946739095,0.40689312667201283
11,878,b0449,2.0,4.5,3.0,1.5,2.5,0,True,0.0,0.7324782390278922,1.1510886497568975,0.7839415023504595,0.3662391195139462,0.2877721624392245,0.3919707511752298
11,879,b0449,2.0,4.5,3.0,1.5,3.5,0,True,0.0,1.5714987673689307,2.4696083758420686,0.0,0.7857493836844652,0.6174020939605169,0.0
11,880,b0449,2.0,4.5,3.0,1.5,4.5,0,True,0.0,0.8390205283410385,1.3185197260851709,0.7839415023504596,0.4195102641705192,0.3296299315212927,0.39197075117522984
11,881,b0450,2.0,4.5,3.5,1.0,2.5,0,True,0.0,0.577427008253591,0.8285030269265695,0.7036199805760756,0.28871350412679536,0.20712575673164216,0.35180999028803756
11,882,b0450,2.0,4.5,3.5,1.0,3.5,0,True,0.0,1.4348186265695293,2.0587044911508703,0.0,0.7174093132847643,0.5146761227877171,0.0
11,883,b0450,2.0,4.5,3.5,1.0,4.5,0,True,0.0,0.8573916183159382,1.2302014642243004,0.7036199805760756,0.4286958091579688,0.30755036605607466,0.3518099902880375
11,884,b0451,2.0,4.5,4.0,0.5,3.5,0,True,0.0,1.0968141653190342,1.2030013132444897,0.0,0.5484070826595171,0.3007503283111224,0.0
11,885,b0451,2.0,4.5,4.0,0.5,4.5,0,True,0.0,1.0968141653190342,1.2030013132444897,0.0,0.5484070826595171,0.3007503283111224,0.0
11,886,b0452,2.0,4.5,4.5,0.0,4.5,0,False,0.0,0.0,0.0,0.0,0.0,0.0,0.0
11,887,b0453,2.0,5.0,0.0,4.0,4.0,0,False,0.0,0.0,0.0,0.0,0.0,0.0,0.0
11,888,b0454,2.0,5.0,0.5,3.5,3.0,0,True,0.0,0.9910834773699391,0.9822464591156905,0.0,0.4955417386849694,0.24556161477892252,0.0
11,889,b0454,2.0,5.0,0.5,3.5,4.0,0,True,0.0,0.9910834773699391,0.9822464591156905,0.0,0.4955417386849694,0.24556161477892252,0.0
11,890,b0455,2.0,5.0,1.0,3.0,3.0,0,True,0.0,1.1340469566997657,1.2860625000000003,0.0,0.5670234783498829,0.3215156250000001,0.0
11,891,b0455,2.0,5.0,1.0,3.0,4.0,0,True,0.0,1.1340469566997657,1.2860625000000003,0.0,0.5670234783498829,0.3215156250000001,0.0
11,892,b0456,2.0,5.0,1.5,2.5,3.0,0,True,0.0,1.1991086634065575,1.4378615866566609,0.0,0.5995543317032788,0.3594653966641652,0.0
11,893,b0456,2.0,5.0,1.5,2.5,4.0,0,True,0.0,1.1991086634065575,1.4378615866566609,0.0,0.5995543317032788,0.3594653966641652,0.0
11,894,b0457,2.0,5.0,2.0,2.0,3.0,0,True,0.0,1.218612760945562,1.4850170611393652,0.0,0.609306380472781,0.3712542652848413,0.0
11,895,b0457,2.0,5.0,2.0,2.0,4.0,0,True,0.0,1.218612760945562,1.4850170611393652,0.0,0.609306380472781,0.3712542652848413,0.0
11,896,b0458,2.0,5.0,2.5,1.5,3.0,0,True,0.0,1.1991086634065575,1.4378615866566609,0.0,0.5995543317032788,0.3594653966641652,0.0
11,897,b0458,2.0,5.0,2.5,1.5,4.0,0,True,0.0,1.1991086634065575,1.4378615866566609,0.0,0.5995543317032788,0.3594653966641652,0.0
11,898,b0459,2.0,5.0,3.0,1.0,3.0,0,True,0.0,1.1340469566997657,1.2860625000000003,0.0,0.567023478349883,0.3215156250000002,0.0
11,899,b0459,2.0,5.0,3.0,1.0,4.0,0,True,0.0,1.1340469566997657,1.2860625000000003,0.0,0.567023478349883,0.3215156250000002,0.0
11,900,b0460,2.0,5.0,3.5,0.5,3.0,0,True,0.0,0.9910834773699391,0.9822464591156905,0.0,0.4955417386849694,0.24556161477892252,0.0
11,901,b0460,2.0,5.0,3.5,0.5,4.0,0,True,0.0,0.9910834773699391,0.9822464591156905,0.0,0.4955417386849694,0.24556161477892252,0.0
11,902,b0461,2.0,5.0,4.0,0.0,4.0,0,False,0.0,0.0,0.0,0.0,0.0,0.0,0.0
11,903,b0462,2.0,5.5,0.0,3.5,3.5,0,False,0.0,0.0,0.0,0.0,0.0,0.0,0.0
11,904,b0463,2.0,5.5,0.5,3.0,3.5,0,True,0.0,0.0,0.0,0.0,0.0,0.0,0.0
11,905,b0464,2.0,5.5,1.0,2.5,3.5,0,True,0.0,0.0,0.0,0.0,0.0,0.0,0.0
11,906,b0465,2.0,5.5,1.5,2.0,3.5,0,True,0.0,0.0,0.0,0.0,0.0,0.0,0.0
11,907,b0466,2.0,5.5,2.0,1.5,3.5,0,True,0.0,0.0,0.0,0.0,0.0,0.0,0.0
11,908,b0467,2.0,5.5,2.5,1.0,3.5,0,True,0.0,0.0,0.0,0.0,0.0,0.0,0.0
11,909,b0468,2.0,5.5,3.0,0.5,3.5,0,True,0.0,0.0,0.0,0.0,0.0,0.0,0.0
11,910,b0469,2.0,5.5,3.5,0.0,3.5,0,False,0.0,0.0,0.0,0.0,0.0,0.0,0.0
11,911,b0470,2.5,0.0,3.0,5.5,2.5,0,False,0.0,0.0,0.0,0.0,0.0,0.0,0.0
11,912,b0471,2.5,0.0,3.5,5.0,2.5,0,False,0.0,0.0,0.0,0.0,0.0,0.0,0.0
11,913,b0472,2.5,0.0,4.0,4.5,2.5,0,False,0.0,0.0,0.0,0.0,0.0,0.0,0.0
11,914,b0473,2.5,0.0,4.5,4.0,2.5,0,False,0.0,0.0,0.0,0.0,0.0,0.0,0.0
11,915,b0474,2.5,0.0,5.0,3.5,2.5,0,False,0.0,0.0,0.0,0.0,0.0,0.0,0.0
11,916,b0475,2.5,0.0,5.5,3.0,2.5,0,False,0.0,0.0,0.0,0.0,0.0,0.0,0.0
11,917,b0476,2.5,0.5,2.5,5.5,3.0,0,True,0.0,0.0,0.0,0.0,0.0,0.0,0.0
11,918,b0477,2.5,0.5,3.0,5.0,2.0,0,True,0.0,1.008326176558247,1.016721678332573,0.0,0.5041630882791235,0.25418041958314325,0.0
11,919,b0477,2.5,0.5,3.0,5.0,3.0,0,True,0.0,1.008326176558247,1.016721678332573,0.0,0.5041630882791235,0.25418041958314325,0.0
11,920,b0478,2.5,0.5,3.5,4.5,2.0,0,True,0.0,1.1340469566997642,1.2860624999999968,0.0,0.5670234783498822,0.3215156249999993,0.0
11,921,b0478,2.5,0.5,3.5,4.5,3.0,0,True,-0.0,1.1340469566997642,1.2860624999999968,0.0,0.5670234783498822,0.3215156249999993,0.0
11,922,b0479,2.5,0.5,4.0,4.0,2.0,0,True,0.0,1.1679363305290178,1.364075272169587,0.0,0.5839681652645089,0.34101881804239675,0.0
11,923,b0479,2.5,0.5,4.0,4.0,3.0,0,True,0.0,1.1679363305290178,1.364075272169587,0.0,0.5839681652645089,0.34101881804239675,0.0
11,924,b0480,2.5,0.5,4.5,3.5,2.0,0,True,0.0,1.1340469566997642,1.2860624999999968,0.0,0.5670234783498821,0.3215156249999992,0.0
11,925,b0480,2.5,0.5,4.5,3.5,3.0,0,True,0.0,1.1340469566997642,1.2860624999999968,0.0,0.5670234783498821,0.3215156249999992,0.0
11,926,b0481,2.5,0.5,5.0,3.0,2.0,0,True,0.0,1.0083261765582467,1.0167216783325725,0.0,0.5041630882791235,0.25418041958314325,0.0
11,927,b0481,2.5,0.5,5.0,3.0,3.0,0,True,0.0,1.0083261765582467,1.0167216783325725,0.0,0.5041630882791235,0.25418041958314325,0.0
11,928,b0482,2.5,0.5,5.5,2.5,3.0,0,True,0.0,0.0,0.0,0.0,0.0,0.0,0.0
11,929,b0483,2.5,1.0,2.0,5.5,3.5,0,True,0.0,0.0,0.0,0.0,0.0,0.0,0.0
11,930,b0484,2.5,1.0,2.5,5.0,2.5,0,True,0.0,1.1456797295216083,1.3125820426367056,0.0,0.5728398647608042,0.3281455106591764,0.0
11,931,b0484,2.5,1.0,2.5,5.0,3.5,0,True,0.0,1.1456797295216083,1.3125820426367056,0.0,0.5728398647608042,0.3281455106591764,0.0
11,932,b0485,2.5,1.0,3.0,4.5,1.5,0,True,0.0,0.559467820025025,0.821128010545428,0.7128280079387133,0.2797339100125123,0.2052820026363568,0.35641400396935646
11,933,b0485,2.5,1.0,3.0,4.5,2.5,0,True,-0.0,1.4676948005851322,2.154128027664631,0.0,0.7338474002925661,0.5385320069161578,0.0
11,934,b0485,2.5,1.0,3.0,4.5,3.5,0,True,-0.0,0.9082269805601078,1.3330000171192047,0.7128280079387134,0.4541134902800536,0.3332500042798008,0.35641400396935646
11,935,b0486,2.5,1.0,3.5,4.0,1.5,0,True,0.0,0.6836463564260306,1.0743494064397674,0.7790873287284168,0.3418231782130152,0.26858735160994174,0.3895436643642083
11,936,b0486,2.5,1.0,3.5,4.0,2.5,0,True,-0.0,1.5714987673689298,2.469608375842066,0.0,0.7857493836844648,0.6174020939605163,0.0
11,937,b0486,2.5,1.0,3.5,4.0,3.5,0,True,0.0,0.8878524109428997,1.3952589694022999,0.7790873287284169,0.44392620547144984,0.3488147423505749,0.38954366436420834
11,938,b0487,2.5,1.0,4.0,3.5,1.5,0,True,0.0,0.6836463564260307,1.0743494064397676,0.7790873287284169,0.34182317821301533,0.26858735160994196,0.3895436643642085
11,939,b0487,2.5,1.0,4.0,3.5,2.5,0,True,0.0,1.57149876736893,2.4696083758420664,0.0,0.7857493836844653,0.6174020939605172,0.0
11,940,b0487,2.5,1.0,4.0,3.5,3.5,0,True,0.0,0.8878524109428997,1.3952589694022999,0.7790873287284169,0.44392620547144995,0.34881474235057514,0.3895436643642085
11,941,b0488,2.5,1.0,4.5,3.0,1.5,0,True,0.0,0.559467820025025,0.8211280105454277,0.7128280079387129,0.2797339100125123,0.2052820026363568,0.35641400396935646
11,942,b0488,2.5,1.0,4.5,3.0,2.5,0,True,0.0,1.4676948005851327,2.1541280276646324,0.0,0.7338474002925661,0.5385320069161578,0.0
11,943,b0488,2.5,1.0,4.5,3.0,3.5,0,True,0.0,0.9082269805601076,1.333000017119204,0.7128280079387129,0.4541134902800536,0.3332500042798008,0.35641400396935646
11,944,b0489,2.5,1.0,5.0,2.5,2.5,0,True,0.0,1.1456797295216081,1.3125820426367052,0.0,0.5728398647608042,0.3281455106591764,0.0
11,945,b0489,2.5,1.0,5.0,2.5,3.5,0,True,0.0,1.1456797295216081,1.3125820426367052,0.0,0.5728398647608042,0.3281455106591764,0.0
11,946,b0490,2.5,1.0,5.5,2.0,3.5,0,True,0.0,0.0,0.0,0.0,0.0,0.0,0.0
11,947,b0491,2.5,1.5,1.5,5.5,4.0,0,True,0.0,0.0,0.0,0.0,0.0,0.0,0.0
11,948,b0492,2.5,1.5,2.0,5.0,3.0,0,True,-0.0,1.1991086634065573,1.4378615866566604,0.0,0.5995543317032788,0.3594653966641652,0.0
11,949,b0492,2.5,1.5,2.0,5.0,4.0,0,True,0.0,1.1991086634065573,1.4378615866566604,0.0,0.5995543317032788,0.3594653966641652,0.0
11,950,b0493,2.5,1.5,2.5,4.5,2.0,0,True,0.0,0.7150131382792226,1.1386793458037834,0.7921082993454119,0.357506569139611,0.2846698364509455,0.3960541496727058
11,951,b0493,2.5,1.5,2.5,4.5,3.0,0,True,-0.0,1.5925292625309961,2.5361494520175185,0.0,0.7962646312654978,0.6340373630043793,0.0
11,952,b0493,2.5,1.5,2.5,4.5,4.0,0,True,0.0,0.8775161242517735,1.3974701062137347,0.7921082993454119,0.4387580621258867,0.3493675265534335,0.3960541496727058
11,953,b0494,2.5,1.5,3.0,4.0,1.0,0,True,0.0,1.0900429345236011,1.2629923616206788,0.2734936242691135,0.5450214672618006,0.31574809040516966,0.13674681213455656
11,954,b0494,2.5,1.5,3.0,4.0,2.0,0,True,-0.0,1.4890527778360203,2.3699287109278107,0.390705177527304,0.7445263889180099,0.5924821777319524,0.19535258876365227
11,955,b0494,2.5,1.5,3.0,4.0,3.0,0,True,0.0,1.6841651905637187,2.911211151622382,0.2734936242691131,0.8420825952818595,0.7278027879055956,0.13674681213455656
11,956,b0494,2.5,1.5,3.0,4.0,4.0,0,True,0.0,1.2851553472513,1.8042748023152515,0.390705177527304,0.6425776736256502,0.45106870057881326,0.19535258876365227
11,957,b0495,2.5,1.5,3.5,3.5,1.0,0,True,0.0,1.1735062802778136,1.4663350663268675,0.2986939511864898,0.5867531401389068,0.3665837665817169,0.1493469755932449
11,958,b0495,2.5,1.5,3.5,3.5,2.0,0,True,0.0,1.5737916562803973,2.6224823430519137,0.38165713104056853,0.7868958281401983,0.6556205857629779,0.190828565520284
11,959,b0495,2.5,1.5,3.5,3.5,3.0,0,True,0.0,1.7148012773722159,3.0297614973527804,0.29869395118649017,0.8574006386861078,0.7574403743381949,0.1493469755932447
11,960,b0495,2.5,1.5,3.5,3.5,4.0,0,True,0.0,1.3145159013696324,1.8736142206277349,0.38165713104056853,0.6572579506848162,0.4684035551569336,0.190828565520284
11,961,b0496,2.5,1.5,4.0,3.0,1.0,0,True,0.0,1.090042934523601,1.2629923616206784,0.2734936242691135,0.5450214672618007,0.3157480904051698,0.13674681213455675
11,962,b0496,2.5,1.5,4.0,3.0,2.0,0,True,0.0,1.48905277783602,2.3699287109278098,0.390705177527304,0.7445263889180102,0.5924821777319528,0.19535258876365227
11,963,b0496,2.5,1.5,4.0,3.0,3.0,0,True,-0.0,1.684165190563719,2.911211151622383,0.27349362426911394,0.8420825952818597,0.727802787905596,0.13674681213455656
11,964,b0496,2.5,1.5,4.0,3.0,4.0,0,True,0.0,1.2851553472513,1.8042748023152517,0.39070517752730427,0.6425776736256502,0.45106870057881326,0.19535258876365227
11,965,b0497,2.5,1.5,4.5,2.5,2.0,0,True,0.0,0.7150131382792226,1.1386793458037836,0.792108299345412,0.35750656913961143,0.284669836450946,0.3960541496727061
11,966,b0497,2.5,1.5,4.5,2.5,3.0,0,True,0.0,1.5925292625309961,2.5361494520175185,0.0,0.7962646312654982,0.6340373630043797,0.0
11,967,b0497,2.5,1.5,4.5,2.5,4.0,0,True,0.0,0.8775161242517734,1.3974701062137347,0.792108299345412,0.43875806212588675,0.3493675265534338,0.3960541496727061
11,968,b0498,2.5,1.5,5.0,2.0,3.0,0,True,0.0,1.1991086634065575,1.4378615866566609,0.0,0.5995543317032788,0.3594653966641652,0.0
11,969,b0498,2.5,1.5,5.0,2.0,4.0,0,True,0.0,1.1991086634065575,1.4378615866566609,0.0,0.5995543317032788,0.3594653966641652,0.0
11,970,b0499,2.5,1.5,5.5,1.5,4.0,0,True,0.0,0.0,0.0,0.0,0.0,0.0,0.0
11,971,b0500,2.5,2.0,1.0,5.5,4.5,0,True,0.0,0.0,0.0,0.0,0.0,0.0,0.0
11,972,b0501,2.5,2.0,1.5,5.0,3.5,0,True,-0.0,1.1991086634065573,1.4378615866566604,0.0,0.5995543317032788,0.3594653966641652,0.0
11,973,b0501,2.5,2.0,1.5,5.0,4.5,0,True,0.0,1.1991086634065573,1.4378615866566604,0.0,0.5995543317032788,0.3594653966641652,0.0
11,974,b0502,2.5,2.0,2.0,4.5,2.5,0,True,0.0,0.7901932165588427,1.2866533856273172,0.813786253344026,0.39509660827942134,0.32166334640682936,0.40689312667201305
11,975,b0502,2.5,2.0,2.0,4.5,3.5,0,True,0.0,1.628276931090948,2.6512857643229557,0.0,0.814138465545474,0.6628214410807389,0.0
11,976,b0502,2.5,2.0,2.0,4.5,4.5,0,True,0.0,0.8380837145321052,1.3646323786956382,0.8137862533440259,0.41904185726605286,0.3411580946739099,0.40689312667201305
11,977,b0503,2.5,2.0,2.5,4.0,1.5,0,True,0.0,1.2215285865705652,1.5958326052114382,0.3220256471189143,0.6107642932852828,0.3989581513028598,0.16101282355945698
11,978,b0503,2.5,2.0,2.5,4.0,2.5,0,True,0.0,1.6351780199243249,2.813802855336815,0.3741599905029654,0.8175890099621622,0.7034507138342034,0.1870799952514827
11,979,b0503,2.5,2.0,2.5,4.0,3.5,0,True,0.0,1.7229218391205758,3.072160181120983,0.3220256471189143,0.8614609195602879,0.7680400452802457,0.16101282355945715
11,980,b0503,2.5,2.0,2.5,4.0,4.5,0,True,0.0,1.3092724057668166,1.854189930995607,0.3741599905029657,0.6546362028834083,0.46354748274890173,0.18707999525148286
11,981,b0504,2.5,2.0,3.0,3.5,0.5,0,True,0.0,0.6926940229156165,0.9890793670339224,0.7136205978325609,0.34634701145780844,0.24726984175848063,0.3568102989162804
11,982,b0504,2.5,2.0,3.0,3.5,1.5,0,True,-0.0,1.5545502269874634,2.509554053986497,0.304840361106798,0.7772751134937314,0.6273885134966236,0.15242018055339865
11,983,b0504,2.5,2.0,3.0,3.5,2.5,0,True,0.0,1.5428055315915454,3.0435050853060903,0.814405413167557,0.7714027657957719,0.7608762713265211,0.4072027065837782
11,984,b0504,2.5,2.0,3.0,3.5,3.5,0,True,0.0,1.7933467567471835,3.3090202356953644,0.3048403611067973,0.8966733783735915,0.8272550589238407,0.15242018055339865
11,985,b0504,2.5,2.0,3.0,3.5,4.5,0,True,0.0,1.1123974292274856,1.7859898373418512,0.7406495775938391,0.5561987146137424,0.44649745933546225,0.3703247887969195
11,986,b0505,2.5,2.0,3.5,3.0,0.5,0,True,0.0,0.6926940229156165,0.989079367033922,0.7136205978325606,0.34634701145780844,0.2472698417584806,0.3568102989162803
11,987,b0505,2.5,2.0,3.5,3.0,1.5,0,True,0.0,1.554550226987463,2.5095540539864953,0.304840361106798,0.7772751134937312,0.6273885134966234,0.15242018055339865
11,988,b0505,2.5,2.0,3.5,3.0,2.5,0,True,0.0,1.5428055315915443,3.043505085306086,0.8144054131675564,0.7714027657957719,0.7608762713265212,0.4072027065837784
11,989,b0505,2.5,2.0,3.5,3.0,3.5,0,True,0.0,1.7933467567471826,3.3090202356953613,0.304840361106798,0.8966733783735915,0.8272550589238407,0.15242018055339865
11,990,b0505,2.5,2.0,3.5,3.0,4.5,0,True,0.0,1.112397429227485,1.785989837341849,0.7406495775938386,0.5561987146137425,0.44649745933546237,0.3703247887969195
11,991,b0506,2.5,2.0,4.0,2.5,1.5,0,True,0.0,1.2215285865705652,1.5958326052114382,0.3220256471189143,0.610764293285282,0.3989581513028589,0.16101282355945715
11,992,b0506,2.5,2.0,4.0,2.5,2.5,0,True,0.0,1.6351780199243244,2.8138028553368137,0.3741599905029654,0.8175890099621623,0.7034507138342035,0.1870799952514827
11,993,b0506,2.5,2.0,4.0,2.5,3.5,0,True,0.0,1.7229218391205752,3.0721601811209807,0.3220256471189143,0.8614609195602879,0.7680400452802457,0.16101282355945715
11,994,b0506,2.5,2.0,4.0,2.5,4.5,0,True,0.0,1.3092724057668164,1.8541899309956063,0.3741599905029654,0.6546362028834076,0.4635474827489009,0.18707999525148286
11,995,b0507,2.5,2.0,4.5,2.0,2.5,0,True,0.0,0.7901932165588423,1.2866533856273166,0.8137862533440259,0.3950966082794215,0.32166334640682936,0.4068931266720129
11,996,b0507,2.5,2.0,4.5,2.0,3.5,0,True,-0.0,1.628276931090948,2.6512857643229557,0.0,0.8141384655454736,0.6628214410807384,0.0
11,997,b0507,2.5,2.0,4.5,2.0,4.5,0,True,0.0,0.8380837145321057,1.3646323786956391,0.8137862533440259,0.4190418572660523,0.3411580946739093,0.4068931266720129
11,998,b0508,2.5,2.0,5.0,1.5,3.5,0,True,0.0,1.1991086634065573,1.4378615866566604,0.0,0.5995543317032788,0.3594653966641652,0.0
11,999,b0508,2.5,2.0,5.0,1.5,4.5,0,True,0.0,1.1991086634065573,1.4378615866566604,0.0,0.5995543317032788,0.3594653966641652,0.0
11,1000,b0509,2.5,2.0,5.5,1.0,4.5,0,True,0.0,0.0,0.0,0.0,0.0,0.0,0.0
11,1001,b0510,2.5,2.5,0.5,5.5,5.0,0,True,0.0,0.0,0.0,0.0,0.0,0.0,0.0
11,1002,b0511,2.5,2.5,1.0,5.0,4.0,0,True,0.0,1.1456797295216075,1.3125820426367036,0.0,0.5728398647608037,0.3281455106591759,0.0
11,1003,b0511,2.5,2.5,1.0,5.0,5.0,0,True,-0.0,1.1456797295216075,1.3125820426367036,0.0,0.5728398647608037,0.3281455106591759,0.0
11,1004,b0512,2.5,2.5,1.5,4.5,3.0,0,True,0.0,0.8341819946590926,1.3284592367710795,0.7953613245297115,0.41709099732954624,0.33211480919276976,0.39768066226485566
11,1005,b0512,2.5,2.5,1.5,4.5,4.0,0,True,-0.0,1.592529262530995,2.536149452017515,0.0,0.7962646312654973,0.6340373630043784,0.0
11,1006,b0512,2.5,2.5,1.5,4.5,5.0,0,True,0.0,0.758347267871903,1.207690215246437,0.7953613245297116,0.3791736339359514,0.3019225538116091,0.3976806622648557
11,1007,b0513,2.5,2.5,2.0,4.0,2.0,0,True,0.0,1.2609237706994938,1.7118297718900428,0.3491432605321391,0.6304618853497467,0.42795744297251037,0.1745716302660694
11,1008,b0513,2.5,2.5,2.0,4.0,3.0,0,True,0.0,1.681139068074741,2.949132883128518,0.3505771197915086,0.8405695340373699,0.7372832207821286,0.1752885598957543
11,1009,b0513,2.5,2.5,2.0,4.0,4.0,0,True,0.0,1.6835266549916459,2.956163014442373,0.34914326053213846,0.8417633274958226,0.7390407536105927,0.17457163026606923
11,1010,b0513,2.5,2.5,2.0,4.0,5.0,0,True,0.0,1.263311357616399,1.7188599032038987,0.3505771197915083,0.6316556788081997,0.42971497580097495,0.17528855989575415
11,1011,b0514,2.5,2.5,2.5,3.5,1.0,0,True,0.0,0.8532497688942076,1.3025039047659162,0.7579371587723467,0.4266248844471037,0.32562597619147904,0.37896857938617345
11,1012,b0514,2.5,2.5,2.5,3.5,2.0,0,True,-0.0,1.6762754718109178,2.9114793165355737,0.3187159536964823,0.8381377359054589,0.7278698291338934,0.15935797684824116
11,1013,b0514,2.5,2.5,2.5,3.5,3.0,0,True,0.0,1.5885739522356888,3.247746664498013,0.8509873458379368,0.7942869761178447,0.811936666124504,0.4254936729189688
11,1014,b0514,2.5,2.5,2.5,3.5,4.0,0,True,0.0,1.7761418588542217,3.2562597619147886,0.31871595369648303,0.8880709294271111,0.8140649404786975,0.15935797684824116
11,1015,b0514,2.5,2.5,2.5,3.5,5.0,0,True,0.0,1.0105936095352428,1.617488509186431,0.7721328030546042,0.5052968047676218,0.4043721272966083,0.38606640152730226
11,1016,b0515,2.5,2.5,3.0,3.0,0.0,0,True,0.0,0.9819292037877169,1.0467952169662837,0.2874199988085453,0.49096460189385804,0.2616988042415705,0.14370999940427245
11,1017,b0515,2.5,2.5,3.0,3.0,1.0,0,True,0.0,1.4280808468776316,2.1916910538403642,0.3902257662195445,0.7140404234388159,0.5479227634600912,0.19511288310977226
11,1018,b0515,2.5,2.5,3.0,3.0,2.0,0,True,0.0,1.7117037569157767,3.119962468889103,0.4359274222270474,0.8558518784578882,0.7799906172222753,0.21796371111352317
11,1019,b0515,2.5,2.5,3.0,3.0,3.0,0,True,0.0,1.7924627874238515,3.5078554747774464,0.543077002346963,0.8962313937119258,0.8769638686943617,0.2715385011734813
11,1020,b0515,2.5,2.5,3.0,3.0,4.0,0,True,0.0,1.7890485415732482,3.3281960926426133,0.3570733937683495,0.8945242707866239,0.8320490231606528,0.17853669688417445
11,1021,b0515,2.5,2.5,3.0,3.0,5.0,0,True,0.0,1.262137867975259,1.7954072498801903,0.4499058258158676,0.631068933987629,0.44885181247004685,0.2249529129079338
11,1022,b0516,2.5,2.5,3.5,2.5,1.0,0,True,0.0,0.8532497688942073,1.302503904765916,0.7579371587723468,0.42662488444710345,0.3256259761914787,0.3789685793861733
11,1023,b0516,2.5,2.5,3.5,2.5,2.0,0,True,0.0,1.6762754718109185,2.9114793165355763,0.31871595369648303,0.8381377359054586,0.7278698291338929,0.15935797684824116
11,1024,b0516,2.5,2.5,3.5,2.5,3.0,0,True,0.0,1.5885739522356896,3.2477466644980164,0.8509873458379373,0.7942869761178437,0.8119366661245021,0.4254936729189684
11,1025,b0516,2.5,2.5,3.5,2.5,4.0,0,True,0.0,1.7761418588542217,3.2562597619147886,0.31871595369648303,0.8880709294271106,0.8140649404786966,0.1593579768482408
11,1026,b0516,2.5,2.5,3.5,2.5,5.0,0,True,0.0,1.010593609535243,1.617488509186432,0.7721328030546045,0.5052968047676216,0.4043721272966079,0.386066401527302
11,1027,b0517,2.5,2.5,4.0,2.0,2.0,0,True,0.0,1.2609237706994934,1.7118297718900415,0.3491432605321388,0.6304618853497465,0.4279574429725101,0.1745716302660694
11,1028,b0517,2.5,2.5,4.0,2.0,3.0,0,True,0.0,1.6811390680747402,2.9491328831285153,0.35057711979150796,0.8405695340373701,0.7372832207821289,0.1752885598957543
11,1029,b0517,2.5,2.5,4.0,2.0,4.0,0,True,0.0,1.683526654991645,2.95616301444237,0.34914326053213846,0.8417633274958226,0.7390407536105927,0.17457163026606923
11,1030,b0517,2.5,2.5,4.0,2.0,5.0,0,True,0.0,1.2633113576163986,1.7188599032038974,0.35057711979150796,0.6316556788081994,0.4297149758009746,0.1752885598957543
11,1031,b0518,2.5,2.5,4.5,1.5,3.0,0,True,0.0,0.8341819946590923,1.328459236771079,0.7953613245297115,0.41709099732954613,0.33211480919276976,0.39768066226485577
11,1032,b0518,2.5,2.5,4.5,1.5,4.0,0,True,0.0,1.5925292625309952,2.5361494520175154,0.0,0.7962646312654976,0.6340373630043789,0.0
11,1033,b0518,2.5,2.5,4.5,1.5,5.0,0,True,0.0,0.7583472678719032,1.2076902152464373,0.7953613245297115,0.37917363393595166,0.3019225538116094,0.39768066226485577
11,1034,b0519,2.5,2.5,5.0,1.0,4.0,0,True,0.0,1.1456797295216075,1.3125820426367036,0.0,0.5728398647608038,0.328145510659176,0.0
11,1035,b0519,2.5,2.5,5.0,1.0,5.0,0,True,0.0,1.1456797295216075,1.3125820426367036,0.0,0.5728398647608038,0.328145510659176,0.0
11,1036,b0520,2.5,2.5,5.5,0.5,5.0,0,True,0.0,0.0,0.0,0.0,0.0,0.0,0.0
11,1037,b0521,2.5,3.0,0.0,5.5,5.5,0,False,0.0,0.0,0.0,0.0,0.0,0.0,0.0
11,1038,b0522,2.5,3.0,0.5,5.0,4.5,0,True,0.0,1.0083261765582474,1.0167216783325739,0.0,0.5041630882791237,0.25418041958314347,0.0
11,1039,b0522,2.5,3.0,0.5,5.0,5.5,0,True,0.0,1.0083261765582474,1.0167216783325739,0.0,0.5041630882791237,0.25418041958314347,0.0
11,1040,b0523,2.5,3.0,1.0,4.5,3.5,0,True,0.0,0.8791637171821828,1.2903440165713873,0.7193157686036045,0.4395818585910913,0.32258600414284666,0.3596578843018022
11,1041,b0523,2.5,3.0,1.0,4.5,4.5,0,True,-0.0,1.4676948005851322,2.154128027664631,0.0,0.733847400292566,0.5385320069161577,0.0
11,1042,b0523,2.5,3.0,1.0,4.5,5.5,0,True,0.0,0.5885310834029492,0.8637840110932434,0.7193157686036045,0.29426554170147456,0.21594600277331077,0.3596578843018022
11,1043,b0524,2.5,3.0,1.5,4.0,2.5,0,True,0.0,1.2373336774650987,1.6716075374391297,0.37498387705316727,0.6186668387325494,0.41790188435978237,0.18749193852658347
11,1044,b0524,2.5,3.0,1.5,4.0,3.5,0,True,0.0,1.6573850554834475,2.8369174832917583,0.2999871016425335,0.8286925277417229,0.709229370822938,0.14999355082126675
11,1045,b0524,2.5,3.0,1.5,4.0,4.5,0,True,0.0,1.5368744476222205,2.50259597580393,0.37498387705316694,0.7684372238111097,0.6256489939509816,0.18749193852658347
11,1046,b0524,2.5,3.0,1.5,4.0,5.5,0,True,0.0,1.116823069603873,1.3372860299513052,0.2999871016425335,0.5584115348019363,0.3343215074878261,0.14999355082126695
11,1047,b0525,2.5,3.0,2.0,3.5,1.5,0,True,0.0,0.9512508841371733,1.4452217731196995,0.7350806272429886,0.47562544206858653,0.36130544327992486,0.3675403136214944
11,1048,b0525,2.5,3.0,2.0,3.5,2.5,0,True,0.0,1.700481439618403,2.9981167205863586,0.32631211148175693,0.8502407198092015,0.7495291801465895,0.1631560557408781
11,1049,b0525,2.5,3.0,2.0,3.5,3.5,0,True,0.0,1.58997330744928,3.178487097365254,0.8065184306412666,0.7949866537246403,0.7946217743413142,0.4032592153206336
11,1050,b0525,2.5,3.0,2.0,3.5,4.5,0,True,0.0,1.6474155441162432,2.8204575690955003,0.32631211148175693,0.8237077720581215,0.7051143922738747,0.16315605574087777
11,1051,b0525,2.5,3.0,2.0,3.5,5.5,0,True,0.0,0.8066727921481932,1.1948654191969048,0.7376614573127315,0.4033363960740968,0.2987163547992264,0.3688307286563658
11,1052,b0526,2.5,3.0,2.5,3.0,0.5,0,True,0.0,1.0550396506539121,1.2319721874029732,0.3447658958641997,0.527519825326956,0.30799304685074325,0.17238294793210002
11,1053,b0526,2.5,3.0,2.5,3.0,1.5,0,True,0.0,1.550865458113354,2.5536693134632436,0.3853383504066262,0.7754327290566767,0.6384173283658103,0.1926691752033131
11,1054,b0526,2.5,3.0,2.5,3.0,2.5,0,True,0.0,1.762820482450271,3.341182019168834,0.48336938858664624,0.881410241225136,0.8352955047922096,0.24168469429332334
11,1055,b0526,2.5,3.0,2.5,3.0,3.5,0,True,0.0,1.8078848413131021,3.5236119970033504,0.5051379985248088,0.9039424206565513,0.880902999250838,0.2525689992624046
11,1056,b0526,2.5,3.0,2.5,3.0,4.5,0,True,0.0,1.6648213691725604,2.921799571926195,0.38751694243296786,0.8324106845862802,0.7304498929815488,0.1937584712164842
11,1057,b0526,2.5,3.0,2.5,3.0,5.5,0,True,0.0,1.1239312028502895,1.4176724680314159,0.3930026962896276,0.5619656014251443,0.3544181170078535,0.1965013481448138
11,1058,b0527,2.5,3.0,3.0,2.5,0.5,0,True,0.0,1.055039650653912,1.2319721874029725,0.34476589586419937,0.5275198253269558,0.3079930468507431,0.17238294793209985
11,1059,b0527,2.5,3.0,3.0,2.5,1.5,0,True,0.0,1.5508654581133532,2.5536693134632404,0.3853383504066256,0.7754327290566767,0.6384173283658103,0.1926691752033131
11,1060,b0527,2.5,3.0,3.0,2.5,2.5,0,True,0.0,1.76282048245027,3.341182019168831,0.48336938858664624,0.8814102412251356,0.8352955047922087,0.24168469429332312
11,1061,b0527,2.5,3.0,3.0,2.5,3.5,0,True,0.0,1.8078848413131012,3.523611997003347,0.5051379985248088,0.903942420656551,0.8809029992508375,0.2525689992624046
11,1062,b0527,2.5,3.0,3.0,2.5,4.5,0,True,0.0,1.6648213691725602,2.9217995719261944,0.3875169424329684,0.8324106845862804,0.7304498929815492,0.1937584712164842
11,1063,b0527,2.5,3.0,3.0,2.5,5.5,0,True,0.0,1.1239312028502888,1.417672468031414,0.39300269628962703,0.5619656014251448,0.3544181170078541,0.1965013481448138
11,1064,b0528,2.5,3.0,3.5,2.0,1.5,0,True,0.0,0.9512508841371737,1.4452217731197008,0.735080627242989,0.4756254420685864,0.3613054432799246,0.3675403136214942
11,1065,b0528,2.5,3.0,3.5,2.0,2.5,0,True,0.0,1.7004814396184034,2.9981167205863604,0.32631211148175693,0.8502407198092015,0.7495291801465895,0.1631560557408781
11,1066,b0528,2.5,3.0,3.5,2.0,3.5,0,True,0.0,1.589973307449281,3.1784870973652586,0.8065184306412672,0.7949866537246404,0.7946217743413143,0.40325921532063347
11,1067,b0528,2.5,3.0,3.5,2.0,4.5,0,True,0.0,1.6474155441162437,2.8204575690955016,0.32631211148175693,0.823707772058121,0.7051143922738738,0.1631560557408781
11,1068,b0528,2.5,3.0,3.5,2.0,5.5,0,True,0.0,0.8066727921481932,1.1948654191969053,0.7376614573127318,0.4033363960740965,0.29871635479922615,0.3688307286563658
11,1069,b0529,2.5,3.0,4.0,1.5,2.5,0,True,0.0,1.237333677465099,1.6716075374391306,0.37498387705316755,0.6186668387325494,0.41790188435978237,0.18749193852658347
11,1070,b0529,2.5,3.0,4.0,1.5,3.5,0,True,0.0,1.657385055483447,2.8369174832917565,0.2999871016425335,0.8286925277417229,0.709229370822938,0.14999355082126675
11,1071,b0529,2.5,3.0,4.0,1.5,4.5,0,True,0.0,1.5368744476222207,2.502595975803931,0.37498387705316755,0.7684372238111098,0.6256489939509818,0.18749193852658347
11,1072,b0529,2.5,3.0,4.0,1.5,5.5,0,True,0.0,1.116823069603873,1.3372860299513052,0.2999871016425335,0.5584115348019362,0.3343215074878259,0.14999355082126675
11,1073,b0530,2.5,3.0,4.5,1.0,3.5,0,True,0.0,0.8791637171821826,1.2903440165713869,0.7193157686036045,0.4395818585910913,0.32258600414284666,0.3596578843018022
11,1074,b0530,2.5,3.0,4.5,1.0,4.5,0,True,0.0,1.4676948005851322,2.154128027664631,0.0,0.733847400292566,0.5385320069161577,0.0
11,1075,b0530,2.5,3.0,4.5,1.0,5.5,0,True,0.0,0.5885310834029494,0.8637840110932435,0.7193157686036045,0.29426554170147456,0.21594600277331077,0.3596578843018022
11,1076,b0531,2.5,3.0,5.0,0.5,4.5,0,True,0.0,1.0083261765582476,1.0167216783325743,0.0,0.5041630882791238,0.2541804195831436,0.0
11,1077,b0531,2.5,3.0,5.0,0.5,5.5,0,True,0.0,1.0083261765582476,1.0167216783325743,0.0,0.5041630882791238,0.2541804195831436,0.0
11,1078,b0532,2.5,3.0,5.5,0.0,5.5,0,False,0.0,0.0,0.0,0.0,0.0,0.0,0.0
11,1079,b0533,2.5,3.5,0.0,5.0,5.0,0,False,0.0,0.0,0.0,0.0,0.0,0.0,0.0
11,1080,b0534,2.5,3.5,0.5,4.5,4.0,0,True,0.0,1.1340469566997657,1.2860625000000003,0.0,0.5670234783498829,0.3215156250000001,0.0
11,1081,b0534,2.5,3.5,0.5,4.5,5.0,0,True,0.0,1.1340469566997657,1.2860625000000003,0.0,0.5670234783498829,0.3215156250000001,0.0
11,1082,b0535,2.5,3.5,1.0,4.0,3.0,0,True,0.0,0.8138647100309901,1.2789873886187728,0.7852462176826738,0.406932355015495,0.31974684715469326,0.392623108841337
11,1083,b0535,2.5,3.5,1.0,4.0,4.0,0,True,-0.0,1.5714987673689302,2.4696083758420673,0.0,0.7857493836844653,0.6174020939605172,0.0
11,1084,b0535,2.5,3.5,1.0,4.0,5.0,0,True,0.0,0.7576340573379404,1.190620987223295,0.7852462176826739,0.3788170286689703,0.29765524680582384,0.392623108841337
11,1085,b0536,2.5,3.5,1.5,3.5,2.0,0,True,0.0,1.223541952278137,1.6108534759174995,0.33734043180873635,0.6117709761390686,0.40271336897937504,0.16867021590436818
11,1086,b0536,2.5,3.5,1.5,3.5,3.0,0,True,0.0,1.6405058856141614,2.8151735558394226,0.352014197305618,0.8202529428070805,0.7037933889598553,0.176007098652809
11,1087,b0536,2.5,3.5,1.5,3.5,4.0,0,True,0.0,1.664765605371893,2.8852430877621504,0.33734043180873635,0.8323828026859464,0.7213107719405374,0.16867021590436818
11,1088,b0536,2.5,3.5,1.5,3.5,5.0,0,True,0.0,1.247801672035869,1.6809230078402286,0.352014197305618,0.6239008360179344,0.42023075196005716,0.176007098652809
11,1089,b0537,2.5,3.5,2.0,3.0,1.0,0,True,0.0,0.7466551531001033,1.082692065928046,0.7247055597117406,0.37332757655005167,0.27067301648201164,0.3623527798558705
11,1090,b0537,2.5,3.5,2.0,3.0,2.0,0,True,0.0,1.596244859167732,2.649143387300743,0.31803417564992986,0.7981224295838666,0.6622858468251869,0.15901708782496562
11,1091,b0537,2.5,3.5,2.0,3.0,3.0,0,True,0.0,1.5720046309320461,3.1270653784855686,0.8098560482047227,0.7860023154660244,0.7817663446213946,0.4049280241023618
11,1092,b0537,2.5,3.5,2.0,3.0,4.0,0,True,0.0,1.751652124566914,3.1694309023811145,0.31803417564992986,0.8758260622834577,0.79235772559528,0.15901708782496562
11,1093,b0537,2.5,3.5,2.0,3.0,5.0,0,True,0.0,1.0292371997024958,1.608816845268241,0.7412743297975491,0.5146185998512485,0.4022042113170611,0.3706371648987749
11,1094,b0538,2.5,3.5,2.5,2.5,1.0,0,True,0.0,0.8532497688942076,1.3025039047659162,0.7579371587723467,0.4266248844471036,0.3256259761914789,0.3789685793861734
11,1095,b0538,2.5,3.5,2.5,2.5,2.0,0,True,0.0,1.6762754718109172,2.9114793165355715,0.3187159536964823,0.8381377359054593,0.7278698291338941,0.15935797684824152
11,1096,b0538,2.5,3.5,2.5,2.5,3.0,0,True,0.0,1.5885739522356899,3.2477466644980164,0.8509873458379371,0.7942869761178449,0.8119366661245043,0.4254936729189688
11,1097,b0538,2.5,3.5,2.5,2.5,4.0,0,True,0.0,1.776141858854222,3.256259761914789,0.3187159536964823,0.888070929427111,0.8140649404786974,0.15935797684824152
11,1098,b0538,2.5,3.5,2.5,2.5,5.0,0,True,0.0,1.0105936095352421,1.61748850918643,0.7721328030546044,0.5052968047676214,0.40437212729660793,0.3860664015273023
11,1099,b0539,2.5,3.5,3.0,2.0,1.0,0,True,0.0,0.746655153100103,1.082692065928045,0.7247055597117403,0.37332757655005155,0.27067301648201136,0.3623527798558703
11,1100,b0539,2.5,3.5,3.0,2.0,2.0,0,True,0.0,1.596244859167732,2.649143387300743,0.31803417564992986,0.7981224295838651,0.6622858468251844,0.15901708782496493
11,1101,b0539,2.5,3.5,3.0,2.0,3.0,0,True,0.0,1.572004630932045,3.1270653784855638,0.8098560482047219,0.7860023154660235,0.7817663446213926,0.40492802410236106
11,1102,b0539,2.5,3.5,3.0,2.0,4.0,0,True,0.0,1.7516521245669137,3.1694309023811127,0.31803417564992986,0.8758260622834573,0.792357725595279,0.15901708782496493
11,1103,b0539,2.5,3.5,3.0,2.0,5.0,0,True,0.0,1.0292371997024954,1.6088168452682396,0.7412743297975488,0.5146185998512474,0.40220421131705947,0.37063716489877435
11,1104,b0540,2.5,3.5,3.5,1.5,2.0,0,True,0.0,1.223541952278137,1.6108534759174995,0.33734043180873635,0.6117709761390686,0.40271336897937504,0.16867021590436818
11,1105,b0540,2.5,3.5,3.5,1.5,3.0,0,True,0.0,1.6405058856141617,2.8151735558394235,0.352014197305618,0.8202529428070805,0.7037933889598553,0.176007098652809
11,1106,b0540,2.5,3.5,3.5,1.5,4.0,0,True,0.0,1.6647656053718938,2.8852430877621527,0.33734043180873635,0.8323828026859463,0.7213107719405372,0.16867021590436784
11,1107,b0540,2.5,3.5,3.5,1.5,5.0,0,True,0.0,1.2478016720358691,1.6809230078402293,0.352014197305618,0.6239008360179344,0.42023075196005716,0.176007098652809
11,1108,b0541,2.5,3.5,4.0,1.0,3.0,0,True,0.0,0.8138647100309898,1.2789873886187721,0.7852462176826738,0.406932355015495,0.31974684715469326,0.392623108841337
11,1109,b0541,2.5,3.5,4.0,1.0,4.0,0,True,0.0,1.5714987673689302,2.4696083758420673,0.0,0.7857493836844653,0.6174020939605172,0.0
11,1110,b0541,2.5,3.5,4.0,1.0,5.0,0,True,0.0,0.7576340573379404,1.1906209872232947,0.7852462176826738,0.3788170286689703,0.29765524680582384,0.392623108841337
11,1111,b0542,2.5,3.5,4.5,0.5,4.0,0,True,0.0,1.1340469566997657,1.2860625000000003,0.0,0.5670234783498829,0.3215156250000001,0.0
11,1112,b0542,2.5,3.5,4.5,0.5,5.0,0,True,0.0,1.1340469566997657,1.2860625000000003,0.0,0.5670234783498829,0.3215156250000001,0.0
11,1113,b0543,2.5,3.5,5.0,0.0,5.0,0,False,0.0,0.0,0.0,0.0,0.0,0.0,0.0
11,1114,b0544,2.5,4.0,0.0,4.5,4.5,0,False,0.0,0.0,0.0,0.0,0.0,0.0,0.0
11,1115,b0545,2.5,4.0,0.5,4.0,3.5,0,True,0.0,1.1679363305290171,1.3640752721695855,0.0,0.5839681652645086,0.34101881804239637,0.0
11,1116,b0545,2.5,4.0,0.5,4.0,4.5,0,True,0.0,1.1679363305290171,1.3640752721695855,0.0,0.5839681652645086,0.34101881804239637,0.0
11,1117,b0546,2.5,4.0,1.0,3.5,2.5,0,True,0.0,0.7324782390278921,1.1510886497568975,0.7839415023504596,0.3662391195139462,0.2877721624392245,0.3919707511752298
11,1118,b0546,2.5,4.0,1.0,3.5,3.5,0,True,0.0,1.5714987673689307,2.4696083758420686,0.0,0.7857493836844652,0.6174020939605169,0.0
11,1119,b0546,2.5,4.0,1.0,3.5,4.5,0,True,0.0,0.8390205283410387,1.3185197260851713,0.7839415023504596,0.4195102641705192,0.3296299315212927,0.39197075117522984
11,1120,b0547,2.5,4.0,1.5,3.0,1.5,0,True,0.0,1.1009533599266732,1.2932601524220413,0.2848891919469927,0.5504766799633369,0.3233150381055108,0.14244459597349673
11,1121,b0547,2.5,4.0,1.5,3.0,2.5,0,True,0.0,1.5100943125419468,2.4283023074732983,0.38460040912843985,0.7550471562709742,0.6070755768683258,0.1923002045642202
11,1122,b0547,2.5,4.0,1.5,3.0,3.5,0,True,0.0,1.6732547651606442,2.880943360821013,0.2848891919469927,0.8366273825803234,0.7202358402052556,0.14244459597349673
11,1123,b0547,2.5,4.0,1.5,3.0,4.5,0,True,0.0,1.2641138125453701,1.7459012057697545,0.38460040912843985,0.632056906272686,0.4364753014424399,0.19230020456422034
11,1124,b0548,2.5,4.0,2.0,2.5,1.5,0,True,0.0,1.2215285865705652,1.5958326052114382,0.3220256471189143,0.6107642932852835,0.39895815130286066,0.16101282355945715
11,1125,b0548,2.5,4.0,2.0,2.5,2.5,0,True,0.0,1.635178019924323,2.8138028553368093,0.3741599905029654,0.8175890099621624,0.7034507138342038,0.1870799952514827
11,1126,b0548,2.5,4.0,2.0,2.5,3.5,0,True,0.0,1.7229218391205745,3.0721601811209784,0.3220256471189143,0.8614609195602887,0.768040045280247,0.16101282355945715
11,1127,b0548,2.5,4.0,2.0,2.5,4.5,0,True,0.0,1.3092724057668161,1.8541899309956056,0.3741599905029654,0.6546362028834087,0.4635474827489023,0.1870799952514827
11,1128,b0549,2.5,4.0,2.5,2.0,1.5,0,True,0.0,1.2215285865705654,1.5958326052114387,0.32202564711891396,0.6107642932852835,0.39895815130286066,0.16101282355945715
11,1129,b0549,2.5,4.0,2.5,2.0,2.5,0,True,0.0,1.6351780199243229,2.813802855336808,0.37415999050296483,0.8175890099621624,0.7034507138342038,0.1870799952514827
11,1130,b0549,2.5,4.0,2.5,2.0,3.5,0,True,0.0,1.7229218391205747,3.072160181120979,0.3220256471189136,0.8614609195602887,0.768040045280247,0.16101282355945715
11,1131,b0549,2.5,4.0,2.5,2.0,4.5,0,True,0.0,1.3092724057668157,1.8541899309956043,0.3741599905029651,0.6546362028834087,0.4635474827489023,0.1870799952514827
11,1132,b0550,2.5,4.0,3.0,1.5,1.5,0,True,0.0,1.1009533599266732,1.2932601524220413,0.2848891919469927,0.5504766799633365,0.3233150381055101,0.14244459597349596
11,1133,b0550,2.5,4.0,3.0,1.5,2.5,0,True,0.0,1.5100943125419484,2.4283023074733032,0.3846004091284404,0.7550471562709732,0.6070755768683241,0.19230020456421962
11,1134,b0550,2.5,4.0,3.0,1.5,3.5,0,True,0.0,1.6732547651606446,2.8809433608210147,0.2848891919469927,0.8366273825803215,0.7202358402052522,0.14244459597349596
11,1135,b0550,2.5,4.0,3.0,1.5,4.5,0,True,0.0,1.2641138125453704,1.7459012057697554,0.3846004091284401,0.6320569062726852,0.4364753014424387,0.19230020456421962
11,1136,b0551,2.5,4.0,3.5,1.0,2.5,0,True,0.0,0.7324782390278921,1.1510886497568973,0.7839415023504595,0.3662391195139462,0.2877721624392245,0.3919707511752298
11,1137,b0551,2.5,4.0,3.5,1.0,3.5,0,True,0.0,1.5714987673689305,2.4696083758420677,0.0,0.7857493836844652,0.6174020939605169,0.0
11,1138,b0551,2.5,4.0,3.5,1.0,4.5,0,True,0.0,0.8390205283410382,1.3185197260851704,0.7839415023504595,0.4195102641705192,0.3296299315212927,0.39197075117522984
11,1139,b0552,2.5,4.0,4.0,0.5,3.5,0,True,0.0,1.167936330529017,1.364075272169585,0.0,0.5839681652645085,0.34101881804239625,0.0
11,1140,b0552,2.5,4.0,4.0,0.5,4.5,0,True,0.0,1.167936330529017,1.364075272169585,0.0,0.5839681652645085,0.34101881804239625,0.0
11,1141,b0553,2.5,4.0,4.5,0.0,4.5,0,False,0.0,0.0,0.0,0.0,0.0,0.0,0.0
11,1142,b0554,2.5,4.5,0.0,4.0,4.0,0,False,0.0,0.0,0.0,0.0,0.0,0.0,0.0
11,1143,b0555,2.5,4.5,0.5,3.5,3.0,0,True,0.0,1.1340469566997653,1.2860624999999994,0.0,0.5670234783498828,0.32151562499999997,0.0
11,1144,b0555,2.5,4.5,0.5,3.5,4.0,0,True,0.0,1.1340469566997653,1.2860624999999994,0.0,0.5670234783498828,0.32151562499999997,0.0
11,1145,b0556,2.5,4.5,1.0,3.0,2.0,0,True,0.0,0.5708855306377822,0.8378857250463576,0.7155245879456383,0.28544276531889123,0.2094714312615895,0.35776229397281917
11,1146,b0556,2.5,4.5,1.0,3.0,3.0,0,True,0.0,1.4676948005851327,2.1541280276646324,0.0,0.7338474002925666,0.5385320069161584,0.0
11,1147,b0556,2.5,4.5,1.0,3.0,4.0,0,True,0.0,0.8968092699473504,1.316242302618275,0.7155245879456382,0.4484046349736753,0.32906057565456887,0.35776229397281917
11,1148,b0557,2.5,4.5,1.5,2.5,2.0,0,True,-0.0,0.7150131382792236,1.138679345803785,0.7921082993454119,0.35750656913961165,0.28466983645094596,0.39605414967270575
11,1149,b0557,2.5,4.5,1.5,2.5,3.0,0,True,0.0,1.5925292625309955,2.5361494520175163,0.0,0.7962646312654976,0.6340373630043789,0.0
11,1150,b0557,2.5,4.5,1.5,2.5,4.0,0,True,0.0,0.8775161242517722,1.3974701062137325,0.7921082993454119,0.43875806212588586,0.3493675265534328,0.3960541496727058
11,1151,b0558,2.5,4.5,2.0,2.0,2.0,0,True,0.0,0.7525649681512785,1.225384176787921,0.8118067168355939,0.37628248407563936,0.3063460441969804,0.40590335841779707
11,1152,b0558,2.5,4.5,2.0,2.0,3.0,0,True,0.0,1.6282769310909484,2.651285764322957,0.0,0.8141384655454745,0.6628214410807398,0.0
11,1153,b0558,2.5,4.5,2.0,2.0,4.0,0,True,0.0,0.87571196293967,1.425901587535036,0.8118067168355939,0.43785598146983506,0.3564753968837592,0.40590335841779707
11,1154,b0559,2.5,4.5,2.5,1.5,2.0,0,True,0.0,0.7150131382792235,1.1386793458037847,0.7921082993454119,0.3575065691396117,0.28466983645094607,0.39605414967270586
11,1155,b0559,2.5,4.5,2.5,1.5,3.0,0,True,0.0,1.5925292625309955,2.5361494520175163,0.0,0.7962646312654976,0.6340373630043789,0.0
11,1156,b0559,2.5,4.5,2.5,1.5,4.0,0,True,0.0,0.877516124251772,1.3974701062137318,0.7921082993454118,0.438758062125886,0.3493675265534329,0.39605414967270586
11,1157,b0560,2.5,4.5,3.0,1.0,2.0,0,True,0.0,0.5708855306377822,0.8378857250463576,0.7155245879456383,0.28544276531889123,0.2094714312615895,0.35776229397281917
11,1158,b0560,2.5,4.5,3.0,1.0,3.0,0,True,0.0,1.4676948005851325,2.154128027664632,0.0,0.7338474002925666,0.5385320069161584,0.0
11,1159,b0560,2.5,4.5,3.0,1.0,4.0,0,True,0.0,0.8968092699473503,1.3162423026182748,0.7155245879456382,0.4484046349736753,0.32906057565456887,0.35776229397281917
11,1160,b0561,2.5,4.5,3.5,0.5,3.0,0,True,0.0,1.1340469566997653,1.2860624999999994,0.0,0.5670234783498828,0.32151562499999997,0.0
11,1161,b0561,2.5,4.5,3.5,0.5,4.0,0,True,0.0,1.1340469566997653,1.2860624999999994,0.0,0.5670234783498828,0.32151562499999997,0.0
11,1162,b0562,2.5,4.5,4.0,0.0,4.0,0,False,0.0,0.0,0.0,0.0,0.0,0.0,0.0
11,1163,b0563,2.5,5.0,0.0,3.5,3.5,0,False,0.0,0.0,0.0,0.0,0.0,0.0,0.0
11,1164,b0564,2.5,5.0,0.5,3.0,2.5,0,True,0.0,1.0083261765582474,1.0167216783325739,0.0,0.5041630882791236,0.25418041958314336,0.0
11,1165,b0564,2.5,5.0,0.5,3.0,3.5,0,True,0.0,1.0083261765582474,1.0167216783325739,0.0,0.5041630882791236,0.25418041958314336,0.0
11,1166,b0565,2.5,5.0,1.0,2.5,2.5,0,True,0.0,1.145679729521608,1.3125820426367047,0.0,0.572839864760804,0.3281455106591762,0.0
11,1167,b0565,2.5,5.0,1.0,2.5,3.5,0,True,0.0,1.145679729521608,1.3125820426367047,0.0,0.572839864760804,0.3281455106591762,0.0
11,1168,b0566,2.5,5.0,1.5,2.0,2.5,0,True,0.0,1.1991086634065578,1.4378615866566613,0.0,0.5995543317032789,0.3594653966641653,0.0
11,1169,b0566,2.5,5.0,1.5,2.0,3.5,0,True,0.0,1.1991086634065578,1.4378615866566613,0.0,0.5995543317032789,0.3594653966641653,0.0
11,1170,b0567,2.5,5.0,2.0,1.5,2.5,0,True,0.0,1.199108663406558,1.437861586656662,0.0,0.5995543317032789,0.3594653966641653,0.0
11,1171,b0567,2.5,5.0,2.0,1.5,3.5,0,True,0.0,1.199108663406558,1.437861586656662,0.0,0.5995543317032789,0.3594653966641653,0.0
11,1172,b0568,2.5,5.0,2.5,1.0,2.5,0,True,0.0,1.145679729521608,1.3125820426367047,0.0,0.5728398647608041,0.3281455106591763,0.0
11,1173,b0568,2.5,5.0,2.5,1.0,3.5,0,True,0.0,1.145679729521608,1.3125820426367047,0.0,0.5728398647608041,0.3281455106591763,0.0
11,1174,b0569,2.5,5.0,3.0,0.5,2.5,0,True,0.0,1.0083261765582472,1.0167216783325734,0.0,0.5041630882791236,0.25418041958314336,0.0
11,1175,b0569,2.5,5.0,3.0,0.5,3.5,0,True,0.0,1.0083261765582472,1.0167216783325734,0.0,0.5041630882791236,0.25418041958314336,0.0
11,1176,b0570,2.5,5.0,3.5,0.0,3.5,0,False,0.0,0.0,0.0,0.0,0.0,0.0,0.0
11,1177,b0571,2.5,5.5,0.0,3.0,3.0,0,False,0.0,0.0,0.0,0.0,0.0,0.0,0.0
11,1178,b0572,2.5,5.5,0.5,2.5,3.0,0,True,0.0,0.0,0.0,0.0,0.0,0.0,0.0
11,1179,b0573,2.5,5.5,1.0,2.0,3.0,0,True,0.0,0.0,0.0,0.0,0.0,0.0,0.0
11,1180,b0574,2.5,5.5,1.5,1.5,3.0,0,True,0.0,0.0,0.0,0.0,0.0,0.0,0.0
11,1181,b0575,2.5,5.5,2.0,1.0,3.0,0,True,0.0,0.0,0.0,0.0,0.0,0.0,0.0
11,1182,b0576,2.5,5.5,2.5,0.5,3.0,0,True,0.0,0.0,0.0,0.0,0.0,0.0,0.0
11,1183,b0577,2.5,5.5,3.0,0.0,3.0,0,False,0.0,0.0,0.0,0.0,0.0,0.0,0.0
11,1184,b0578,3.0,0.0,2.5,5.5,3.0,0,False,0.0,0.0,0.0,0.0,0.0,0.0,0.0
11,1185,b0579,3.0,0.0,3.0,5.0,3.0,0,False,0.0,0.0,0.0,0.0,0.0,0.0,0.0
11,1186,b0580,3.0,0.0,3.5,4.5,3.0,0,False,0.0,0.0,0.0,0.0,0.0,0.0,0.0
11,1187,b0581,3.0,0.0,4.0,4.0,3.0,0,False,0.0,0.0,0.0,0.0,0.0,0.0,0.0
11,1188,b0582,3.0,0.0,4.5,3.5,3.0,0,False,0.0,0.0,0.0,0.0,0.0,0.0,0.0
11,1189,b0583,3.0,0.0,5.0,3.0,3.0,0,False,0.0,0.0,0.0,0.0,0.0,0.0,0.0
11,1190,b0584,3.0,0.0,5.5,2.5,3.0,0,False,0.0,0.0,0.0,0.0,0.0,0.0,0.0
11,1191,b0585,3.0,0.5,2.0,5.5,3.5,0,True,0.0,0.0,0.0,0.0,0.0,0.0,0.0
11,1192,b0586,3.0,0.5,2.5,5.0,2.5,0,True,0.0,1.0083261765582474,1.0167216783325739,0.0,0.5041630882791236,0.25418041958314336,0.0
11,1193,b0586,3.0,0.5,2.5,5.0,3.5,0,True,-0.0,1.0083261765582474,1.0167216783325739,0.0,0.5041630882791236,0.25418041958314336,0.0
11,1194,b0587,3.0,0.5,3.0,4.5,2.5,0,True,0.0,1.145679729521608,1.3125820426367047,0.0,0.5728398647608041,0.3281455106591763,0.0
11,1195,b0587,3.0,0.5,3.0,4.5,3.5,0,True,-0.0,1.145679729521608,1.3125820426367047,0.0,0.5728398647608041,0.3281455106591763,0.0
11,1196,b0588,3.0,0.5,3.5,4.0,2.5,0,True,-0.0,1.1991086634065575,1.4378615866566609,0.0,0.5995543317032788,0.3594653966641652,0.0
11,1197,b0588,3.0,0.5,3.5,4.0,3.5,0,True,0.0,1.1991086634065575,1.4378615866566609,0.0,0.5995543317032788,0.3594653966641652,0.0
11,1198,b0589,3.0,0.5,4.0,3.5,2.5,0,True,0.0,1.1991086634065575,1.4378615866566609,0.0,0.5995543317032788,0.3594653966641652,0.0
11,1199,b0589,3.0,0.5,4.0,3.5,3.5,0,True,-0.0,1.1991086634065575,1.4378615866566609,0.0,0.5995543317032788,0.3594653966641652,0.0
11,1200,b0590,3.0,0.5,4.5,3.0,2.5,0,True,0.0,1.1456797295216083,1.3125820426367056,0.0,0.5728398647608041,0.3281455106591763,0.0
11,1201,b0590,3.0,0.5,4.5,3.0,3.5,0,True,0.0,1.1456797295216083,1.3125820426367056,0.0,0.5728398647608041,0.3281455106591763,0.0
11,1202,b0591,3.0,0.5,5.0,2.5,2.5,0,True,0.0,1.0083261765582474,1.0167216783325739,0.0,0.5041630882791236,0.25418041958314336,0.0
11,1203,b0591,3.0,0.5,5.0,2.5,3.5,0,True,0.0,1.0083261765582474,1.0167216783325739,0.0,0.5041630882791236,0.25418041958314336,0.0
11,1204,b0592,3.0,0.5,5.5,2.0,3.5,0,True,0.0,0.0,0.0,0.0,0.0,0.0,0.0
11,1205,b0593,3.0,1.0,1.5,5.5,4.0,0,True,0.0,0.0,0.0,0.0,0.0,0.0,0.0
11,1206,b0594,3.0,1.0,2.0,5.0,3.0,0,True,-0.0,1.1340469566997657,1.2860625000000003,0.0,0.5670234783498829,0.3215156250000001,0.0
11,1207,b0594,3.0,1.0,2.0,5.0,4.0,0,True,0.0,1.1340469566997657,1.2860625000000003,0.0,0.5670234783498829,0.3215156250000001,0.0
11,1208,b0595,3.0,1.0,2.5,4.5,2.0,0,True,-0.0,0.5708855306377822,0.8378857250463574,0.7155245879456381,0.28544276531889123,0.2094714312615895,0.35776229397281917
11,1209,b0595,3.0,1.0,2.5,4.5,3.0,0,True,0.0,1.4676948005851327,2.1541280276646324,0.0,0.7338474002925666,0.5385320069161584,0.0
11,1210,b0595,3.0,1.0,2.5,4.5,4.0,0,True,-0.0,0.8968092699473504,1.316242302618275,0.7155245879456382,0.4484046349736753,0.32906057565456887,0.35776229397281917
11,1211,b0596,3.0,1.0,3.0,4.0,2.0,0,True,0.0,0.7150131382792225,1.1386793458037827,0.7921082993454115,0.357506569139611,0.2846698364509454,0.3960541496727057
11,1212,b0596,3.0,1.0,3.0,4.0,3.0,0,True,-0.0,1.5925292625309952,2.5361494520175154,0.0,0.7962646312654973,0.6340373630043784,0.0
11,1213,b0596,3.0,1.0,3.0,4.0,4.0,0,True,0.0,0.8775161242517728,1.3974701062137331,0.7921082993454117,0.43875806212588636,0.34936752655343306,0.39605414967270564
11,1214,b0597,3.0,1.0,3.5,3.5,2.0,0,True,0.0,0.7525649681512799,1.2253841767879234,0.8118067168355941,0.37628248407564,0.306346044196981,0.40590335841779723
11,1215,b0597,3.0,1.0,3.5,3.5,3.0,0,True,-0.0,1.6282769310909484,2.651285764322957,0.0,0.8141384655454742,0.6628214410807393,0.0
11,1216,b0597,3.0,1.0,3.5,3.5,4.0,0,True,0.0,0.8757119629396687,1.4259015875350343,0.8118067168355942,0.43785598146983457,0.3564753968837589,0.4059033584177973
11,1217,b0598,3.0,1.0,4.0,3.0,2.0,0,True,0.0,0.7150131382792227,1.1386793458037836,0.7921082993454119,0.357506569139611,0.2846698364509454,0.3960541496727057
11,1218,b0598,3.0,1.0,4.0,3.0,3.0,0,True,0.0,1.5925292625309961,2.5361494520175185,0.0,0.7962646312654973,0.6340373630043784,0.0
11,1219,b0598,3.0,1.0,4.0,3.0,4.0,0,True,0.0,0.8775161242517729,1.3974701062137336,0.7921082993454118,0.43875806212588636,0.34936752655343306,0.39605414967270564
11,1220,b0599,3.0,1.0,4.5,2.5,2.0,0,True,0.0,0.5708855306377822,0.8378857250463576,0.7155245879456383,0.28544276531889123,0.2094714312615895,0.35776229397281917
11,1221,b0599,3.0,1.0,4.5,2.5,3.0,0,True,-0.0,1.4676948005851327,2.1541280276646324,0.0,0.7338474002925666,0.5385320069161584,0.0
11,1222,b0599,3.0,1.0,4.5,2.5,4.0,0,True,0.0,0.8968092699473503,1.3162423026182748,0.7155245879456382,0.4484046349736753,0.32906057565456887,0.35776229397281917
11,1223,b0600,3.0,1.0,5.0,2.0,3.0,0,True,0.0,1.1340469566997657,1.2860625000000003,0.0,0.5670234783498829,0.3215156250000001,0.0
11,1224,b0600,3.0,1.0,5.0,2.0,4.0,0,True,0.0,1.1340469566997657,1.2860625000000003,0.0,0.5670234783498829,0.3215156250000001,0.0
11,1225,b0601,3.0,1.0,5.5,1.5,4.0,0,True,0.0,0.0,0.0,0.0,0.0,0.0,0.0
11,1226,b0602,3.0,1.5,1.0,5.5,4.5,0,True,0.0,0.0,0.0,0.0,0.0,0.0,0.0
11,1227,b0603,3.0,1.5,1.5,5.0,3.5,0,True,0.0,1.1679363305290174,1.3640752721695861,0.0,0.5839681652645087,0.34101881804239653,0.0
11,1228,b0603,3.0,1.5,1.5,5.0,4.5,0,True,0.0,1.1679363305290174,1.3640752721695861,0.0,0.5839681652645087,0.34101881804239653,0.0
11,1229,b0604,3.0,1.5,2.0,4.5,2.5,0,True,-0.0,0.7324782390278922,1.1510886497568975,0.7839415023504595,0.3662391195139463,0.28777216243922454,0.3919707511752298
11,1230,b0604,3.0,1.5,2.0,4.5,3.5,0,True,0.0,1.5714987673689302,2.4696083758420673,0.0,0.7857493836844651,0.6174020939605168,0.0
11,1231,b0604,3.0,1.5,2.0,4.5,4.5,0,True,0.0,0.839020528341038,1.31851972608517,0.7839415023504595,0.41951026417051906,0.3296299315212926,0.3919707511752298
11,1232,b0605,3.0,1.5,2.5,4.0,1.5,0,True,0.0,1.1009533599266732,1.2932601524220413,0.2848891919469927,0.5504766799633363,0.32331503810550993,0.14244459597349635
11,1233,b0605,3.0,1.5,2.5,4.0,2.5,0,True,-0.0,1.5100943125419468,2.4283023074732983,0.38460040912843985,0.7550471562709741,0.6070755768683256,0.19230020456421992
11,1234,b0605,3.0,1.5,2.5,4.0,3.5,0,True,-0.0,1.6732547651606442,2.880943360821013,0.2848891919469927,0.8366273825803217,0.7202358402052526,0.14244459597349635
11,1235,b0605,3.0,1.5,2.5,4.0,4.5,0,True,0.0,1.2641138125453704,1.7459012057697552,0.38460040912843985,0.6320569062726845,0.43647530144243796,0.19230020456422006
11,1236,b0606,3.0,1.5,3.0,3.5,1.5,0,True,-0.0,1.2215285865705643,1.5958326052114358,0.3220256471189136,0.6107642932852824,0.3989581513028592,0.16101282355945698
11,1237,b0606,3.0,1.5,3.0,3.5,2.5,0,True,0.0,1.6351780199243229,2.813802855336809,0.374159990502966,0.8175890099621618,0.7034507138342028,0.187079995251483
11,1238,b0606,3.0,1.5,3.0,3.5,3.5,0,True,-0.0,1.7229218391205745,3.072160181120978,0.3220256471189136,0.8614609195602876,0.768040045280245,0.1610128235594568
11,1239,b0606,3.0,1.5,3.0,3.5,4.5,0,True,0.0,1.3092724057668168,1.8541899309956076,0.3741599905029657,0.6546362028834085,0.46354748274890206,0.18707999525148286
11,1240,b0607,3.0,1.5,3.5,3.0,1.5,0,True,0.0,1.2215285865705645,1.5958326052114362,0.3220256471189136,0.6107642932852824,0.3989581513028592,0.16101282355945698
11,1241,b0607,3.0,1.5,3.5,3.0,2.5,0,True,-0.0,1.6351780199243229,2.8138028553368084,0.3741599905029654,0.8175890099621616,0.7034507138342023,0.1870799952514827
11,1242,b0607,3.0,1.5,3.5,3.0,3.5,0,True,0.0,1.7229218391205747,3.072160181120979,0.3220256471189136,0.8614609195602874,0.7680400452802447,0.1610128235594568
11,1243,b0607,3.0,1.5,3.5,3.0,4.5,0,True,0.0,1.3092724057668168,1.8541899309956076,0.3741599905029657,0.6546362028834086,0.4635474827489022,0.18707999525148286
11,1244,b0608,3.0,1.5,4.0,2.5,1.5,0,True,0.0,1.1009533599266732,1.2932601524220413,0.2848891919469927,0.5504766799633369,0.3233150381055107,0.14244459597349635
11,1245,b0608,3.0,1.5,4.0,2.5,2.5,0,True,0.0,1.5100943125419468,2.4283023074732983,0.38460040912843985,0.7550471562709742,0.6070755768683257,0.19230020456421992
11,1246,b0608,3.0,1.5,4.0,2.5,3.5,0,True,0.0,1.6732547651606444,2.8809433608210138,0.2848891919469927,0.8366273825803232,0.7202358402052551,0.14244459597349635
11,1247,b0608,3.0,1.5,4.0,2.5,4.5,0,True,0.0,1.2641138125453704,1.7459012057697552,0.38460040912843985,0.632056906272686,0.4364753014424398,0.19230020456422006
11,1248,b0609,3.0,1.5,4.5,2.0,2.5,0,True,0.0,0.7324782390278922,1.1510886497568977,0.7839415023504596,0.3662391195139461,0.28777216243922443,0.3919707511752298
11,1249,b0609,3.0,1.5,4.5,2.0,3.5,0,True,-0.0,1.5714987673689305,2.4696083758420677,0.0,0.7857493836844652,0.6174020939605169,0.0
11,1250,b0609,3.0,1.5,4.5,2.0,4.5,0,True,0.0,0.8390205283410385,1.3185197260851709,0.7839415023504596,0.4195102641705194,0.32962993152129294,0.3919707511752299
11,1251,b0610,3.0,1.5,5.0,1.5,3.5,0,True,-0.0,1.1679363305290174,1.3640752721695861,0.0,0.5839681652645087,0.34101881804239653,0.0
11,1252,b0610,3.0,1.5,5.0,1.5,4.5,0,True,0.0,1.1679363305290174,1.3640752721695861,0.0,0.5839681652645087,0.34101881804239653,0.0
11,1253,b0611,3.0,1.5,5.5,1.0,4.5,0,True,0.0,0.0,0.0,0.0,0.0,0.0,0.0
11,1254,b0612,3.0,2.0,0.5,5.5,5.0,0,True,0.0,0.0,0.0,0.0,0.0,0.0,0.0
11,1255,b0613,3.0,2.0,1.0,5.0,4.0,0,True,0.0,1.1340469566997655,1.2860624999999999,0.0,0.5670234783498826,0.32151562499999986,0.0
11,1256,b0613,3.0,2.0,1.0,5.0,5.0,0,True,-0.0,1.1340469566997655,1.2860624999999999,0.0,0.5670234783498826,0.32151562499999986,0.0
11,1257,b0614,3.0,2.0,1.5,4.5,3.0,0,True,0.0,0.8138647100309899,1.2789873886187724,0.7852462176826738,0.4069323550154952,0.3197468471546933,0.39262310884133694
11,1258,b0614,3.0,2.0,1.5,4.5,4.0,0,True,-0.0,1.5714987673689302,2.4696083758420673,0.0,0.7857493836844651,0.6174020939605168,0.0
11,1259,b0614,3.0,2.0,1.5,4.5,5.0,0,True,0.0,0.7576340573379402,1.1906209872232942,0.7852462176826737,0.37881702866897,0.29765524680582356,0.39262310884133694
11,1260,b0615,3.0,2.0,2.0,4.0,2.0,0,True,-0.0,1.2235419522781361,1.6108534759174975,0.33734043180873635,0.6117709761390678,0.40271336897937404,0.168670215904368
11,1261,b0615,3.0,2.0,2.0,4.0,3.0,0,True,0.0,1.6405058856141606,2.81517355583942,0.352014197305618,0.8202529428070799,0.7037933889598544,0.176007098652809
11,1262,b0615,3.0,2.0,2.0,4.0,4.0,0,True,0.0,1.664765605371894,2.8852430877621535,0.33734043180873635,0.8323828026859462,0.721310771940537,0.16867021590436818
11,1263,b0615,3.0,2.0,2.0,4.0,5.0,0,True,0.0,1.247801672035869,1.6809230078402289,0.35201419730561834,0.6239008360179337,0.42023075196005616,0.17600709865280884
11,1264,b0616,3.0,2.0,2.5,3.5,1.0,0,True,0.0,0.7466551531001036,1.0826920659280463,0.7247055597117407,0.3733275765500516,0.2706730164820116,0.3623527798558705
11,1265,b0616,3.0,2.0,2.5,3.5,2.0,0,True,0.0,1.5962448591677318,2.649143387300743,0.3180341756499306,0.7981224295838659,0.6622858468251858,0.1590170878249653
11,1266,b0616,3.0,2.0,2.5,3.5,3.0,0,True,-0.0,1.5720046309320463,3.127065378485569,0.8098560482047225,0.7860023154660246,0.7817663446213948,0.4049280241023616
11,1267,b0616,3.0,2.0,2.5,3.5,4.0,0,True,0.0,1.7516521245669145,3.1694309023811162,0.3180341756499306,0.8758260622834575,0.7923577255952794,0.15901708782496493
11,1268,b0616,3.0,2.0,2.5,3.5,5.0,0,True,0.0,1.0292371997024958,1.608816845268241,0.7412743297975491,0.514618599851248,0.4022042113170605,0.3706371648987748
11,1269,b0617,3.0,2.0,3.0,3.0,1.0,0,True,0.0,0.8532497688942094,1.30250390476592,0.7579371587723471,0.4266248844471048,0.32562597619148015,0.3789685793861737
11,1270,b0617,3.0,2.0,3.0,3.0,2.0,0,True,0.0,1.6762754718109194,2.911479316535579,0.31871595369648303,0.8381377359054595,0.7278698291338943,0.15935797684824116
11,1271,b0617,3.0,2.0,3.0,3.0,3.0,0,True,0.0,1.5885739522356885,3.2477466644980133,0.8509873458379376,0.7942869761178447,0.8119366661245041,0.42549367291896895
11,1272,b0617,3.0,2.0,3.0,3.0,4.0,0,True,0.0,1.776141858854222,3.2562597619147895,0.31871595369648303,0.8880709294271104,0.8140649404786963,0.15935797684824116
11,1273,b0617,3.0,2.0,3.0,3.0,5.0,0,True,0.0,1.0105936095352424,1.6174885091864306,0.7721328030546045,0.5052968047676207,0.40437212729660715,0.3860664015273022
11,1274,b0618,3.0,2.0,3.5,2.5,1.0,0,True,0.0,0.7466551531001033,1.082692065928046,0.7247055597117406,0.3733275765500516,0.2706730164820114,0.3623527798558703
11,1275,b0618,3.0,2.0,3.5,2.5,2.0,0,True,-0.0,1.596244859167732,2.649143387300743,0.31803417564992986,0.7981224295838656,0.662285846825185,0.15901708782496457
11,1276,b0618,3.0,2.0,3.5,2.5,3.0,0,True,0.0,1.5720046309320461,3.127065378485568,0.8098560482047225,0.7860023154660223,0.7817663446213906,0.40492802410236095
11,1277,b0618,3.0,2.0,3.5,2.5,4.0,0,True,-0.0,1.751652124566914,3.1694309023811145,0.31803417564992986,0.8758260622834565,0.7923577255952775,0.15901708782496457
11,1278,b0618,3.0,2.0,3.5,2.5,5.0,0,True,0.0,1.0292371997024958,1.608816845268241,0.7412743297975491,0.514618599851248,0.4022042113170603,0.37063716489877446
11,1279,b0619,3.0,2.0,4.0,2.0,2.0,0,True,0.0,1.2235419522781366,1.6108534759174984,0.33734043180873635,0.6117709761390681,0.4027133689793744,0.16867021590436818
11,1280,b0619,3.0,2.0,4.0,2.0,3.0,0,True,0.0,1.6405058856141608,2.8151735558394204,0.352014197305618,0.8202529428070803,0.703793388959855,0.176007098652809
11,1281,b0619,3.0,2.0,4.0,2.0,4.0,0,True,0.0,1.6647656053718938,2.8852430877621527,0.33734043180873635,0.8323828026859466,0.7213107719405376,0.16867021590436818
11,1282,b0619,3.0,2.0,4.0,2.0,5.0,0,True,0.0,1.247801672035869,1.6809230078402286,0.352014197305618,0.6239008360179343,0.42023075196005705,0.176007098652809
11,1283,b0620,3.0,2.0,4.5,1.5,3.0,0,True,0.0,0.8138647100309899,1.2789873886187726,0.7852462176826739,0.4069323550154952,0.3197468471546933,0.39262310884133694
11,1284,b0620,3.0,2.0,4.5,1.5,4.0,0,True,0.0,1.5714987673689302,2.4696083758420673,0.0,0.7857493836844651,0.6174020939605168,0.0
11,1285,b0620,3.0,2.0,4.5,1.5,5.0,0,True,0.0,0.7576340573379403,1.1906209872232947,0.7852462176826739,0.37881702866897,0.29765524680582356,0.39262310884133694
11,1286,b0621,3.0,2.0,5.0,1.0,4.0,0,True,0.0,1.1340469566997653,1.2860624999999994,0.0,0.5670234783498826,0.32151562499999986,0.0
11,1287,b0621,3.0,2.0,5.0,1.0,5.0,0,True,0.0,1.1340469566997653,1.2860624999999994,0.0,0.5670234783498826,0.32151562499999986,0.0
11,1288,b0622,3.0,2.0,5.5,0.5,5.0,0,True,0.0,0.0,0.0,0.0,0.0,0.0,0.0
11,1289,b0623,3.0,2.5,0.0,5.5,5.5,0,False,0.0,0.0,0.0,0.0,0.0,0.0,0.0
11,1290,b0624,3.0,2.5,0.5,5.0,4.5,0,True,0.0,1.0083261765582472,1.0167216783325734,0.0,0.5041630882791236,0.25418041958314336,0.0
11,1291,b0624,3.0,2.5,0.5,5.0,5.5,0,True,0.0,1.0083261765582472,1.0167216783325734,0.0,0.5041630882791236,0.25418041958314336,0.0
11,1292,b0625,3.0,2.5,1.0,4.5,3.5,0,True,0.0,0.8791637171821828,1.2903440165713873,0.7193157686036045,0.43958185859109145,0.32258600414284694,0.3596578843018023
11,1293,b0625,3.0,2.5,1.0,4.5,4.5,0,True,0.0,1.4676948005851322,2.154128027664631,0.0,0.7338474002925661,0.5385320069161578,0.0
11,1294,b0625,3.0,2.5,1.0,4.5,5.5,0,True,0.0,0.5885310834029492,0.8637840110932434,0.7193157686036045,0.29426554170147473,0.21594600277331097,0.3596578843018023
11,1295,b0626,3.0,2.5,1.5,4.0,2.5,0,True,0.0,1.2373336774650985,1.671607537439129,0.37498387705316694,0.6186668387325495,0.4179018843597826,0.18749193852658363
11,1296,b0626,3.0,2.5,1.5,4.0,3.5,0,True,-0.0,1.6573850554834473,2.8369174832917574,0.2999871016425335,0.8286925277417243,0.7092293708229405,0.14999355082126675
11,1297,b0626,3.0,2.5,1.5,4.0,4.5,0,True,0.0,1.53687444762222,2.5025959758039287,0.37498387705316694,0.7684372238111103,0.6256489939509827,0.18749193852658377
11,1298,b0626,3.0,2.5,1.5,4.0,5.5,0,True,0.0,1.1168230696038728,1.3372860299513047,0.2999871016425339,0.5584115348019365,0.33432150748782635,0.14999355082126695
11,1299,b0627,3.0,2.5,2.0,3.5,1.5,0,True,0.0,0.9512508841371731,1.445221773119699,0.7350806272429886,0.47562544206858665,0.36130544327992486,0.3675403136214943
11,1300,b0627,3.0,2.5,2.0,3.5,2.5,0,True,-0.0,1.7004814396184034,2.99811672058636,0.3263121114817562,0.8502407198092018,0.7495291801465902,0.16315605574087846
11,1301,b0627,3.0,2.5,2.0,3.5,3.5,0,True,0.0,1.5899733074492794,3.178487097365253,0.8065184306412669,0.7949866537246405,0.7946217743413145,0.40325921532063347
11,1302,b0627,3.0,2.5,2.0,3.5,4.5,0,True,0.0,1.6474155441162432,2.8204575690955,0.3263121114817562,0.8237077720581215,0.7051143922738748,0.1631560557408781
11,1303,b0627,3.0,2.5,2.0,3.5,5.5,0,True,0.0,0.8066727921481932,1.1948654191969048,0.7376614573127315,0.4033363960740963,0.2987163547992259,0.3688307286563657
11,1304,b0628,3.0,2.5,2.5,3.0,0.5,0,True,0.0,1.0550396506539124,1.2319721874029737,0.3447658958641997,0.5275198253269562,0.30799304685074347,0.17238294793210002
11,1305,b0628,3.0,2.5,2.5,3.0,1.5,0,True,-0.0,1.5508654581133545,2.553669313463245,0.3853383504066262,0.7754327290566773,0.6384173283658112,0.1926691752033131
11,1306,b0628,3.0,2.5,2.5,3.0,2.5,0,True,0.0,1.7628204824502718,3.341182019168837,0.48336938858664624,0.8814102412251359,0.8352955047922094,0.24168469429332334
11,1307,b0628,3.0,2.5,2.5,3.0,3.5,0,True,-0.0,1.8078848413131028,3.5236119970033535,0.5051379985248097,0.9039424206565513,0.880902999250838,0.2525689992624046
11,1308,b0628,3.0,2.5,2.5,3.0,4.5,0,True,0.0,1.6648213691725606,2.9217995719261958,0.3875169424329684,0.8324106845862804,0.7304498929815492,0.1937584712164842
11,1309,b0628,3.0,2.5,2.5,3.0,5.5,0,True,0.0,1.1239312028502895,1.417672468031416,0.39300269628962786,0.5619656014251447,0.35441811700785397,0.1965013481448138
11,1310,b0629,3.0,2.5,3.0,2.5,0.5,0,True,0.0,1.0550396506539121,1.2319721874029732,0.3447658958641997,0.5275198253269561,0.3079930468507433,0.17238294793209985
11,1311,b0629,3.0,2.5,3.0,2.5,1.5,0,True,0.0,1.5508654581133534,2.5536693134632413,0.3853383504066262,0.7754327290566764,0.6384173283658097,0.1926691752033128
11,1312,b0629,3.0,2.5,3.0,2.5,2.5,0,True,0.0,1.7628204824502707,3.341182019168833,0.48336938858664624,0.8814102412251356,0.8352955047922088,0.24168469429332334
11,1313,b0629,3.0,2.5,3.0,2.5,3.5,0,True,0.0,1.8078848413131017,3.523611997003349,0.5051379985248092,0.903942420656551,0.8809029992508375,0.2525689992624046
11,1314,b0629,3.0,2.5,3.0,2.5,4.5,0,True,0.0,1.6648213691725608,2.9217995719261967,0.3875169424329684,0.8324106845862802,0.7304498929815488,0.1937584712164842
11,1315,b0629,3.0,2.5,3.0,2.5,5.5,0,True,0.0,1.1239312028502888,1.4176724680314143,0.3930026962896276,0.5619656014251442,0.35441811700785336,0.19650134814481393
11,1316,b0630,3.0,2.5,3.5,2.0,1.5,0,True,-0.0,0.9512508841371737,1.4452217731197008,0.735080627242989,0.47562544206858665,0.36130544327992503,0.36754031362149453
11,1317,b0630,3.0,2.5,3.5,2.0,2.5,0,True,0.0,1.7004814396184038,2.9981167205863613,0.3263121114817562,0.8502407198092015,0.7495291801465895,0.1631560557408781
11,1318,b0630,3.0,2.5,3.5,2.0,3.5,0,True,0.0,1.5899733074492808,3.1784870973652577,0.8065184306412672,0.794986653724641,0.7946217743413154,0.40325921532063375
11,1319,b0630,3.0,2.5,3.5,2.0,4.5,0,True,0.0,1.6474155441162437,2.8204575690955016,0.32631211148175693,0.8237077720581226,0.7051143922738766,0.1631560557408781
11,1320,b0630,3.0,2.5,3.5,2.0,5.5,0,True,0.0,0.8066727921481932,1.194865419196905,0.7376614573127316,0.4033363960740968,0.2987163547992266,0.368830728656366
11,1321,b0631,3.0,2.5,4.0,1.5,2.5,0,True,0.0,1.2373336774650987,1.6716075374391297,0.37498387705316727,0.6186668387325495,0.4179018843597826,0.18749193852658363
11,1322,b0631,3.0,2.5,4.0,1.5,3.5,0,True,0.0,1.6573850554834468,2.836917483291756,0.2999871016425335,0.8286925277417243,0.7092293708229405,0.14999355082126675
11,1323,b0631,3.0,2.5,4.0,1.5,4.5,0,True,0.0,1.5368744476222205,2.50259597580393,0.37498387705316694,0.7684372238111103,0.6256489939509827,0.18749193852658377
11,1324,b0631,3.0,2.5,4.0,1.5,5.5,0,True,0.0,1.1168230696038728,1.3372860299513047,0.2999871016425339,0.5584115348019365,0.33432150748782635,0.14999355082126695
11,1325,b0632,3.0,2.5,4.5,1.0,3.5,0,True,0.0,0.8791637171821826,1.2903440165713869,0.7193157686036045,0.43958185859109167,0.32258600414284716,0.35965788430180234
11,1326,b0632,3.0,2.5,4.5,1.0,4.5,0,True,0.0,1.4676948005851322,2.154128027664631,0.0,0.7338474002925666,0.5385320069161584,0.0
11,1327,b0632,3.0,2.5,4.5,1.0,5.5,0,True,-0.0,0.5885310834029494,0.8637840110932435,0.7193157686036045,0.2942655417014748,0.21594600277331105,0.35965788430180234
11,1328,b0633,3.0,2.5,5.0,0.5,4.5,0,True,0.0,1.0083261765582474,1.0167216783325739,0.0,0.5041630882791237,0.25418041958314347,0.0
11,1329,b0633,3.0,2.5,5.0,0.5,5.5,0,True,0.0,1.0083261765582474,1.0167216783325739,0.0,0.5041630882791237,0.25418041958314347,0.0
11,1330,b0634,3.0,2.5,5.5,0.0,5.5,0,False,0.0,0.0,0.0,0.0,0.0,0.0,0.0
11,1331,b0635,3.0,3.0,0.0,5.0,5.0,0,False,0.0,0.0,0.0,0.0,0.0,0.0,0.0
11,1332,b0636,3.0,3.0,0.5,4.5,4.0,0,True,0.0,1.1456797295216075,1.3125820426367036,0.0,0.5728398647608037,0.3281455106591759,0.0
11,1333,b0636,3.0,3.0,0.5,4.5,5.0,0,True,0.0,1.1456797295216075,1.3125820426367036,0.0,0.5728398647608037,0.3281455106591759,0.0
11,1334,b0637,3.0,3.0,1.0,4.0,3.0,0,True,0.0,0.8341819946590926,1.3284592367710797,0.7953613245297116,0.41709099732954613,0.3321148091927698,0.3976806622648559
11,1335,b0637,3.0,3.0,1.0,4.0,4.0,0,True,-0.0,1.5925292625309952,2.5361494520175154,0.0,0.7962646312654976,0.6340373630043789,0.0
11,1336,b0637,3.0,3.0,1.0,4.0,5.0,0,True,0.0,0.7583472678719031,1.207690215246437,0.7953613245297115,0.37917363393595166,0.3019225538116094,0.39768066226485577
11,1337,b0638,3.0,3.0,1.5,3.5,2.0,0,True,0.0,1.2609237706994942,1.7118297718900437,0.3491432605321388,0.6304618853497473,0.42795744297251126,0.17457163026606956
11,1338,b0638,3.0,3.0,1.5,3.5,3.0,0,True,0.0,1.6811390680747405,2.949132883128516,0.35057711979150796,0.8405695340373702,0.737283220782129,0.17528855989575398
11,1339,b0638,3.0,3.0,1.5,3.5,4.0,0,True,0.0,1.6835266549916454,2.956163014442372,0.3491432605321391,0.8417633274958229,0.7390407536105933,0.17457163026606923
11,1340,b0638,3.0,3.0,1.5,3.5,5.0,0,True,0.0,1.2633113576163988,1.718859903203898,0.35057711979150796,0.6316556788081998,0.42971497580097506,0.17528855989575398
11,1341,b0639,3.0,3.0,2.0,3.0,1.0,0,True,0.0,0.8532497688942099,1.302503904765921,0.7579371587723474,0.4266248844471051,0.32562597619148054,0.37896857938617384
11,1342,b0639,3.0,3.0,2.0,3.0,2.0,0,True,0.0,1.6762754718109196,2.91147931653558,0.31871595369648303,0.8381377359054599,0.7278698291338952,0.15935797684824152
11,1343,b0639,3.0,3.0,2.0,3.0,3.0,0,True,0.0,1.5885739522356892,3.2477466644980164,0.8509873458379381,0.7942869761178449,0.8119366661245045,0.42549367291896906
11,1344,b0639,3.0,3.0,2.0,3.0,4.0,0,True,0.0,1.7761418588542222,3.2562597619147904,0.31871595369648303,0.8880709294271113,0.8140649404786979,0.15935797684824152
11,1345,b0639,3.0,3.0,2.0,3.0,5.0,0,True,0.0,1.0105936095352421,1.6174885091864308,0.772132803054605,0.5052968047676212,0.40437212729660793,0.3860664015273026
11,1346,b0640,3.0,3.0,2.5,2.5,0.0,0,True,-0.0,0.9819292037877169,1.0467952169662837,0.2874199988085453,0.49096460189385804,0.2616988042415705,0.14370999940427245
11,1347,b0640,3.0,3.0,2.5,2.5,1.0,0,True,0.0,1.4280808468776316,2.1916910538403642,0.3902257662195445,0.7140404234388159,0.5479227634600912,0.19511288310977226
11,1348,b0640,3.0,3.0,2.5,2.5,2.0,0,True,0.0,1.711703756915777,3.119962468889103,0.43592742222704634,0.8558518784578883,0.7799906172222756,0.21796371111352345
11,1349,b0640,3.0,3.0,2.5,2.5,3.0,0,True,0.0,1.792462787423851,3.507855474777444,0.5430770023469621,0.896231393711926,0.8769638686943619,0.2715385011734813
11,1350,b0640,3.0,3.0,2.5,2.5,4.0,0,True,0.0,1.7890485415732476,3.32819609264261,0.3570733937683483,0.8945242707866239,0.8320490231606528,0.17853669688417445
11,1351,b0640,3.0,3.0,2.5,2.5,5.0,0,True,0.0,1.2621378679752588,1.7954072498801898,0.4499058258158678,0.631068933987629,0.4488518124700468,0.22495291290793368
11,1352,b0641,3.0,3.0,3.0,2.0,1.0,0,True,0.0,0.8532497688942097,1.3025039047659204,0.7579371587723471,0.4266248844471047,0.3256259761914799,0.37896857938617345
11,1353,b0641,3.0,3.0,3.0,2.0,2.0,0,True,-0.0,1.6762754718109198,2.911479316535581,0.31871595369648303,0.8381377359054597,0.7278698291338948,0.15935797684824152
11,1354,b0641,3.0,3.0,3.0,2.0,3.0,0,True,0.0,1.5885739522356896,3.247746664498018,0.8509873458379384,0.794286976117844,0.8119366661245031,0.42549367291896895
11,1355,b0641,3.0,3.0,3.0,2.0,4.0,0,True,0.0,1.7761418588542224,3.2562597619147913,0.31871595369648303,0.8880709294271107,0.8140649404786969,0.15935797684824116
11,1356,b0641,3.0,3.0,3.0,2.0,5.0,0,True,0.0,1.0105936095352424,1.6174885091864313,0.772132803054605,0.5052968047676214,0.404372127296608,0.3860664015273024
11,1357,b0642,3.0,3.0,3.5,1.5,2.0,0,True,0.0,1.2609237706994947,1.711829771890045,0.3491432605321391,0.6304618853497476,0.42795744297251154,0.17457163026606956
11,1358,b0642,3.0,3.0,3.5,1.5,3.0,0,True,0.0,1.681139068074741,2.9491328831285175,0.35057711979150796,0.8405695340373707,0.7372832207821298,0.17528855989575398
11,1359,b0642,3.0,3.0,3.5,1.5,4.0,0,True,0.0,1.6835266549916457,2.9561630144423727,0.3491432605321391,0.8417633274958223,0.7390407536105923,0.17457163026606956
11,1360,b0642,3.0,3.0,3.5,1.5,5.0,0,True,0.0,1.2633113576163992,1.7188599032038991,0.35057711979150796,0.6316556788081993,0.42971497580097434,0.17528855989575398
11,1361,b0643,3.0,3.0,4.0,1.0,3.0,0,True,0.0,0.8341819946590927,1.3284592367710797,0.7953613245297115,0.41709099732954646,0.3321148091927702,0.397680662264856
11,1362,b0643,3.0,3.0,4.0,1.0,4.0,0,True,0.0,1.592529262530995,2.536149452017515,0.0,0.7962646312654976,0.6340373630043789,0.0
11,1363,b0643,3.0,3.0,4.0,1.0,5.0,0,True,-0.0,0.7583472678719028,1.2076902152464366,0.7953613245297115,0.3791736339359516,0.3019225538116095,0.397680662264856
11,1364,b0644,3.0,3.0,4.5,0.5,4.0,0,True,0.0,1.1456797295216075,1.3125820426367036,0.0,0.5728398647608037,0.3281455106591759,0.0
11,1365,b0644,3.0,3.0,4.5,0.5,5.0,0,True,0.0,1.1456797295216075,1.3125820426367036,0.0,0.5728398647608037,0.3281455106591759,0.0
11,1366,b0645,3.0,3.0,5.0,0.0,5.0,0,False,0.0,0.0,0.0,0.0,0.0,0.0,0.0
11,1367,b0646,3.0,3.5,0.0,4.5,4.5,0,False,0.0,0.0,0.0,0.0,0.0,0.0,0.0
11,1368,b0647,3.0,3.5,0.5,4.0,3.5,0,True,0.0,1.1991086634065575,1.4378615866566609,0.0,0.5995543317032788,0.3594653966641652,0.0
11,1369,b0647,3.0,3.5,0.5,4.0,4.5,0,True,-0.0,1.1991086634065575,1.4378615866566609,0.0,0.5995543317032788,0.3594653966641652,0.0
11,1370,b0648,3.0,3.5,1.0,3.5,2.5,0,True,0.0,0.7901932165588427,1.286653385627317,0.8137862533440258,0.39509660827942095,0.3216633464068289,0.4068931266720129
11,1371,b0648,3.0,3.5,1.0,3.5,3.5,0,True,-0.0,1.6282769310909484,2.651285764322957,0.0,0.814138465545474,0.6628214410807389,0.0
11,1372,b0648,3.0,3.5,1.0,3.5,4.5,0,True,0.0,0.8380837145321052,1.364632378695638,0.8137862533440258,0.4190418572660529,0.3411580946739098,0.4068931266720129
11,1373,b0649,3.0,3.5,1.5,3.0,1.5,0,True,0.0,1.2215285865705638,1.5958326052114349,0.32202564711891396,0.6107642932852816,0.3989581513028582,0.1610128235594568
11,1374,b0649,3.0,3.5,1.5,3.0,2.5,0,True,-0.0,1.6351780199243227,2.813802855336808,0.374159990502966,0.8175890099621616,0.7034507138342025,0.1870799952514833
11,1375,b0649,3.0,3.5,1.5,3.0,3.5,0,True,0.0,1.7229218391205763,3.072160181120984,0.3220256471189136,0.8614609195602871,0.7680400452802443,0.1610128235594568
11,1376,b0649,3.0,3.5,1.5,3.0,4.5,0,True,0.0,1.3092724057668164,1.8541899309956067,0.374159990502966,0.6546362028834081,0.4635474827489016,0.1870799952514833
11,1377,b0650,3.0,3.5,2.0,2.5,0.5,0,True,0.0,0.6926940229156164,0.9890793670339219,0.7136205978325607,0.34634701145780844,0.2472698417584806,0.3568102989162803
11,1378,b0650,3.0,3.5,2.0,2.5,1.5,0,True,0.0,1.554550226987463,2.5095540539864953,0.304840361106798,0.7772751134937312,0.6273885134966234,0.15242018055339865
11,1379,b0650,3.0,3.5,2.0,2.5,2.5,0,True,0.0,1.542805531591544,3.0435050853060854,0.8144054131675564,0.7714027657957719,0.7608762713265212,0.4072027065837784
11,1380,b0650,3.0,3.5,2.0,2.5,3.5,0,True,-0.0,1.7933467567471828,3.309020235695362,0.304840361106798,0.8966733783735915,0.8272550589238407,0.15242018055339865
11,1381,b0650,3.0,3.5,2.0,2.5,4.5,0,True,0.0,1.112397429227485,1.7859898373418492,0.7406495775938389,0.5561987146137425,0.44649745933546237,0.3703247887969195
11,1382,b0651,3.0,3.5,2.5,2.0,0.5,0,True,0.0,0.6926940229156165,0.989079367033922,0.7136205978325606,0.3463470114578084,0.24726984175848082,0.3568102989162807
11,1383,b0651,3.0,3.5,2.5,2.0,1.5,0,True,0.0,1.5545502269874627,2.5095540539864944,0.3048403611067973,0.7772751134937318,0.6273885134966244,0.152420180553399
11,1384,b0651,3.0,3.5,2.5,2.0,2.5,0,True,0.0,1.542805531591544,3.0435050853060854,0.8144054131675564,0.7714027657957729,0.760876271326523,0.4072027065837786
11,1385,b0651,3.0,3.5,2.5,2.0,3.5,0,True,0.0,1.7933467567471826,3.3090202356953613,0.304840361106798,0.8966733783735921,0.8272550589238418,0.152420180553399
11,1386,b0651,3.0,3.5,2.5,2.0,4.5,0,True,0.0,1.1123974292274847,1.7859898373418488,0.7406495775938389,0.5561987146137429,0.4464974593354629,0.37032478879691955
11,1387,b0652,3.0,3.5,3.0,1.5,1.5,0,True,0.0,1.2215285865705636,1.5958326052114342,0.32202564711891396,0.6107642932852816,0.39895815130285817,0.16101282355945665
11,1388,b0652,3.0,3.5,3.0,1.5,2.5,0,True,0.0,1.6351780199243224,2.8138028553368075,0.374159990502966,0.8175890099621609,0.7034507138342013,0.187079995251483
11,1389,b0652,3.0,3.5,3.0,1.5,3.5,0,True,0.0,1.722921839120576,3.0721601811209833,0.3220256471189136,0.8614609195602873,0.7680400452802445,0.1610128235594568
11,1390,b0652,3.0,3.5,3.0,1.5,4.5,0,True,0.0,1.309272405766816,1.8541899309956056,0.374159990502966,0.6546362028834082,0.4635474827489017,0.187079995251483
11,1391,b0653,3.0,3.5,3.5,1.0,2.5,0,True,0.0,0.7901932165588428,1.2866533856273172,0.8137862533440259,0.39509660827942095,0.3216633464068289,0.4068931266720129
11,1392,b0653,3.0,3.5,3.5,1.0,3.5,0,True,0.0,1.6282769310909484,2.651285764322957,0.0,0.814138465545474,0.6628214410807389,0.0
11,1393,b0653,3.0,3.5,3.5,1.0,4.5,0,True,0.0,0.8380837145321052,1.364632378695638,0.8137862533440258,0.4190418572660529,0.3411580946739098,0.4068931266720129
11,1394,b0654,3.0,3.5,4.0,0.5,3.5,0,True,0.0,1.1991086634065573,1.4378615866566604,0.0,0.5995543317032788,0.3594653966641652,0.0
11,1395,b0654,3.0,3.5,4.0,0.5,4.5,0,True,0.0,1.1991086634065573,1.4378615866566604,0.0,0.5995543317032788,0.3594653966641652,0.0
11,1396,b0655,3.0,3.5,4.5,0.0,4.5,0,False,0.0,0.0,0.0,0.0,0.0,0.0,0.0
11,1397,b0656,3.0,4.0,0.0,4.0,4.0,0,False,0.0,0.0,0.0,0.0,0.0,0.0,0.0
11,1398,b0657,3.0,4.0,0.5,3.5,3.0,0,True,0.0,1.1991086634065573,1.4378615866566604,0.0,0.5995543317032787,0.3594653966641651,0.0
11,1399,b0657,3.0,4.0,0.5,3.5,4.0,0,True,0.0,1.1991086634065573,1.4378615866566604,0.0,0.5995543317032787,0.3594653966641651,0.0
11,1400,b0658,3.0,4.0,1.0,3.0,2.0,0,True,0.0,0.7150131382792229,1.1386793458037836,0.7921082993454118,0.3575065691396114,0.2846698364509458,0.3960541496727058
11,1401,b0658,3.0,4.0,1.0,3.0,3.0,0,True,-0.0,1.5925292625309961,2.5361494520175185,0.0,0.7962646312654976,0.6340373630043789,0.0
11,1402,b0658,3.0,4.0,1.0,3.0,4.0,0,True,0.0,0.8775161242517728,1.3974701062137334,0.7921082993454118,0.4387580621258862,0.34936752655343306,0.3960541496727058
11,1403,b0659,3.0,4.0,1.5,2.5,1.0,0,True,0.0,1.090042934523601,1.2629923616206784,0.2734936242691135,0.5450214672618003,0.3157480904051694,0.13674681213455656
11,1404,b0659,3.0,4.0,1.5,2.5,2.0,0,True,0.0,1.48905277783602,2.3699287109278098,0.390705177527304,0.7445263889180098,0.5924821777319521,0.195352588763652
11,1405,b0659,3.0,4.0,1.5,2.5,3.0,0,True,0.0,1.684165190563719,2.911211151622383,0.27349362426911394,0.8420825952818595,0.7278027879055956,0.13674681213455656
11,1406,b0659,3.0,4.0,1.5,2.5,4.0,0,True,0.0,1.2851553472512998,1.804274802315251,0.390705177527304,0.6425776736256501,0.45106870057881304,0.195352588763652
11,1407,b0660,3.0,4.0,2.0,2.0,1.0,0,True,0.0,1.1735062802778133,1.4663350663268673,0.29869395118649017,0.5867531401389068,0.366583766581717,0.14934697559324528
11,1408,b0660,3.0,4.0,2.0,2.0,2.0,0,True,0.0,1.5737916562803975,2.622482343051915,0.38165713104056914,0.7868958281401994,0.6556205857629797,0.19082856552028427
11,1409,b0660,3.0,4.0,2.0,2.0,3.0,0,True,0.0,1.714801277372216,3.0297614973527813,0.29869395118649017,0.8574006386861086,0.7574403743381963,0.14934697559324508
11,1410,b0660,3.0,4.0,2.0,2.0,4.0,0,True,0.0,1.3145159013696324,1.873614220627735,0.38165713104056886,0.6572579506848166,0.4684035551569343,0.19082856552028443
11,1411,b0661,3.0,4.0,2.5,1.5,1.0,0,True,0.0,1.0900429345236005,1.262992361620677,0.2734936242691131,0.5450214672618002,0.31574809040516927,0.13674681213455656
11,1412,b0661,3.0,4.0,2.5,1.5,2.0,0,True,0.0,1.4890527778360199,2.3699287109278093,0.390705177527304,0.7445263889180095,0.5924821777319516,0.1953525887636517
11,1413,b0661,3.0,4.0,2.5,1.5,3.0,0,True,0.0,1.6841651905637185,2.911211151622381,0.2734936242691131,0.8420825952818591,0.727802787905595,0.13674681213455656
11,1414,b0661,3.0,4.0,2.5,1.5,4.0,0,True,0.0,1.2851553472512995,1.8042748023152506,0.39070517752730427,0.6425776736256498,0.4510687005788125,0.1953525887636517
11,1415,b0662,3.0,4.0,3.0,1.0,2.0,0,True,0.0,0.7150131382792227,1.1386793458037836,0.7921082993454119,0.3575065691396114,0.2846698364509458,0.3960541496727058
11,1416,b0662,3.0,4.0,3.0,1.0,3.0,0,True,0.0,1.592529262530996,2.5361494520175176,0.0,0.7962646312654976,0.6340373630043789,0.0
11,1417,b0662,3.0,4.0,3.0,1.0,4.0,0,True,0.0,0.8775161242517728,1.3974701062137334,0.7921082993454118,0.4387580621258862,0.34936752655343306,0.3960541496727058
11,1418,b0663,3.0,4.0,3.5,0.5,3.0,0,True,0.0,1.1991086634065573,1.4378615866566604,0.0,0.5995543317032787,0.3594653966641651,0.0
11,1419,b0663,3.0,4.0,3.5,0.5,4.0,0,True,0.0,1.1991086634065573,1.4378615866566604,0.0,0.5995543317032787,0.3594653966641651,0.0
11,1420,b0664,3.0,4.0,4.0,0.0,4.0,0,False,0.0,0.0,0.0,0.0,0.0,0.0,0.0
11,1421,b0665,3.0,4.5,0.0,3.5,3.5,0,False,0.0,0.0,0.0,0.0,0.0,0.0,0.0
11,1422,b0666,3.0,4.5,0.5,3.0,2.5,0,True,0.0,1.1456797295216075,1.3125820426367036,0.0,0.5728398647608037,0.3281455106591759,0.0
11,1423,b0666,3.0,4.5,0.5,3.0,3.5,0,True,0.0,1.1456797295216075,1.3125820426367036,0.0,0.5728398647608037,0.3281455106591759,0.0
11,1424,b0667,3.0,4.5,1.0,2.5,1.5,0,True,0.0,0.5594678200250249,0.8211280105454276,0.712828007938713,0.2797339100125123,0.2052820026363568,0.35641400396935646
11,1425,b0667,3.0,4.5,1.0,2.5,2.5,0,True,0.0,1.4676948005851325,2.154128027664632,0.0,0.7338474002925661,0.5385320069161578,0.0
11,1426,b0667,3.0,4.5,1.0,2.5,3.5,0,True,0.0,0.9082269805601074,1.3330000171192038,0.7128280079387131,0.4541134902800536,0.3332500042798008,0.35641400396935646
11,1427,b0668,3.0,4.5,1.5,2.0,1.5,0,True,0.0,0.6836463564260318,1.0743494064397694,0.779087328728417,0.34182317821301617,0.2685873516099426,0.3895436643642086
11,1428,b0668,3.0,4.5,1.5,2.0,2.5,0,True,0.0,1.5714987673689302,2.4696083758420673,0.0,0.7857493836844653,0.6174020939605172,0.0
11,1429,b0668,3.0,4.5,1.5,2.0,3.5,0,True,0.0,0.8878524109428987,1.3952589694022985,0.7790873287284171,0.44392620547144923,0.3488147423505746,0.3895436643642086
11,1430,b0669,3.0,4.5,2.0,1.5,1.5,0,True,0.0,0.6836463564260318,1.0743494064397696,0.7790873287284171,0.3418231782130159,0.2685873516099424,0.38954366436420856
11,1431,b0669,3.0,4.5,2.0,1.5,2.5,0,True,0.0,1.5714987673689305,2.4696083758420677,0.0,0.7857493836844656,0.6174020939605175,0.0
11,1432,b0669,3.0,4.5,2.0,1.5,3.5,0,True,0.0,0.887852410942899,1.3952589694022992,0.7790873287284171,0.4439262054714495,0.3488147423505748,0.38954366436420856
11,1433,b0670,3.0,4.5,2.5,1.0,1.5,0,True,0.0,0.5594678200250247,0.8211280105454273,0.7128280079387129,0.2797339100125123,0.2052820026363568,0.35641400396935646
11,1434,b0670,3.0,4.5,2.5,1.0,2.5,0,True,0.0,1.4676948005851322,2.154128027664631,0.0,0.7338474002925661,0.5385320069161578,0.0
11,1435,b0670,3.0,4.5,2.5,1.0,3.5,0,True,0.0,0.9082269805601073,1.3330000171192034,0.7128280079387129,0.4541134902800536,0.3332500042798008,0.35641400396935646
11,1436,b0671,3.0,4.5,3.0,0.5,2.5,0,True,0.0,1.1456797295216075,1.3125820426367036,0.0,0.5728398647608036,0.3281455106591758,0.0
11,1437,b0671,3.0,4.5,3.0,0.5,3.5,0,True,0.0,1.1456797295216075,1.3125820426367036,0.0,0.5728398647608036,0.3281455106591758,0.0
11,1438,b0672,3.0,4.5,3.5,0.0,3.5,0,False,0.0,0.0,0.0,0.0,0.0,0.0,0.0
11,1439,b0673,3.0,5.0,0.0,3.0,3.0,0,False,0.0,0.0,0.0,0.0,0.0,0.0,0.0
11,1440,b0674,3.0,5.0,0.5,2.5,2.0,0,True,0.0,1.0083261765582467,1.0167216783325725,0.0,0.5041630882791234,0.25418041958314314,0.0
11,1441,b0674,3.0,5.0,0.5,2.5,3.0,0,True,0.0,1.0083261765582467,1.0167216783325725,0.0,0.5041630882791234,0.25418041958314314,0.0
11,1442,b0675,3.0,5.0,1.0,2.0,2.0,0,True,0.0,1.134046956699764,1.2860624999999963,0.0,0.567023478349882,0.3215156249999991,0.0
11,1443,b0675,3.0,5.0,1.0,2.0,3.0,0,True,0.0,1.134046956699764,1.2860624999999963,0.0,0.567023478349882,0.3215156249999991,0.0
11,1444,b0676,3.0,5.0,1.5,1.5,2.0,0,True,0.0,1.1679363305290171,1.3640752721695855,0.0,0.5839681652645085,0.34101881804239625,0.0
11,1445,b0676,3.0,5.0,1.5,1.5,3.0,0,True,0.0,1.1679363305290171,1.3640752721695855,0.0,0.5839681652645085,0.34101881804239625,0.0
11,1446,b0677,3.0,5.0,2.0,1.0,2.0,0,True,0.0,1.134046956699764,1.2860624999999963,0.0,0.5670234783498821,0.3215156249999992,0.0
11,1447,b0677,3.0,5.0,2.0,1.0,3.0,0,True,0.0,1.134046956699764,1.2860624999999963,0.0,0.5670234783498821,0.3215156249999992,0.0
11,1448,b0678,3.0,5.0,2.5,0.5,2.0,0,True,0.0,1.0083261765582467,1.0167216783325725,0.0,0.5041630882791234,0.25418041958314314,0.0
11,1449,b0678,3.0,5.0,2.5,0.5,3.0,0,True,0.0,1.0083261765582467,1.0167216783325725,0.0,0.5041630882791234,0.25418041958314314,0.0
11,1450,b0679,3.0,5.0,3.0,0.0,3.0,0,False,0.0,0.0,0.0,0.0,0.0,0.0,0.0
11,1451,b0680,3.0,5.5,0.0,2.5,2.5,0,False,0.0,0.0,0.0,0.0,0.0,0.0,0.0
11,1452,b0681,3.0,5.5,0.5,2.0,2.5,0,True,0.0,0.0,0.0,0.0,0.0,0.0,0.0
11,1453,b0682,3.0,5.5,1.0,1.5,2.5,0,True,0.0,0.0,0.0,0.0,0.0,0.0,0.0
11,1454,b0683,3.0,5.5,1.5,1.0,2.5,0,True,0.0,0.0,0.0,0.0,0.0,0.0,0.0
11,1455,b0684,3.0,5.5,2.0,0.5,2.5,0,True,0.0,0.0,0.0,0.0,0.0,0.0,0.0
11,1456,b0685,3.0,5.5,2.5,0.0,2.5,0,False,0.0,0.0,0.0,0.0,0.0,0.0,0.0
11,1457,b0686,3.5,0.0,2.0,5.5,3.5,0,False,0.0,0.0,0.0,0.0,0.0,0.0,0.0
11,1458,b0687,3.5,0.0,2.5,5.0,3.5,0,False,0.0,0.0,0.0,0.0,0.0,0.0,0.0
11,1459,b0688,3.5,0.0,3.0,4.5,3.5,0,False,0.0,0.0,0.0,0.0,0.0,0.0,0.0
11,1460,b0689,3.5,0.0,3.5,4.0,3.5,0,False,0.0,0.0,0.0,0.0,0.0,0.0,0.0
11,1461,b0690,3.5,0.0,4.0,3.5,3.5,0,False,0.0,0.0,0.0,0.0,0.0,0.0,0.0
11,1462,b0691,3.5,0.0,4.5,3.0,3.5,0,False,0.0,0.0,0.0,0.0,0.0,0.0,0.0
11,1463,b0692,3.5,0.0,5.0,2.5,3.5,0,False,0.0,0.0,0.0,0.0,0.0,0.0,0.0
11,1464,b0693,3.5,0.0,5.5,2.0,3.5,0,False,0.0,0.0,0.0,0.0,0.0,0.0,0.0
11,1465,b0694,3.5,0.5,1.5,5.5,4.0,0,True,0.0,0.0,0.0,0.0,0.0,0.0,0.0
11,1466,b0695,3.5,0.5,2.0,5.0,3.0,0,True,-0.0,0.9910834773699388,0.9822464591156901,0.0,0.49554173868496953,0.24556161477892263,0.0
11,1467,b0695,3.5,0.5,2.0,5.0,4.0,0,True,0.0,0.9910834773699388,0.9822464591156901,0.0,0.49554173868496953,0.24556161477892263,0.0
11,1468,b0696,3.5,0.5,2.5,4.5,3.0,0,True,0.0,1.1340469566997655,1.2860624999999999,0.0,0.5670234783498828,0.32151562499999997,0.0
11,1469,b0696,3.5,0.5,2.5,4.5,4.0,0,True,0.0,1.1340469566997655,1.2860624999999999,0.0,0.5670234783498828,0.32151562499999997,0.0
11,1470,b0697,3.5,0.5,3.0,4.0,3.0,0,True,0.0,1.1991086634065575,1.4378615866566609,0.0,0.5995543317032788,0.3594653966641652,0.0
11,1471,b0697,3.5,0.5,3.0,4.0,4.0,0,True,-0.0,1.1991086634065575,1.4378615866566609,0.0,0.5995543317032788,0.3594653966641652,0.0
11,1472,b0698,3.5,0.5,3.5,3.5,3.0,0,True,0.0,1.2186127609455617,1.4850170611393647,0.0,0.6093063804727807,0.37125426528484107,0.0
11,1473,b0698,3.5,0.5,3.5,3.5,4.0,0,True,0.0,1.2186127609455617,1.4850170611393647,0.0,0.6093063804727807,0.37125426528484107,0.0
11,1474,b0699,3.5,0.5,4.0,3.0,3.0,0,True,0.0,1.1991086634065573,1.4378615866566604,0.0,0.5995543317032787,0.3594653966641651,0.0
11,1475,b0699,3.5,0.5,4.0,3.0,4.0,0,True,0.0,1.1991086634065573,1.4378615866566604,0.0,0.5995543317032787,0.3594653966641651,0.0
11,1476,b0700,3.5,0.5,4.5,2.5,3.0,0,True,0.0,1.1340469566997653,1.2860624999999994,0.0,0.5670234783498828,0.32151562499999997,0.0
11,1477,b0700,3.5,0.5,4.5,2.5,4.0,0,True,0.0,1.1340469566997653,1.2860624999999994,0.0,0.5670234783498828,0.32151562499999997,0.0
11,1478,b0701,3.5,0.5,5.0,2.0,3.0,0,True,0.0,0.9910834773699388,0.9822464591156901,0.0,0.4955417386849694,0.24556161477892252,0.0
11,1479,b0701,3.5,0.5,5.0,2.0,4.0,0,True,0.0,0.9910834773699388,0.9822464591156901,0.0,0.4955417386849694,0.24556161477892252,0.0
11,1480,b0702,3.5,0.5,5.5,1.5,4.0,0,True,0.0,0.0,0.0,0.0,0.0,0.0,0.0
11,1481,b0703,3.5,1.0,1.0,5.5,4.5,0,True,0.0,0.0,0.0,0.0,0.0,0.0,0.0
11,1482,b0704,3.5,1.0,1.5,5.0,3.5,0,True,-0.0,1.0968141653190344,1.2030013132444901,0.0,0.5484070826595171,0.3007503283111224,0.0
11,1483,b0704,3.5,1.0,1.5,5.0,4.5,0,True,0.0,1.0968141653190344,1.2030013132444901,0.0,0.5484070826595171,0.3007503283111224,0.0
11,1484,b0705,3.5,1.0,2.0,4.5,2.5,0,True,0.0,0.5774270082535912,0.8285030269265697,0.7036199805760756,0.288713504126796,0.20712575673164282,0.351809990288038
11,1485,b0705,3.5,1.0,2.0,4.5,3.5,0,True,0.0,1.4348186265695293,2.0587044911508703,0.0,0.7174093132847649,0.5146761227877179,0.0
11,1486,b0705,3.5,1.0,2.0,4.5,4.5,0,True,0.0,0.8573916183159379,1.2302014642243,0.7036199805760756,0.428695809157969,0.30755036605607516,0.351809990288038
11,1487,b0706,3.5,1.0,2.5,4.0,2.5,0,True,-0.0,0.732478239027892,1.1510886497568973,0.7839415023504596,0.3662391195139462,0.2877721624392245,0.3919707511752298
11,1488,b0706,3.5,1.0,2.5,4.0,3.5,0,True,0.0,1.5714987673689305,2.4696083758420677,0.0,0.7857493836844652,0.6174020939605169,0.0
11,1489,b0706,3.5,1.0,2.5,4.0,4.5,0,True,-0.0,0.8390205283410385,1.3185197260851709,0.7839415023504596,0.4195102641705192,0.3296299315212927,0.39197075117522984
11,1490,b0707,3.5,1.0,3.0,3.5,2.5,0,True,0.0,0.7901932165588432,1.2866533856273186,0.8137862533440262,0.39509660827942156,0.32166334640682953,0.40689312667201305
11,1491,b0707,3.5,1.0,3.0,3.5,3.5,0,True,-0.0,1.6282769310909484,2.651285764322957,0.0,0.8141384655454743,0.6628214410807395,0.0
11,1492,b0707,3.5,1.0,3.0,3.5,4.5,0,True,0.0,0.8380837145321053,1.364632378695639,0.8137862533440262,0.4190418572660526,0.3411580946739096,0.406893126672013
11,1493,b0708,3.5,1.0,3.5,3.0,2.5,0,True,0.0,0.7901932165588433,1.2866533856273186,0.8137862533440261,0.39509660827942156,0.32166334640682953,0.40689312667201305
11,1494,b0708,3.5,1.0,3.5,3.0,3.5,0,True,0.0,1.6282769310909484,2.651285764322957,0.0,0.8141384655454743,0.6628214410807395,0.0
11,1495,b0708,3.5,1.0,3.5,3.0,4.5,0,True,0.0,0.8380837145321051,1.3646323786956387,0.8137862533440263,0.4190418572660526,0.3411580946739096,0.406893126672013
11,1496,b0709,3.5,1.0,4.0,2.5,2.5,0,True,0.0,0.7324782390278921,1.1510886497568975,0.7839415023504596,0.3662391195139462,0.2877721624392245,0.3919707511752298
11,1497,b0709,3.5,1.0,4.0,2.5,3.5,0,True,-0.0,1.5714987673689305,2.4696083758420677,0.0,0.7857493836844652,0.6174020939605169,0.0
11,1498,b0709,3.5,1.0,4.0,2.5,4.5,0,True,0.0,0.8390205283410387,1.3185197260851713,0.7839415023504596,0.4195102641705192,0.3296299315212927,0.39197075117522984
11,1499,b0710,3.5,1.0,4.5,2.0,2.5,0,True,0.0,0.5774270082535912,0.82850302692657,0.7036199805760757,0.28871350412679564,0.20712575673164252,0.35180999028803783
11,1500,b0710,3.5,1.0,4.5,2.0,3.5,0,True,0.0,1.4348186265695297,2.0587044911508716,0.0,0.7174093132847646,0.5146761227877176,0.0
11,1501,b0710,3.5,1.0,4.5,2.0,4.5,0,True,0.0,0.8573916183159382,1.2302014642243007,0.7036199805760757,0.4286958091579689,0.307550366056075,0.3518099902880379
11,1502,b0711,3.5,1.0,5.0,1.5,3.5,0,True,0.0,1.0968141653190342,1.2030013132444897,0.0,0.5484070826595171,0.3007503283111224,0.0
11,1503,b0711,3.5,1.0,5.0,1.5,4.5,0,True,0.0,1.0968141653190342,1.2030013132444897,0.0,0.5484070826595171,0.3007503283111224,0.0
11,1504,b0712,3.5,1.0,5.5,1.0,4.5,0,True,0.0,0.0,0.0,0.0,0.0,0.0,0.0
11,1505,b0713,3.5,1.5,0.5,5.5,5.0,0,True,0.0,0.0,0.0,0.0,0.0,0.0,0.0
11,1506,b0714,3.5,1.5,1.0,5.0,4.0,0,True,0.0,1.0968141653190342,1.2030013132444897,0.0,0.5484070826595171,0.3007503283111224,0.0
11,1507,b0714,3.5,1.5,1.0,5.0,5.0,0,True,-0.0,1.0968141653190342,1.2030013132444897,0.0,0.5484070826595171,0.3007503283111224,0.0
11,1508,b0715,3.5,1.5,1.5,4.5,3.0,0,True,-0.0,0.744604861993613,1.1189534628364102,0.751343504884339,0.3723024309968065,0.27973836570910243,0.3756717524421693
11,1509,b0715,3.5,1.5,1.5,4.5,4.0,0,True,0.0,1.502747994205292,2.258251534088028,0.0,0.7513739971026456,0.5645628835220066,0.0
11,1510,b0715,3.5,1.5,1.5,4.5,5.0,0,True,0.0,0.7581431322116791,1.139298071251618,0.7513435048843389,0.3790715661058392,0.2848245178129042,0.3756717524421693
11,1511,b0716,3.5,1.5,2.0,4.0,2.0,0,True,0.0,1.084184730828309,1.2616594656321647,0.2936033635211145,0.5420923654141551,0.3154148664080419,0.1468016817605578
11,1512,b0716,3.5,1.5,2.0,4.0,3.0,0,True,0.0,1.4947631381795925,2.36572842472416,0.36250735918551585,0.7473815690897967,0.5914321061810408,0.18125367959275823
11,1513,b0716,3.5,1.5,2.0,4.0,4.0,0,True,0.0,1.6048728019692542,2.6618196455715566,0.2936033635211141,0.8024364009846285,0.6654549113928916,0.14680168176055744
11,1514,b0716,3.5,1.5,2.0,4.0,5.0,0,True,0.0,1.194294394617972,1.5577506864795652,0.3625073591855162,0.5971471973089867,0.3894376716198921,0.18125367959275823
11,1515,b0717,3.5,1.5,2.5,3.5,2.0,0,True,0.0,1.2235419522781368,1.6108534759174993,0.3373404318087367,0.6117709761390685,0.40271336897937493,0.16867021590436834
11,1516,b0717,3.5,1.5,2.5,3.5,3.0,0,True,-0.0,1.6405058856141612,2.815173555839422,0.352014197305618,0.8202529428070806,0.7037933889598557,0.1760070986528093
11,1517,b0717,3.5,1.5,2.5,3.5,4.0,0,True,0.0,1.6647656053718944,2.885243087762155,0.33734043180873635,0.8323828026859477,0.7213107719405395,0.16867021590436818
11,1518,b0717,3.5,1.5,2.5,3.5,5.0,0,True,0.0,1.2478016720358691,1.6809230078402293,0.352014197305618,0.623900836017935,0.420230751960058,0.1760070986528093
11,1519,b0718,3.5,1.5,3.0,3.0,2.0,0,True,0.0,1.2609237706994942,1.7118297718900437,0.3491432605321388,0.6304618853497476,0.42795744297251154,0.17457163026606956
11,1520,b0718,3.5,1.5,3.0,3.0,3.0,0,True,0.0,1.6811390680747402,2.9491328831285153,0.35057711979150796,0.8405695340373707,0.7372832207821298,0.17528855989575398
11,1521,b0718,3.5,1.5,3.0,3.0,4.0,0,True,-0.0,1.6835266549916454,2.956163014442372,0.3491432605321391,0.8417633274958223,0.7390407536105923,0.17457163026606956
11,1522,b0718,3.5,1.5,3.0,3.0,5.0,0,True,0.0,1.2633113576163988,1.718859903203898,0.35057711979150796,0.6316556788081993,0.42971497580097434,0.17528855989575398
11,1523,b0719,3.5,1.5,3.5,2.5,2.0,0,True,0.0,1.2235419522781363,1.610853475917498,0.33734043180873635,0.6117709761390685,0.40271336897937493,0.16867021590436834
11,1524,b0719,3.5,1.5,3.5,2.5,3.0,0,True,0.0,1.6405058856141608,2.8151735558394204,0.352014197305618,0.8202529428070806,0.7037933889598557,0.1760070986528093
11,1525,b0719,3.5,1.5,3.5,2.5,4.0,0,True,-0.0,1.6647656053718938,2.8852430877621527,0.33734043180873635,0.8323828026859477,0.7213107719405395,0.16867021590436818
11,1526,b0719,3.5,1.5,3.5,2.5,5.0,0,True,0.0,1.247801672035869,1.6809230078402286,0.352014197305618,0.623900836017935,0.420230751960058,0.1760070986528093
11,1527,b0720,3.5,1.5,4.0,2.0,2.0,0,True,0.0,1.0841847308283092,1.2616594656321651,0.2936033635211145,0.5420923654141555,0.31541486640804234,0.14680168176055763
11,1528,b0720,3.5,1.5,4.0,2.0,3.0,0,True,-0.0,1.4947631381795927,2.365728424724161,0.36250735918551585,0.7473815690897972,0.5914321061810417,0.18125367959275823
11,1529,b0720,3.5,1.5,4.0,2.0,4.0,0,True,-0.0,1.6048728019692546,2.6618196455715584,0.2936033635211149,0.8024364009846281,0.6654549113928908,0.14680168176055744
11,1530,b0720,3.5,1.5,4.0,2.0,5.0,0,True,0.0,1.1942943946179723,1.5577506864795656,0.3625073591855162,0.597147197308987,0.38943767161989257,0.18125367959275823
11,1531,b0721,3.5,1.5,4.5,1.5,3.0,0,True,0.0,0.7446048619936131,1.1189534628364104,0.7513435048843391,0.37230243099680643,0.27973836570910243,0.37567175244216944
11,1532,b0721,3.5,1.5,4.5,1.5,4.0,0,True,0.0,1.5027479942052921,2.258251534088029,0.0,0.7513739971026457,0.5645628835220067,0.0
11,1533,b0721,3.5,1.5,4.5,1.5,5.0,0,True,0.0,0.7581431322116792,1.1392980712516185,0.7513435048843391,0.3790715661058395,0.28482451781290447,0.37567175244216944
11,1534,b0722,3.5,1.5,5.0,1.0,4.0,0,True,0.0,1.0968141653190342,1.2030013132444897,0.0,0.5484070826595171,0.3007503283111224,0.0
11,1535,b0722,3.5,1.5,5.0,1.0,5.0,0,True,0.0,1.0968141653190342,1.2030013132444897,0.0,0.5484070826595171,0.3007503283111224,0.0
11,1536,b0723,3.5,1.5,5.5,0.5,5.0,0,True,0.0,0.0,0.0,0.0,0.0,0.0,0.0
11,1537,b0724,3.5,2.0,0.0,5.5,5.5,0,False,0.0,0.0,0.0,0.0,0.0,0.0,0.0
11,1538,b0725,3.5,2.0,0.5,5.0,4.5,0,True,0.0,0.9910834773699393,0.982246459115691,0.0,0.49554173868496965,0.24556161477892274,0.0
11,1539,b0725,3.5,2.0,0.5,5.0,5.5,0,True,0.0,0.9910834773699393,0.982246459115691,0.0,0.49554173868496965,0.24556161477892274,0.0
11,1540,b0726,3.5,2.0,1.0,4.5,3.5,0,True,0.0,0.8468929454385999,1.2151377728256358,0.7056274596357263,0.4234464727193001,0.303784443206409,0.3528137298178631
11,1541,b0726,3.5,2.0,1.0,4.5,4.5,0,True,0.0,1.4348186265695297,2.0587044911508716,0.0,0.717409313284765,0.514676122787718,0.0
11,1542,b0726,3.5,2.0,1.0,4.5,5.5,0,True,0.0,0.58792568113093,0.8435667183252364,0.7056274596357263,0.2939628405654649,0.21089167958130903,0.3528137298178631
11,1543,b0727,3.5,2.0,1.5,4.0,2.5,0,True,-0.0,1.1804140450512672,1.520425627919354,0.35643836797552925,0.5902070225256337,0.3801064069798386,0.17821918398776462
11,1544,b0727,3.5,2.0,1.5,4.0,3.5,0,True,0.0,1.5953548479806572,2.6362253197017,0.3017751294031929,0.7976774239903287,0.6590563299254252,0.1508875647015968
11,1545,b0727,3.5,2.0,1.5,4.0,4.5,0,True,0.0,1.5086434877462984,2.4030534832843746,0.35643836797552925,0.7543217438731493,0.6007633708210938,0.17821918398776462
11,1546,b0727,3.5,2.0,1.5,4.0,5.5,0,True,0.0,1.0937026848169076,1.287253791502026,0.3017751294031933,0.5468513424084539,0.3218134478755066,0.15088756470159664
11,1547,b0728,3.5,2.0,2.0,3.5,1.5,0,True,0.0,0.8013666924154594,1.125774491147617,0.6954034191997646,0.4006833462077298,0.2814436227869044,0.3477017095998824
11,1548,b0728,3.5,2.0,2.0,3.5,2.5,0,True,-0.0,1.580702302592696,2.6048092739692765,0.32586731125939167,0.7903511512963487,0.6512023184923202,0.1629336556296962
11,1549,b0728,3.5,2.0,2.0,3.5,3.5,0,True,0.0,1.5547732221924122,2.985789327221543,0.7539692001500905,0.7773866110962063,0.7464473318053864,0.37698460007504553
11,1550,b0728,3.5,2.0,2.0,3.5,4.5,0,True,0.0,1.608238564474463,2.6926207848103068,0.32586731125939167,0.8041192822372322,0.6731551962025779,0.1629336556296962
11,1551,b0728,3.5,2.0,2.0,3.5,5.5,0,True,0.0,0.8328009524592876,1.1858662404104228,0.7016472147691645,0.41640047622964405,0.296466560102606,0.35082360738458246
11,1552,b0729,3.5,2.0,2.5,3.0,1.5,0,True,0.0,0.9512508841371731,1.445221773119699,0.7350806272429886,0.47562544206858653,0.3613054432799247,0.3675403136214942
11,1553,b0729,3.5,2.0,2.5,3.0,2.5,0,True,0.0,1.7004814396184034,2.99811672058636,0.3263121114817562,0.8502407198092015,0.7495291801465896,0.16315605574087846
11,1554,b0729,3.5,2.0,2.5,3.0,3.5,0,True,-0.0,1.5899733074492797,3.1784870973652537,0.8065184306412669,0.79498665372464,0.7946217743413136,0.40325921532063347
11,1555,b0729,3.5,2.0,2.5,3.0,4.5,0,True,0.0,1.6474155441162432,2.8204575690955,0.3263121114817562,0.8237077720581216,0.7051143922738751,0.16315605574087846
11,1556,b0729,3.5,2.0,2.5,3.0,5.5,0,True,-0.0,0.8066727921481932,1.1948654191969048,0.7376614573127315,0.4033363960740963,0.2987163547992259,0.3688307286563657
11,1557,b0730,3.5,2.0,3.0,2.5,1.5,0,True,0.0,0.9512508841371731,1.445221773119699,0.7350806272429886,0.47562544206858653,0.36130544327992486,0.3675403136214944
11,1558,b0730,3.5,2.0,3.0,2.5,2.5,0,True,0.0,1.700481439618403,2.9981167205863586,0.32631211148175693,0.8502407198092015,0.7495291801465895,0.1631560557408781
11,1559,b0730,3.5,2.0,3.0,2.5,3.5,0,True,0.0,1.58997330744928,3.178487097365254,0.8065184306412666,0.7949866537246403,0.7946217743413142,0.4032592153206336
11,1560,b0730,3.5,2.0,3.0,2.5,4.5,0,True,0.0,1.6474155441162432,2.8204575690955003,0.32631211148175693,0.8237077720581215,0.7051143922738747,0.16315605574087777
11,1561,b0730,3.5,2.0,3.0,2.5,5.5,0,True,0.0,0.8066727921481933,1.194865419196905,0.7376614573127315,0.4033363960740968,0.2987163547992264,0.3688307286563658
11,1562,b0731,3.5,2.0,3.5,2.0,1.5,0,True,0.0,0.8013666924154593,1.1257744911476166,0.6954034191997644,0.40068334620772994,0.28144362278690466,0.34770170959988256
11,1563,b0731,3.5,2.0,3.5,2.0,2.5,0,True,0.0,1.580702302592696,2.6048092739692765,0.32586731125939167,0.7903511512963488,0.6512023184923205,0.1629336556296962
11,1564,b0731,3.5,2.0,3.5,2.0,3.5,0,True,0.0,1.5547732221924115,2.9857893272215414,0.7539692001500907,0.7773866110962071,0.7464473318053877,0.3769846000750457
11,1565,b0731,3.5,2.0,3.5,2.0,4.5,0,True,0.0,1.6082385644744626,2.6926207848103054,0.32586731125939167,0.8041192822372324,0.6731551962025781,0.16293365562969583
11,1566,b0731,3.5,2.0,3.5,2.0,5.5,0,True,0.0,0.8328009524592879,1.1858662404104232,0.7016472147691646,0.416400476229644,0.296466560102606,0.3508236073845825
11,1567,b0732,3.5,2.0,4.0,1.5,2.5,0,True,0.0,1.1804140450512672,1.520425627919354,0.35643836797552925,0.5902070225256336,0.3801064069798385,0.17821918398776462
11,1568,b0732,3.5,2.0,4.0,1.5,3.5,0,True,0.0,1.5953548479806576,2.6362253197017016,0.3017751294031936,0.7976774239903286,0.659056329925425,0.15088756470159645
11,1569,b0732,3.5,2.0,4.0,1.5,4.5,0,True,0.0,1.5086434877462984,2.4030534832843746,0.35643836797552925,0.754321743873149,0.6007633708210933,0.17821918398776462
11,1570,b0732,3.5,2.0,4.0,1.5,5.5,0,True,0.0,1.0937026848169071,1.287253791502025,0.3017751294031933,0.5468513424084537,0.3218134478755063,0.15088756470159645
11,1571,b0733,3.5,2.0,4.5,1.0,3.5,0,True,0.0,0.8468929454386002,1.2151377728256363,0.7056274596357263,0.4234464727193,0.303784443206409,0.35281372981786313
11,1572,b0733,3.5,2.0,4.5,1.0,4.5,0,True,0.0,1.43481862656953,2.058704491150872,0.0,0.7174093132847652,0.5146761227877183,0.0
11,1573,b0733,3.5,2.0,4.5,1.0,5.5,0,True,0.0,0.5879256811309299,0.8435667183252363,0.7056274596357263,0.293962840565465,0.2108916795813091,0.35281372981786313
11,1574,b0734,3.5,2.0,5.0,0.5,4.5,0,True,0.0,0.9910834773699391,0.9822464591156905,0.0,0.49554173868496953,0.24556161477892263,0.0
11,1575,b0734,3.5,2.0,5.0,0.5,5.5,0,True,0.0,0.9910834773699391,0.9822464591156905,0.0,0.49554173868496953,0.24556161477892263,0.0
11,1576,b0735,3.5,2.0,5.5,0.0,5.5,0,False,0.0,0.0,0.0,0.0,0.0,0.0,0.0
11,1577,b0736,3.5,2.5,0.0,5.0,5.0,0,False,0.0,0.0,0.0,0.0,0.0,0.0,0.0
11,1578,b0737,3.5,2.5,0.5,4.5,4.0,0,True,0.0,1.1340469566997657,1.2860625000000003,0.0,0.5670234783498829,0.3215156250000001,0.0
11,1579,b0737,3.5,2.5,0.5,4.5,5.0,0,True,0.0,1.1340469566997657,1.2860625000000003,0.0,0.5670234783498829,0.3215156250000001,0.0
11,1580,b0738,3.5,2.5,1.0,4.0,3.0,0,True,-0.0,0.8138647100309898,1.2789873886187721,0.7852462176826738,0.406932355015495,0.31974684715469326,0.392623108841337
11,1581,b0738,3.5,2.5,1.0,4.0,4.0,0,True,0.0,1.5714987673689302,2.4696083758420673,0.0,0.7857493836844653,0.6174020939605172,0.0
11,1582,b0738,3.5,2.5,1.0,4.0,5.0,0,True,0.0,0.7576340573379403,1.1906209872232945,0.7852462176826738,0.3788170286689703,0.29765524680582384,0.392623108841337
11,1583,b0739,3.5,2.5,1.5,3.5,2.0,0,True,0.0,1.2235419522781366,1.6108534759174986,0.3373404318087367,0.6117709761390686,0.40271336897937504,0.16867021590436818
11,1584,b0739,3.5,2.5,1.5,3.5,3.0,0,True,-0.0,1.6405058856141617,2.8151735558394235,0.352014197305618,0.8202529428070805,0.7037933889598553,0.176007098652809
11,1585,b0739,3.5,2.5,1.5,3.5,4.0,0,True,0.0,1.6647656053718933,2.8852430877621513,0.33734043180873635,0.8323828026859464,0.7213107719405374,0.16867021590436818
11,1586,b0739,3.5,2.5,1.5,3.5,5.0,0,True,0.0,1.2478016720358684,1.6809230078402275,0.352014197305618,0.6239008360179344,0.42023075196005716,0.176007098652809
11,1587,b0740,3.5,2.5,2.0,3.0,1.0,0,True,0.0,0.7466551531001036,1.0826920659280463,0.7247055597117407,0.3733275765500516,0.2706730164820116,0.3623527798558705
11,1588,b0740,3.5,2.5,2.0,3.0,2.0,0,True,-0.0,1.5962448591677318,2.649143387300743,0.3180341756499306,0.7981224295838659,0.6622858468251858,0.1590170878249653
11,1589,b0740,3.5,2.5,2.0,3.0,3.0,0,True,0.0,1.5720046309320463,3.1270653784855695,0.8098560482047227,0.7860023154660246,0.7817663446213948,0.4049280241023616
11,1590,b0740,3.5,2.5,2.0,3.0,4.0,0,True,0.0,1.7516521245669145,3.1694309023811162,0.3180341756499306,0.8758260622834575,0.7923577255952794,0.15901708782496493
11,1591,b0740,3.5,2.5,2.0,3.0,5.0,0,True,0.0,1.0292371997024958,1.608816845268241,0.7412743297975491,0.514618599851248,0.4022042113170605,0.3706371648987748
11,1592,b0741,3.5,2.5,2.5,2.5,1.0,0,True,0.0,0.8532497688942078,1.3025039047659166,0.7579371587723468,0.426624884447104,0.3256259761914795,0.3789685793861737
11,1593,b0741,3.5,2.5,2.5,2.5,2.0,0,True,0.0,1.6762754718109176,2.911479316535573,0.3187159536964823,0.8381377359054597,0.7278698291338948,0.15935797684824152
11,1594,b0741,3.5,2.5,2.5,2.5,3.0,0,True,0.0,1.5885739522356896,3.2477466644980155,0.8509873458379368,0.7942869761178456,0.8119366661245054,0.4254936729189688
11,1595,b0741,3.5,2.5,2.5,2.5,4.0,0,True,-0.0,1.776141858854222,3.256259761914789,0.3187159536964823,0.8880709294271122,0.8140649404786996,0.15935797684824152
11,1596,b0741,3.5,2.5,2.5,2.5,5.0,0,True,0.0,1.010593609535242,1.6174885091864295,0.7721328030546044,0.5052968047676216,0.40437212729660826,0.3860664015273025
11,1597,b0742,3.5,2.5,3.0,2.0,1.0,0,True,0.0,0.7466551531001032,1.0826920659280457,0.7247055597117406,0.3733275765500513,0.27067301648201114,0.3623527798558702
11,1598,b0742,3.5,2.5,3.0,2.0,2.0,0,True,0.0,1.5962448591677316,2.6491433873007417,0.31803417564992986,0.798122429583866,0.6622858468251859,0.1590170878249653
11,1599,b0742,3.5,2.5,3.0,2.0,3.0,0,True,0.0,1.5720046309320455,3.1270653784855655,0.8098560482047221,0.786002315466023,0.7817663446213918,0.40492802410236106
11,1600,b0742,3.5,2.5,3.0,2.0,4.0,0,True,0.0,1.7516521245669143,3.1694309023811154,0.31803417564992986,0.8758260622834572,0.792357725595279,0.1590170878249653
11,1601,b0742,3.5,2.5,3.0,2.0,5.0,0,True,0.0,1.0292371997024956,1.60881684526824,0.7412743297975488,0.5146185998512481,0.4022042113170604,0.37063716489877446
11,1602,b0743,3.5,2.5,3.5,1.5,2.0,0,True,0.0,1.2235419522781366,1.6108534759174984,0.33734043180873635,0.6117709761390685,0.4027133689793749,0.16867021590436818
11,1603,b0743,3.5,2.5,3.5,1.5,3.0,0,True,0.0,1.6405058856141619,2.815173555839424,0.352014197305618,0.820252942807081,0.7037933889598562,0.176007098652809
11,1604,b0743,3.5,2.5,3.5,1.5,4.0,0,True,0.0,1.664765605371894,2.8852430877621535,0.33734043180873635,0.8323828026859469,0.7213107719405382,0.16867021590436818
11,1605,b0743,3.5,2.5,3.5,1.5,5.0,0,True,0.0,1.247801672035869,1.6809230078402286,0.352014197305618,0.6239008360179344,0.42023075196005716,0.176007098652809
11,1606,b0744,3.5,2.5,4.0,1.0,3.0,0,True,0.0,0.8138647100309895,1.2789873886187715,0.7852462176826737,0.406932355015495,0.31974684715469326,0.392623108841337
11,1607,b0744,3.5,2.5,4.0,1.0,4.0,0,True,0.0,1.5714987673689302,2.4696083758420673,0.0,0.7857493836844653,0.6174020939605172,0.0
11,1608,b0744,3.5,2.5,4.0,1.0,5.0,0,True,0.0,0.7576340573379403,1.1906209872232945,0.7852462176826738,0.3788170286689703,0.29765524680582384,0.392623108841337
11,1609,b0745,3.5,2.5,4.5,0.5,4.0,0,True,0.0,1.1340469566997657,1.2860625000000003,0.0,0.5670234783498829,0.3215156250000001,0.0
11,1610,b0745,3.5,2.5,4.5,0.5,5.0,0,True,0.0,1.1340469566997657,1.2860625000000003,0.0,0.5670234783498829,0.3215156250000001,0.0
11,1611,b0746,3.5,2.5,5.0,0.0,5.0,0,False,0.0,0.0,0.0,0.0,0.0,0.0,0.0
11,1612,b0747,3.5,3.0,0.0,4.5,4.5,0,False,0.0,0.0,0.0,0.0,0.0,0.0,0.0
11,1613,b0748,3.5,3.0,0.5,4.0,3.5,0,True,-0.0,1.1991086634065575,1.4378615866566609,0.0,0.5995543317032788,0.3594653966641652,0.0
11,1614,b0748,3.5,3.0,0.5,4.0,4.5,0,True,0.0,1.1991086634065575,1.4378615866566609,0.0,0.5995543317032788,0.3594653966641652,0.0
11,1615,b0749,3.5,3.0,1.0,3.5,2.5,0,True,-0.0,0.7901932165588426,1.286653385627317,0.813786253344026,0.39509660827942134,0.32166334640682936,0.40689312667201305
11,1616,b0749,3.5,3.0,1.0,3.5,3.5,0,True,0.0,1.6282769310909482,2.6512857643229566,0.0,0.814138465545474,0.6628214410807389,0.0
11,1617,b0749,3.5,3.0,1.0,3.5,4.5,0,True,0.0,0.8380837145321053,1.3646323786956385,0.813786253344026,0.41904185726605286,0.3411580946739099,0.40689312667201305
11,1618,b0750,3.5,3.0,1.5,3.0,1.5,0,True,-0.0,1.2215285865705638,1.5958326052114349,0.32202564711891396,0.6107642932852814,0.39895815130285794,0.1610128235594568
11,1619,b0750,3.5,3.0,1.5,3.0,2.5,0,True,0.0,1.6351780199243224,2.8138028553368075,0.374159990502966,0.8175890099621611,0.7034507138342017,0.187079995251483
11,1620,b0750,3.5,3.0,1.5,3.0,3.5,0,True,-0.0,1.722921839120576,3.0721601811209833,0.3220256471189136,0.8614609195602874,0.7680400452802446,0.16101282355945648
11,1621,b0750,3.5,3.0,1.5,3.0,4.5,0,True,0.0,1.3092724057668164,1.8541899309956067,0.374159990502966,0.6546362028834078,0.4635474827489012,0.18707999525148286
11,1622,b0751,3.5,3.0,2.0,2.5,0.5,0,True,0.0,0.6926940229156165,0.9890793670339224,0.7136205978325609,0.34634701145780844,0.24726984175848063,0.3568102989162804
11,1623,b0751,3.5,3.0,2.0,2.5,1.5,0,True,-0.0,1.5545502269874634,2.509554053986497,0.304840361106798,0.7772751134937314,0.6273885134966236,0.15242018055339865
11,1624,b0751,3.5,3.0,2.0,2.5,2.5,0,True,0.0,1.5428055315915452,3.0435050853060894,0.814405413167557,0.7714027657957719,0.7608762713265211,0.4072027065837782
11,1625,b0751,3.5,3.0,2.0,2.5,3.5,0,True,0.0,1.7933467567471835,3.3090202356953644,0.3048403611067973,0.8966733783735915,0.8272550589238407,0.15242018055339865
11,1626,b0751,3.5,3.0,2.0,2.5,4.5,0,True,0.0,1.1123974292274854,1.7859898373418508,0.7406495775938391,0.5561987146137424,0.44649745933546225,0.3703247887969195
11,1627,b0752,3.5,3.0,2.5,2.0,0.5,0,True,0.0,0.6926940229156167,0.9890793670339226,0.713620597832561,0.34634701145780833,0.24726984175848057,0.3568102989162804
11,1628,b0752,3.5,3.0,2.5,2.0,1.5,0,True,0.0,1.554550226987463,2.5095540539864953,0.304840361106798,0.7772751134937312,0.6273885134966234,0.15242018055339865
11,1629,b0752,3.5,3.0,2.5,2.0,2.5,0,True,0.0,1.5428055315915452,3.0435050853060894,0.814405413167557,0.7714027657957719,0.7608762713265211,0.4072027065837782
11,1630,b0752,3.5,3.0,2.5,2.0,3.5,0,True,0.0,1.7933467567471835,3.3090202356953644,0.3048403611067973,0.8966733783735914,0.8272550589238404,0.15242018055339865
11,1631,b0752,3.5,3.0,2.5,2.0,4.5,0,True,0.0,1.1123974292274854,1.7859898373418508,0.7406495775938391,0.5561987146137424,0.44649745933546225,0.3703247887969195
11,1632,b0753,3.5,3.0,3.0,1.5,1.5,0,True,0.0,1.2215285865705636,1.5958326052114342,0.32202564711891396,0.6107642932852815,0.39895815130285806,0.16101282355945665
11,1633,b0753,3.5,3.0,3.0,1.5,2.5,0,True,-0.0,1.6351780199243224,2.8138028553368075,0.374159990502966,0.8175890099621616,0.7034507138342024,0.187079995251483
11,1634,b0753,3.5,3.0,3.0,1.5,3.5,0,True,0.0,1.722921839120576,3.0721601811209833,0.3220256471189136,0.8614609195602876,0.768040045280245,0.1610128235594568
11,1635,b0753,3.5,3.0,3.0,1.5,4.5,0,True,0.0,1.309272405766816,1.8541899309956056,0.374159990502966,0.6546362028834081,0.4635474827489015,0.187079995251483
11,1636,b0754,3.5,3.0,3.5,1.0,2.5,0,True,0.0,0.7901932165588426,1.286653385627317,0.813786253344026,0.39509660827942134,0.32166334640682936,0.40689312667201305
11,1637,b0754,3.5,3.0,3.5,1.0,3.5,0,True,0.0,1.628276931090948,2.6512857643229557,0.0,0.814138465545474,0.6628214410807389,0.0
11,1638,b0754,3.5,3.0,3.5,1.0,4.5,0,True,0.0,0.8380837145321053,1.3646323786956385,0.813786253344026,0.41904185726605286,0.3411580946739099,0.40689312667201305
11,1639,b0755,3.5,3.0,4.0,0.5,3.5,0,True,0.0,1.1991086634065573,1.4378615866566604,0.0,0.5995543317032788,0.3594653966641652,0.0
11,1640,b0755,3.5,3.0,4.0,0.5,4.5,0,True,-0.0,1.1991086634065573,1.4378615866566604,0.0,0.5995543317032788,0.3594653966641652,0.0
11,1641,b0756,3.5,3.0,4.5,0.0,4.5,0,False,0.0,0.0,0.0,0.0,0.0,0.0,0.0
11,1642,b0757,3.5,3.5,0.0,4.0,4.0,0,False,0.0,0.0,0.0,0.0,0.0,0.0,0.0
11,1643,b0758,3.5,3.5,0.5,3.5,3.0,0,True,0.0,1.2186127609455617,1.4850170611393647,0.0,0.6093063804727809,0.3712542652848412,0.0
11,1644,b0758,3.5,3.5,0.5,3.5,4.0,0,True,0.0,1.2186127609455617,1.4850170611393647,0.0,0.6093063804727809,0.3712542652848412,0.0
11,1645,b0759,3.5,3.5,1.0,3.0,2.0,0,True,0.0,0.7525649681512797,1.2253841767879228,0.8118067168355939,0.37628248407563974,0.3063460441969807,0.40590335841779707
11,1646,b0759,3.5,3.5,1.0,3.0,3.0,0,True,0.0,1.6282769310909482,2.6512857643229566,0.0,0.8141384655454741,0.6628214410807391,0.0
11,1647,b0759,3.5,3.5,1.0,3.0,4.0,0,True,-0.0,0.8757119629396685,1.4259015875350334,0.8118067168355939,0.4378559814698346,0.3564753968837588,0.40590335841779707
11,1648,b0760,3.5,3.5,1.5,2.5,1.0,0,True,0.0,1.1735062802778133,1.466335066326867,0.2986939511864898,0.5867531401389066,0.3665837665817166,0.1493469755932449
11,1649,b0760,3.5,3.5,1.5,2.5,2.0,0,True,0.0,1.573791656280397,2.6224823430519133,0.38165713104056853,0.7868958281401985,0.6556205857629783,0.19082856552028427
11,1650,b0760,3.5,3.5,1.5,2.5,3.0,0,True,0.0,1.7148012773722154,3.029761497352779,0.29869395118649017,0.8574006386861078,0.7574403743381949,0.1493469755932447
11,1651,b0760,3.5,3.5,1.5,2.5,4.0,0,True,0.0,1.3145159013696324,1.8736142206277349,0.38165713104056853,0.6572579506848165,0.4684035551569341,0.19082856552028427
11,1652,b0761,3.5,3.5,2.0,2.0,0.0,0,True,-0.0,0.5847268547696393,0.7744914396301854,0.6577126613813897,0.29236342738481974,0.1936228599075465,0.328856330690695
11,1653,b0761,3.5,3.5,2.0,2.0,1.0,0,True,0.0,1.429252862242974,2.1218459643435983,0.28121561143340634,0.7146264311214868,0.5304614910858992,0.14060780571670276
11,1654,b0761,3.5,3.5,2.0,2.0,2.0,0,True,0.0,1.4587257588112683,2.720504153863333,0.7698203130885951,0.7293628794056345,0.6801260384658339,0.3849101565442977
11,1655,b0761,3.5,3.5,2.0,2.0,3.0,0,True,0.0,1.7596880048241843,3.175584094435983,0.28121561143340634,0.8798440024120924,0.793896023608996,0.14060780571670276
11,1656,b0761,3.5,3.5,2.0,2.0,4.0,0,True,0.0,1.1454882534862505,1.8024344652860622,0.7002079165584189,0.5727441267431254,0.4506086163215157,0.3501039582792095
11,1657,b0762,3.5,3.5,2.5,1.5,1.0,0,True,0.0,1.1735062802778136,1.4663350663268677,0.29869395118649017,0.5867531401389063,0.3665837665817163,0.1493469755932449
11,1658,b0762,3.5,3.5,2.5,1.5,2.0,0,True,0.0,1.5737916562803973,2.622482343051914,0.38165713104056914,0.7868958281401984,0.6556205857629781,0.19082856552028427
11,1659,b0762,3.5,3.5,2.5,1.5,3.0,0,True,0.0,1.7148012773722168,3.0297614973527836,0.29869395118649017,0.857400638686108,0.7574403743381953,0.14934697559324508
11,1660,b0762,3.5,3.5,2.5,1.5,4.0,0,True,0.0,1.3145159013696328,1.8736142206277362,0.38165713104056886,0.6572579506848162,0.4684035551569337,0.19082856552028427
11,1661,b0763,3.5,3.5,3.0,1.0,2.0,0,True,0.0,0.7525649681512795,1.2253841767879226,0.8118067168355939,0.37628248407563974,0.3063460441969807,0.40590335841779707
11,1662,b0763,3.5,3.5,3.0,1.0,3.0,0,True,0.0,1.628276931090948,2.6512857643229557,0.0,0.8141384655454741,0.6628214410807391,0.0
11,1663,b0763,3.5,3.5,3.0,1.0,4.0,0,True,0.0,0.8757119629396685,1.4259015875350334,0.8118067168355939,0.4378559814698346,0.3564753968837588,0.40590335841779707
11,1664,b0764,3.5,3.5,3.5,0.5,3.0,0,True,0.0,1.218612760945562,1.4850170611393652,0.0,0.609306380472781,0.3712542652848413,0.0
11,1665,b0764,3.5,3.5,3.5,0.5,4.0,0,True,0.0,1.218612760945562,1.4850170611393652,0.0,0.609306380472781,0.3712542652848413,0.0
11,1666,b0765,3.5,3.5,4.0,0.0,4.0,0,False,0.0,0.0,0.0,0.0,0.0,0.0,0.0
11,1667,b0766,3.5,4.0,0.0,3.5,3.5,0,False,0.0,0.0,0.0,0.0,0.0,0.0,0.0
11,1668,b0767,3.5,4.0,0.5,3.0,2.5,0,True,0.0,1.1991086634065575,1.4378615866566609,0.0,0.5995543317032788,0.3594653966641652,0.0
11,1669,b0767,3.5,4.0,0.5,3.0,3.5,0,True,0.0,1.1991086634065575,1.4378615866566609,0.0,0.5995543317032788,0.3594653966641652,0.0
11,1670,b0768,3.5,4.0,1.0,2.5,1.5,0,True,0.0,0.6836463564260307,1.0743494064397676,0.7790873287284169,0.34182317821301533,0.26858735160994196,0.3895436643642085
11,1671,b0768,3.5,4.0,1.0,2.5,2.5,0,True,0.0,1.57149876736893,2.4696083758420664,0.0,0.7857493836844653,0.6174020939605172,0.0
11,1672,b0768,3.5,4.0,1.0,2.5,3.5,0,True,0.0,0.8878524109428998,1.3952589694023,0.7790873287284169,0.44392620547144995,0.34881474235057514,0.3895436643642085
11,1673,b0769,3.5,4.0,1.5,2.0,0.5,0,True,0.0,1.0456930051391267,1.158153000717291,0.25432093842307524,0.5228465025695636,0.28953825017932305,0.12716046921153762
11,1674,b0769,3.5,4.0,1.5,2.0,1.5,0,True,0.0,1.4229119168931186,2.1725163568830634,0.3844971178651591,0.7114559584465591,0.5431290892207655,0.19224855893257956
11,1675,b0769,3.5,4.0,1.5,2.0,2.5,0,True,0.0,1.643364527658438,2.765326110486435,0.2543209384230757,0.8216822638292197,0.6913315276216099,0.12716046921153784
11,1676,b0769,3.5,4.0,1.5,2.0,3.5,0,True,0.0,1.2661456159044473,1.7509627543206663,0.3844971178651591,0.6330728079522241,0.43774068858016707,0.19224855893257942
11,1677,b0770,3.5,4.0,2.0,1.5,0.5,0,True,0.0,1.0456930051391264,1.1581530007172904,0.2543209384230748,0.5228465025695634,0.289538250179323,0.12716046921153784
11,1678,b0770,3.5,4.0,2.0,1.5,1.5,0,True,0.0,1.4229119168931181,2.172516356883062,0.3844971178651591,0.7114559584465594,0.5431290892207661,0.19224855893257986
11,1679,b0770,3.5,4.0,2.0,1.5,2.5,0,True,0.0,1.6433645276584379,2.765326110486434,0.2543209384230748,0.8216822638292194,0.6913315276216093,0.12716046921153784
11,1680,b0770,3.5,4.0,2.0,1.5,3.5,0,True,0.0,1.2661456159044473,1.750962754320666,0.38449711786515883,0.6330728079522235,0.43774068858016646,0.19224855893257972
11,1681,b0771,3.5,4.0,2.5,1.0,1.5,0,True,0.0,0.6836463564260307,1.0743494064397676,0.7790873287284169,0.3418231782130153,0.26858735160994196,0.38954366436420856
11,1682,b0771,3.5,4.0,2.5,1.0,2.5,0,True,0.0,1.57149876736893,2.4696083758420664,0.0,0.7857493836844651,0.6174020939605168,0.0
11,1683,b0771,3.5,4.0,2.5,1.0,3.5,0,True,0.0,0.8878524109428996,1.3952589694022997,0.7790873287284169,0.4439262054714501,0.3488147423505753,0.38954366436420856
11,1684,b0772,3.5,4.0,3.0,0.5,2.5,0,True,0.0,1.1991086634065575,1.4378615866566609,0.0,0.5995543317032788,0.3594653966641652,0.0
11,1685,b0772,3.5,4.0,3.0,0.5,3.5,0,True,0.0,1.1991086634065575,1.4378615866566609,0.0,0.5995543317032788,0.3594653966641652,0.0
11,1686,b0773,3.5,4.0,3.5,0.0,3.5,0,False,0.0,0.0,0.0,0.0,0.0,0.0,0.0
11,1687,b0774,3.5,4.5,0.0,3.0,3.0,0,False,0.0,0.0,0.0,0.0,0.0,0.0,0.0
11,1688,b0775,3.5,4.5,0.5,2.5,2.0,0,True,0.0,1.1340469566997642,1.2860624999999968,0.0,0.5670234783498821,0.3215156249999992,0.0
11,1689,b0775,3.5,4.5,0.5,2.5,3.0,0,True,0.0,1.1340469566997642,1.2860624999999968,0.0,0.5670234783498821,0.3215156249999992,0.0
11,1690,b0776,3.5,4.5,1.0,2.0,1.0,0,True,0.0,0.5389318743700209,0.7732694917981352,0.6948538886601637,0.269465937185011,0.19331737294953438,0.34742694433008225
11,1691,b0776,3.5,4.5,1.0,2.0,2.0,0,True,0.0,1.4348186265695293,2.0587044911508703,0.0,0.7174093132847652,0.5146761227877183,0.0
11,1692,b0776,3.5,4.5,1.0,2.0,3.0,0,True,0.0,0.895886752199508,1.2854349993527339,0.6948538886601638,0.44794337609975404,0.3213587498381838,0.3474269443300823
11,1693,b0777,3.5,4.5,1.5,1.5,1.0,0,True,0.0,0.6254680840746347,0.9399209087825848,0.7407500149082621,0.3127340420373172,0.234980227195646,0.37037500745413093
11,1694,b0777,3.5,4.5,1.5,1.5,2.0,0,True,0.0,1.5027479942052926,2.2582515340880303,0.0,0.7513739971026465,0.5645628835220079,0.0
11,1695,b0777,3.5,4.5,1.5,1.5,3.0,0,True,0.0,0.8772799101306582,1.3183306253054463,0.7407500149082622,0.43863995506532905,0.3295826563263614,0.3703750074541309
11,1696,b0778,3.5,4.5,2.0,1.0,1.0,0,True,0.0,0.538931874370021,0.7732694917981353,0.6948538886601637,0.26946593718501066,0.19331737294953413,0.3474269443300822
11,1697,b0778,3.5,4.5,2.0,1.0,2.0,0,True,0.0,1.4348186265695293,2.0587044911508703,0.0,0.717409313284765,0.514676122787718,0.0
11,1698,b0778,3.5,4.5,2.0,1.0,3.0,0,True,0.0,0.8958867521995079,1.2854349993527336,0.6948538886601637,0.44794337609975426,0.3213587498381839,0.3474269443300822
11,1699,b0779,3.5,4.5,2.5,0.5,2.0,0,True,0.0,1.1340469566997642,1.2860624999999968,0.0,0.5670234783498822,0.3215156249999993,0.0
11,1700,b0779,3.5,4.5,2.5,0.5,3.0,0,True,0.0,1.1340469566997642,1.2860624999999968,0.0,0.5670234783498822,0.3215156249999993,0.0
11,1701,b0780,3.5,4.5,3.0,0.0,3.0,0,False,0.0,0.0,0.0,0.0,0.0,0.0,0.0
11,1702,b0781,3.5,5.0,0.0,2.5,2.5,0,False,0.0,0.0,0.0,0.0,0.0,0.0,0.0
11,1703,b0782,3.5,5.0,0.5,2.0,1.5,0,True,0.0,0.9910834773699394,0.9822464591156912,0.0,0.4955417386849697,0.2455616147789228,0.0
11,1704,b0782,3.5,5.0,0.5,2.0,2.5,0,True,0.0,0.9910834773699394,0.9822464591156912,0.0,0.4955417386849697,0.2455616147789228,0.0
11,1705,b0783,3.5,5.0,1.0,1.5,1.5,0,True,0.0,1.0968141653190355,1.2030013132444926,0.0,0.5484070826595177,0.300750328311123,0.0
11,1706,b0783,3.5,5.0,1.0,1.5,2.5,0,True,0.0,1.0968141653190355,1.2030013132444926,0.0,0.5484070826595177,0.300750328311123,0.0
11,1707,b0784,3.5,5.0,1.5,1.0,1.5,0,True,0.0,1.0968141653190353,1.203001313244492,0.0,0.5484070826595177,0.300750328311123,0.0
11,1708,b0784,3.5,5.0,1.5,1.0,2.5,0,True,0.0,1.0968141653190353,1.203001313244492,0.0,0.5484070826595177,0.300750328311123,0.0
11,1709,b0785,3.5,5.0,2.0,0.5,1.5,0,True,0.0,0.9910834773699394,0.9822464591156912,0.0,0.4955417386849697,0.2455616147789228,0.0
11,1710,b0785,3.5,5.0,2.0,0.5,2.5,0,True,0.0,0.9910834773699394,0.9822464591156912,0.0,0.4955417386849697,0.2455616147789228,0.0
11,1711,b0786,3.5,5.0,2.5,0.0,2.5,0,False,0.0,0.0,0.0,0.0,0.0,0.0,0.0
11,1712,b0787,3.5,5.5,0.0,2.0,2.0,0,False,0.0,0.0,0.0,0.0,0.0,0.0,0.0
11,1713,b0788,3.5,5.5,0.5,1.5,2.0,0,True,0.0,0.0,0.0,0.0,0.0,0.0,0.0
11,1714,b0789,3.5,5.5,1.0,1.0,2.0,0,True,0.0,0.0,0.0,0.0,0.0,0.0,0.0
11,1715,b0790,3.5,5.5,1.5,0.5,2.0,0,True,0.0,0.0,0.0,0.0,0.0,0.0,0.0
11,1716,b0791,3.5,5.5,2.0,0.0,2.0,0,False,0.0,0.0,0.0,0.0,0.0,0.0,0.0
11,1717,b0792,4.0,0.0,1.5,5.5,4.0,0,False,0.0,0.0,0.0,0.0,0.0,0.0,0.0
11,1718,b0793,4.0,0.0,2.0,5.0,4.0,0,False,0.0,0.0,0.0,0.0,0.0,0.0,0.0
11,1719,b0794,4.0,0.0,2.5,4.5,4.0,0,False,0.0,0.0,0.0,0.0,0.0,0.0,0.0
11,1720,b0795,4.0,0.0,3.0,4.0,4.0,0,False,0.0,0.0,0.0,0.0,0.0,0.0,0.0
11,1721,b0796,4.0,0.0,3.5,3.5,4.0,0,False,0.0,0.0,0.0,0.0,0.0,0.0,0.0
11,1722,b0797,4.0,0.0,4.0,3.0,4.0,0,False,0.0,0.0,0.0,0.0,0.0,0.0,0.0
11,1723,b0798,4.0,0.0,4.5,2.5,4.0,0,False,0.0,0.0,0.0,0.0,0.0,0.0,0.0
11,1724,b0799,4.0,0.0,5.0,2.0,4.0,0,False,0.0,0.0,0.0,0.0,0.0,0.0,0.0
11,1725,b0800,4.0,0.0,5.5,1.5,4.0,0,False,0.0,0.0,0.0,0.0,0.0,0.0,0.0
11,1726,b0801,4.0,0.5,1.0,5.5,4.5,0,True,0.0,0.0,0.0,0.0,0.0,0.0,0.0
11,1727,b0802,4.0,0.5,1.5,5.0,3.5,0,True,0.0,0.953616020618217,0.9093835147797238,0.0,0.4768080103091084,0.22734587869493084,0.0
11,1728,b0802,4.0,0.5,1.5,5.0,4.5,0,True,-0.0,0.953616020618217,0.9093835147797238,0.0,0.4768080103091084,0.22734587869493084,0.0
11,1729,b0803,4.0,0.5,2.0,4.5,3.5,0,True,-0.0,1.0968141653190342,1.2030013132444897,0.0,0.5484070826595171,0.3007503283111224,0.0
11,1730,b0803,4.0,0.5,2.0,4.5,4.5,0,True,0.0,1.0968141653190342,1.2030013132444897,0.0,0.5484070826595171,0.3007503283111224,0.0
11,1731,b0804,4.0,0.5,2.5,4.0,3.5,0,True,0.0,1.1679363305290171,1.3640752721695855,0.0,0.5839681652645086,0.34101881804239637,0.0
11,1732,b0804,4.0,0.5,2.5,4.0,4.5,0,True,0.0,1.1679363305290171,1.3640752721695855,0.0,0.5839681652645086,0.34101881804239637,0.0
11,1733,b0805,4.0,0.5,3.0,3.5,3.5,0,True,-0.0,1.1991086634065575,1.4378615866566609,0.0,0.5995543317032788,0.3594653966641652,0.0
11,1734,b0805,4.0,0.5,3.0,3.5,4.5,0,True,0.0,1.1991086634065575,1.4378615866566609,0.0,0.5995543317032788,0.3594653966641652,0.0
11,1735,b0806,4.0,0.5,3.5,3.0,3.5,0,True,0.0,1.1991086634065575,1.4378615866566609,0.0,0.5995543317032788,0.3594653966641652,0.0
11,1736,b0806,4.0,0.5,3.5,3.0,4.5,0,True,-0.0,1.1991086634065575,1.4378615866566609,0.0,0.5995543317032788,0.3594653966641652,0.0
11,1737,b0807,4.0,0.5,4.0,2.5,3.5,0,True,0.0,1.167936330529017,1.364075272169585,0.0,0.5839681652645085,0.34101881804239625,0.0
11,1738,b0807,4.0,0.5,4.0,2.5,4.5,0,True,0.0,1.167936330529017,1.364075272169585,0.0,0.5839681652645085,0.34101881804239625,0.0
11,1739,b0808,4.0,0.5,4.5,2.0,3.5,0,True,0.0,1.0968141653190342,1.2030013132444897,0.0,0.5484070826595171,0.3007503283111224,0.0
11,1740,b0808,4.0,0.5,4.5,2.0,4.5,0,True,0.0,1.0968141653190342,1.2030013132444897,0.0,0.5484070826595171,0.3007503283111224,0.0
11,1741,b0809,4.0,0.5,5.0,1.5,3.5,0,True,0.0,0.953616020618217,0.9093835147797238,0.0,0.4768080103091085,0.22734587869493095,0.0
11,1742,b0809,4.0,0.5,5.0,1.5,4.5,0,True,0.0,0.953616020618217,0.9093835147797238,0.0,0.4768080103091085,0.22734587869493095,0.0
11,1743,b0810,4.0,0.5,5.5,1.0,4.5,0,True,0.0,0.0,0.0,0.0,0.0,0.0,0.0
11,1744,b0811,4.0,1.0,0.5,5.5,5.0,0,True,0.0,0.0,0.0,0.0,0.0,0.0,0.0
11,1745,b0812,4.0,1.0,1.0,5.0,4.0,0,True,0.0,1.024727102261555,1.0500656341093633,0.0,0.5123635511307775,0.2625164085273408,0.0
11,1746,b0812,4.0,1.0,1.0,5.0,5.0,0,True,-0.0,1.024727102261555,1.0500656341093633,0.0,0.5123635511307775,0.2625164085273408,0.0
11,1747,b0813,4.0,1.0,1.5,4.5,3.0,0,True,0.0,0.5842873690763601,0.7953983935245993,0.673800166119321,0.2921436845381802,0.1988495983811499,0.3369000830596605
11,1748,b0813,4.0,1.0,1.5,4.5,4.0,0,True,-0.0,1.3613136884714157,1.8531749584196504,0.0,0.6806568442357078,0.4632937396049126,0.0
11,1749,b0813,4.0,1.0,1.5,4.5,5.0,0,True,-0.0,0.7770263193950556,1.0577765648950517,0.6738001661193211,0.38851315969752775,0.26444414122376286,0.3369000830596605
11,1750,b0814,4.0,1.0,2.0,4.0,3.0,0,True,0.0,0.7446048619936134,1.1189534628364113,0.7513435048843393,0.3723024309968066,0.27973836570910277,0.37567175244216966
11,1751,b0814,4.0,1.0,2.0,4.0,4.0,0,True,-0.0,1.502747994205292,2.258251534088028,0.0,0.7513739971026462,0.5645628835220073,0.0
11,1752,b0814,4.0,1.0,2.0,4.0,5.0,0,True,0.0,0.758143132211679,1.1392980712516183,0.7513435048843392,0.3790715661058396,0.28482451781290474,0.3756717524421697
11,1753,b0815,4.0,1.0,2.5,3.5,3.0,0,True,0.0,0.8138647100309898,1.2789873886187724,0.7852462176826739,0.406932355015495,0.31974684715469326,0.392623108841337
11,1754,b0815,4.0,1.0,2.5,3.5,4.0,0,True,0.0,1.5714987673689302,2.4696083758420673,0.0,0.7857493836844653,0.6174020939605172,0.0
11,1755,b0815,4.0,1.0,2.5,3.5,5.0,0,True,0.0,0.7576340573379404,1.1906209872232947,0.7852462176826738,0.3788170286689703,0.29765524680582384,0.392623108841337
11,1756,b0816,4.0,1.0,3.0,3.0,3.0,0,True,0.0,0.8341819946590926,1.3284592367710797,0.7953613245297116,0.41709099732954646,0.3321148091927702,0.397680662264856
11,1757,b0816,4.0,1.0,3.0,3.0,4.0,0,True,0.0,1.592529262530995,2.536149452017515,0.0,0.7962646312654976,0.6340373630043789,0.0
11,1758,b0816,4.0,1.0,3.0,3.0,5.0,0,True,0.0,0.758347267871903,1.207690215246437,0.7953613245297116,0.3791736339359516,0.3019225538116095,0.397680662264856
11,1759,b0817,4.0,1.0,3.5,2.5,3.0,0,True,0.0,0.81386471003099,1.2789873886187728,0.7852462176826739,0.406932355015495,0.31974684715469326,0.392623108841337
11,1760,b0817,4.0,1.0,3.5,2.5,4.0,0,True,-0.0,1.5714987673689302,2.4696083758420673,0.0,0.7857493836844653,0.6174020939605172,0.0
11,1761,b0817,4.0,1.0,3.5,2.5,5.0,0,True,0.0,0.7576340573379404,1.190620987223295,0.7852462176826739,0.3788170286689703,0.29765524680582384,0.392623108841337
11,1762,b0818,4.0,1.0,4.0,2.0,3.0,0,True,0.0,0.7446048619936132,1.1189534628364108,0.7513435048843392,0.37230243099680643,0.27973836570910265,0.3756717524421697
11,1763,b0818,4.0,1.0,4.0,2.0,4.0,0,True,0.0,1.5027479942052917,2.2582515340880276,0.0,0.7513739971026461,0.5645628835220072,0.0
11,1764,b0818,4.0,1.0,4.0,2.0,5.0,0,True,0.0,0.7581431322116791,1.1392980712516185,0.7513435048843392,0.3790715661058399,0.284824517812905,0.37567175244216977
11,1765,b0819,4.0,1.0,4.5,1.5,3.0,0,True,0.0,0.5842873690763597,0.7953983935245985,0.6738001661193208,0.29214368453818007,0.1988495983811498,0.33690008305966046
11,1766,b0819,4.0,1.0,4.5,1.5,4.0,0,True,0.0,1.3613136884714159,1.853174958419651,0.0,0.6806568442357076,0.4632937396049123,0.0
11,1767,b0819,4.0,1.0,4.5,1.5,5.0,0,True,0.0,0.7770263193950558,1.0577765648950517,0.6738001661193208,0.38851315969752787,0.2644441412237629,0.33690008305966046
11,1768,b0820,4.0,1.0,5.0,1.0,4.0,0,True,-0.0,1.024727102261555,1.0500656341093633,0.0,0.5123635511307776,0.2625164085273409,0.0
11,1769,b0820,4.0,1.0,5.0,1.0,5.0,0,True,0.0,1.024727102261555,1.0500656341093633,0.0,0.5123635511307776,0.2625164085273409,0.0
11,1770,b0821,4.0,1.0,5.5,0.5,5.0,0,True,0.0,0.0,0.0,0.0,0.0,0.0,0.0
11,1771,b0822,4.0,1.5,0.0,5.5,5.5,0,False,0.0,0.0,0.0,0.0,0.0,0.0,0.0
11,1772,b0823,4.0,1.5,0.5,5.0,4.5,0,True,0.0,0.9536160206182168,0.9093835147797233,0.0,0.4768080103091085,0.22734587869493095,0.0
11,1773,b0823,4.0,1.5,0.5,5.0,5.5,0,True,0.0,0.9536160206182168,0.9093835147797233,0.0,0.4768080103091085,0.22734587869493095,0.0
11,1774,b0824,4.0,1.5,1.0,4.5,3.5,0,True,0.0,0.7712593271807953,1.049925879452471,0.6745998292981537,0.3856296635903974,0.26248146986311766,0.33729991464907694
11,1775,b0824,4.0,1.5,1.0,4.5,4.5,0,True,-0.0,1.3613136884714159,1.853174958419651,0.0,0.680656844235708,0.46329373960491294,0.0
11,1776,b0824,4.0,1.5,1.0,4.5,5.5,0,True,0.0,0.5900543612906208,0.8032490789671806,0.6745998292981537,0.29502718064531064,0.2008122697417953,0.3372999146490769
11,1777,b0825,4.0,1.5,1.5,4.0,2.5,0,True,0.0,1.0330998449796438,1.1625971329474436,0.3087099662312176,0.5165499224898218,0.2906492832368608,0.1543549831156088
11,1778,b0825,4.0,1.5,1.5,4.0,3.5,0,True,0.0,1.442270507058202,2.1777333030184143,0.31239252149898095,0.7211352535290999,0.5444333257546019,0.1561962607494901
11,1779,b0825,4.0,1.5,1.5,4.0,4.5,0,True,0.0,1.4478604587580437,2.1916017512855324,0.308709966231218,0.7239302293790214,0.5479004378213824,0.15435498311560863
11,1780,b0825,4.0,1.5,1.5,4.0,5.5,0,True,0.0,1.0386897966794857,1.1764655812145624,0.31239252149898056,0.5193448983397424,0.2941163953036401,0.1561962607494901
11,1781,b0826,4.0,1.5,2.0,3.5,2.5,0,True,0.0,1.1804140450512672,1.520425627919354,0.35643836797552925,0.5902070225256337,0.3801064069798386,0.17821918398776462
11,1782,b0826,4.0,1.5,2.0,3.5,3.5,0,True,-0.0,1.595354847980657,2.636225319701699,0.3017751294031929,0.7976774239903287,0.6590563299254252,0.1508875647015968
11,1783,b0826,4.0,1.5,2.0,3.5,4.5,0,True,0.0,1.5086434877462982,2.4030534832843737,0.35643836797552925,0.7543217438731493,0.6007633708210938,0.17821918398776462
11,1784,b0826,4.0,1.5,2.0,3.5,5.5,0,True,0.0,1.0937026848169076,1.287253791502026,0.3017751294031933,0.5468513424084539,0.3218134478755066,0.15088756470159664
11,1785,b0827,4.0,1.5,2.5,3.0,2.5,0,True,0.0,1.2373336774650985,1.6716075374391293,0.37498387705316727,0.6186668387325488,0.4179018843597817,0.18749193852658347
11,1786,b0827,4.0,1.5,2.5,3.0,3.5,0,True,0.0,1.657385055483447,2.8369174832917565,0.2999871016425335,0.8286925277417232,0.7092293708229386,0.14999355082126675
11,1787,b0827,4.0,1.5,2.5,3.0,4.5,0,True,0.0,1.5368744476222203,2.5025959758039296,0.37498387705316755,0.7684372238111098,0.6256489939509818,0.18749193852658347
11,1788,b0827,4.0,1.5,2.5,3.0,5.5,0,True,0.0,1.1168230696038728,1.3372860299513047,0.2999871016425339,0.5584115348019358,0.3343215074878255,0.14999355082126675
11,1789,b0828,4.0,1.5,3.0,2.5,2.5,0,True,0.0,1.2373336774650987,1.6716075374391297,0.37498387705316727,0.6186668387325492,0.41790188435978226,0.18749193852658347
11,1790,b0828,4.0,1.5,3.0,2.5,3.5,0,True,-0.0,1.6573850554834477,2.8369174832917587,0.2999871016425335,0.8286925277417235,0.7092293708229391,0.14999355082126675
11,1791,b0828,4.0,1.5,3.0,2.5,4.5,0,True,-0.0,1.5368744476222205,2.50259597580393,0.37498387705316694,0.7684372238111102,0.6256489939509825,0.18749193852658347
11,1792,b0828,4.0,1.5,3.0,2.5,5.5,0,True,0.0,1.116823069603873,1.3372860299513052,0.2999871016425335,0.5584115348019365,0.3343215074878263,0.14999355082126675
11,1793,b0829,4.0,1.5,3.5,2.0,2.5,0,True,0.0,1.1804140450512666,1.5204256279193524,0.35643836797552925,0.5902070225256336,0.3801064069798385,0.17821918398776462
11,1794,b0829,4.0,1.5,3.5,2.0,3.5,0,True,0.0,1.5953548479806572,2.6362253197017,0.3017751294031929,0.7976774239903286,0.659056329925425,0.15088756470159645
11,1795,b0829,4.0,1.5,3.5,2.0,4.5,0,True,0.0,1.508643487746298,2.4030534832843733,0.35643836797552925,0.754321743873149,0.6007633708210933,0.17821918398776462
11,1796,b0829,4.0,1.5,3.5,2.0,5.5,0,True,0.0,1.0937026848169071,1.287253791502025,0.3017751294031933,0.5468513424084537,0.3218134478755063,0.15088756470159645
11,1797,b0830,4.0,1.5,4.0,1.5,2.5,0,True,0.0,1.0330998449796438,1.1625971329474436,0.3087099662312176,0.5165499224898218,0.29064928323686084,0.154354983115609
11,1798,b0830,4.0,1.5,4.0,1.5,3.5,0,True,0.0,1.4422705070582016,2.1777333030184134,0.31239252149898095,0.7211352535291004,0.5444333257546027,0.15619626074949047
11,1799,b0830,4.0,1.5,4.0,1.5,4.5,0,True,0.0,1.4478604587580435,2.191601751285532,0.308709966231218,0.7239302293790217,0.547900437821383,0.154354983115609
11,1800,b0830,4.0,1.5,4.0,1.5,5.5,0,True,0.0,1.0386897966794852,1.1764655812145615,0.31239252149898056,0.5193448983397426,0.2941163953036404,0.15619626074949047
11,1801,b0831,4.0,1.5,4.5,1.0,3.5,0,True,0.0,0.771259327180795,1.0499258794524706,0.6745998292981535,0.3856296635903974,0.26248146986311743,0.3372999146490766
11,1802,b0831,4.0,1.5,4.5,1.0,4.5,0,True,0.0,1.3613136884714159,1.853174958419651,0.0,0.6806568442357075,0.46329373960491216,0.0
11,1803,b0831,4.0,1.5,4.5,1.0,5.5,0,True,0.0,0.5900543612906208,0.8032490789671806,0.6745998292981537,0.2950271806453102,0.20081226974179486,0.3372999146490766
11,1804,b0832,4.0,1.5,5.0,0.5,4.5,0,True,0.0,0.953616020618217,0.9093835147797238,0.0,0.4768080103091085,0.22734587869493095,0.0
11,1805,b0832,4.0,1.5,5.0,0.5,5.5,0,True,0.0,0.953616020618217,0.9093835147797238,0.0,0.4768080103091085,0.22734587869493095,0.0
11,1806,b0833,4.0,1.5,5.5,0.0,5.5,0,False,0.0,0.0,0.0,0.0,0.0,0.0,0.0
11,1807,b0834,4.0,2.0,0.0,5.0,5.0,0,False,0.0,0.0,0.0,0.0,0.0,0.0,0.0
11,1808,b0835,4.0,2.0,0.5,4.5,4.0,0,True,0.0,1.0968141653190344,1.2030013132444901,0.0,0.5484070826595172,0.30075032831112253,0.0
11,1809,b0835,4.0,2.0,0.5,4.5,5.0,0,True,0.0,1.0968141653190344,1.2030013132444901,0.0,0.5484070826595172,0.30075032831112253,0.0
11,1810,b0836,4.0,2.0,1.0,4.0,3.0,0,True,0.0,0.7446048619936135,1.1189534628364113,0.7513435048843392,0.3723024309968067,0.2797383657091028,0.37567175244216966
11,1811,b0836,4.0,2.0,1.0,4.0,4.0,0,True,-0.0,1.502747994205292,2.258251534088028,0.0,0.751373997102646,0.564562883522007,0.0
11,1812,b0836,4.0,2.0,1.0,4.0,5.0,0,True,0.0,0.7581431322116791,1.1392980712516185,0.7513435048843392,0.3790715661058395,0.2848245178129046,0.3756717524421696
11,1813,b0837,4.0,2.0,1.5,3.5,2.0,0,True,0.0,1.084184730828309,1.2616594656321647,0.2936033635211145,0.5420923654141551,0.3154148664080419,0.1468016817605578
11,1814,b0837,4.0,2.0,1.5,3.5,3.0,0,True,0.0,1.4947631381795927,2.365728424724161,0.36250735918551585,0.7473815690897967,0.5914321061810408,0.18125367959275823
11,1815,b0837,4.0,2.0,1.5,3.5,4.0,0,True,0.0,1.6048728019692542,2.6618196455715566,0.2936033635211141,0.8024364009846285,0.6654549113928916,0.14680168176055744
11,1816,b0837,4.0,2.0,1.5,3.5,5.0,0,True,0.0,1.194294394617972,1.5577506864795652,0.3625073591855162,0.5971471973089867,0.3894376716198921,0.18125367959275823
11,1817,b0838,4.0,2.0,2.0,3.0,2.0,0,True,-0.0,1.2235419522781368,1.610853475917499,0.33734043180873635,0.6117709761390674,0.4027133689793735,0.168670215904368
11,1818,b0838,4.0,2.0,2.0,3.0,3.0,0,True,0.0,1.640505885614161,2.8151735558394213,0.352014197305618,0.8202529428070795,0.7037933889598537,0.176007098652809
11,1819,b0838,4.0,2.0,2.0,3.0,4.0,0,True,0.0,1.6647656053718936,2.885243087762152,0.337340431808737,0.8323828026859457,0.721310771940536,0.16867021590436784
11,1820,b0838,4.0,2.0,2.0,3.0,5.0,0,True,0.0,1.2478016720358687,1.6809230078402282,0.352014197305618,0.6239008360179336,0.420230751960056,0.17600709865280884
11,1821,b0839,4.0,2.0,2.5,2.5,2.0,0,True,0.0,1.2609237706994934,1.7118297718900415,0.3491432605321388,0.6304618853497465,0.4279574429725101,0.1745716302660694
11,1822,b0839,4.0,2.0,2.5,2.5,3.0,0,True,0.0,1.6811390680747407,2.9491328831285175,0.3505771197915086,0.84056953403737,0.7372832207821288,0.1752885598957543
11,1823,b0839,4.0,2.0,2.5,2.5,4.0,0,True,0.0,1.6835266549916454,2.956163014442372,0.3491432605321391,0.8417633274958226,0.7390407536105927,0.17457163026606923
11,1824,b0839,4.0,2.0,2.5,2.5,5.0,0,True,0.0,1.2633113576163988,1.7188599032038983,0.3505771197915083,0.6316556788081992,0.42971497580097434,0.1752885598957543
11,1825,b0840,4.0,2.0,3.0,2.0,2.0,0,True,0.0,1.2235419522781366,1.6108534759174984,0.33734043180873635,0.6117709761390674,0.4027133689793735,0.168670215904368
11,1826,b0840,4.0,2.0,3.0,2.0,3.0,0,True,-0.0,1.6405058856141606,2.81517355583942,0.352014197305618,0.8202529428070795,0.7037933889598537,0.176007098652809
11,1827,b0840,4.0,2.0,3.0,2.0,4.0,0,True,0.0,1.664765605371893,2.8852430877621504,0.33734043180873635,0.8323828026859457,0.721310771940536,0.16867021590436784
11,1828,b0840,4.0,2.0,3.0,2.0,5.0,0,True,0.0,1.2478016720358684,1.6809230078402275,0.352014197305618,0.6239008360179336,0.420230751960056,0.17600709865280884
11,1829,b0841,4.0,2.0,3.5,1.5,2.0,0,True,0.0,1.084184730828309,1.261659465632165,0.2936033635211149,0.5420923654141547,0.3154148664080414,0.14680168176055725
11,1830,b0841,4.0,2.0,3.5,1.5,3.0,0,True,-0.0,1.4947631381795932,2.365728424724163,0.36250735918551646,0.7473815690897966,0.5914321061810407,0.18125367959275823
11,1831,b0841,4.0,2.0,3.5,1.5,4.0,0,True,0.0,1.604872801969255,2.6618196455715597,0.2936033635211149,0.8024364009846275,0.6654549113928899,0.14680168176055744
11,1832,b0841,4.0,2.0,3.5,1.5,5.0,0,True,0.0,1.1942943946179718,1.5577506864795647,0.3625073591855162,0.5971471973089861,0.38943767161989146,0.18125367959275823
11,1833,b0842,4.0,2.0,4.0,1.0,3.0,0,True,0.0,0.7446048619936135,1.1189534628364113,0.7513435048843392,0.37230243099680677,0.2797383657091029,0.37567175244216966
11,1834,b0842,4.0,2.0,4.0,1.0,4.0,0,True,0.0,1.5027479942052921,2.258251534088029,0.0,0.7513739971026461,0.5645628835220072,0.0
11,1835,b0842,4.0,2.0,4.0,1.0,5.0,0,True,0.0,0.7581431322116791,1.1392980712516185,0.7513435048843392,0.3790715661058396,0.28482451781290474,0.3756717524421697
11,1836,b0843,4.0,2.0,4.5,0.5,4.0,0,True,0.0,1.0968141653190344,1.2030013132444901,0.0,0.5484070826595172,0.30075032831112253,0.0
11,1837,b0843,4.0,2.0,4.5,0.5,5.0,0,True,0.0,1.0968141653190344,1.2030013132444901,0.0,0.5484070826595172,0.30075032831112253,0.0
11,1838,b0844,4.0,2.0,5.0,0.0,5.0,0,False,0.0,0.0,0.0,0.0,0.0,0.0,0.0
11,1839,b0845,4.0,2.5,0.0,4.5,4.5,0,False,0.0,0.0,0.0,0.0,0.0,0.0,0.0
11,1840,b0846,4.0,2.5,0.5,4.0,3.5,0,True,0.0,1.1679363305290171,1.3640752721695855,0.0,0.5839681652645086,0.34101881804239637,0.0
11,1841,b0846,4.0,2.5,0.5,4.0,4.5,0,True,0.0,1.1679363305290171,1.3640752721695855,0.0,0.5839681652645086,0.34101881804239637,0.0
11,1842,b0847,4.0,2.5,1.0,3.5,2.5,0,True,0.0,0.732478239027892,1.1510886497568973,0.7839415023504596,0.3662391195139462,0.2877721624392245,0.3919707511752298
11,1843,b0847,4.0,2.5,1.0,3.5,3.5,0,True,0.0,1.5714987673689307,2.4696083758420686,0.0,0.7857493836844652,0.6174020939605169,0.0
11,1844,b0847,4.0,2.5,1.0,3.5,4.5,0,True,-0.0,0.8390205283410385,1.3185197260851709,0.7839415023504596,0.4195102641705192,0.3296299315212927,0.39197075117522984
11,1845,b0848,4.0,2.5,1.5,3.0,1.5,0,True,0.0,1.1009533599266732,1.2932601524220413,0.2848891919469927,0.5504766799633367,0.3233150381055104,0.14244459597349615
11,1846,b0848,4.0,2.5,1.5,3.0,2.5,0,True,-0.0,1.5100943125419468,2.4283023074732983,0.38460040912843985,0.7550471562709742,0.6070755768683257,0.19230020456421992
11,1847,b0848,4.0,2.5,1.5,3.0,3.5,0,True,0.0,1.6732547651606442,2.880943360821013,0.2848891919469927,0.8366273825803217,0.7202358402052524,0.14244459597349596
11,1848,b0848,4.0,2.5,1.5,3.0,4.5,0,True,0.0,1.2641138125453704,1.7459012057697552,0.38460040912843985,0.632056906272685,0.43647530144243857,0.19230020456422006
11,1849,b0849,4.0,2.5,2.0,2.5,1.5,0,True,-0.0,1.2215285865705652,1.5958326052114382,0.3220256471189143,0.6107642932852833,0.39895815130286044,0.16101282355945734
11,1850,b0849,4.0,2.5,2.0,2.5,2.5,0,True,0.0,1.6351780199243233,2.8138028553368097,0.3741599905029654,0.8175890099621625,0.7034507138342039,0.1870799952514827
11,1851,b0849,4.0,2.5,2.0,2.5,3.5,0,True,0.0,1.722921839120575,3.0721601811209798,0.3220256471189143,0.8614609195602884,0.7680400452802465,0.16101282355945715
11,1852,b0849,4.0,2.5,2.0,2.5,4.5,0,True,0.0,1.309272405766816,1.854189930995605,0.3741599905029651,0.6546362028834086,0.4635474827489021,0.1870799952514827
11,1853,b0850,4.0,2.5,2.5,2.0,1.5,0,True,0.0,1.2215285865705654,1.5958326052114389,0.3220256471189143,0.6107642932852835,0.39895815130286066,0.16101282355945715
11,1854,b0850,4.0,2.5,2.5,2.0,2.5,0,True,-0.0,1.6351780199243233,2.8138028553368097,0.3741599905029654,0.8175890099621624,0.7034507138342038,0.1870799952514827
11,1855,b0850,4.0,2.5,2.5,2.0,3.5,0,True,0.0,1.7229218391205747,3.072160181120979,0.3220256471189136,0.8614609195602887,0.768040045280247,0.16101282355945715
11,1856,b0850,4.0,2.5,2.5,2.0,4.5,0,True,0.0,1.3092724057668157,1.8541899309956043,0.3741599905029651,0.6546362028834087,0.4635474827489023,0.1870799952514827
11,1857,b0851,4.0,2.5,3.0,1.5,1.5,0,True,0.0,1.1009533599266734,1.2932601524220417,0.2848891919469927,0.5504766799633363,0.32331503810550993,0.14244459597349635
11,1858,b0851,4.0,2.5,3.0,1.5,2.5,0,True,0.0,1.5100943125419481,2.428302307473303,0.3846004091284404,0.7550471562709741,0.6070755768683256,0.19230020456421992
11,1859,b0851,4.0,2.5,3.0,1.5,3.5,0,True,0.0,1.6732547651606446,2.8809433608210147,0.2848891919469927,0.8366273825803217,0.7202358402052526,0.14244459597349635
11,1860,b0851,4.0,2.5,3.0,1.5,4.5,0,True,0.0,1.2641138125453704,1.7459012057697554,0.3846004091284401,0.6320569062726845,0.43647530144243796,0.19230020456422006
11,1861,b0852,4.0,2.5,3.5,1.0,2.5,0,True,0.0,0.7324782390278919,1.1510886497568966,0.7839415023504592,0.3662391195139462,0.2877721624392245,0.3919707511752298
11,1862,b0852,4.0,2.5,3.5,1.0,3.5,0,True,0.0,1.5714987673689302,2.4696083758420673,0.0,0.7857493836844652,0.6174020939605169,0.0
11,1863,b0852,4.0,2.5,3.5,1.0,4.5,0,True,0.0,0.8390205283410381,1.31851972608517,0.7839415023504593,0.4195102641705192,0.3296299315212927,0.39197075117522984
11,1864,b0853,4.0,2.5,4.0,0.5,3.5,0,True,0.0,1.1679363305290171,1.3640752721695855,0.0,0.5839681652645086,0.34101881804239637,0.0
11,1865,b0853,4.0,2.5,4.0,0.5,4.5,0,True,0.0,1.1679363305290171,1.3640752721695855,0.0,0.5839681652645086,0.34101881804239637,0.0
11,1866,b0854,4.0,2.5,4.5,0.0,4.5,0,False,0.0,0.0,0.0,0.0,0.0,0.0,0.0
11,1867,b0855,4.0,3.0,0.0,4.0,4.0,0,False,0.0,0.0,0.0,0.0,0.0,0.0,0.0
11,1868,b0856,4.0,3.0,0.5,3.5,3.0,0,True,0.0,1.1991086634065575,1.4378615866566609,0.0,0.5995543317032788,0.3594653966641652,0.0
11,1869,b0856,4.0,3.0,0.5,3.5,4.0,0,True,-0.0,1.1991086634065575,1.4378615866566609,0.0,0.5995543317032788,0.3594653966641652,0.0
11,1870,b0857,4.0,3.0,1.0,3.0,2.0,0,True,-0.0,0.7150131382792229,1.1386793458037834,0.7921082993454117,0.35750656913961126,0.2846698364509457,0.39605414967270575
11,1871,b0857,4.0,3.0,1.0,3.0,3.0,0,True,0.0,1.5925292625309957,2.536149452017517,0.0,0.7962646312654976,0.6340373630043789,0.0
11,1872,b0857,4.0,3.0,1.0,3.0,4.0,0,True,0.0,0.8775161242517725,1.3974701062137325,0.7921082993454116,0.43875806212588625,0.34936752655343306,0.39605414967270575
11,1873,b0858,4.0,3.0,1.5,2.5,1.0,0,True,0.0,1.0900429345236011,1.2629923616206788,0.2734936242691135,0.5450214672618003,0.3157480904051694,0.13674681213455656
11,1874,b0858,4.0,3.0,1.5,2.5,2.0,0,True,-0.0,1.48905277783602,2.3699287109278098,0.390705177527304,0.7445263889180098,0.5924821777319521,0.195352588763652
11,1875,b0858,4.0,3.0,1.5,2.5,3.0,0,True,0.0,1.6841651905637187,2.911211151622382,0.2734936242691131,0.8420825952818595,0.7278027879055956,0.13674681213455656
11,1876,b0858,4.0,3.0,1.5,2.5,4.0,0,True,0.0,1.2851553472512998,1.804274802315251,0.390705177527304,0.6425776736256501,0.45106870057881304,0.195352588763652
11,1877,b0859,4.0,3.0,2.0,2.0,1.0,0,True,0.0,1.1735062802778133,1.4663350663268673,0.29869395118649017,0.5867531401389067,0.36658376658171693,0.14934697559324545
11,1878,b0859,4.0,3.0,2.0,2.0,2.0,0,True,0.0,1.5737916562803977,2.622482343051916,0.38165713104056914,0.7868958281401991,0.6556205857629793,0.19082856552028457
11,1879,b0859,4.0,3.0,2.0,2.0,3.0,0,True,0.0,1.714801277372216,3.0297614973527813,0.29869395118649017,0.8574006386861089,0.757440374338197,0.14934697559324545
11,1880,b0859,4.0,3.0,2.0,2.0,4.0,0,True,0.0,1.3145159013696321,1.8736142206277346,0.38165713104056914,0.6572579506848165,0.46840355515693427,0.1908285655202847
11,1881,b0860,4.0,3.0,2.5,1.5,1.0,0,True,0.0,1.0900429345236005,1.262992361620677,0.2734936242691131,0.5450214672618002,0.31574809040516927,0.13674681213455656
11,1882,b0860,4.0,3.0,2.5,1.5,2.0,0,True,0.0,1.4890527778360199,2.3699287109278093,0.390705177527304,0.7445263889180095,0.5924821777319516,0.1953525887636517
11,1883,b0860,4.0,3.0,2.5,1.5,3.0,0,True,0.0,1.6841651905637183,2.91121115162238,0.2734936242691131,0.8420825952818591,0.727802787905595,0.13674681213455656
11,1884,b0860,4.0,3.0,2.5,1.5,4.0,0,True,0.0,1.2851553472512995,1.8042748023152504,0.390705177527304,0.6425776736256498,0.4510687005788125,0.1953525887636517
11,1885,b0861,4.0,3.0,3.0,1.0,2.0,0,True,0.0,0.7150131382792227,1.1386793458037834,0.7921082993454117,0.3575065691396115,0.2846698364509459,0.39605414967270586
11,1886,b0861,4.0,3.0,3.0,1.0,3.0,0,True,0.0,1.5925292625309957,2.536149452017517,0.0,0.7962646312654976,0.6340373630043789,0.0
11,1887,b0861,4.0,3.0,3.0,1.0,4.0,0,True,0.0,0.8775161242517727,1.397470106213733,0.7921082993454117,0.4387580621258862,0.3493675265534331,0.39605414967270586
11,1888,b0862,4.0,3.0,3.5,0.5,3.0,0,True,0.0,1.1991086634065575,1.4378615866566609,0.0,0.5995543317032788,0.3594653966641652,0.0
11,1889,b0862,4.0,3.0,3.5,0.5,4.0,0,True,0.0,1.1991086634065575,1.4378615866566609,0.0,0.5995543317032788,0.3594653966641652,0.0
11,1890,b0863,4.0,3.0,4.0,0.0,4.0,0,False,0.0,0.0,0.0,0.0,0.0,0.0,0.0
11,1891,b0864,4.0,3.5,0.0,3.5,3.5,0,False,0.0,0.0,0.0,0.0,0.0,0.0,0.0
11,1892,b0865,4.0,3.5,0.5,3.0,2.5,0,True,0.0,1.1991086634065575,1.4378615866566609,0.0,0.5995543317032788,0.3594653966641652,0.0
11,1893,b0865,4.0,3.5,0.5,3.0,3.5,0,True,0.0,1.1991086634065575,1.4378615866566609,0.0,0.5995543317032788,0.3594653966641652,0.0
11,1894,b0866,4.0,3.5,1.0,2.5,1.5,0,True,0.0,0.6836463564260306,1.0743494064397674,0.7790873287284168,0.3418231782130152,0.26858735160994174,0.3895436643642083
11,1895,b0866,4.0,3.5,1.0,2.5,2.5,0,True,-0.0,1.57149876736893,2.4696083758420664,0.0,0.7857493836844649,0.6174020939605165,0.0
11,1896,b0866,4.0,3.5,1.0,2.5,3.5,0,True,0.0,0.8878524109428997,1.3952589694022999,0.7790873287284169,0.4439262054714498,0.34881474235057486,0.38954366436420834
11,1897,b0867,4.0,3.5,1.5,2.0,0.5,0,True,0.0,1.0456930051391264,1.1581530007172904,0.2543209384230748,0.5228465025695634,0.28953825017932283,0.12716046921153717
11,1898,b0867,4.0,3.5,1.5,2.0,1.5,0,True,0.0,1.4229119168931177,2.1725163568830603,0.38449711786515856,0.7114559584465594,0.5431290892207659,0.19224855893257928
11,1899,b0867,4.0,3.5,1.5,2.0,2.5,0,True,0.0,1.6433645276584374,2.7653261104864324,0.2543209384230748,0.8216822638292187,0.6913315276216081,0.1271604692115374
11,1900,b0867,4.0,3.5,1.5,2.0,3.5,0,True,0.0,1.2661456159044466,1.750962754320664,0.38449711786515856,0.6330728079522235,0.4377406885801663,0.19224855893257928
11,1901,b0868,4.0,3.5,2.0,1.5,0.5,0,True,0.0,1.045693005139126,1.1581530007172895,0.2543209384230748,0.5228465025695636,0.289538250179323,0.1271604692115374
11,1902,b0868,4.0,3.5,2.0,1.5,1.5,0,True,-0.0,1.4229119168931172,2.172516356883059,0.38449711786515856,0.7114559584465593,0.5431290892207656,0.192248558932579
11,1903,b0868,4.0,3.5,2.0,1.5,2.5,0,True,0.0,1.6433645276584374,2.7653261104864324,0.2543209384230748,0.8216822638292194,0.6913315276216092,0.1271604692115374
11,1904,b0868,4.0,3.5,2.0,1.5,3.5,0,True,0.0,1.2661456159044464,1.7509627543206636,0.38449711786515856,0.6330728079522235,0.43774068858016624,0.19224855893257914
11,1905,b0869,4.0,3.5,2.5,1.0,1.5,0,True,-0.0,0.6836463564260307,1.0743494064397676,0.7790873287284169,0.3418231782130152,0.26858735160994174,0.3895436643642083
11,1906,b0869,4.0,3.5,2.5,1.0,2.5,0,True,0.0,1.5714987673689296,2.469608375842065,0.0,0.7857493836844649,0.6174020939605165,0.0
11,1907,b0869,4.0,3.5,2.5,1.0,3.5,0,True,0.0,0.8878524109428996,1.3952589694022997,0.7790873287284169,0.4439262054714498,0.34881474235057486,0.38954366436420834
11,1908,b0870,4.0,3.5,3.0,0.5,2.5,0,True,0.0,1.1991086634065575,1.4378615866566609,0.0,0.5995543317032788,0.3594653966641652,0.0
11,1909,b0870,4.0,3.5,3.0,0.5,3.5,0,True,0.0,1.1991086634065575,1.4378615866566609,0.0,0.5995543317032788,0.3594653966641652,0.0
11,1910,b0871,4.0,3.5,3.5,0.0,3.5,0,False,0.0,0.0,0.0,0.0,0.0,0.0,0.0
11,1911,b0872,4.0,4.0,0.0,3.0,3.0,0,False,0.0,0.0,0.0,0.0,0.0,0.0,0.0
11,1912,b0873,4.0,4.0,0.5,2.5,2.0,0,True,0.0,1.1679363305290178,1.364075272169587,0.0,0.5839681652645089,0.34101881804239675,0.0
11,1913,b0873,4.0,4.0,0.5,2.5,3.0,0,True,0.0,1.1679363305290178,1.364075272169587,0.0,0.5839681652645089,0.34101881804239675,0.0
11,1914,b0874,4.0,4.0,1.0,2.0,1.0,0,True,0.0,0.6254680840746389,0.9399209087825913,0.7407500149082629,0.3127340420373193,0.23498022719564754,0.3703750074541312
11,1915,b0874,4.0,4.0,1.0,2.0,2.0,0,True,0.0,1.502747994205293,2.2582515340880316,0.0,0.7513739971026463,0.5645628835220076,0.0
11,1916,b0874,4.0,4.0,1.0,2.0,3.0,0,True,0.0,0.8772799101306541,1.31833062530544,0.7407500149082629,0.43863995506532666,0.3295826563263595,0.3703750074541312
11,1917,b0875,4.0,4.0,1.5,1.5,0.0,0,True,0.0,0.9382086895810899,0.9271759432278283,0.216657328568323,0.4691043447905451,0.23179398580695718,0.1083286642841615
11,1918,b0875,4.0,4.0,1.5,1.5,1.0,0,True,-0.0,1.2782985905295037,1.7709254871829248,0.3699705402234197,0.6391492952647512,0.4427313717957302,0.18498527011170954
11,1919,b0875,4.0,4.0,1.5,1.5,2.0,0,True,0.0,1.5427516141565965,2.4270229410051463,0.21665732856832326,0.7713758070782983,0.6067557352512867,0.10832866428416163
11,1920,b0875,4.0,4.0,1.5,1.5,3.0,0,True,0.0,1.2026617132081838,1.5832733970500528,0.3699705402234197,0.601330856604092,0.39581834926251325,0.18498527011170954
11,1921,b0876,4.0,4.0,2.0,1.0,1.0,0,True,0.0,0.6254680840746389,0.939920908782591,0.7407500149082626,0.3127340420373193,0.23498022719564754,0.3703750074541312
11,1922,b0876,4.0,4.0,2.0,1.0,2.0,0,True,-0.0,1.5027479942052921,2.258251534088029,0.0,0.7513739971026463,0.5645628835220076,0.0
11,1923,b0876,4.0,4.0,2.0,1.0,3.0,0,True,0.0,0.8772799101306538,1.3183306253054394,0.7407500149082628,0.43863995506532666,0.3295826563263595,0.3703750074541312
11,1924,b0877,4.0,4.0,2.5,0.5,2.0,0,True,0.0,1.1679363305290178,1.364075272169587,0.0,0.5839681652645089,0.34101881804239675,0.0
11,1925,b0877,4.0,4.0,2.5,0.5,3.0,0,True,0.0,1.1679363305290178,1.364075272169587,0.0,0.5839681652645089,0.34101881804239675,0.0
11,1926,b0878,4.0,4.0,3.0,0.0,3.0,0,False,0.0,0.0,0.0,0.0,0.0,0.0,0.0
11,1927,b0879,4.0,4.5,0.0,2.5,2.5,0,False,0.0,0.0,0.0,0.0,0.0,0.0,0.0
11,1928,b0880,4.0,4.5,0.5,2.0,1.5,0,True,0.0,1.096814165319036,1.2030013132444937,0.0,0.548407082659518,0.3007503283111234,0.0
11,1929,b0880,4.0,4.5,0.5,2.0,2.5,0,True,0.0,1.096814165319036,1.2030013132444937,0.0,0.548407082659518,0.3007503283111234,0.0
11,1930,b0881,4.0,4.5,1.0,1.5,0.5,0,True,0.0,0.500817744922594,0.6817700515925128,0.6564690685501948,0.250408872461297,0.17044251289812812,0.3282345342750973
11,1931,b0881,4.0,4.5,1.0,1.5,1.5,0,True,0.0,1.3613136884714157,1.8531749584196504,0.0,0.6806568442357074,0.46329373960491205,0.0
11,1932,b0881,4.0,4.5,1.0,1.5,2.5,0,True,0.0,0.8604959435488213,1.1714049068271366,0.6564690685501948,0.4302479717744103,0.2928512267067838,0.3282345342750973
11,1933,b0882,4.0,4.5,1.5,1.0,0.5,0,True,0.0,0.5008177449225939,0.6817700515925126,0.6564690685501947,0.250408872461297,0.17044251289812812,0.3282345342750973
11,1934,b0882,4.0,4.5,1.5,1.0,1.5,0,True,0.0,1.3613136884714154,1.85317495841965,0.0,0.6806568442357074,0.46329373960491205,0.0
11,1935,b0882,4.0,4.5,1.5,1.0,2.5,0,True,0.0,0.8604959435488211,1.1714049068271362,0.6564690685501947,0.4302479717744103,0.2928512267067838,0.3282345342750973
11,1936,b0883,4.0,4.5,2.0,0.5,1.5,0,True,0.0,1.096814165319036,1.2030013132444937,0.0,0.548407082659518,0.3007503283111234,0.0
11,1937,b0883,4.0,4.5,2.0,0.5,2.5,0,True,0.0,1.096814165319036,1.2030013132444937,0.0,0.548407082659518,0.3007503283111234,0.0
11,1938,b0884,4.0,4.5,2.5,0.0,2.5,0,False,0.0,0.0,0.0,0.0,0.0,0.0,0.0
11,1939,b0885,4.0,5.0,0.0,2.0,2.0,0,False,0.0,0.0,0.0,0.0,0.0,0.0,0.0
11,1940,b0886,4.0,5.0,0.5,1.5,1.0,0,True,0.0,0.9536160206182178,0.9093835147797252,0.0,0.4768080103091089,0.2273458786949313,0.0
11,1941,b0886,4.0,5.0,0.5,1.5,2.0,0,True,0.0,0.9536160206182178,0.9093835147797252,0.0,0.4768080103091089,0.2273458786949313,0.0
11,1942,b0887,4.0,5.0,1.0,1.0,1.0,0,True,0.0,1.0247271022615543,1.050065634109362,0.0,0.5123635511307771,0.2625164085273405,0.0
11,1943,b0887,4.0,5.0,1.0,1.0,2.0,0,True,0.0,1.0247271022615543,1.050065634109362,0.0,0.5123635511307771,0.2625164085273405,0.0
11,1944,b0888,4.0,5.0,1.5,0.5,1.0,0,True,0.0,0.9536160206182178,0.9093835147797252,0.0,0.476808010309109,0.22734587869493142,0.0
11,1945,b0888,4.0,5.0,1.5,0.5,2.0,0,True,0.0,0.9536160206182178,0.9093835147797252,0.0,0.476808010309109,0.22734587869493142,0.0
11,1946,b0889,4.0,5.0,2.0,0.0,2.0,0,False,0.0,0.0,0.0,0.0,0.0,0.0,0.0
11,1947,b0890,4.0,5.5,0.0,1.5,1.5,0,False,0.0,0.0,0.0,0.0,0.0,0.0,0.0
11,1948,b0891,4.0,5.5,0.5,1.0,1.5,0,True,0.0,0.0,0.0,0.0,0.0,0.0,0.0
11,1949,b0892,4.0,5.5,1.0,0.5,1.5,0,True,0.0,0.0,0.0,0.0,0.0,0.0,0.0
11,1950,b0893,4.0,5.5,1.5,0.0,1.5,0,False,0.0,0.0,0.0,0.0,0.0,0.0,0.0
11,1951,b0894,4.5,0.0,1.0,5.5,4.5,0,False,0.0,0.0,0.0,0.0,0.0,0.0,0.0
11,1952,b0895,4.5,0.0,1.5,5.0,4.5,0,False,0.0,0.0,0.0,0.0,0.0,0.0,0.0
11,1953,b0896,4.5,0.0,2.0,4.5,4.5,0,False,0.0,0.0,0.0,0.0,0.0,0.0,0.0
11,1954,b0897,4.5,0.0,2.5,4.0,4.5,0,False,0.0,0.0,0.0,0.0,0.0,0.0,0.0
11,1955,b0898,4.5,0.0,3.0,3.5,4.5,0,False,0.0,0.0,0.0,0.0,0.0,0.0,0.0
11,1956,b0899,4.5,0.0,3.5,3.0,4.5,0,False,0.0,0.0,0.0,0.0,0.0,0.0,0.0
11,1957,b0900,4.5,0.0,4.0,2.5,4.5,0,False,0.0,0.0,0.0,0.0,0.0,0.0,0.0
11,1958,b0901,4.5,0.0,4.5,2.0,4.5,0,False,0.0,0.0,0.0,0.0,0.0,0.0,0.0
11,1959,b0902,4.5,0.0,5.0,1.5,4.5,0,False,0.0,0.0,0.0,0.0,0.0,0.0,0.0
11,1960,b0903,4.5,0.0,5.5,1.0,4.5,0,False,0.0,0.0,0.0,0.0,0.0,0.0,0.0
11,1961,b0904,4.5,0.5,0.5,5.5,5.0,0,True,0.0,0.0,0.0,0.0,0.0,0.0,0.0
11,1962,b0905,4.5,0.5,1.0,5.0,4.0,0,True,0.0,0.8874397025049207,0.7875492255820221,0.0,0.4437198512524604,0.19688730639550556,0.0
11,1963,b0905,4.5,0.5,1.0,5.0,5.0,0,True,-0.0,0.8874397025049207,0.7875492255820221,0.0,0.4437198512524604,0.19688730639550556,0.0
11,1964,b0906,4.5,0.5,1.5,4.5,4.0,0,True,0.0,1.024727102261555,1.0500656341093633,0.0,0.5123635511307774,0.2625164085273407,0.0
11,1965,b0906,4.5,0.5,1.5,4.5,5.0,0,True,0.0,1.024727102261555,1.0500656341093633,0.0,0.5123635511307774,0.2625164085273407,0.0
11,1966,b0907,4.5,0.5,2.0,4.0,4.0,0,True,-0.0,1.0968141653190344,1.2030013132444901,0.0,0.5484070826595172,0.30075032831112253,0.0
11,1967,b0907,4.5,0.5,2.0,4.0,5.0,0,True,0.0,1.0968141653190344,1.2030013132444901,0.0,0.5484070826595172,0.30075032831112253,0.0
11,1968,b0908,4.5,0.5,2.5,3.5,4.0,0,True,0.0,1.1340469566997657,1.2860625000000003,0.0,0.5670234783498829,0.3215156250000001,0.0
11,1969,b0908,4.5,0.5,2.5,3.5,5.0,0,True,0.0,1.1340469566997657,1.2860625000000003,0.0,0.5670234783498829,0.3215156250000001,0.0
11,1970,b0909,4.5,0.5,3.0,3.0,4.0,0,True,0.0,1.1456797295216075,1.3125820426367036,0.0,0.5728398647608037,0.3281455106591759,0.0
11,1971,b0909,4.5,0.5,3.0,3.0,5.0,0,True,-0.0,1.1456797295216075,1.3125820426367036,0.0,0.5728398647608037,0.3281455106591759,0.0
11,1972,b0910,4.5,0.5,3.5,2.5,4.0,0,True,0.0,1.1340469566997657,1.2860625000000003,0.0,0.5670234783498829,0.3215156250000001,0.0
11,1973,b0910,4.5,0.5,3.5,2.5,5.0,0,True,0.0,1.1340469566997657,1.2860625000000003,0.0,0.5670234783498829,0.3215156250000001,0.0
11,1974,b0911,4.5,0.5,4.0,2.0,4.0,0,True,0.0,1.0968141653190342,1.2030013132444897,0.0,0.5484070826595171,0.3007503283111224,0.0
11,1975,b0911,4.5,0.5,4.0,2.0,5.0,0,True,-0.0,1.0968141653190342,1.2030013132444897,0.0,0.5484070826595171,0.3007503283111224,0.0
11,1976,b0912,4.5,0.5,4.5,1.5,4.0,0,True,0.0,1.0247271022615547,1.0500656341093628,0.0,0.5123635511307774,0.2625164085273407,0.0
11,1977,b0912,4.5,0.5,4.5,1.5,5.0,0,True,0.0,1.0247271022615547,1.0500656341093628,0.0,0.5123635511307774,0.2625164085273407,0.0
11,1978,b0913,4.5,0.5,5.0,1.0,4.0,0,True,0.0,0.8874397025049208,0.7875492255820222,0.0,0.4437198512524604,0.19688730639550556,0.0
11,1979,b0913,4.5,0.5,5.0,1.0,5.0,0,True,0.0,0.8874397025049208,0.7875492255820222,0.0,0.4437198512524604,0.19688730639550556,0.0
11,1980,b0914,4.5,0.5,5.5,0.5,5.0,0,True,0.0,0.0,0.0,0.0,0.0,0.0,0.0
11,1981,b0915,4.5,1.0,0.0,5.5,5.5,0,False,0.0,0.0,0.0,0.0,0.0,0.0,0.0
11,1982,b0916,4.5,1.0,0.5,5.0,4.5,0,True,-0.0,0.887439702504921,0.7875492255820227,0.0,0.44371985125246055,0.19688730639550572,0.0
11,1983,b0916,4.5,1.0,0.5,5.0,5.5,0,True,0.0,0.887439702504921,0.7875492255820227,0.0,0.44371985125246055,0.19688730639550572,0.0
11,1984,b0917,4.5,1.0,1.0,4.5,3.5,0,True,0.0,0.6096273943164672,0.7448268452563079,0.6108856565309277,0.3048136971582338,0.1862067113140773,0.30544282826546415
11,1985,b0917,4.5,1.0,1.0,4.5,4.5,0,True,0.0,1.2217739100970528,1.4927314873938413,0.0,0.6108869550485269,0.3731828718484609,0.0
11,1986,b0917,4.5,1.0,1.0,4.5,5.5,0,True,0.0,0.6121465157805857,0.7479046421375334,0.6108856565309277,0.30607325789029316,0.1869761605343837,0.3054428282654641
11,1987,b0918,4.5,1.0,1.5,4.0,3.5,0,True,-0.0,0.7712593271807953,1.0499258794524713,0.6745998292981539,0.3856296635903974,0.26248146986311766,0.33729991464907694
11,1988,b0918,4.5,1.0,1.5,4.0,4.5,0,True,0.0,1.3613136884714159,1.853174958419651,0.0,0.680656844235708,0.46329373960491294,0.0
11,1989,b0918,4.5,1.0,1.5,4.0,5.5,0,True,0.0,0.5900543612906208,0.8032490789671809,0.6745998292981539,0.29502718064531064,0.2008122697417953,0.3372999146490769
11,1990,b0919,4.5,1.0,2.0,3.5,3.5,0,True,0.0,0.8468929454385999,1.2151377728256358,0.7056274596357263,0.42344647271929997,0.30378444320640896,0.35281372981786313
11,1991,b0919,4.5,1.0,2.0,3.5,4.5,0,True,-0.0,1.4348186265695297,2.0587044911508716,0.0,0.717409313284765,0.514676122787718,0.0
11,1992,b0919,4.5,1.0,2.0,3.5,5.5,0,True,0.0,0.58792568113093,0.8435667183252364,0.7056274596357263,0.29396284056546496,0.21089167958130906,0.3528137298178631
11,1993,b0920,4.5,1.0,2.5,3.0,3.5,0,True,0.0,0.8791637171821828,1.2903440165713873,0.7193157686036045,0.43958185859109145,0.32258600414284694,0.3596578843018023
11,1994,b0920,4.5,1.0,2.5,3.0,4.5,0,True,-0.0,1.4676948005851322,2.154128027664631,0.0,0.7338474002925661,0.5385320069161578,0.0
11,1995,b0920,4.5,1.0,2.5,3.0,5.5,0,True,0.0,0.5885310834029492,0.8637840110932434,0.7193157686036045,0.29426554170147473,0.21594600277331097,0.3596578843018023
11,1996,b0921,4.5,1.0,3.0,2.5,3.5,0,True,0.0,0.8791637171821828,1.2903440165713873,0.7193157686036045,0.43958185859109145,0.32258600414284694,0.3596578843018023
11,1997,b0921,4.5,1.0,3.0,2.5,4.5,0,True,0.0,1.4676948005851322,2.154128027664631,0.0,0.7338474002925661,0.5385320069161578,0.0
11,1998,b0921,4.5,1.0,3.0,2.5,5.5,0,True,0.0,0.5885310834029492,0.8637840110932434,0.7193157686036045,0.29426554170147473,0.21594600277331097,0.3596578843018023
11,1999,b0922,4.5,1.0,3.5,2.0,3.5,0,True,0.0,0.8468929454386002,1.2151377728256363,0.7056274596357263,0.4234464727192997,0.3037844432064085,0.3528137298178628
11,2000,b0922,4.5,1.0,3.5,2.0,4.5,0,True,0.0,1.4348186265695302,2.058704491150873,0.0,0.7174093132847644,0.5146761227877172,0.0
11,2001,b0922,4.5,1.0,3.5,2.0,5.5,0,True,0.0,0.5879256811309298,0.8435667183252362,0.7056274596357263,0.29396284056546473,0.21089167958130872,0.3528137298178628
11,2002,b0923,4.5,1.0,4.0,1.5,3.5,0,True,0.0,0.7712593271807949,1.0499258794524708,0.6745998292981539,0.3856296635903974,0.26248146986311766,0.33729991464907694
11,2003,b0923,4.5,1.0,4.0,1.5,4.5,0,True,-0.0,1.3613136884714159,1.853174958419651,0.0,0.680656844235708,0.46329373960491294,0.0
11,2004,b0923,4.5,1.0,4.0,1.5,5.5,0,True,0.0,0.5900543612906212,0.8032490789671812,0.6745998292981539,0.29502718064531064,0.2008122697417953,0.3372999146490769
11,2005,b0924,4.5,1.0,4.5,1.0,3.5,0,True,0.0,0.6096273943164668,0.7448268452563074,0.6108856565309276,0.3048136971582333,0.18620671131407676,0.30544282826546376
11,2006,b0924,4.5,1.0,4.5,1.0,4.5,0,True,0.0,1.2217739100970528,1.4927314873938413,0.0,0.6108869550485262,0.37318287184846005,0.0
11,2007,b0924,4.5,1.0,4.5,1.0,5.5,0,True,0.0,0.6121465157805861,0.7479046421375338,0.6108856565309276,0.30607325789029294,0.18697616053438335,0.30544282826546376
11,2008,b0925,4.5,1.0,5.0,0.5,4.5,0,True,0.0,0.887439702504921,0.7875492255820227,0.0,0.44371985125246044,0.1968873063955056,0.0
11,2009,b0925,4.5,1.0,5.0,0.5,5.5,0,True,0.0,0.887439702504921,0.7875492255820227,0.0,0.44371985125246044,0.1968873063955056,0.0
11,2010,b0926,4.5,1.0,5.5,0.0,5.5,0,False,0.0,0.0,0.0,0.0,0.0,0.0,0.0
11,2011,b0927,4.5,1.5,0.0,5.0,5.0,0,False,0.0,0.0,0.0,0.0,0.0,0.0,0.0
11,2012,b0928,4.5,1.5,0.5,4.5,4.0,0,True,0.0,1.0247271022615547,1.0500656341093628,0.0,0.5123635511307775,0.2625164085273408,0.0
11,2013,b0928,4.5,1.5,0.5,4.5,5.0,0,True,-0.0,1.0247271022615547,1.0500656341093628,0.0,0.5123635511307775,0.2625164085273408,0.0
11,2014,b0929,4.5,1.5,1.0,4.0,3.0,0,True,0.0,0.5842873690763601,0.7953983935245992,0.6738001661193209,0.29214368453817985,0.19884959838114968,0.3369000830596605
11,2015,b0929,4.5,1.5,1.0,4.0,4.0,0,True,0.0,1.3613136884714157,1.8531749584196504,0.0,0.6806568442357079,0.46329373960491277,0.0
11,2016,b0929,4.5,1.5,1.0,4.0,5.0,0,True,-0.0,0.7770263193950557,1.0577765648950517,0.6738001661193209,0.3885131596975281,0.2644441412237631,0.33690008305966046
11,2017,b0930,4.5,1.5,1.5,3.5,3.0,0,True,0.0,0.7446048619936132,1.1189534628364104,0.7513435048843389,0.3723024309968065,0.2797383657091025,0.37567175244216944
11,2018,b0930,4.5,1.5,1.5,3.5,4.0,0,True,-0.0,1.5027479942052917,2.2582515340880276,0.0,0.7513739971026459,0.5645628835220069,0.0
11,2019,b0930,4.5,1.5,1.5,3.5,5.0,0,True,0.0,0.7581431322116787,1.1392980712516176,0.751343504884339,0.3790715661058393,0.2848245178129043,0.3756717524421694
11,2020,b0931,4.5,1.5,2.0,3.0,3.0,0,True,0.0,0.8138647100309899,1.2789873886187721,0.7852462176826736,0.4069323550154952,0.3197468471546933,0.39262310884133694
11,2021,b0931,4.5,1.5,2.0,3.0,4.0,0,True,0.0,1.5714987673689302,2.4696083758420673,0.0,0.7857493836844651,0.6174020939605168,0.0
11,2022,b0931,4.5,1.5,2.0,3.0,5.0,0,True,0.0,0.7576340573379401,1.190620987223294,0.7852462176826737,0.37881702866897,0.29765524680582356,0.39262310884133694
11,2023,b0932,4.5,1.5,2.5,2.5,3.0,0,True,0.0,0.8341819946590926,1.3284592367710797,0.7953613245297116,0.41709099732954613,0.33211480919276976,0.39768066226485577
11,2024,b0932,4.5,1.5,2.5,2.5,4.0,0,True,0.0,1.5925292625309946,2.5361494520175136,0.0,0.7962646312654976,0.6340373630043789,0.0
11,2025,b0932,4.5,1.5,2.5,2.5,5.0,0,True,0.0,0.7583472678719031,1.207690215246437,0.7953613245297115,0.37917363393595166,0.3019225538116094,0.39768066226485577
11,2026,b0933,4.5,1.5,3.0,2.0,3.0,0,True,0.0,0.8138647100309899,1.2789873886187724,0.7852462176826738,0.40693235501549463,0.31974684715469276,0.3926231088413368
11,2027,b0933,4.5,1.5,3.0,2.0,4.0,0,True,0.0,1.5714987673689302,2.4696083758420673,0.0,0.7857493836844652,0.6174020939605169,0.0
11,2028,b0933,4.5,1.5,3.0,2.0,5.0,0,True,0.0,0.7576340573379403,1.1906209872232945,0.7852462176826738,0.37881702866897027,0.29765524680582367,0.39262310884133683
11,2029,b0934,4.5,1.5,3.5,1.5,3.0,0,True,0.0,0.7446048619936133,1.1189534628364106,0.751343504884339,0.3723024309968068,0.2797383657091028,0.37567175244216955
11,2030,b0934,4.5,1.5,3.5,1.5,4.0,0,True,0.0,1.5027479942052917,2.2582515340880276,0.0,0.751373997102646,0.564562883522007,0.0
11,2031,b0934,4.5,1.5,3.5,1.5,5.0,0,True,0.0,0.7581431322116786,1.1392980712516174,0.7513435048843389,0.37907156610583925,0.2848245178129044,0.3756717524421696
11,2032,b0935,4.5,1.5,4.0,1.0,3.0,0,True,0.0,0.5842873690763599,0.7953983935245991,0.673800166119321,0.2921436845381798,0.19884959838114968,0.3369000830596605
11,2033,b0935,4.5,1.5,4.0,1.0,4.0,0,True,-0.0,1.3613136884714154,1.85317495841965,0.0,0.6806568442357079,0.46329373960491277,0.0
11,2034,b0935,4.5,1.5,4.0,1.0,5.0,0,True,0.0,0.7770263193950561,1.0577765648950523,0.673800166119321,0.38851315969752825,0.26444414122376325,0.3369000830596605
11,2035,b0936,4.5,1.5,4.5,0.5,4.0,0,True,0.0,1.0247271022615547,1.0500656341093628,0.0,0.5123635511307775,0.2625164085273408,0.0
11,2036,b0936,4.5,1.5,4.5,0.5,5.0,0,True,0.0,1.0247271022615547,1.0500656341093628,0.0,0.5123635511307775,0.2625164085273408,0.0
11,2037,b0937,4.5,1.5,5.0,0.0,5.0,0,False,0.0,0.0,0.0,0.0,0.0,0.0,0.0
11,2038,b0938,4.5,2.0,0.0,4.5,4.5,0,False,0.0,0.0,0.0,0.0,0.0,0.0,0.0
11,2039,b0939,4.5,2.0,0.5,4.0,3.5,0,True,-0.0,1.0968141653190342,1.2030013132444897,0.0,0.5484070826595171,0.3007503283111224,0.0
11,2040,b0939,4.5,2.0,0.5,4.0,4.5,0,True,0.0,1.0968141653190342,1.2030013132444897,0.0,0.5484070826595171,0.3007503283111224,0.0
11,2041,b0940,4.5,2.0,1.0,3.5,2.5,0,True,0.0,0.5774270082535912,0.82850302692657,0.7036199805760757,0.288713504126796,0.20712575673164282,0.351809990288038
11,2042,b0940,4.5,2.0,1.0,3.5,3.5,0,True,-0.0,1.4348186265695293,2.0587044911508703,0.0,0.7174093132847649,0.5146761227877179,0.0
11,2043,b0940,4.5,2.0,1.0,3.5,4.5,0,True,0.0,0.8573916183159379,1.2302014642243,0.7036199805760756,0.428695809157969,0.30755036605607516,0.351809990288038
11,2044,b0941,4.5,2.0,1.5,3.0,2.5,0,True,0.0,0.7324782390278922,1.1510886497568975,0.7839415023504595,0.3662391195139463,0.28777216243922454,0.3919707511752298
11,2045,b0941,4.5,2.0,1.5,3.0,3.5,0,True,-0.0,1.5714987673689302,2.4696083758420673,0.0,0.7857493836844651,0.6174020939605168,0.0
11,2046,b0941,4.5,2.0,1.5,3.0,4.5,0,True,0.0,0.839020528341038,1.31851972608517,0.7839415023504595,0.41951026417051906,0.3296299315212926,0.3919707511752298
11,2047,b0942,4.5,2.0,2.0,2.5,2.5,0,True,0.0,0.7901932165588424,1.2866533856273166,0.8137862533440258,0.3950966082794215,0.32166334640682936,0.4068931266720129
11,2048,b0942,4.5,2.0,2.0,2.5,3.5,0,True,0.0,1.6282769310909477,2.651285764322955,0.0,0.8141384655454736,0.6628214410807384,0.0
11,2049,b0942,4.5,2.0,2.0,2.5,4.5,0,True,0.0,0.8380837145321051,1.3646323786956378,0.8137862533440258,0.4190418572660523,0.3411580946739093,0.4068931266720129
11,2050,b0943,4.5,2.0,2.5,2.0,2.5,0,True,0.0,0.7901932165588426,1.286653385627317,0.813786253344026,0.395096608279421,0.3216633464068289,0.40689312667201283
11,2051,b0943,4.5,2.0,2.5,2.0,3.5,0,True,-0.0,1.6282769310909477,2.651285764322955,0.0,0.8141384655454739,0.6628214410807387,0.0
11,2052,b0943,4.5,2.0,2.5,2.0,4.5,0,True,0.0,0.8380837145321053,1.3646323786956385,0.813786253344026,0.41904185726605264,0.3411580946739095,0.40689312667201283
11,2053,b0944,4.5,2.0,3.0,1.5,2.5,0,True,0.0,0.7324782390278921,1.151088649756897,0.7839415023504593,0.3662391195139462,0.2877721624392245,0.3919707511752298
11,2054,b0944,4.5,2.0,3.0,1.5,3.5,0,True,0.0,1.5714987673689302,2.4696083758420673,0.0,0.7857493836844652,0.6174020939605169,0.0
11,2055,b0944,4.5,2.0,3.0,1.5,4.5,0,True,0.0,0.839020528341038,1.3185197260851698,0.7839415023504593,0.4195102641705192,0.3296299315212927,0.39197075117522984
11,2056,b0945,4.5,2.0,3.5,1.0,2.5,0,True,0.0,0.577427008253591,0.8285030269265693,0.7036199805760754,0.28871350412679564,0.20712575673164252,0.35180999028803783
11,2057,b0945,4.5,2.0,3.5,1.0,3.5,0,True,0.0,1.434818626569529,2.05870449115087,0.0,0.7174093132847646,0.5146761227877176,0.0
11,2058,b0945,4.5,2.0,3.5,1.0,4.5,0,True,0.0,0.857391618315938,1.2302014642243,0.7036199805760756,0.4286958091579689,0.307550366056075,0.3518099902880379
11,2059,b0946,4.5,2.0,4.0,0.5,3.5,0,True,0.0,1.0968141653190342,1.2030013132444897,0.0,0.5484070826595171,0.3007503283111224,0.0
11,2060,b0946,4.5,2.0,4.0,0.5,4.5,0,True,0.0,1.0968141653190342,1.2030013132444897,0.0,0.5484070826595171,0.3007503283111224,0.0
11,2061,b0947,4.5,2.0,4.5,0.0,4.5,0,False,0.0,0.0,0.0,0.0,0.0,0.0,0.0
11,2062,b0948,4.5,2.5,0.0,4.0,4.0,0,False,0.0,0.0,0.0,0.0,0.0,0.0,0.0
11,2063,b0949,4.5,2.5,0.5,3.5,3.0,0,True,0.0,1.1340469566997653,1.2860624999999994,0.0,0.5670234783498828,0.32151562499999997,0.0
11,2064,b0949,4.5,2.5,0.5,3.5,4.0,0,True,0.0,1.1340469566997653,1.2860624999999994,0.0,0.5670234783498828,0.32151562499999997,0.0
11,2065,b0950,4.5,2.5,1.0,3.0,2.0,0,True,0.0,0.5708855306377822,0.8378857250463576,0.7155245879456383,0.28544276531889123,0.2094714312615895,0.35776229397281917
11,2066,b0950,4.5,2.5,1.0,3.0,3.0,0,True,0.0,1.4676948005851325,2.154128027664632,0.0,0.7338474002925666,0.5385320069161584,0.0
11,2067,b0950,4.5,2.5,1.0,3.0,4.0,0,True,-0.0,0.8968092699473504,1.316242302618275,0.7155245879456382,0.4484046349736753,0.32906057565456887,0.35776229397281917
11,2068,b0951,4.5,2.5,1.5,2.5,2.0,0,True,0.0,0.7150131382792235,1.1386793458037847,0.7921082993454119,0.35750656913961165,0.28466983645094596,0.39605414967270575
11,2069,b0951,4.5,2.5,1.5,2.5,3.0,0,True,-0.0,1.5925292625309957,2.536149452017517,0.0,0.7962646312654976,0.6340373630043789,0.0
11,2070,b0951,4.5,2.5,1.5,2.5,4.0,0,True,0.0,0.8775161242517723,1.3974701062137327,0.792108299345412,0.43875806212588586,0.3493675265534328,0.3960541496727058
11,2071,b0952,4.5,2.5,2.0,2.0,2.0,0,True,0.0,0.7525649681512786,1.2253841767879212,0.8118067168355939,0.37628248407563936,0.3063460441969804,0.40590335841779707
11,2072,b0952,4.5,2.5,2.0,2.0,3.0,0,True,0.0,1.6282769310909484,2.651285764322957,0.0,0.8141384655454745,0.6628214410807398,0.0
11,2073,b0952,4.5,2.5,2.0,2.0,4.0,0,True,0.0,0.8757119629396698,1.4259015875350356,0.8118067168355938,0.43785598146983506,0.3564753968837592,0.40590335841779707
11,2074,b0953,4.5,2.5,2.5,1.5,2.0,0,True,0.0,0.7150131382792235,1.1386793458037847,0.7921082993454119,0.35750656913961165,0.28466983645094596,0.39605414967270575
11,2075,b0953,4.5,2.5,2.5,1.5,3.0,0,True,0.0,1.5925292625309957,2.536149452017517,0.0,0.7962646312654976,0.6340373630043789,0.0
11,2076,b0953,4.5,2.5,2.5,1.5,4.0,0,True,0.0,0.8775161242517723,1.3974701062137325,0.7921082993454119,0.43875806212588586,0.3493675265534328,0.3960541496727058
11,2077,b0954,4.5,2.5,3.0,1.0,2.0,0,True,0.0,0.5708855306377822,0.8378857250463574,0.7155245879456381,0.28544276531889123,0.2094714312615895,0.35776229397281917
11,2078,b0954,4.5,2.5,3.0,1.0,3.0,0,True,0.0,1.4676948005851322,2.154128027664631,0.0,0.7338474002925666,0.5385320069161584,0.0
11,2079,b0954,4.5,2.5,3.0,1.0,4.0,0,True,0.0,0.8968092699473503,1.3162423026182748,0.7155245879456382,0.4484046349736753,0.32906057565456887,0.35776229397281917
11,2080,b0955,4.5,2.5,3.5,0.5,3.0,0,True,0.0,1.1340469566997653,1.2860624999999994,0.0,0.5670234783498828,0.32151562499999997,0.0
11,2081,b0955,4.5,2.5,3.5,0.5,4.0,0,True,0.0,1.1340469566997653,1.2860624999999994,0.0,0.5670234783498828,0.32151562499999997,0.0
11,2082,b0956,4.5,2.5,4.0,0.0,4.0,0,False,0.0,0.0,0.0,0.0,0.0,0.0,0.0
11,2083,b0957,4.5,3.0,0.0,3.5,3.5,0,False,0.0,0.0,0.0,0.0,0.0,0.0,0.0
11,2084,b0958,4.5,3.0,0.5,3.0,2.5,0,True,0.0,1.1456797295216075,1.3125820426367036,0.0,0.5728398647608037,0.3281455106591759,0.0
11,2085,b0958,4.5,3.0,0.5,3.0,3.5,0,True,-0.0,1.1456797295216075,1.3125820426367036,0.0,0.5728398647608037,0.3281455106591759,0.0
11,2086,b0959,4.5,3.0,1.0,2.5,1.5,0,True,0.0,0.559467820025025,0.821128010545428,0.7128280079387133,0.2797339100125123,0.2052820026363568,0.35641400396935646
11,2087,b0959,4.5,3.0,1.0,2.5,2.5,0,True,0.0,1.4676948005851325,2.154128027664632,0.0,0.7338474002925661,0.5385320069161578,0.0
11,2088,b0959,4.5,3.0,1.0,2.5,3.5,0,True,0.0,0.9082269805601076,1.3330000171192045,0.7128280079387133,0.4541134902800536,0.3332500042798008,0.35641400396935646
11,2089,b0960,4.5,3.0,1.5,2.0,1.5,0,True,-0.0,0.6836463564260316,1.0743494064397692,0.7790873287284171,0.3418231782130157,0.2685873516099421,0.38954366436420834
11,2090,b0960,4.5,3.0,1.5,2.0,2.5,0,True,0.0,1.5714987673689302,2.4696083758420673,0.0,0.785749383684465,0.6174020939605166,0.0
11,2091,b0960,4.5,3.0,1.5,2.0,3.5,0,True,0.0,0.8878524109428989,1.3952589694022988,0.779087328728417,0.44392620547144923,0.3488147423505744,0.3895436643642084
11,2092,b0961,4.5,3.0,2.0,1.5,1.5,0,True,0.0,0.6836463564260313,1.074349406439769,0.7790873287284171,0.3418231782130159,0.2685873516099424,0.38954366436420856
11,2093,b0961,4.5,3.0,2.0,1.5,2.5,0,True,-0.0,1.5714987673689302,2.4696083758420673,0.0,0.7857493836844656,0.6174020939605175,0.0
11,2094,b0961,4.5,3.0,2.0,1.5,3.5,0,True,0.0,0.8878524109428992,1.3952589694022997,0.7790873287284172,0.4439262054714495,0.3488147423505748,0.38954366436420856
11,2095,b0962,4.5,3.0,2.5,1.0,1.5,0,True,0.0,0.5594678200250248,0.8211280105454275,0.712828007938713,0.2797339100125123,0.2052820026363568,0.35641400396935646
11,2096,b0962,4.5,3.0,2.5,1.0,2.5,0,True,0.0,1.4676948005851322,2.154128027664631,0.0,0.7338474002925661,0.5385320069161578,0.0
11,2097,b0962,4.5,3.0,2.5,1.0,3.5,0,True,-0.0,0.9082269805601074,1.3330000171192038,0.7128280079387131,0.45411349028005377,0.33325000427980095,0.35641400396935646
11,2098,b0963,4.5,3.0,3.0,0.5,2.5,0,True,0.0,1.1456797295216075,1.3125820426367036,0.0,0.5728398647608037,0.3281455106591759,0.0
11,2099,b0963,4.5,3.0,3.0,0.5,3.5,0,True,0.0,1.1456797295216075,1.3125820426367036,0.0,0.5728398647608037,0.3281455106591759,0.0
11,2100,b0964,4.5,3.0,3.5,0.0,3.5,0,False,0.0,0.0,0.0,0.0,0.0,0.0,0.0
11,2101,b0965,4.5,3.5,0.0,3.0,3.0,0,False,0.0,0.0,0.0,0.0,0.0,0.0,0.0
11,2102,b0966,4.5,3.5,0.5,2.5,2.0,0,True,0.0,1.1340469566997644,1.2860624999999972,0.0,0.5670234783498822,0.3215156249999993,0.0
11,2103,b0966,4.5,3.5,0.5,2.5,3.0,0,True,-0.0,1.1340469566997644,1.2860624999999972,0.0,0.5670234783498822,0.3215156249999993,0.0
11,2104,b0967,4.5,3.5,1.0,2.0,1.0,0,True,0.0,0.5389318743700208,0.7732694917981351,0.6948538886601637,0.26946593718501066,0.19331737294953422,0.3474269443300823
11,2105,b0967,4.5,3.5,1.0,2.0,2.0,0,True,-0.0,1.4348186265695295,2.058704491150871,0.0,0.7174093132847651,0.5146761227877182,0.0
11,2106,b0967,4.5,3.5,1.0,2.0,3.0,0,True,0.0,0.8958867521995082,1.2854349993527343,0.6948538886601638,0.4479433760997546,0.3213587498381843,0.3474269443300823
11,2107,b0968,4.5,3.5,1.5,1.5,1.0,0,True,0.0,0.6254680840746351,0.9399209087825853,0.7407500149082621,0.31273404203731753,0.23498022719564624,0.37037500745413093
11,2108,b0968,4.5,3.5,1.5,1.5,2.0,0,True,0.0,1.502747994205293,2.2582515340880316,0.0,0.751373997102646,0.564562883522007,0.0
11,2109,b0968,4.5,3.5,1.5,1.5,3.0,0,True,0.0,0.877279910130658,1.3183306253054459,0.7407500149082621,0.4386399550653287,0.32958265632636113,0.37037500745413093
11,2110,b0969,4.5,3.5,2.0,1.0,1.0,0,True,0.0,0.5389318743700209,0.7732694917981352,0.6948538886601637,0.26946593718501066,0.19331737294953422,0.3474269443300823
11,2111,b0969,4.5,3.5,2.0,1.0,2.0,0,True,0.0,1.4348186265695295,2.058704491150871,0.0,0.7174093132847651,0.5146761227877182,0.0
11,2112,b0969,4.5,3.5,2.0,1.0,3.0,0,True,-0.0,0.8958867521995081,1.285434999352734,0.6948538886601638,0.4479433760997546,0.3213587498381843,0.3474269443300823
11,2113,b0970,4.5,3.5,2.5,0.5,2.0,0,True,0.0,1.1340469566997644,1.2860624999999972,0.0,0.5670234783498822,0.3215156249999993,0.0
11,2114,b0970,4.5,3.5,2.5,0.5,3.0,0,True,0.0,1.1340469566997644,1.2860624999999972,0.0,0.5670234783498822,0.3215156249999993,0.0
11,2115,b0971,4.5,3.5,3.0,0.0,3.0,0,False,0.0,0.0,0.0,0.0,0.0,0.0,0.0
11,2116,b0972,4.5,4.0,0.0,2.5,2.5,0,False,0.0,0.0,0.0,0.0,0.0,0.0,0.0
11,2117,b0973,4.5,4.0,0.5,2.0,1.5,0,True,0.0,1.096814165319036,1.2030013132444937,0.0,0.548407082659518,0.3007503283111234,0.0
11,2118,b0973,4.5,4.0,0.5,2.0,2.5,0,True,0.0,1.096814165319036,1.2030013132444937,0.0,0.548407082659518,0.3007503283111234,0.0
11,2119,b0974,4.5,4.0,1.0,1.5,0.5,0,True,0.0,0.5008177449225942,0.6817700515925134,0.656469068550195,0.250408872461297,0.17044251289812812,0.3282345342750973
11,2120,b0974,4.5,4.0,1.0,1.5,1.5,0,True,-0.0,1.3613136884714159,1.853174958419651,0.0,0.6806568442357074,0.46329373960491205,0.0
11,2121,b0974,4.5,4.0,1.0,1.5,2.5,0,True,0.0,0.8604959435488215,1.1714049068271373,0.6564690685501949,0.4302479717744103,0.2928512267067838,0.3282345342750973
11,2122,b0975,4.5,4.0,1.5,1.0,0.5,0,True,0.0,0.5008177449225941,0.681770051592513,0.6564690685501949,0.250408872461297,0.1704425128981282,0.3282345342750974
11,2123,b0975,4.5,4.0,1.5,1.0,1.5,0,True,0.0,1.3613136884714159,1.853174958419651,0.0,0.6806568442357078,0.4632937396049126,0.0
11,2124,b0975,4.5,4.0,1.5,1.0,2.5,0,True,0.0,0.8604959435488213,1.1714049068271368,0.6564690685501949,0.43024797177441065,0.29285122670678415,0.3282345342750974
11,2125,b0976,4.5,4.0,2.0,0.5,1.5,0,True,0.0,1.096814165319036,1.2030013132444937,0.0,0.548407082659518,0.3007503283111234,0.0
11,2126,b0976,4.5,4.0,2.0,0.5,2.5,0,True,0.0,1.096814165319036,1.2030013132444937,0.0,0.548407082659518,0.3007503283111234,0.0
11,2127,b0977,4.5,4.0,2.5,0.0,2.5,0,False,0.0,0.0,0.0,0.0,0.0,0.0,0.0
11,2128,b0978,4.5,4.5,0.0,2.0,2.0,0,False,0.0,0.0,0.0,0.0,0.0,0.0,0.0
11,2129,b0979,4.5,4.5,0.5,1.5,1.0,0,True,0.0,1.0247271022615554,1.0500656341093642,0.0,0.5123635511307777,0.26251640852734104,0.0
11,2130,b0979,4.5,4.5,0.5,1.5,2.0,0,True,0.0,1.0247271022615554,1.0500656341093642,0.0,0.5123635511307777,0.26251640852734104,0.0
11,2131,b0980,4.5,4.5,1.0,1.0,0.0,0,True,0.0,0.41565504157940264,0.5078364854020191,0.5788500425944911,0.2078275207897014,0.12695912135050488,0.2894250212972457
11,2132,b0980,4.5,4.5,1.0,1.0,1.0,0,True,-0.0,1.2217739100970513,1.4927314873938375,0.0,0.6108869550485261,0.37318287184845994,0.0
11,2133,b0980,4.5,4.5,1.0,1.0,2.0,0,True,0.0,0.8061188685176487,0.9848950019918183,0.5788500425944911,0.40305943425882446,0.24622375049795475,0.2894250212972457
11,2134,b0981,4.5,4.5,1.5,0.5,1.0,0,True,0.0,1.0247271022615556,1.0500656341093646,0.0,0.5123635511307777,0.26251640852734104,0.0
11,2135,b0981,4.5,4.5,1.5,0.5,2.0,0,True,0.0,1.0247271022615556,1.0500656341093646,0.0,0.5123635511307777,0.26251640852734104,0.0
11,2136,b0982,4.5,4.5,2.0,0.0,2.0,0,False,0.0,0.0,0.0,0.0,0.0,0.0,0.0
11,2137,b0983,4.5,5.0,0.0,1.5,1.5,0,False,0.0,0.0,0.0,0.0,0.0,0.0,0.0
11,2138,b0984,4.5,5.0,0.5,1.0,0.5,0,True,0.0,0.8874397025049207,0.7875492255820221,0.0,0.4437198512524603,0.19688730639550547,0.0
11,2139,b0984,4.5,5.0,0.5,1.0,1.5,0,True,-0.0,0.8874397025049207,0.7875492255820221,0.0,0.4437198512524603,0.19688730639550547,0.0
11,2140,b0985,4.5,5.0,1.0,0.5,0.5,0,True,0.0,0.8874397025049207,0.7875492255820221,0.0,0.4437198512524604,0.19688730639550556,0.0
11,2141,b0985,4.5,5.0,1.0,0.5,1.5,0,True,0.0,0.8874397025049207,0.7875492255820221,0.0,0.4437198512524604,0.19688730639550556,0.0
11,2142,b0986,4.5,5.0,1.5,0.0,1.5,0,False,0.0,0.0,0.0,0.0,0.0,0.0,0.0
11,2143,b0987,4.5,5.5,0.0,1.0,1.0,0,False,0.0,0.0,0.0,0.0,0.0,0.0,0.0
11,2144,b0988,4.5,5.5,0.5,0.5,1.0,0,True,0.0,0.0,0.0,0.0,0.0,0.0,0.0
11,2145,b0989,4.5,5.5,1.0,0.0,1.0,0,False,0.0,0.0,0.0,0.0,0.0,0.0,0.0
11,2146,b0990,5.0,0.0,0.5,5.5,5.0,0,False,0.0,0.0,0.0,0.0,0.0,0.0,0.0
11,2147,b0991,5.0,0.0,1.0,5.0,5.0,0,False,0.0,0.0,0.0,0.0,0.0,0.0,0.0
11,2148,b0992,5.0,0.0,1.5,4.5,5.0,0,False,0.0,0.0,0.0,0.0,0.0,0.0,0.0
11,2149,b0993,5.0,0.0,2.0,4.0,5.0,0,False,0.0,0.0,0.0,0.0,0.0,0.0,0.0
11,2150,b0994,5.0,0.0,2.5,3.5,5.0,0,False,0.0,0.0,0.0,0.0,0.0,0.0,0.0
11,2151,b0995,5.0,0.0,3.0,3.0,5.0,0,False,0.0,0.0,0.0,0.0,0.0,0.0,0.0
11,2152,b0996,5.0,0.0,3.5,2.5,5.0,0,False,0.0,0.0,0.0,0.0,0.0,0.0,0.0
11,2153,b0997,5.0,0.0,4.0,2.0,5.0,0,False,0.0,0.0,0.0,0.0,0.0,0.0,0.0
11,2154,b0998,5.0,0.0,4.5,1.5,5.0,0,False,0.0,0.0,0.0,0.0,0.0,0.0,0.0
11,2155,b0999,5.0,0.0,5.0,1.0,5.0,0,False,0.0,0.0,0.0,0.0,0.0,0.0,0.0
11,2156,b1000,5.0,0.0,5.5,0.5,5.0,0,False,0.0,0.0,0.0,0.0,0.0,0.0,0.0
11,2157,b1001,5.0,0.5,0.0,5.5,5.5,0,False,0.0,0.0,0.0,0.0,0.0,0.0,0.0
11,2158,b1002,5.0,0.5,0.5,5.0,4.5,0,True,-0.0,0.7661622117255847,0.5870045346762397,0.0,0.38308110586279237,0.14675113366905992,0.0
11,2159,b1002,5.0,0.5,0.5,5.0,5.5,0,True,0.0,0.7661622117255847,0.5870045346762397,0.0,0.38308110586279237,0.14675113366905992,0.0
11,2160,b1003,5.0,0.5,1.0,4.5,4.5,0,True,-0.0,0.887439702504921,0.7875492255820227,0.0,0.44371985125246044,0.1968873063955056,0.0
11,2161,b1003,5.0,0.5,1.0,4.5,5.5,0,True,0.0,0.887439702504921,0.7875492255820227,0.0,0.44371985125246044,0.1968873063955056,0.0
11,2162,b1004,5.0,0.5,1.5,4.0,4.5,0,True,0.0,0.953616020618217,0.9093835147797238,0.0,0.4768080103091084,0.22734587869493084,0.0
11,2163,b1004,5.0,0.5,1.5,4.0,5.5,0,True,0.0,0.953616020618217,0.9093835147797238,0.0,0.4768080103091084,0.22734587869493084,0.0
11,2164,b1005,5.0,0.5,2.0,3.5,4.5,0,True,0.0,0.9910834773699391,0.9822464591156905,0.0,0.49554173868496953,0.24556161477892263,0.0
11,2165,b1005,5.0,0.5,2.0,3.5,5.5,0,True,0.0,0.9910834773699391,0.9822464591156905,0.0,0.49554173868496953,0.24556161477892263,0.0
11,2166,b1006,5.0,0.5,2.5,3.0,4.5,0,True,0.0,1.0083261765582474,1.0167216783325739,0.0,0.5041630882791236,0.25418041958314336,0.0
11,2167,b1006,5.0,0.5,2.5,3.0,5.5,0,True,0.0,1.0083261765582474,1.0167216783325739,0.0,0.5041630882791236,0.25418041958314336,0.0
11,2168,b1007,5.0,0.5,3.0,2.5,4.5,0,True,0.0,1.0083261765582474,1.0167216783325739,0.0,0.5041630882791237,0.25418041958314347,0.0
11,2169,b1007,5.0,0.5,3.0,2.5,5.5,0,True,0.0,1.0083261765582474,1.0167216783325739,0.0,0.5041630882791237,0.25418041958314347,0.0
11,2170,b1008,5.0,0.5,3.5,2.0,4.5,0,True,0.0,0.9910834773699391,0.9822464591156905,0.0,0.49554173868496953,0.24556161477892263,0.0
11,2171,b1008,5.0,0.5,3.5,2.0,5.5,0,True,0.0,0.9910834773699391,0.9822464591156905,0.0,0.49554173868496953,0.24556161477892263,0.0
11,2172,b1009,5.0,0.5,4.0,1.5,4.5,0,True,0.0,0.9536160206182168,0.9093835147797233,0.0,0.4768080103091085,0.22734587869493095,0.0
11,2173,b1009,5.0,0.5,4.0,1.5,5.5,0,True,0.0,0.9536160206182168,0.9093835147797233,0.0,0.4768080103091085,0.22734587869493095,0.0
11,2174,b1010,5.0,0.5,4.5,1.0,4.5,0,True,0.0,0.8874397025049209,0.7875492255820224,0.0,0.44371985125246044,0.1968873063955056,0.0
11,2175,b1010,5.0,0.5,4.5,1.0,5.5,0,True,0.0,0.8874397025049209,0.7875492255820224,0.0,0.44371985125246044,0.1968873063955056,0.0
11,2176,b1011,5.0,0.5,5.0,0.5,4.5,0,True,0.0,0.7661622117255843,0.587004534676239,0.0,0.3830811058627922,0.1467511336690598,0.0
11,2177,b1011,5.0,0.5,5.0,0.5,5.5,0,True,0.0,0.7661622117255843,0.587004534676239,0.0,0.3830811058627922,0.1467511336690598,0.0
11,2178,b1012,5.0,0.5,5.5,0.0,5.5,0,False,0.0,0.0,0.0,0.0,0.0,0.0,0.0
11,2179,b1013,5.0,1.0,0.0,5.0,5.0,0,False,0.0,0.0,0.0,0.0,0.0,0.0,0.0
11,2180,b1014,5.0,1.0,0.5,4.5,4.0,0,True,0.0,0.8874397025049208,0.7875492255820222,0.0,0.4437198512524604,0.19688730639550556,0.0
11,2181,b1014,5.0,1.0,0.5,4.5,5.0,0,True,-0.0,0.8874397025049208,0.7875492255820222,0.0,0.4437198512524604,0.19688730639550556,0.0
11,2182,b1015,5.0,1.0,1.0,4.0,4.0,0,True,0.0,1.024727102261555,1.0500656341093633,0.0,0.5123635511307775,0.2625164085273408,0.0
11,2183,b1015,5.0,1.0,1.0,4.0,5.0,0,True,-0.0,1.024727102261555,1.0500656341093633,0.0,0.5123635511307775,0.2625164085273408,0.0
11,2184,b1016,5.0,1.0,1.5,3.5,4.0,0,True,0.0,1.096814165319034,1.2030013132444892,0.0,0.5484070826595171,0.3007503283111224,0.0
11,2185,b1016,5.0,1.0,1.5,3.5,5.0,0,True,0.0,1.096814165319034,1.2030013132444892,0.0,0.5484070826595171,0.3007503283111224,0.0
11,2186,b1017,5.0,1.0,2.0,3.0,4.0,0,True,0.0,1.1340469566997655,1.2860624999999999,0.0,0.5670234783498826,0.32151562499999986,0.0
11,2187,b1017,5.0,1.0,2.0,3.0,5.0,0,True,-0.0,1.1340469566997655,1.2860624999999999,0.0,0.5670234783498826,0.32151562499999986,0.0
11,2188,b1018,5.0,1.0,2.5,2.5,4.0,0,True,0.0,1.1456797295216075,1.3125820426367036,0.0,0.5728398647608037,0.3281455106591759,0.0
11,2189,b1018,5.0,1.0,2.5,2.5,5.0,0,True,-0.0,1.1456797295216075,1.3125820426367036,0.0,0.5728398647608037,0.3281455106591759,0.0
11,2190,b1019,5.0,1.0,3.0,2.0,4.0,0,True,0.0,1.1340469566997653,1.2860624999999994,0.0,0.5670234783498826,0.32151562499999986,0.0
11,2191,b1019,5.0,1.0,3.0,2.0,5.0,0,True,0.0,1.1340469566997653,1.2860624999999994,0.0,0.5670234783498826,0.32151562499999986,0.0
11,2192,b1020,5.0,1.0,3.5,1.5,4.0,0,True,0.0,1.096814165319034,1.2030013132444892,0.0,0.5484070826595171,0.3007503283111224,0.0
11,2193,b1020,5.0,1.0,3.5,1.5,5.0,0,True,-0.0,1.096814165319034,1.2030013132444892,0.0,0.5484070826595171,0.3007503283111224,0.0
11,2194,b1021,5.0,1.0,4.0,1.0,4.0,0,True,0.0,1.024727102261555,1.0500656341093633,0.0,0.5123635511307775,0.2625164085273408,0.0
11,2195,b1021,5.0,1.0,4.0,1.0,5.0,0,True,0.0,1.024727102261555,1.0500656341093633,0.0,0.5123635511307775,0.2625164085273408,0.0
11,2196,b1022,5.0,1.0,4.5,0.5,4.0,0,True,0.0,0.8874397025049208,0.7875492255820222,0.0,0.4437198512524604,0.19688730639550556,0.0
11,2197,b1022,5.0,1.0,4.5,0.5,5.0,0,True,0.0,0.8874397025049208,0.7875492255820222,0.0,0.4437198512524604,0.19688730639550556,0.0
11,2198,b1023,5.0,1.0,5.0,0.0,5.0,0,False,0.0,0.0,0.0,0.0,0.0,0.0,0.0
11,2199,b1024,5.0,1.5,0.0,4.5,4.5,0,False,0.0,0.0,0.0,0.0,0.0,0.0,0.0
11,2200,b1025,5.0,1.5,0.5,4.0,3.5,0,True,0.0,0.9536160206182168,0.9093835147797233,0.0,0.4768080103091085,0.22734587869493095,0.0
11,2201,b1025,5.0,1.5,0.5,4.0,4.5,0,True,0.0,0.9536160206182168,0.9093835147797233,0.0,0.4768080103091085,0.22734587869493095,0.0
11,2202,b1026,5.0,1.5,1.0,3.5,3.5,0,True,0.0,1.0968141653190344,1.2030013132444901,0.0,0.5484070826595171,0.3007503283111224,0.0
11,2203,b1026,5.0,1.5,1.0,3.5,4.5,0,True,-0.0,1.0968141653190344,1.2030013132444901,0.0,0.5484070826595171,0.3007503283111224,0.0
11,2204,b1027,5.0,1.5,1.5,3.0,3.5,0,True,0.0,1.1679363305290171,1.3640752721695855,0.0,0.5839681652645086,0.34101881804239637,0.0
11,2205,b1027,5.0,1.5,1.5,3.0,4.5,0,True,-0.0,1.1679363305290171,1.3640752721695855,0.0,0.5839681652645086,0.34101881804239637,0.0
11,2206,b1028,5.0,1.5,2.0,2.5,3.5,0,True,0.0,1.1991086634065575,1.4378615866566609,0.0,0.5995543317032788,0.3594653966641652,0.0
11,2207,b1028,5.0,1.5,2.0,2.5,4.5,0,True,-0.0,1.1991086634065575,1.4378615866566609,0.0,0.5995543317032788,0.3594653966641652,0.0
11,2208,b1029,5.0,1.5,2.5,2.0,3.5,0,True,0.0,1.1991086634065575,1.4378615866566609,0.0,0.5995543317032788,0.3594653966641652,0.0
11,2209,b1029,5.0,1.5,2.5,2.0,4.5,0,True,0.0,1.1991086634065575,1.4378615866566609,0.0,0.5995543317032788,0.3594653966641652,0.0
11,2210,b1030,5.0,1.5,3.0,1.5,3.5,0,True,0.0,1.1679363305290171,1.3640752721695855,0.0,0.5839681652645086,0.34101881804239637,0.0
11,2211,b1030,5.0,1.5,3.0,1.5,4.5,0,True,0.0,1.1679363305290171,1.3640752721695855,0.0,0.5839681652645086,0.34101881804239637,0.0
11,2212,b1031,5.0,1.5,3.5,1.0,3.5,0,True,0.0,1.0968141653190344,1.2030013132444901,0.0,0.5484070826595172,0.30075032831112253,0.0
11,2213,b1031,5.0,1.5,3.5,1.0,4.5,0,True,0.0,1.0968141653190344,1.2030013132444901,0.0,0.5484070826595172,0.30075032831112253,0.0
11,2214,b1032,5.0,1.5,4.0,0.5,3.5,0,True,0.0,0.9536160206182168,0.9093835147797233,0.0,0.4768080103091085,0.22734587869493095,0.0
11,2215,b1032,5.0,1.5,4.0,0.5,4.5,0,True,0.0,0.9536160206182168,0.9093835147797233,0.0,0.4768080103091085,0.22734587869493095,0.0
11,2216,b1033,5.0,1.5,4.5,0.0,4.5,0,False,0.0,0.0,0.0,0.0,0.0,0.0,0.0
11,2217,b1034,5.0,2.0,0.0,4.0,4.0,0,False,0.0,0.0,0.0,0.0,0.0,0.0,0.0
11,2218,b1035,5.0,2.0,0.5,3.5,3.0,0,True,0.0,0.9910834773699391,0.9822464591156905,0.0,0.49554173868496953,0.24556161477892263,0.0
11,2219,b1035,5.0,2.0,0.5,3.5,4.0,0,True,0.0,0.9910834773699391,0.9822464591156905,0.0,0.49554173868496953,0.24556161477892263,0.0
11,2220,b1036,5.0,2.0,1.0,3.0,3.0,0,True,0.0,1.1340469566997657,1.2860625000000003,0.0,0.5670234783498829,0.3215156250000001,0.0
11,2221,b1036,5.0,2.0,1.0,3.0,4.0,0,True,0.0,1.1340469566997657,1.2860625000000003,0.0,0.5670234783498829,0.3215156250000001,0.0
11,2222,b1037,5.0,2.0,1.5,2.5,3.0,0,True,0.0,1.1991086634065573,1.4378615866566604,0.0,0.5995543317032788,0.3594653966641652,0.0
11,2223,b1037,5.0,2.0,1.5,2.5,4.0,0,True,-0.0,1.1991086634065573,1.4378615866566604,0.0,0.5995543317032788,0.3594653966641652,0.0
11,2224,b1038,5.0,2.0,2.0,2.0,3.0,0,True,0.0,1.218612760945562,1.4850170611393652,0.0,0.609306380472781,0.3712542652848413,0.0
11,2225,b1038,5.0,2.0,2.0,2.0,4.0,0,True,0.0,1.218612760945562,1.4850170611393652,0.0,0.609306380472781,0.3712542652848413,0.0
11,2226,b1039,5.0,2.0,2.5,1.5,3.0,0,True,0.0,1.1991086634065573,1.4378615866566604,0.0,0.5995543317032787,0.3594653966641651,0.0
11,2227,b1039,5.0,2.0,2.5,1.5,4.0,0,True,0.0,1.1991086634065573,1.4378615866566604,0.0,0.5995543317032787,0.3594653966641651,0.0
11,2228,b1040,5.0,2.0,3.0,1.0,3.0,0,True,0.0,1.1340469566997657,1.2860625000000003,0.0,0.5670234783498829,0.3215156250000001,0.0
11,2229,b1040,5.0,2.0,3.0,1.0,4.0,0,True,0.0,1.1340469566997657,1.2860625000000003,0.0,0.5670234783498829,0.3215156250000001,0.0
11,2230,b1041,5.0,2.0,3.5,0.5,3.0,0,True,0.0,0.9910834773699391,0.9822464591156905,0.0,0.4955417386849694,0.24556161477892252,0.0
11,2231,b1041,5.0,2.0,3.5,0.5,4.0,0,True,0.0,0.9910834773699391,0.9822464591156905,0.0,0.4955417386849694,0.24556161477892252,0.0
11,2232,b1042,5.0,2.0,4.0,0.0,4.0,0,False,0.0,0.0,0.0,0.0,0.0,0.0,0.0
11,2233,b1043,5.0,2.5,0.0,3.5,3.5,0,False,0.0,0.0,0.0,0.0,0.0,0.0,0.0
11,2234,b1044,5.0,2.5,0.5,3.0,2.5,0,True,-0.0,1.0083261765582474,1.0167216783325739,0.0,0.5041630882791236,0.25418041958314336,0.0
11,2235,b1044,5.0,2.5,0.5,3.0,3.5,0,True,0.0,1.0083261765582474,1.0167216783325739,0.0,0.5041630882791236,0.25418041958314336,0.0
11,2236,b1045,5.0,2.5,1.0,2.5,2.5,0,True,-0.0,1.145679729521608,1.3125820426367047,0.0,0.572839864760804,0.3281455106591762,0.0
11,2237,b1045,5.0,2.5,1.0,2.5,3.5,0,True,0.0,1.145679729521608,1.3125820426367047,0.0,0.572839864760804,0.3281455106591762,0.0
11,2238,b1046,5.0,2.5,1.5,2.0,2.5,0,True,0.0,1.1991086634065575,1.4378615866566609,0.0,0.5995543317032788,0.3594653966641652,0.0
11,2239,b1046,5.0,2.5,1.5,2.0,3.5,0,True,0.0,1.1991086634065575,1.4378615866566609,0.0,0.5995543317032788,0.3594653966641652,0.0
11,2240,b1047,5.0,2.5,2.0,1.5,2.5,0,True,0.0,1.1991086634065575,1.4378615866566609,0.0,0.5995543317032789,0.3594653966641653,0.0
11,2241,b1047,5.0,2.5,2.0,1.5,3.5,0,True,0.0,1.1991086634065575,1.4378615866566609,0.0,0.5995543317032789,0.3594653966641653,0.0
11,2242,b1048,5.0,2.5,2.5,1.0,2.5,0,True,0.0,1.1456797295216081,1.3125820426367052,0.0,0.5728398647608042,0.3281455106591764,0.0
11,2243,b1048,5.0,2.5,2.5,1.0,3.5,0,True,0.0,1.1456797295216081,1.3125820426367052,0.0,0.5728398647608042,0.3281455106591764,0.0
11,2244,b1049,5.0,2.5,3.0,0.5,2.5,0,True,0.0,1.0083261765582472,1.0167216783325734,0.0,0.5041630882791236,0.25418041958314336,0.0
11,2245,b1049,5.0,2.5,3.0,0.5,3.5,0,True,0.0,1.0083261765582472,1.0167216783325734,0.0,0.5041630882791236,0.25418041958314336,0.0
11,2246,b1050,5.0,2.5,3.5,0.0,3.5,0,False,0.0,0.0,0.0,0.0,0.0,0.0,0.0
11,2247,b1051,5.0,3.0,0.0,3.0,3.0,0,False,0.0,0.0,0.0,0.0,0.0,0.0,0.0
11,2248,b1052,5.0,3.0,0.5,2.5,2.0,0,True,0.0,1.0083261765582467,1.0167216783325725,0.0,0.5041630882791235,0.25418041958314325,0.0
11,2249,b1052,5.0,3.0,0.5,2.5,3.0,0,True,0.0,1.0083261765582467,1.0167216783325725,0.0,0.5041630882791235,0.25418041958314325,0.0
11,2250,b1053,5.0,3.0,1.0,2.0,2.0,0,True,0.0,1.134046956699764,1.2860624999999963,0.0,0.567023478349882,0.3215156249999991,0.0
11,2251,b1053,5.0,3.0,1.0,2.0,3.0,0,True,-0.0,1.134046956699764,1.2860624999999963,0.0,0.567023478349882,0.3215156249999991,0.0
11,2252,b1054,5.0,3.0,1.5,1.5,2.0,0,True,0.0,1.1679363305290171,1.3640752721695855,0.0,0.5839681652645085,0.34101881804239625,0.0
11,2253,b1054,5.0,3.0,1.5,1.5,3.0,0,True,0.0,1.1679363305290171,1.3640752721695855,0.0,0.5839681652645085,0.34101881804239625,0.0
11,2254,b1055,5.0,3.0,2.0,1.0,2.0,0,True,0.0,1.134046956699764,1.2860624999999963,0.0,0.5670234783498821,0.3215156249999992,0.0
11,2255,b1055,5.0,3.0,2.0,1.0,3.0,0,True,0.0,1.134046956699764,1.2860624999999963,0.0,0.5670234783498821,0.3215156249999992,0.0
11,2256,b1056,5.0,3.0,2.5,0.5,2.0,0,True,0.0,1.0083261765582467,1.0167216783325725,0.0,0.5041630882791234,0.25418041958314314,0.0
11,2257,b1056,5.0,3.0,2.5,0.5,3.0,0,True,0.0,1.0083261765582467,1.0167216783325725,0.0,0.5041630882791234,0.25418041958314314,0.0
11,2258,b1057,5.0,3.0,3.0,0.0,3.0,0,False,0.0,0.0,0.0,0.0,0.0,0.0,0.0
11,2259,b1058,5.0,3.5,0.0,2.5,2.5,0,False,0.0,0.0,0.0,0.0,0.0,0.0,0.0
11,2260,b1059,5.0,3.5,0.5,2.0,1.5,0,True,0.0,0.9910834773699394,0.9822464591156912,0.0,0.4955417386849697,0.2455616147789228,0.0
11,2261,b1059,5.0,3.5,0.5,2.0,2.5,0,True,0.0,0.9910834773699394,0.9822464591156912,0.0,0.4955417386849697,0.2455616147789228,0.0
11,2262,b1060,5.0,3.5,1.0,1.5,1.5,0,True,0.0,1.0968141653190353,1.203001313244492,0.0,0.5484070826595177,0.300750328311123,0.0
11,2263,b1060,5.0,3.5,1.0,1.5,2.5,0,True,0.0,1.0968141653190353,1.203001313244492,0.0,0.5484070826595177,0.300750328311123,0.0
11,2264,b1061,5.0,3.5,1.5,1.0,1.5,0,True,0.0,1.096814165319035,1.2030013132444917,0.0,0.5484070826595175,0.3007503283111229,0.0
11,2265,b1061,5.0,3.5,1.5,1.0,2.5,0,True,0.0,1.096814165319035,1.2030013132444917,0.0,0.5484070826595175,0.3007503283111229,0.0
11,2266,b1062,5.0,3.5,2.0,0.5,1.5,0,True,0.0,0.9910834773699394,0.9822464591156912,0.0,0.4955417386849697,0.2455616147789228,0.0
11,2267,b1062,5.0,3.5,2.0,0.5,2.5,0,True,0.0,0.9910834773699394,0.9822464591156912,0.0,0.4955417386849697,0.2455616147789228,0.0
11,2268,b1063,5.0,3.5,2.5,0.0,2.5,0,False,0.0,0.0,0.0,0.0,0.0,0.0,0.0
11,2269,b1064,5.0,4.0,0.0,2.0,2.0,0,False,0.0,0.0,0.0,0.0,0.0,0.0,0.0
11,2270,b1065,5.0,4.0,0.5,1.5,1.0,0,True,0.0,0.953616020618218,0.9093835147797257,0.0,0.476808010309109,0.22734587869493142,0.0
11,2271,b1065,5.0,4.0,0.5,1.5,2.0,0,True,0.0,0.953616020618218,0.9093835147797257,0.0,0.476808010309109,0.22734587869493142,0.0
11,2272,b1066,5.0,4.0,1.0,1.0,1.0,0,True,0.0,1.0247271022615543,1.050065634109362,0.0,0.5123635511307771,0.2625164085273405,0.0
11,2273,b1066,5.0,4.0,1.0,1.0,2.0,0,True,0.0,1.0247271022615543,1.050065634109362,0.0,0.5123635511307771,0.2625164085273405,0.0
11,2274,b1067,5.0,4.0,1.5,0.5,1.0,0,True,0.0,0.9536160206182178,0.9093835147797252,0.0,0.476808010309109,0.22734587869493142,0.0
11,2275,b1067,5.0,4.0,1.5,0.5,2.0,0,True,0.0,0.9536160206182178,0.9093835147797252,0.0,0.476808010309109,0.22734587869493142,0.0
11,2276,b1068,5.0,4.0,2.0,0.0,2.0,0,False,0.0,0.0,0.0,0.0,0.0,0.0,0.0
11,2277,b1069,5.0,4.5,0.0,1.5,1.5,0,False,0.0,0.0,0.0,0.0,0.0,0.0,0.0
11,2278,b1070,5.0,4.5,0.5,1.0,0.5,0,True,0.0,0.8874397025049207,0.7875492255820221,0.0,0.4437198512524603,0.19688730639550547,0.0
11,2279,b1070,5.0,4.5,0.5,1.0,1.5,0,True,0.0,0.8874397025049207,0.7875492255820221,0.0,0.4437198512524603,0.19688730639550547,0.0
11,2280,b1071,5.0,4.5,1.0,0.5,0.5,0,True,0.0,0.8874397025049207,0.7875492255820221,0.0,0.4437198512524603,0.19688730639550547,0.0
11,2281,b1071,5.0,4.5,1.0,0.5,1.5,0,True,0.0,0.8874397025049207,0.7875492255820221,0.0,0.4437198512524603,0.19688730639550547,0.0
11,2282,b1072,5.0,4.5,1.5,0.0,1.5,0,False,0.0,0.0,0.0,0.0,0.0,0.0,0.0
11,2283,b1073,5.0,5.0,0.0,1.0,1.0,0,False,0.0,0.0,0.0,0.0,0.0,0.0,0.0
11,2284,b1074,5.0,5.0,0.5,0.5,0.0,0,True,-0.0,0.7661622117255802,0.5870045346762328,0.0,0.38308110586279015,0.14675113366905823,0.0
11,2285,b1074,5.0,5.0,0.5,0.5,1.0,0,True,0.0,0.7661622117255802,0.5870045346762328,0.0,0.38308110586279015,0.14675113366905823,0.0
11,2286,b1075,5.0,5.0,1.0,0.0,1.0,0,False,0.0,0.0,0.0,0.0,0.0,0.0,0.0
11,2287,b1076,5.0,5.5,0.0,0.5,0.5,0,False,0.0,0.0,0.0,0.0,0.0,0.0,0.0
11,2288,b1077,5.0,5.5,0.5,0.0,0.5,0,False,0.0,0.0,0.0,0.0,0.0,0.0,0.0
11,2289,b1078,5.5,0.0,0.0,5.5,5.5,0,False,0.0,0.0,0.0,0.0,0.0,0.0,0.0
11,2290,b1079,5.5,0.0,0.5,5.0,5.5,0,False,0.0,0.0,0.0,0.0,0.0,0.0,0.0
11,2291,b1080,5.5,0.0,1.0,4.5,5.5,0,False,0.0,0.0,0.0,0.0,0.0,0.0,0.0
11,2292,b1081,5.5,0.0,1.5,4.0,5.5,0,False,0.0,0.0,0.0,0.0,0.0,0.0,0.0
11,2293,b1082,5.5,0.0,2.0,3.5,5.5,0,False,0.0,0.0,0.0,0.0,0.0,0.0,0.0
11,2294,b1083,5.5,0.0,2.5,3.0,5.5,0,False,0.0,0.0,0.0,0.0,0.0,0.0,0.0
11,2295,b1084,5.5,0.0,3.0,2.5,5.5,0,False,0.0,0.0,0.0,0.0,0.0,0.0,0.0
11,2296,b1085,5.5,0.0,3.5,2.0,5.5,0,False,0.0,0.0,0.0,0.0,0.0,0.0,0.0
11,2297,b1086,5.5,0.0,4.0,1.5,5.5,0,False,0.0,0.0,0.0,0.0,0.0,0.0,0.0
11,2298,b1087,5.5,0.0,4.5,1.0,5.5,0,False,0.0,0.0,0.0,0.0,0.0,0.0,0.0
11,2299,b1088,5.5,0.0,5.0,0.5,5.5,0,False,0.0,0.0,0.0,0.0,0.0,0.0,0.0
11,2300,b1089,5.5,0.0,5.5,0.0,5.5,0,False,0.0,0.0,0.0,0.0,0.0,0.0,0.0
11,2301,b1090,5.5,0.5,0.0,5.0,5.0,0,False,0.0,0.0,0.0,0.0,0.0,0.0,0.0
11,2302,b1091,5.5,0.5,0.5,4.5,5.0,0,True,0.0,0.0,0.0,0.0,0.0,0.0,0.0
11,2303,b1092,5.5,0.5,1.0,4.0,5.0,0,True,0.0,0.0,0.0,0.0,0.0,0.0,0.0
11,2304,b1093,5.5,0.5,1.5,3.5,5.0,0,True,0.0,0.0,0.0,0.0,0.0,0.0,0.0
11,2305,b1094,5.5,0.5,2.0,3.0,5.0,0,True,0.0,0.0,0.0,0.0,0.0,0.0,0.0
11,2306,b1095,5.5,0.5,2.5,2.5,5.0,0,True,0.0,0.0,0.0,0.0,0.0,0.0,0.0
11,2307,b1096,5.5,0.5,3.0,2.0,5.0,0,True,0.0,0.0,0.0,0.0,0.0,0.0,0.0
11,2308,b1097,5.5,0.5,3.5,1.5,5.0,0,True,0.0,0.0,0.0,0.0,0.0,0.0,0.0
11,2309,b1098,5.5,0.5,4.0,1.0,5.0,0,True,0.0,0.0,0.0,0.0,0.0,0.0,0.0
11,2310,b1099,5.5,0.5,4.5,0.5,5.0,0,True,0.0,0.0,0.0,0.0,0.0,0.0,0.0
11,2311,b1100,5.5,0.5,5.0,0.0,5.0,0,False,0.0,0.0,0.0,0.0,0.0,0.0,0.0
11,2312,b1101,5.5,1.0,0.0,4.5,4.5,0,False,0.0,0.0,0.0,0.0,0.0,0.0,0.0
11,2313,b1102,5.5,1.0,0.5,4.0,4.5,0,True,0.0,0.0,0.0,0.0,0.0,0.0,0.0
11,2314,b1103,5.5,1.0,1.0,3.5,4.5,0,True,0.0,0.0,0.0,0.0,0.0,0.0,0.0
11,2315,b1104,5.5,1.0,1.5,3.0,4.5,0,True,0.0,0.0,0.0,0.0,0.0,0.0,0.0
11,2316,b1105,5.5,1.0,2.0,2.5,4.5,0,True,0.0,0.0,0.0,0.0,0.0,0.0,0.0
11,2317,b1106,5.5,1.0,2.5,2.0,4.5,0,True,0.0,0.0,0.0,0.0,0.0,0.0,0.0
11,2318,b1107,5.5,1.0,3.0,1.5,4.5,0,True,0.0,0.0,0.0,0.0,0.0,0.0,0.0
11,2319,b1108,5.5,1.0,3.5,1.0,4.5,0,True,0.0,0.0,0.0,0.0,0.0,0.0,0.0
11,2320,b1109,5.5,1.0,4.0,0.5,4.5,0,True,0.0,0.0,0.0,0.0,0.0,0.0,0.0
11,2321,b1110,5.5,1.0,4.5,0.0,4.5,0,False,0.0,0.0,0.0,0.0,0.0,0.0,0.0
11,2322,b1111,5.5,1.5,0.0,4.0,4.0,0,False,0.0,0.0,0.0,0.0,0.0,0.0,0.0
11,2323,b1112,5.5,1.5,0.5,3.5,4.0,0,True,0.0,0.0,0.0,0.0,0.0,0.0,0.0
11,2324,b1113,5.5,1.5,1.0,3.0,4.0,0,True,0.0,0.0,0.0,0.0,0.0,0.0,0.0
11,2325,b1114,5.5,1.5,1.5,2.5,4.0,0,True,0.0,0.0,0.0,0.0,0.0,0.0,0.0
11,2326,b1115,5.5,1.5,2.0,2.0,4.0,0,True,0.0,0.0,0.0,0.0,0.0,0.0,0.0
11,2327,b1116,5.5,1.5,2.5,1.5,4.0,0,True,0.0,0.0,0.0,0.0,0.0,0.0,0.0
11,2328,b1117,5.5,1.5,3.0,1.0,4.0,0,True,0.0,0.0,0.0,0.0,0.0,0.0,0.0
11,2329,b1118,5.5,1.5,3.5,0.5,4.0,0,True,0.0,0.0,0.0,0.0,0.0,0.0,0.0
11,2330,b1119,5.5,1.5,4.0,0.0,4.0,0,False,0.0,0.0,0.0,0.0,0.0,0.0,0.0
11,2331,b1120,5.5,2.0,0.0,3.5,3.5,0,False,0.0,0.0,0.0,0.0,0.0,0.0,0.0
11,2332,b1121,5.5,2.0,0.5,3.0,3.5,0,True,0.0,0.0,0.0,0.0,0.0,0.0,0.0
11,2333,b1122,5.5,2.0,1.0,2.5,3.5,0,True,0.0,0.0,0.0,0.0,0.0,0.0,0.0
11,2334,b1123,5.5,2.0,1.5,2.0,3.5,0,True,0.0,0.0,0.0,0.0,0.0,0.0,0.0
11,2335,b1124,5.5,2.0,2.0,1.5,3.5,0,True,0.0,0.0,0.0,0.0,0.0,0.0,0.0
11,2336,b1125,5.5,2.0,2.5,1.0,3.5,0,True,0.0,0.0,0.0,0.0,0.0,0.0,0.0
11,2337,b1126,5.5,2.0,3.0,0.5,3.5,0,True,0.0,0.0,0.0,0.0,0.0,0.0,0.0
11,2338,b1127,5.5,2.0,3.5,0.0,3.5,0,False,0.0,0.0,0.0,0.0,0.0,0.0,0.0
11,2339,b1128,5.5,2.5,0.0,3.0,3.0,0,False,0.0,0.0,0.0,0.0,0.0,0.0,0.0
11,2340,b1129,5.5,2.5,0.5,2.5,3.0,0,True,0.0,0.0,0.0,0.0,0.0,0.0,0.0
11,2341,b1130,5.5,2.5,1.0,2.0,3.0,0,True,0.0,0.0,0.0,0.0,0.0,0.0,0.0
11,2342,b1131,5.5,2.5,1.5,1.5,3.0,0,True,0.0,0.0,0.0,0.0,0.0,0.0,0.0
11,2343,b1132,5.5,2.5,2.0,1.0,3.0,0,True,0.0,0.0,0.0,0.0,0.0,0.0,0.0
11,2344,b1133,5.5,2.5,2.5,0.5,3.0,0,True,0.0,0.0,0.0,0.0,0.0,0.0,0.0
11,2345,b1134,5.5,2.5,3.0,0.0,3.0,0,False,0.0,0.0,0.0,0.0,0.0,0.0,0.0
11,2346,b1135,5.5,3.0,0.0,2.5,2.5,0,False,0.0,0.0,0.0,0.0,0.0,0.0,0.0
11,2347,b1136,5.5,3.0,0.5,2.0,2.5,0,True,0.0,0.0,0.0,0.0,0.0,0.0,0.0
11,2348,b1137,5.5,3.0,1.0,1.5,2.5,0,True,0.0,0.0,0.0,0.0,0.0,0.0,0.0
11,2349,b1138,5.5,3.0,1.5,1.0,2.5,0,True,0.0,0.0,0.0,0.0,0.0,0.0,0.0
11,2350,b1139,5.5,3.0,2.0,0.5,2.5,0,True,0.0,0.0,0.0,0.0,0.0,0.0,0.0
11,2351,b1140,5.5,3.0,2.5,0.0,2.5,0,False,0.0,0.0,0.0,0.0,0.0,0.0,0.0
11,2352,b1141,5.5,3.5,0.0,2.0,2.0,0,False,0.0,0.0,0.0,0.0,0.0,0.0,0.0
11,2353,b1142,5.5,3.5,0.5,1.5,2.0,0,True,0.0,0.0,0.0,0.0,0.0,0.0,0.0
11,2354,b1143,5.5,3.5,1.0,1.0,2.0,0,True,0.0,0.0,0.0,0.0,0.0,0.0,0.0
11,2355,b1144,5.5,3.5,1.5,0.5,2.0,0,True,0.0,0.0,0.0,0.0,0.0,0.0,0.0
11,2356,b1145,5.5,3.5,2.0,0.0,2.0,0,False,0.0,0.0,0.0,0.0,0.0,0.0,0.0
11,2357,b1146,5.5,4.0,0.0,1.5,1.5,0,False,0.0,0.0,0.0,0.0,0.0,0.0,0.0
11,2358,b1147,5.5,4.0,0.5,1.0,1.5,0,True,0.0,0.0,0.0,0.0,0.0,0.0,0.0
11,2359,b1148,5.5,4.0,1.0,0.5,1.5,0,True,0.0,0.0,0.0,0.0,0.0,0.0,0.0
11,2360,b1149,5.5,4.0,1.5,0.0,1.5,0,False,0.0,0.0,0.0,0.0,0.0,0.0,0.0
11,2361,b1150,5.5,4.5,0.0,1.0,1.0,0,False,0.0,0.0,0.0,0.0,0.0,0.0,0.0
11,2362,b1151,5.5,4.5,0.5,0.5,1.0,0,True,0.0,0.0,0.0,0.0,0.0,0.0,0.0
11,2363,b1152,5.5,4.5,1.0,0.0,1.0,0,False,0.0,0.0,0.0,0.0,0.0,0.0,0.0
11,2364,b1153,5.5,5.0,0.0,0.5,0.5,0,False,0.0,0.0,0.0,0.0,0.0,0.0,0.0
11,2365,b1154,5.5,5.0,0.5,0.0,0.5,0,False,0.0,0.0,0.0,0.0,0.0,0.0,0.0
11,2366,b1155,5.5,5.5,0.0,0.0,0.0,0,False,0.0,0.0,0.0,0.0,0.0,0.0,0.0
