K,state_index_at_K,block,j1,j2,j3,j4,k_pair,J_total,all_four_faces_active,q012_mean,rs_mean,rs_second_moment,rs_sd,al_mean,al_second_moment,al_sd
10,1,b0000,0.0,0.0,5.0,5.0,0.0,0,False,0.0,0.0,0.0,0.0,0.0,0.0,0.0
10,2,b0001,0.0,0.5,4.5,5.0,0.5,0,False,0.0,0.0,0.0,0.0,0.0,0.0,0.0
10,3,b0002,0.0,0.5,5.0,4.5,0.5,0,False,0.0,0.0,0.0,0.0,0.0,0.0,0.0
10,4,b0003,0.0,1.0,4.0,5.0,1.0,0,False,0.0,0.0,0.0,0.0,0.0,0.0,0.0
10,5,b0004,0.0,1.0,4.5,4.5,1.0,0,False,0.0,0.0,0.0,0.0,0.0,0.0,0.0
10,6,b0005,0.0,1.0,5.0,4.0,1.0,0,False,0.0,0.0,0.0,0.0,0.0,0.0,0.0
10,7,b0006,0.0,1.5,3.5,5.0,1.5,0,False,0.0,0.0,0.0,0.0,0.0,0.0,0.0
10,8,b0007,0.0,1.5,4.0,4.5,1.5,0,False,0.0,0.0,0.0,0.0,0.0,0.0,0.0
10,9,b0008,0.0,1.5,4.5,4.0,1.5,0,False,0.0,0.0,0.0,0.0,0.0,0.0,0.0
10,10,b0009,0.0,1.5,5.0,3.5,1.5,0,False,0.0,0.0,0.0,0.0,0.0,0.0,0.0
10,11,b0010,0.0,2.0,3.0,5.0,2.0,0,False,0.0,0.0,0.0,0.0,0.0,0.0,0.0
10,12,b0011,0.0,2.0,3.5,4.5,2.0,0,False,0.0,0.0,0.0,0.0,0.0,0.0,0.0
10,13,b0012,0.0,2.0,4.0,4.0,2.0,0,False,0.0,0.0,0.0,0.0,0.0,0.0,0.0
10,14,b0013,0.0,2.0,4.5,3.5,2.0,0,False,0.0,0.0,0.0,0.0,0.0,0.0,0.0
10,15,b0014,0.0,2.0,5.0,3.0,2.0,0,False,0.0,0.0,0.0,0.0,0.0,0.0,0.0
10,16,b0015,0.0,2.5,2.5,5.0,2.5,0,False,0.0,0.0,0.0,0.0,0.0,0.0,0.0
10,17,b0016,0.0,2.5,3.0,4.5,2.5,0,False,0.0,0.0,0.0,0.0,0.0,0.0,0.0
10,18,b0017,0.0,2.5,3.5,4.0,2.5,0,False,0.0,0.0,0.0,0.0,0.0,0.0,0.0
10,19,b0018,0.0,2.5,4.0,3.5,2.5,0,False,0.0,0.0,0.0,0.0,0.0,0.0,0.0
10,20,b0019,0.0,2.5,4.5,3.0,2.5,0,False,0.0,0.0,0.0,0.0,0.0,0.0,0.0
10,21,b0020,0.0,2.5,5.0,2.5,2.5,0,False,0.0,0.0,0.0,0.0,0.0,0.0,0.0
10,22,b0021,0.0,3.0,2.0,5.0,3.0,0,False,0.0,0.0,0.0,0.0,0.0,0.0,0.0
10,23,b0022,0.0,3.0,2.5,4.5,3.0,0,False,0.0,0.0,0.0,0.0,0.0,0.0,0.0
10,24,b0023,0.0,3.0,3.0,4.0,3.0,0,False,0.0,0.0,0.0,0.0,0.0,0.0,0.0
10,25,b0024,0.0,3.0,3.5,3.5,3.0,0,False,0.0,0.0,0.0,0.0,0.0,0.0,0.0
10,26,b0025,0.0,3.0,4.0,3.0,3.0,0,False,0.0,0.0,0.0,0.0,0.0,0.0,0.0
10,27,b0026,0.0,3.0,4.5,2.5,3.0,0,False,0.0,0.0,0.0,0.0,0.0,0.0,0.0
10,28,b0027,0.0,3.0,5.0,2.0,3.0,0,False,0.0,0.0,0.0,0.0,0.0,0.0,0.0
10,29,b0028,0.0,3.5,1.5,5.0,3.5,0,False,0.0,0.0,0.0,0.0,0.0,0.0,0.0
10,30,b0029,0.0,3.5,2.0,4.5,3.5,0,False,0.0,0.0,0.0,0.0,0.0,0.0,0.0
10,31,b0030,0.0,3.5,2.5,4.0,3.5,0,False,0.0,0.0,0.0,0.0,0.0,0.0,0.0
10,32,b0031,0.0,3.5,3.0,3.5,3.5,0,False,0.0,0.0,0.0,0.0,0.0,0.0,0.0
10,33,b0032,0.0,3.5,3.5,3.0,3.5,0,False,0.0,0.0,0.0,0.0,0.0,0.0,0.0
10,34,b0033,0.0,3.5,4.0,2.5,3.5,0,False,0.0,0.0,0.0,0.0,0.0,0.0,0.0
10,35,b0034,0.0,3.5,4.5,2.0,3.5,0,False,0.0,0.0,0.0,0.0,0.0,0.0,0.0
10,36,b0035,0.0,3.5,5.0,1.5,3.5,0,False,0.0,0.0,0.0,0.0,0.0,0.0,0.0
10,37,b0036,0.0,4.0,1.0,5.0,4.0,0,False,0.0,0.0,0.0,0.0,0.0,0.0,0.0
10,38,b0037,0.0,4.0,1.5,4.5,4.0,0,False,0.0,0.0,0.0,0.0,0.0,0.0,0.0
10,39,b0038,0.0,4.0,2.0,4.0,4.0,0,False,0.0,0.0,0.0,0.0,0.0,0.0,0.0
10,40,b0039,0.0,4.0,2.5,3.5,4.0,0,False,0.0,0.0,0.0,0.0,0.0,0.0,0.0
10,41,b0040,0.0,4.0,3.0,3.0,4.0,0,False,0.0,0.0,0.0,0.0,0.0,0.0,0.0
10,42,b0041,0.0,4.0,3.5,2.5,4.0,0,False,0.0,0.0,0.0,0.0,0.0,0.0,0.0
10,43,b0042,0.0,4.0,4.0,2.0,4.0,0,False,0.0,0.0,0.0,0.0,0.0,0.0,0.0
10,44,b0043,0.0,4.0,4.5,1.5,4.0,0,False,0.0,0.0,0.0,0.0,0.0,0.0,0.0
10,45,b0044,0.0,4.0,5.0,1.0,4.0,0,False,0.0,0.0,0.0,0.0,0.0,0.0,0.0
10,46,b0045,0.0,4.5,0.5,5.0,4.5,0,False,0.0,0.0,0.0,0.0,0.0,0.0,0.0
10,47,b0046,0.0,4.5,1.0,4.5,4.5,0,False,0.0,0.0,0.0,0.0,0.0,0.0,0.0
10,48,b0047,0.0,4.5,1.5,4.0,4.5,0,False,0.0,0.0,0.0,0.0,0.0,0.0,0.0
10,49,b0048,0.0,4.5,2.0,3.5,4.5,0,False,0.0,0.0,0.0,0.0,0.0,0.0,0.0
10,50,b0049,0.0,4.5,2.5,3.0,4.5,0,False,0.0,0.0,0.0,0.0,0.0,0.0,0.0
10,51,b0050,0.0,4.5,3.0,2.5,4.5,0,False,0.0,0.0,0.0,0.0,0.0,0.0,0.0
10,52,b0051,0.0,4.5,3.5,2.0,4.5,0,False,0.0,0.0,0.0,0.0,0.0,0.0,0.0
10,53,b0052,0.0,4.5,4.0,1.5,4.5,0,False,0.0,0.0,0.0,0.0,0.0,0.0,0.0
10,54,b0053,0.0,4.5,4.5,1.0,4.5,0,False,0.0,0.0,0.0,0.0,0.0,0.0,0.0
10,55,b0054,0.0,4.5,5.0,0.5,4.5,0,False,0.0,0.0,0.0,0.0,0.0,0.0,0.0
10,56,b0055,0.0,5.0,0.0,5.0,5.0,0,False,0.0,0.0,0.0,0.0,0.0,0.0,0.0
10,57,b0056,0.0,5.0,0.5,4.5,5.0,0,False,0.0,0.0,0.0,0.0,0.0,0.0,0.0
10,58,b0057,0.0,5.0,1.0,4.0,5.0,0,False,0.0,0.0,0.0,0.0,0.0,0.0,0.0
10,59,b0058,0.0,5.0,1.5,3.5,5.0,0,False,0.0,0.0,0.0,0.0,0.0,0.0,0.0
10,60,b0059,0.0,5.0,2.0,3.0,5.0,0,False,0.0,0.0,0.0,0.0,0.0,0.0,0.0
10,61,b0060,0.0,5.0,2.5,2.5,5.0,0,False,0.0,0.0,0.0,0.0,0.0,0.0,0.0
10,62,b0061,0.0,5.0,3.0,2.0,5.0,0,False,0.0,0.0,0.0,0.0,0.0,0.0,0.0
10,63,b0062,0.0,5.0,3.5,1.5,5.0,0,False,0.0,0.0,0.0,0.0,0.0,0.0,0.0
10,64,b0063,0.0,5.0,4.0,1.0,5.0,0,False,0.0,0.0,0.0,0.0,0.0,0.0,0.0
10,65,b0064,0.0,5.0,4.5,0.5,5.0,0,False,0.0,0.0,0.0,0.0,0.0,0.0,0.0
10,66,b0065,0.0,5.0,5.0,0.0,5.0,0,False,0.0,0.0,0.0,0.0,0.0,0.0,0.0
10,67,b0066,0.5,0.0,4.5,5.0,0.5,0,False,0.0,0.0,0.0,0.0,0.0,0.0,0.0
10,68,b0067,0.5,0.0,5.0,4.5,0.5,0,False,0.0,0.0,0.0,0.0,0.0,0.0,0.0
10,69,b0068,0.5,0.5,4.0,5.0,1.0,0,True,0.0,0.0,0.0,0.0,0.0,0.0,0.0
10,70,b0069,0.5,0.5,4.5,4.5,0.0,0,True,-0.0,0.7301871994090311,0.5331733461808041,0.0,0.36509359970451555,0.13329333654520104,0.0
10,71,b0069,0.5,0.5,4.5,4.5,1.0,0,True,0.0,0.7301871994090311,0.5331733461808041,0.0,0.36509359970451555,0.13329333654520104,0.0
10,72,b0070,0.5,0.5,5.0,4.0,1.0,0,True,0.0,0.0,0.0,0.0,0.0,0.0,0.0
10,73,b0071,0.5,1.0,3.5,5.0,1.5,0,True,0.0,0.0,0.0,0.0,0.0,0.0,0.0
10,74,b0072,0.5,1.0,4.0,4.5,0.5,0,True,0.0,0.8431475522752451,0.7108977949077371,0.0,0.42157377613762254,0.17772444872693427,0.0
10,75,b0072,0.5,1.0,4.0,4.5,1.5,0,True,-0.0,0.8431475522752451,0.7108977949077371,0.0,0.42157377613762254,0.17772444872693427,0.0
10,76,b0073,0.5,1.0,4.5,4.0,0.5,0,True,0.0,0.8431475522752452,0.7108977949077373,0.0,0.4215737761376226,0.17772444872693433,0.0
10,77,b0073,0.5,1.0,4.5,4.0,1.5,0,True,0.0,0.8431475522752452,0.7108977949077373,0.0,0.4215737761376226,0.17772444872693433,0.0
10,78,b0074,0.5,1.0,5.0,3.5,1.5,0,True,0.0,0.0,0.0,0.0,0.0,0.0,0.0
10,79,b0075,0.5,1.5,3.0,5.0,2.0,0,True,0.0,0.0,0.0,0.0,0.0,0.0,0.0
10,80,b0076,0.5,1.5,3.5,4.5,1.0,0,True,0.0,0.902460934963657,0.814435739135478,0.0,0.4512304674818285,0.2036089347838695,0.0
10,81,b0076,0.5,1.5,3.5,4.5,2.0,0,True,0.0,0.902460934963657,0.814435739135478,0.0,0.4512304674818285,0.2036089347838695,0.0
10,82,b0077,0.5,1.5,4.0,4.0,1.0,0,True,0.0,0.969757385357307,0.9404293864550405,0.0,0.4848786926786535,0.23510734661376012,0.0
10,83,b0077,0.5,1.5,4.0,4.0,2.0,0,True,0.0,0.969757385357307,0.9404293864550405,0.0,0.4848786926786535,0.23510734661376012,0.0
10,84,b0078,0.5,1.5,4.5,3.5,1.0,0,True,0.0,0.902460934963657,0.814435739135478,0.0,0.4512304674818285,0.2036089347838695,0.0
10,85,b0078,0.5,1.5,4.5,3.5,2.0,0,True,0.0,0.902460934963657,0.814435739135478,0.0,0.4512304674818285,0.2036089347838695,0.0
10,86,b0079,0.5,1.5,5.0,3.0,2.0,0,True,0.0,0.0,0.0,0.0,0.0,0.0,0.0
10,87,b0080,0.5,2.0,2.5,5.0,2.5,0,True,0.0,0.0,0.0,0.0,0.0,0.0,0.0
10,88,b0081,0.5,2.0,3.0,4.5,1.5,0,True,0.0,0.9330961517425966,0.8706684283968429,0.0,0.4665480758712983,0.21766710709921072,0.0
10,89,b0081,0.5,2.0,3.0,4.5,2.5,0,True,-0.0,0.9330961517425966,0.8706684283968429,0.0,0.4665480758712983,0.21766710709921072,0.0
10,90,b0082,0.5,2.0,3.5,4.0,1.5,0,True,-0.0,1.0326406404754798,1.066346692361609,0.0,0.5163203202377399,0.26658667309040224,0.0
10,91,b0082,0.5,2.0,3.5,4.0,2.5,0,True,0.0,1.0326406404754798,1.066346692361609,0.0,0.5163203202377399,0.26658667309040224,0.0
10,92,b0083,0.5,2.0,4.0,3.5,1.5,0,True,0.0,1.0326406404754798,1.066346692361609,0.0,0.5163203202377399,0.26658667309040224,0.0
10,93,b0083,0.5,2.0,4.0,3.5,2.5,0,True,0.0,1.0326406404754798,1.066346692361609,0.0,0.5163203202377399,0.26658667309040224,0.0
10,94,b0084,0.5,2.0,4.5,3.0,1.5,0,True,0.0,0.9330961517425966,0.8706684283968429,0.0,0.4665480758712983,0.21766710709921072,0.0
10,95,b0084,0.5,2.0,4.5,3.0,2.5,0,True,0.0,0.9330961517425966,0.8706684283968429,0.0,0.4665480758712983,0.21766710709921072,0.0
10,96,b0085,0.5,2.0,5.0,2.5,2.5,0,True,0.0,0.0,0.0,0.0,0.0,0.0,0.0
10,97,b0086,0.5,2.5,2.0,5.0,3.0,0,True,0.0,0.0,0.0,0.0,0.0,0.0,0.0
10,98,b0087,0.5,2.5,2.5,4.5,2.0,0,True,0.0,0.9426676209750044,0.8886222436346747,0.0,0.4713338104875022,0.22215556090866867,0.0
10,99,b0087,0.5,2.5,2.5,4.5,3.0,0,True,0.0,0.9426676209750044,0.8886222436346747,0.0,0.4713338104875022,0.22215556090866867,0.0
10,100,b0088,0.5,2.5,3.0,4.0,2.0,0,True,0.0,1.0602019183862357,1.1240281077498544,0.0,0.5301009591931178,0.2810070269374636,0.0
10,101,b0088,0.5,2.5,3.0,4.0,3.0,0,True,0.0,1.0602019183862357,1.1240281077498544,0.0,0.5301009591931178,0.2810070269374636,0.0
10,102,b0089,0.5,2.5,3.5,3.5,2.0,0,True,0.0,1.0918845386996328,1.1922118458513098,0.0,0.5459422693498164,0.29805296146282745,0.0
10,103,b0089,0.5,2.5,3.5,3.5,3.0,0,True,0.0,1.0918845386996328,1.1922118458513098,0.0,0.5459422693498164,0.29805296146282745,0.0
10,104,b0090,0.5,2.5,4.0,3.0,2.0,0,True,0.0,1.0602019183862357,1.1240281077498544,0.0,0.5301009591931178,0.2810070269374636,0.0
10,105,b0090,0.5,2.5,4.0,3.0,3.0,0,True,0.0,1.0602019183862357,1.1240281077498544,0.0,0.5301009591931178,0.2810070269374636,0.0
10,106,b0091,0.5,2.5,4.5,2.5,2.0,0,True,0.0,0.9426676209750044,0.8886222436346747,0.0,0.4713338104875022,0.22215556090866867,0.0
10,107,b0091,0.5,2.5,4.5,2.5,3.0,0,True,0.0,0.9426676209750044,0.8886222436346747,0.0,0.4713338104875022,0.22215556090866867,0.0
10,108,b0092,0.5,2.5,5.0,2.0,3.0,0,True,0.0,0.0,0.0,0.0,0.0,0.0,0.0
10,109,b0093,0.5,3.0,1.5,5.0,3.5,0,True,0.0,0.0,0.0,0.0,0.0,0.0,0.0
10,110,b0094,0.5,3.0,2.0,4.5,2.5,0,True,0.0,0.9330961517425975,0.8706684283968446,0.0,0.46654807587129876,0.21766710709921114,0.0
10,111,b0094,0.5,3.0,2.0,4.5,3.5,0,True,0.0,0.9330961517425975,0.8706684283968446,0.0,0.46654807587129876,0.21766710709921114,0.0
10,112,b0095,0.5,3.0,2.5,4.0,2.5,0,True,0.0,1.0602019183862355,1.124028107749854,0.0,0.5301009591931177,0.2810070269374635,0.0
10,113,b0095,0.5,3.0,2.5,4.0,3.5,0,True,0.0,1.0602019183862355,1.124028107749854,0.0,0.5301009591931177,0.2810070269374635,0.0
10,114,b0096,0.5,3.0,3.0,3.5,2.5,0,True,0.0,1.1096445826339556,1.2313110997688854,0.0,0.5548222913169778,0.30782777494222135,0.0
10,115,b0096,0.5,3.0,3.0,3.5,3.5,0,True,0.0,1.1096445826339556,1.2313110997688854,0.0,0.5548222913169778,0.30782777494222135,0.0
10,116,b0097,0.5,3.0,3.5,3.0,2.5,0,True,0.0,1.1096445826339556,1.2313110997688854,0.0,0.5548222913169778,0.30782777494222135,0.0
10,117,b0097,0.5,3.0,3.5,3.0,3.5,0,True,0.0,1.1096445826339556,1.2313110997688854,0.0,0.5548222913169778,0.30782777494222135,0.0
10,118,b0098,0.5,3.0,4.0,2.5,2.5,0,True,0.0,1.0602019183862355,1.124028107749854,0.0,0.5301009591931176,0.2810070269374633,0.0
10,119,b0098,0.5,3.0,4.0,2.5,3.5,0,True,0.0,1.0602019183862355,1.124028107749854,0.0,0.5301009591931176,0.2810070269374633,0.0
10,120,b0099,0.5,3.0,4.5,2.0,2.5,0,True,0.0,0.9330961517425975,0.8706684283968446,0.0,0.4665480758712989,0.21766710709921125,0.0
10,121,b0099,0.5,3.0,4.5,2.0,3.5,0,True,0.0,0.9330961517425975,0.8706684283968446,0.0,0.4665480758712989,0.21766710709921125,0.0
10,122,b0100,0.5,3.0,5.0,1.5,3.5,0,True,0.0,0.0,0.0,0.0,0.0,0.0,0.0
10,123,b0101,0.5,3.5,1.0,5.0,4.0,0,True,0.0,0.0,0.0,0.0,0.0,0.0,0.0
10,124,b0102,0.5,3.5,1.5,4.5,3.0,0,True,0.0,0.9024609349636569,0.8144357391354777,0.0,0.4512304674818284,0.20360893478386938,0.0
10,125,b0102,0.5,3.5,1.5,4.5,4.0,0,True,0.0,0.9024609349636569,0.8144357391354777,0.0,0.4512304674818284,0.20360893478386938,0.0
10,126,b0103,0.5,3.5,2.0,4.0,3.0,0,True,0.0,1.03264064047548,1.0663466923616096,0.0,0.5163203202377399,0.26658667309040224,0.0
10,127,b0103,0.5,3.5,2.0,4.0,4.0,0,True,0.0,1.03264064047548,1.0663466923616096,0.0,0.5163203202377399,0.26658667309040224,0.0
10,128,b0104,0.5,3.5,2.5,3.5,3.0,0,True,0.0,1.0918845386996319,1.1922118458513078,0.0,0.5459422693498159,0.29805296146282695,0.0
10,129,b0104,0.5,3.5,2.5,3.5,4.0,0,True,0.0,1.0918845386996319,1.1922118458513078,0.0,0.5459422693498159,0.29805296146282695,0.0
10,130,b0105,0.5,3.5,3.0,3.0,3.0,0,True,0.0,1.1096445826339552,1.2313110997688845,0.0,0.5548222913169776,0.30782777494222113,0.0
10,131,b0105,0.5,3.5,3.0,3.0,4.0,0,True,0.0,1.1096445826339552,1.2313110997688845,0.0,0.5548222913169776,0.30782777494222113,0.0
10,132,b0106,0.5,3.5,3.5,2.5,3.0,0,True,0.0,1.0918845386996319,1.1922118458513078,0.0,0.5459422693498159,0.29805296146282695,0.0
10,133,b0106,0.5,3.5,3.5,2.5,4.0,0,True,0.0,1.0918845386996319,1.1922118458513078,0.0,0.5459422693498159,0.29805296146282695,0.0
10,134,b0107,0.5,3.5,4.0,2.0,3.0,0,True,0.0,1.03264064047548,1.0663466923616096,0.0,0.5163203202377399,0.26658667309040224,0.0
10,135,b0107,0.5,3.5,4.0,2.0,4.0,0,True,0.0,1.03264064047548,1.0663466923616096,0.0,0.5163203202377399,0.26658667309040224,0.0
10,136,b0108,0.5,3.5,4.5,1.5,3.0,0,True,0.0,0.9024609349636569,0.8144357391354777,0.0,0.4512304674818284,0.20360893478386938,0.0
10,137,b0108,0.5,3.5,4.5,1.5,4.0,0,True,0.0,0.9024609349636569,0.8144357391354777,0.0,0.4512304674818284,0.20360893478386938,0.0
10,138,b0109,0.5,3.5,5.0,1.0,4.0,0,True,0.0,0.0,0.0,0.0,0.0,0.0,0.0
10,139,b0110,0.5,4.0,0.5,5.0,4.5,0,True,0.0,0.0,0.0,0.0,0.0,0.0,0.0
10,140,b0111,0.5,4.0,1.0,4.5,3.5,0,True,0.0,0.8431475522752465,0.7108977949077395,0.0,0.42157377613762326,0.17772444872693488,0.0
10,141,b0111,0.5,4.0,1.0,4.5,4.5,0,True,-0.0,0.8431475522752465,0.7108977949077395,0.0,0.42157377613762326,0.17772444872693488,0.0
10,142,b0112,0.5,4.0,1.5,4.0,3.5,0,True,-0.0,0.9697573853573064,0.9404293864550393,0.0,0.4848786926786532,0.23510734661375982,0.0
10,143,b0112,0.5,4.0,1.5,4.0,4.5,0,True,0.0,0.9697573853573064,0.9404293864550393,0.0,0.4848786926786532,0.23510734661375982,0.0
10,144,b0113,0.5,4.0,2.0,3.5,3.5,0,True,0.0,1.03264064047548,1.0663466923616096,0.0,0.51632032023774,0.2665866730904024,0.0
10,145,b0113,0.5,4.0,2.0,3.5,4.5,0,True,0.0,1.03264064047548,1.0663466923616096,0.0,0.51632032023774,0.2665866730904024,0.0
10,146,b0114,0.5,4.0,2.5,3.0,3.5,0,True,0.0,1.0602019183862355,1.124028107749854,0.0,0.5301009591931176,0.2810070269374633,0.0
10,147,b0114,0.5,4.0,2.5,3.0,4.5,0,True,0.0,1.0602019183862355,1.124028107749854,0.0,0.5301009591931176,0.2810070269374633,0.0
10,148,b0115,0.5,4.0,3.0,2.5,3.5,0,True,0.0,1.0602019183862352,1.1240281077498533,0.0,0.5301009591931176,0.2810070269374633,0.0
10,149,b0115,0.5,4.0,3.0,2.5,4.5,0,True,0.0,1.0602019183862352,1.1240281077498533,0.0,0.5301009591931176,0.2810070269374633,0.0
10,150,b0116,0.5,4.0,3.5,2.0,3.5,0,True,0.0,1.03264064047548,1.0663466923616096,0.0,0.51632032023774,0.2665866730904024,0.0
10,151,b0116,0.5,4.0,3.5,2.0,4.5,0,True,0.0,1.03264064047548,1.0663466923616096,0.0,0.51632032023774,0.2665866730904024,0.0
10,152,b0117,0.5,4.0,4.0,1.5,3.5,0,True,0.0,0.9697573853573064,0.9404293864550393,0.0,0.4848786926786531,0.2351073466137597,0.0
10,153,b0117,0.5,4.0,4.0,1.5,4.5,0,True,0.0,0.9697573853573064,0.9404293864550393,0.0,0.4848786926786531,0.2351073466137597,0.0
10,154,b0118,0.5,4.0,4.5,1.0,3.5,0,True,0.0,0.8431475522752466,0.7108977949077397,0.0,0.42157377613762337,0.177724448726935,0.0
10,155,b0118,0.5,4.0,4.5,1.0,4.5,0,True,0.0,0.8431475522752466,0.7108977949077397,0.0,0.42157377613762337,0.177724448726935,0.0
10,156,b0119,0.5,4.0,5.0,0.5,4.5,0,True,0.0,0.0,0.0,0.0,0.0,0.0,0.0
10,157,b0120,0.5,4.5,0.0,5.0,5.0,0,False,0.0,0.0,0.0,0.0,0.0,0.0,0.0
10,158,b0121,0.5,4.5,0.5,4.5,4.0,0,True,0.0,0.7301871994090318,0.5331733461808051,0.0,0.36509359970451594,0.1332933365452013,0.0
10,159,b0121,0.5,4.5,0.5,4.5,5.0,0,True,0.0,0.7301871994090318,0.5331733461808051,0.0,0.36509359970451594,0.1332933365452013,0.0
10,160,b0122,0.5,4.5,1.0,4.0,4.0,0,True,0.0,0.8431475522752468,0.7108977949077401,0.0,0.4215737761376234,0.17772444872693502,0.0
10,161,b0122,0.5,4.5,1.0,4.0,5.0,0,True,0.0,0.8431475522752468,0.7108977949077401,0.0,0.4215737761376234,0.17772444872693502,0.0
10,162,b0123,0.5,4.5,1.5,3.5,4.0,0,True,0.0,0.9024609349636571,0.8144357391354781,0.0,0.45123046748182855,0.20360893478386952,0.0
10,163,b0123,0.5,4.5,1.5,3.5,5.0,0,True,0.0,0.9024609349636571,0.8144357391354781,0.0,0.45123046748182855,0.20360893478386952,0.0
10,164,b0124,0.5,4.5,2.0,3.0,4.0,0,True,0.0,0.9330961517425973,0.8706684283968442,0.0,0.46654807587129865,0.21766710709921105,0.0
10,165,b0124,0.5,4.5,2.0,3.0,5.0,0,True,0.0,0.9330961517425973,0.8706684283968442,0.0,0.46654807587129865,0.21766710709921105,0.0
10,166,b0125,0.5,4.5,2.5,2.5,4.0,0,True,0.0,0.9426676209750049,0.8886222436346755,0.0,0.47133381048750245,0.22215556090866886,0.0
10,167,b0125,0.5,4.5,2.5,2.5,5.0,0,True,0.0,0.9426676209750049,0.8886222436346755,0.0,0.47133381048750245,0.22215556090866886,0.0
10,168,b0126,0.5,4.5,3.0,2.0,4.0,0,True,0.0,0.9330961517425975,0.8706684283968446,0.0,0.46654807587129865,0.21766710709921105,0.0
10,169,b0126,0.5,4.5,3.0,2.0,5.0,0,True,0.0,0.9330961517425975,0.8706684283968446,0.0,0.46654807587129865,0.21766710709921105,0.0
10,170,b0127,0.5,4.5,3.5,1.5,4.0,0,True,0.0,0.9024609349636571,0.8144357391354781,0.0,0.45123046748182855,0.20360893478386952,0.0
10,171,b0127,0.5,4.5,3.5,1.5,5.0,0,True,0.0,0.9024609349636571,0.8144357391354781,0.0,0.45123046748182855,0.20360893478386952,0.0
10,172,b0128,0.5,4.5,4.0,1.0,4.0,0,True,0.0,0.8431475522752468,0.7108977949077401,0.0,0.4215737761376234,0.17772444872693502,0.0
10,173,b0128,0.5,4.5,4.0,1.0,5.0,0,True,0.0,0.8431475522752468,0.7108977949077401,0.0,0.4215737761376234,0.17772444872693502,0.0
10,174,b0129,0.5,4.5,4.5,0.5,4.0,0,True,0.0,0.7301871994090321,0.5331733461808056,0.0,0.3650935997045161,0.13329333654520145,0.0
10,175,b0129,0.5,4.5,4.5,0.5,5.0,0,True,0.0,0.7301871994090321,0.5331733461808056,0.0,0.3650935997045161,0.13329333654520145,0.0
10,176,b0130,0.5,4.5,5.0,0.0,5.0,0,False,0.0,0.0,0.0,0.0,0.0,0.0,0.0
10,177,b0131,0.5,5.0,0.0,4.5,4.5,0,False,0.0,0.0,0.0,0.0,0.0,0.0,0.0
10,178,b0132,0.5,5.0,0.5,4.0,4.5,0,True,0.0,0.0,0.0,0.0,0.0,0.0,0.0
10,179,b0133,0.5,5.0,1.0,3.5,4.5,0,True,0.0,0.0,0.0,0.0,0.0,0.0,0.0
10,180,b0134,0.5,5.0,1.5,3.0,4.5,0,True,0.0,0.0,0.0,0.0,0.0,0.0,0.0
10,181,b0135,0.5,5.0,2.0,2.5,4.5,0,True,0.0,0.0,0.0,0.0,0.0,0.0,0.0
10,182,b0136,0.5,5.0,2.5,2.0,4.5,0,True,0.0,0.0,0.0,0.0,0.0,0.0,0.0
10,183,b0137,0.5,5.0,3.0,1.5,4.5,0,True,0.0,0.0,0.0,0.0,0.0,0.0,0.0
10,184,b0138,0.5,5.0,3.5,1.0,4.5,0,True,0.0,0.0,0.0,0.0,0.0,0.0,0.0
10,185,b0139,0.5,5.0,4.0,0.5,4.5,0,True,0.0,0.0,0.0,0.0,0.0,0.0,0.0
10,186,b0140,0.5,5.0,4.5,0.0,4.5,0,False,0.0,0.0,0.0,0.0,0.0,0.0,0.0
10,187,b0141,1.0,0.0,4.0,5.0,1.0,0,False,0.0,0.0,0.0,0.0,0.0,0.0,0.0
10,188,b0142,1.0,0.0,4.5,4.5,1.0,0,False,0.0,0.0,0.0,0.0,0.0,0.0,0.0
10,189,b0143,1.0,0.0,5.0,4.0,1.0,0,False,0.0,0.0,0.0,0.0,0.0,0.0,0.0
10,190,b0144,1.0,0.5,3.5,5.0,1.5,0,True,0.0,0.0,0.0,0.0,0.0,0.0,0.0
10,191,b0145,1.0,0.5,4.0,4.5,0.5,0,True,0.0,0.8431475522752451,0.7108977949077371,0.0,0.42157377613762254,0.17772444872693427,0.0
10,192,b0145,1.0,0.5,4.0,4.5,1.5,0,True,0.0,0.8431475522752451,0.7108977949077371,0.0,0.42157377613762254,0.17772444872693427,0.0
10,193,b0146,1.0,0.5,4.5,4.0,0.5,0,True,0.0,0.8431475522752452,0.7108977949077373,0.0,0.4215737761376226,0.17772444872693433,0.0
10,194,b0146,1.0,0.5,4.5,4.0,1.5,0,True,-0.0,0.8431475522752452,0.7108977949077373,0.0,0.4215737761376226,0.17772444872693433,0.0
10,195,b0147,1.0,0.5,5.0,3.5,1.5,0,True,0.0,0.0,0.0,0.0,0.0,0.0,0.0
10,196,b0148,1.0,1.0,3.0,5.0,2.0,0,True,0.0,0.0,0.0,0.0,0.0,0.0,0.0
10,197,b0149,1.0,1.0,3.5,4.5,1.0,0,True,0.0,0.9697573853573078,0.940429386455042,0.0,0.4848786926786538,0.2351073466137604,0.0
10,198,b0149,1.0,1.0,3.5,4.5,2.0,0,True,0.0,0.9697573853573078,0.940429386455042,0.0,0.4848786926786538,0.2351073466137604,0.0
10,199,b0150,1.0,1.0,4.0,4.0,0.0,0,True,0.0,0.395544812879141,0.45763291956211777,0.5487961557504963,0.19777240643957067,0.11440822989052955,0.2743980778752483
10,200,b0150,1.0,1.0,4.0,4.0,1.0,0,True,0.0,1.1569685776714953,1.3385762897192028,0.0,0.578484288835748,0.3346440724298011,0.0
10,201,b0150,1.0,1.0,4.0,4.0,2.0,0,True,-0.0,0.7614237647923549,0.8809433701570863,0.5487961557504963,0.3807118823961774,0.22023584253927164,0.2743980778752483
10,202,b0151,1.0,1.0,4.5,3.5,1.0,0,True,0.0,0.9697573853573074,0.9404293864550411,0.0,0.4848786926786536,0.23510734661376018,0.0
10,203,b0151,1.0,1.0,4.5,3.5,2.0,0,True,0.0,0.9697573853573074,0.9404293864550411,0.0,0.4848786926786536,0.23510734661376018,0.0
10,204,b0152,1.0,1.0,5.0,3.0,2.0,0,True,0.0,0.0,0.0,0.0,0.0,0.0,0.0
10,205,b0153,1.0,1.5,2.5,5.0,2.5,0,True,0.0,0.0,0.0,0.0,0.0,0.0,0.0
10,206,b0154,1.0,1.5,3.0,4.5,1.5,0,True,0.0,1.0326406404754795,1.0663466923616085,0.0,0.5163203202377398,0.2665866730904021,0.0
10,207,b0154,1.0,1.5,3.0,4.5,2.5,0,True,0.0,1.0326406404754795,1.0663466923616085,0.0,0.5163203202377398,0.2665866730904021,0.0
10,208,b0155,1.0,1.5,3.5,4.0,0.5,0,True,0.0,0.4757343004990496,0.6104257991135047,0.6197601749404238,0.2378671502495248,0.15260644977837606,0.30988008747021173
10,209,b0155,1.0,1.5,3.5,4.0,1.5,0,True,0.0,1.2831233704888685,1.646405583894714,0.0,0.6415616852444339,0.41160139597367806,0.0
10,210,b0155,1.0,1.5,3.5,4.0,2.5,0,True,0.0,0.8073890699898189,1.0359797847812093,0.6197601749404238,0.40369453499490904,0.2589949461953019,0.3098800874702117
10,211,b0156,1.0,1.5,4.0,3.5,0.5,0,True,0.0,0.4757343004990496,0.6104257991135047,0.6197601749404238,0.2378671502495248,0.15260644977837606,0.30988008747021173
10,212,b0156,1.0,1.5,4.0,3.5,1.5,0,True,0.0,1.2831233704888685,1.646405583894714,0.0,0.6415616852444339,0.41160139597367806,0.0
10,213,b0156,1.0,1.5,4.0,3.5,2.5,0,True,0.0,0.8073890699898189,1.0359797847812093,0.6197601749404238,0.40369453499490904,0.2589949461953019,0.3098800874702117
10,214,b0157,1.0,1.5,4.5,3.0,1.5,0,True,0.0,1.0326406404754795,1.0663466923616085,0.0,0.5163203202377398,0.2665866730904021,0.0
10,215,b0157,1.0,1.5,4.5,3.0,2.5,0,True,0.0,1.0326406404754795,1.0663466923616085,0.0,0.5163203202377398,0.2665866730904021,0.0
10,216,b0158,1.0,1.5,5.0,2.5,2.5,0,True,0.0,0.0,0.0,0.0,0.0,0.0,0.0
10,217,b0159,1.0,2.0,2.0,5.0,3.0,0,True,0.0,0.0,0.0,0.0,0.0,0.0,0.0
10,218,b0160,1.0,2.0,2.5,4.5,2.0,0,True,0.0,1.0602019183862366,1.1240281077498562,0.0,0.5301009591931183,0.28100702693746404,0.0
10,219,b0160,1.0,2.0,2.5,4.5,3.0,0,True,0.0,1.0602019183862366,1.1240281077498562,0.0,0.5301009591931183,0.28100702693746404,0.0
10,220,b0161,1.0,2.0,3.0,4.0,1.0,0,True,0.0,0.5110641472296688,0.6868239238309191,0.6524088911467489,0.2555320736148342,0.17170598095772957,0.3262044455733743
10,221,b0161,1.0,2.0,3.0,4.0,2.0,0,True,0.0,1.3439094241965384,1.8060925404442714,0.0,0.6719547120982687,0.45152313511106723,0.0
10,222,b0161,1.0,2.0,3.0,4.0,3.0,0,True,0.0,0.8328452769668694,1.1192686166133519,0.6524088911467489,0.4164226384834347,0.27981715415333785,0.3262044455733743
10,223,b0162,1.0,2.0,3.5,3.5,1.0,0,True,0.0,0.5927660568632733,0.8345075456519279,0.6950798137499711,0.29638302843163655,0.20862688641298185,0.3475399068749855
10,224,b0162,1.0,2.0,3.5,3.5,2.0,0,True,0.0,1.407819385050272,1.981955420923326,0.0,0.7039096925251357,0.4954888552308311,0.0
10,225,b0162,1.0,2.0,3.5,3.5,3.0,0,True,0.0,0.8150533281869984,1.1474478752713972,0.695079813749971,0.40752666409349925,0.28686196881784937,0.3475399068749855
10,226,b0163,1.0,2.0,4.0,3.0,1.0,0,True,0.0,0.5110641472296686,0.6868239238309188,0.6524088911467488,0.2555320736148343,0.17170598095772968,0.3262044455733744
10,227,b0163,1.0,2.0,4.0,3.0,2.0,0,True,0.0,1.3439094241965381,1.8060925404442707,0.0,0.6719547120982688,0.4515231351110674,0.0
10,228,b0163,1.0,2.0,4.0,3.0,3.0,0,True,0.0,0.8328452769668695,1.119268616613352,0.6524088911467489,0.41642263848343464,0.2798171541533379,0.3262044455733744
10,229,b0164,1.0,2.0,4.5,2.5,2.0,0,True,0.0,1.0602019183862363,1.1240281077498557,0.0,0.5301009591931182,0.28100702693746393,0.0
10,230,b0164,1.0,2.0,4.5,2.5,3.0,0,True,0.0,1.0602019183862363,1.1240281077498557,0.0,0.5301009591931182,0.28100702693746393,0.0
10,231,b0165,1.0,2.0,5.0,2.0,3.0,0,True,0.0,0.0,0.0,0.0,0.0,0.0,0.0
10,232,b0166,1.0,2.5,1.5,5.0,3.5,0,True,0.0,0.0,0.0,0.0,0.0,0.0,0.0
10,233,b0167,1.0,2.5,2.0,4.5,2.5,0,True,0.0,1.060201918386236,1.1240281077498548,0.0,0.530100959193118,0.2810070269374637,0.0
10,234,b0167,1.0,2.5,2.0,4.5,3.5,0,True,0.0,1.060201918386236,1.1240281077498548,0.0,0.530100959193118,0.2810070269374637,0.0
10,235,b0168,1.0,2.5,2.5,4.0,1.5,0,True,0.0,0.5298418556128001,0.7218832936094123,0.6641919162788696,0.26492092780639975,0.1804708234023528,0.33209595813943465
10,236,b0168,1.0,2.5,2.5,4.0,2.5,0,True,0.0,1.3624504858614888,1.8562713264242068,0.0,0.6812252429307445,0.46406783160605186,0.0
10,237,b0168,1.0,2.5,2.5,4.0,3.5,0,True,0.0,0.8326086302486888,1.1343880328147948,0.6641919162788696,0.41630431512434446,0.28359700820369865,0.3320959581394347
10,238,b0169,1.0,2.5,3.0,3.5,1.5,0,True,0.0,0.6465924681349089,0.9436703933729929,0.7249748778572949,0.3232962340674545,0.23591759834324827,0.3624874389286475
10,239,b0169,1.0,2.5,3.0,3.5,2.5,0,True,-0.0,1.459451570933084,2.129998887899047,0.0,0.7297257854665421,0.5324997219747618,0.0
10,240,b0169,1.0,2.5,3.0,3.5,3.5,0,True,0.0,0.812859102798175,1.1863284945260537,0.724974877857295,0.40642955139908754,0.2965821236315135,0.3624874389286475
10,241,b0170,1.0,2.5,3.5,3.0,1.5,0,True,0.0,0.6465924681349093,0.9436703933729934,0.7249748778572949,0.3232962340674544,0.2359175983432481,0.3624874389286474
10,242,b0170,1.0,2.5,3.5,3.0,2.5,0,True,0.0,1.459451570933084,2.129998887899047,0.0,0.7297257854665418,0.5324997219747614,0.0
10,243,b0170,1.0,2.5,3.5,3.0,3.5,0,True,0.0,0.8128591027981745,1.186328494526053,0.724974877857295,0.4064295513990874,0.29658212363151326,0.3624874389286474
10,244,b0171,1.0,2.5,4.0,2.5,1.5,0,True,0.0,0.5298418556128001,0.7218832936094123,0.6641919162788696,0.26492092780639975,0.1804708234023528,0.33209595813943465
10,245,b0171,1.0,2.5,4.0,2.5,2.5,0,True,0.0,1.362450485861489,1.8562713264242074,0.0,0.6812252429307445,0.46406783160605186,0.0
10,246,b0171,1.0,2.5,4.0,2.5,3.5,0,True,0.0,0.8326086302486887,1.1343880328147946,0.6641919162788696,0.41630431512434446,0.28359700820369865,0.3320959581394347
10,247,b0172,1.0,2.5,4.5,2.0,2.5,0,True,0.0,1.060201918386236,1.1240281077498548,0.0,0.530100959193118,0.2810070269374637,0.0
10,248,b0172,1.0,2.5,4.5,2.0,3.5,0,True,0.0,1.060201918386236,1.1240281077498548,0.0,0.530100959193118,0.2810070269374637,0.0
10,249,b0173,1.0,2.5,5.0,1.5,3.5,0,True,0.0,0.0,0.0,0.0,0.0,0.0,0.0
10,250,b0174,1.0,3.0,1.0,5.0,4.0,0,True,0.0,0.0,0.0,0.0,0.0,0.0,0.0
10,251,b0175,1.0,3.0,1.5,4.5,3.0,0,True,0.0,1.03264064047548,1.0663466923616096,0.0,0.51632032023774,0.2665866730904024,0.0
10,252,b0175,1.0,3.0,1.5,4.5,4.0,0,True,0.0,1.03264064047548,1.0663466923616096,0.0,0.51632032023774,0.2665866730904024,0.0
10,253,b0176,1.0,3.0,2.0,4.0,2.0,0,True,0.0,0.5408086214070571,0.7267978029956815,0.6590325014803746,0.27040431070352866,0.18169945074892058,0.3295162507401875
10,254,b0176,1.0,3.0,2.0,4.0,3.0,0,True,-0.0,1.3439094241965381,1.8060925404442707,0.0,0.6719547120982693,0.45152313511106795,0.0
10,255,b0176,1.0,3.0,2.0,4.0,4.0,0,True,0.0,0.8031008027894813,1.0792947374485893,0.6590325014803746,0.4015504013947407,0.2698236843621475,0.32951625074018753
10,256,b0177,1.0,3.0,2.5,3.5,2.0,0,True,0.0,0.6756231503777016,0.9860392681774958,0.7277174086492677,0.3378115751888508,0.24650981704437397,0.36385870432463396
10,257,b0177,1.0,3.0,2.5,3.5,3.0,0,True,0.0,1.4594515709330838,2.129998887899046,0.0,0.729725785466542,0.5324997219747617,0.0
10,258,b0177,1.0,3.0,2.5,3.5,4.0,0,True,0.0,0.7838284205553823,1.1439596197215505,0.7277174086492677,0.3919142102776912,0.28598990493038773,0.36385870432463396
10,259,b0178,1.0,3.0,3.0,3.0,2.0,0,True,0.0,0.7107093948478211,1.0607264722424061,0.7453983017940475,0.35535469742391074,0.26518161806060175,0.37269915089702393
10,260,b0178,1.0,3.0,3.0,3.0,3.0,0,True,0.0,1.4924897291804224,2.2275255917090506,0.0,0.7462448645902116,0.5568813979272632,0.0
10,261,b0178,1.0,3.0,3.0,3.0,4.0,0,True,0.0,0.7817803343326007,1.166799119466643,0.7453983017940475,0.39089016716630065,0.2916997798666611,0.372699150897024
10,262,b0179,1.0,3.0,3.5,2.5,2.0,0,True,0.0,0.6756231503777016,0.9860392681774953,0.7277174086492674,0.33781157518885097,0.246509817044374,0.3638587043246338
10,263,b0179,1.0,3.0,3.5,2.5,3.0,0,True,0.0,1.4594515709330835,2.1299988878990455,0.0,0.729725785466542,0.5324997219747617,0.0
10,264,b0179,1.0,3.0,3.5,2.5,4.0,0,True,0.0,0.783828420555382,1.1439596197215498,0.7277174086492675,0.3919142102776909,0.2859899049303874,0.3638587043246338
10,265,b0180,1.0,3.0,4.0,2.0,2.0,0,True,0.0,0.5408086214070572,0.7267978029956816,0.6590325014803746,0.2704043107035286,0.1816994507489204,0.3295162507401873
10,266,b0180,1.0,3.0,4.0,2.0,3.0,0,True,0.0,1.343909424196538,1.80609254044427,0.0,0.6719547120982688,0.4515231351110674,0.0
10,267,b0180,1.0,3.0,4.0,2.0,4.0,0,True,0.0,0.8031008027894809,1.0792947374485886,0.6590325014803745,0.40155040139474046,0.26982368436214715,0.32951625074018726
10,268,b0181,1.0,3.0,4.5,1.5,3.0,0,True,0.0,1.03264064047548,1.0663466923616096,0.0,0.51632032023774,0.2665866730904024,0.0
10,269,b0181,1.0,3.0,4.5,1.5,4.0,0,True,0.0,1.03264064047548,1.0663466923616096,0.0,0.51632032023774,0.2665866730904024,0.0
10,270,b0182,1.0,3.0,5.0,1.0,4.0,0,True,0.0,0.0,0.0,0.0,0.0,0.0,0.0
10,271,b0183,1.0,3.5,0.5,5.0,4.5,0,True,0.0,0.0,0.0,0.0,0.0,0.0,0.0
10,272,b0184,1.0,3.5,1.0,4.5,3.5,0,True,0.0,0.9697573853573064,0.9404293864550393,0.0,0.4848786926786533,0.23510734661375993,0.0
10,273,b0184,1.0,3.5,1.0,4.5,4.5,0,True,0.0,0.9697573853573064,0.9404293864550393,0.0,0.4848786926786533,0.23510734661375993,0.0
10,274,b0185,1.0,3.5,1.5,4.0,2.5,0,True,0.0,0.5504925477203304,0.7063498532599145,0.6350651999317033,0.27524627386016515,0.17658746331497857,0.3175325999658516
10,275,b0185,1.0,3.5,1.5,4.0,3.5,0,True,-0.0,1.2831233704888683,1.6464055838947136,0.0,0.6415616852444341,0.4116013959736784,0.0
10,276,b0185,1.0,3.5,1.5,4.0,4.5,0,True,0.0,0.732630822768538,0.9400557306347992,0.6350651999317033,0.366315411384269,0.23501393265869977,0.31753259996585165
10,277,b0186,1.0,3.5,2.0,3.5,2.5,0,True,0.0,0.6946477228866474,0.977938530060851,0.7038487558767483,0.34732386144332356,0.2444846325152125,0.35192437793837394
10,278,b0186,1.0,3.5,2.0,3.5,3.5,0,True,0.0,1.4078193850502712,1.9819554209233237,0.0,0.7039096925251351,0.4954888552308303,0.0
10,279,b0186,1.0,3.5,2.0,3.5,4.5,0,True,0.0,0.7131716621636236,1.0040168908624723,0.7038487558767483,0.35658583108181147,0.2510042227156176,0.3519243779383739
10,280,b0187,1.0,3.5,2.5,3.0,2.5,0,True,0.0,0.7481998559846829,1.0919614551887522,0.7294918989908332,0.37409992799234176,0.2729903637971884,0.3647459494954167
10,281,b0187,1.0,3.5,2.5,3.0,3.5,0,True,0.0,1.459451570933083,2.129998887899044,0.0,0.7297257854665415,0.532499721974761,0.0
10,282,b0187,1.0,3.5,2.5,3.0,4.5,0,True,0.0,0.7112517149484007,1.038037432710293,0.7294918989908332,0.3556258574742002,0.25950935817757326,0.3647459494954167
10,283,b0188,1.0,3.5,3.0,2.5,2.5,0,True,0.0,0.748199855984683,1.0919614551887524,0.7294918989908332,0.3740999279923413,0.27299036379718794,0.3647459494954166
10,284,b0188,1.0,3.5,3.0,2.5,3.5,0,True,0.0,1.4594515709330835,2.1299988878990455,0.0,0.7297257854665418,0.5324997219747614,0.0
10,285,b0188,1.0,3.5,3.0,2.5,4.5,0,True,0.0,0.7112517149484007,1.038037432710293,0.7294918989908332,0.35562585747420045,0.2595093581775733,0.3647459494954166
10,286,b0189,1.0,3.5,3.5,2.0,2.5,0,True,0.0,0.6946477228866476,0.9779385300608512,0.7038487558767483,0.3473238614433237,0.24448463251521282,0.3519243779383743
10,287,b0189,1.0,3.5,3.5,2.0,3.5,0,True,0.0,1.4078193850502712,1.9819554209233237,0.0,0.7039096925251357,0.4954888552308311,0.0
10,288,b0189,1.0,3.5,3.5,2.0,4.5,0,True,0.0,0.7131716621636234,1.0040168908624718,0.7038487558767483,0.3565858310818119,0.2510042227156182,0.3519243779383743
10,289,b0190,1.0,3.5,4.0,1.5,2.5,0,True,0.0,0.5504925477203299,0.7063498532599136,0.6350651999317031,0.27524627386016526,0.17658746331497877,0.3175325999658518
10,290,b0190,1.0,3.5,4.0,1.5,3.5,0,True,0.0,1.283123370488868,1.646405583894713,0.0,0.6415616852444345,0.4116013959736788,0.0
10,291,b0190,1.0,3.5,4.0,1.5,4.5,0,True,0.0,0.7326308227685382,0.9400557306347992,0.6350651999317031,0.3663154113842692,0.23501393265870005,0.3175325999658518
10,292,b0191,1.0,3.5,4.5,1.0,3.5,0,True,0.0,0.9697573853573064,0.9404293864550393,0.0,0.4848786926786533,0.23510734661375993,0.0
10,293,b0191,1.0,3.5,4.5,1.0,4.5,0,True,0.0,0.9697573853573064,0.9404293864550393,0.0,0.4848786926786533,0.23510734661375993,0.0
10,294,b0192,1.0,3.5,5.0,0.5,4.5,0,True,0.0,0.0,0.0,0.0,0.0,0.0,0.0
10,295,b0193,1.0,4.0,0.0,5.0,5.0,0,False,0.0,0.0,0.0,0.0,0.0,0.0,0.0
10,296,b0194,1.0,4.0,0.5,4.5,4.0,0,True,0.0,0.8431475522752467,0.71089779490774,0.0,0.4215737761376234,0.17772444872693502,0.0
10,297,b0194,1.0,4.0,0.5,4.5,5.0,0,True,0.0,0.8431475522752467,0.71089779490774,0.0,0.4215737761376234,0.17772444872693502,0.0
10,298,b0195,1.0,4.0,1.0,4.0,3.0,0,True,0.0,0.5768361854487514,0.6673813410280938,0.578481941105362,0.28841809272437574,0.1668453352570234,0.2892409705526809
10,299,b0195,1.0,4.0,1.0,4.0,4.0,0,True,0.0,1.1569685776714969,1.3385762897192064,0.0,0.5784842888357484,0.3346440724298016,0.0
10,300,b0195,1.0,4.0,1.0,4.0,5.0,0,True,0.0,0.5801323922227454,0.6711949486911127,0.5784819411053619,0.2900661961113726,0.16779873717277807,0.2892409705526809
10,301,b0196,1.0,4.0,1.5,3.5,3.0,0,True,-0.0,0.7249284579033148,0.9301726462681986,0.6361221401508679,0.3624642289516573,0.23254316156704957,0.31806107007543394
10,302,b0196,1.0,4.0,1.5,3.5,4.0,0,True,0.0,1.2831233704888676,1.6464055838947118,0.0,0.6415616852444338,0.41160139597367795,0.0
10,303,b0196,1.0,4.0,1.5,3.5,5.0,0,True,0.0,0.558194912585553,0.7162329376265136,0.636122140150868,0.27909745629277655,0.17905823440662844,0.318061070075434
10,304,b0197,1.0,4.0,2.0,3.0,3.0,0,True,0.0,0.7886792395519583,1.0599134627020352,0.6617390118481606,0.3943396197759796,0.2649783656755093,0.33086950592408054
10,305,b0197,1.0,4.0,2.0,3.0,4.0,0,True,0.0,1.3439094241965377,1.8060925404442696,0.0,0.6719547120982687,0.45152313511106723,0.0
10,306,b0197,1.0,4.0,2.0,3.0,5.0,0,True,0.0,0.5552301846445791,0.7461790777422334,0.6617390118481605,0.2776150923222895,0.18654476943555845,0.3308695059240805
10,307,b0198,1.0,4.0,2.5,2.5,3.0,0,True,0.0,0.8073780656956976,1.100012637881012,0.6694425269688846,0.4036890328478491,0.27500315947025344,0.3347212634844426
10,308,b0198,1.0,4.0,2.5,2.5,4.0,0,True,0.0,1.3624504858614888,1.8562713264242068,0.0,0.6812252429307447,0.46406783160605214,0.0
10,309,b0198,1.0,4.0,2.5,2.5,5.0,0,True,0.0,0.5550724201657908,0.756258688543194,0.6694425269688846,0.27753621008289564,0.1890646721357988,0.33472126348444253
10,310,b0199,1.0,4.0,3.0,2.0,3.0,0,True,0.0,0.7886792395519585,1.0599134627020355,0.6617390118481604,0.39433961977597937,0.2649783656755091,0.33086950592408043
10,311,b0199,1.0,4.0,3.0,2.0,4.0,0,True,0.0,1.3439094241965375,1.806092540444269,0.0,0.6719547120982692,0.45152313511106784,0.0
10,312,b0199,1.0,4.0,3.0,2.0,5.0,0,True,0.0,0.5552301846445787,0.7461790777422329,0.6617390118481605,0.2776150923222896,0.18654476943555848,0.33086950592408043
10,313,b0200,1.0,4.0,3.5,1.5,3.0,0,True,0.0,0.7249284579033146,0.9301726462681982,0.6361221401508679,0.3624642289516573,0.23254316156704957,0.31806107007543394
10,314,b0200,1.0,4.0,3.5,1.5,4.0,0,True,0.0,1.2831233704888676,1.6464055838947118,0.0,0.6415616852444338,0.41160139597367795,0.0
10,315,b0200,1.0,4.0,3.5,1.5,5.0,0,True,0.0,0.558194912585553,0.7162329376265135,0.6361221401508679,0.27909745629277655,0.17905823440662844,0.318061070075434
10,316,b0201,1.0,4.0,4.0,1.0,3.0,0,True,0.0,0.5768361854487515,0.6673813410280939,0.578481941105362,0.2884180927243757,0.16684533525702347,0.28924097055268105
10,317,b0201,1.0,4.0,4.0,1.0,4.0,0,True,0.0,1.1569685776714969,1.3385762897192064,0.0,0.5784842888357487,0.3346440724298019,0.0
10,318,b0201,1.0,4.0,4.0,1.0,5.0,0,True,0.0,0.5801323922227454,0.6711949486911127,0.5784819411053619,0.29006619611137285,0.16779873717277832,0.28924097055268105
10,319,b0202,1.0,4.0,4.5,0.5,4.0,0,True,0.0,0.8431475522752468,0.7108977949077401,0.0,0.4215737761376234,0.17772444872693502,0.0
10,320,b0202,1.0,4.0,4.5,0.5,5.0,0,True,0.0,0.8431475522752468,0.7108977949077401,0.0,0.4215737761376234,0.17772444872693502,0.0
10,321,b0203,1.0,4.0,5.0,0.0,5.0,0,False,0.0,0.0,0.0,0.0,0.0,0.0,0.0
10,322,b0204,1.0,4.5,0.0,4.5,4.5,0,False,0.0,0.0,0.0,0.0,0.0,0.0,0.0
10,323,b0205,1.0,4.5,0.5,4.0,3.5,0,True,0.0,0.8431475522752467,0.71089779490774,0.0,0.42157377613762326,0.17772444872693488,0.0
10,324,b0205,1.0,4.5,0.5,4.0,4.5,0,True,0.0,0.8431475522752467,0.71089779490774,0.0,0.42157377613762326,0.17772444872693488,0.0
10,325,b0206,1.0,4.5,1.0,3.5,3.5,0,True,0.0,0.9697573853573064,0.9404293864550393,0.0,0.4848786926786533,0.23510734661375993,0.0
10,326,b0206,1.0,4.5,1.0,3.5,4.5,0,True,0.0,0.9697573853573064,0.9404293864550393,0.0,0.4848786926786533,0.23510734661375993,0.0
10,327,b0207,1.0,4.5,1.5,3.0,3.5,0,True,0.0,1.03264064047548,1.0663466923616096,0.0,0.51632032023774,0.2665866730904024,0.0
10,328,b0207,1.0,4.5,1.5,3.0,4.5,0,True,0.0,1.03264064047548,1.0663466923616096,0.0,0.51632032023774,0.2665866730904024,0.0
10,329,b0208,1.0,4.5,2.0,2.5,3.5,0,True,0.0,1.0602019183862357,1.1240281077498544,0.0,0.5301009591931178,0.2810070269374636,0.0
10,330,b0208,1.0,4.5,2.0,2.5,4.5,0,True,0.0,1.0602019183862357,1.1240281077498544,0.0,0.5301009591931178,0.2810070269374636,0.0
10,331,b0209,1.0,4.5,2.5,2.0,3.5,0,True,0.0,1.0602019183862357,1.1240281077498544,0.0,0.5301009591931178,0.2810070269374636,0.0
10,332,b0209,1.0,4.5,2.5,2.0,4.5,0,True,0.0,1.0602019183862357,1.1240281077498544,0.0,0.5301009591931178,0.2810070269374636,0.0
10,333,b0210,1.0,4.5,3.0,1.5,3.5,0,True,0.0,1.03264064047548,1.0663466923616096,0.0,0.5163203202377401,0.2665866730904025,0.0
10,334,b0210,1.0,4.5,3.0,1.5,4.5,0,True,0.0,1.03264064047548,1.0663466923616096,0.0,0.5163203202377401,0.2665866730904025,0.0
10,335,b0211,1.0,4.5,3.5,1.0,3.5,0,True,0.0,0.9697573853573064,0.9404293864550393,0.0,0.4848786926786533,0.23510734661375993,0.0
10,336,b0211,1.0,4.5,3.5,1.0,4.5,0,True,0.0,0.9697573853573064,0.9404293864550393,0.0,0.4848786926786533,0.23510734661375993,0.0
10,337,b0212,1.0,4.5,4.0,0.5,3.5,0,True,0.0,0.8431475522752467,0.71089779490774,0.0,0.42157377613762326,0.17772444872693488,0.0
10,338,b0212,1.0,4.5,4.0,0.5,4.5,0,True,0.0,0.8431475522752467,0.71089779490774,0.0,0.42157377613762326,0.17772444872693488,0.0
10,339,b0213,1.0,4.5,4.5,0.0,4.5,0,False,0.0,0.0,0.0,0.0,0.0,0.0,0.0
10,340,b0214,1.0,5.0,0.0,4.0,4.0,0,False,0.0,0.0,0.0,0.0,0.0,0.0,0.0
10,341,b0215,1.0,5.0,0.5,3.5,4.0,0,True,0.0,0.0,0.0,0.0,0.0,0.0,0.0
10,342,b0216,1.0,5.0,1.0,3.0,4.0,0,True,0.0,0.0,0.0,0.0,0.0,0.0,0.0
10,343,b0217,1.0,5.0,1.5,2.5,4.0,0,True,0.0,0.0,0.0,0.0,0.0,0.0,0.0
10,344,b0218,1.0,5.0,2.0,2.0,4.0,0,True,0.0,0.0,0.0,0.0,0.0,0.0,0.0
10,345,b0219,1.0,5.0,2.5,1.5,4.0,0,True,0.0,0.0,0.0,0.0,0.0,0.0,0.0
10,346,b0220,1.0,5.0,3.0,1.0,4.0,0,True,0.0,0.0,0.0,0.0,0.0,0.0,0.0
10,347,b0221,1.0,5.0,3.5,0.5,4.0,0,True,0.0,0.0,0.0,0.0,0.0,0.0,0.0
10,348,b0222,1.0,5.0,4.0,0.0,4.0,0,False,0.0,0.0,0.0,0.0,0.0,0.0,0.0
10,349,b0223,1.5,0.0,3.5,5.0,1.5,0,False,0.0,0.0,0.0,0.0,0.0,0.0,0.0
10,350,b0224,1.5,0.0,4.0,4.5,1.5,0,False,0.0,0.0,0.0,0.0,0.0,0.0,0.0
10,351,b0225,1.5,0.0,4.5,4.0,1.5,0,False,0.0,0.0,0.0,0.0,0.0,0.0,0.0
10,352,b0226,1.5,0.0,5.0,3.5,1.5,0,False,0.0,0.0,0.0,0.0,0.0,0.0,0.0
10,353,b0227,1.5,0.5,3.0,5.0,2.0,0,True,0.0,0.0,0.0,0.0,0.0,0.0,0.0
10,354,b0228,1.5,0.5,3.5,4.5,1.0,0,True,0.0,0.9024609349636569,0.8144357391354777,0.0,0.4512304674818285,0.2036089347838695,0.0
10,355,b0228,1.5,0.5,3.5,4.5,2.0,0,True,0.0,0.9024609349636569,0.8144357391354777,0.0,0.4512304674818285,0.2036089347838695,0.0
10,356,b0229,1.5,0.5,4.0,4.0,1.0,0,True,0.0,0.9697573853573072,0.9404293864550407,0.0,0.4848786926786536,0.23510734661376018,0.0
10,357,b0229,1.5,0.5,4.0,4.0,2.0,0,True,0.0,0.9697573853573072,0.9404293864550407,0.0,0.4848786926786536,0.23510734661376018,0.0
10,358,b0230,1.5,0.5,4.5,3.5,1.0,0,True,0.0,0.9024609349636569,0.8144357391354777,0.0,0.4512304674818285,0.2036089347838695,0.0
10,359,b0230,1.5,0.5,4.5,3.5,2.0,0,True,0.0,0.9024609349636569,0.8144357391354777,0.0,0.4512304674818285,0.2036089347838695,0.0
10,360,b0231,1.5,0.5,5.0,3.0,2.0,0,True,0.0,0.0,0.0,0.0,0.0,0.0,0.0
10,361,b0232,1.5,1.0,2.5,5.0,2.5,0,True,0.0,0.0,0.0,0.0,0.0,0.0,0.0
10,362,b0233,1.5,1.0,3.0,4.5,1.5,0,True,0.0,1.0326406404754795,1.0663466923616085,0.0,0.5163203202377398,0.2665866730904021,0.0
10,363,b0233,1.5,1.0,3.0,4.5,2.5,0,True,0.0,1.0326406404754795,1.0663466923616085,0.0,0.5163203202377398,0.2665866730904021,0.0
10,364,b0234,1.5,1.0,3.5,4.0,0.5,0,True,0.0,0.47573430049904947,0.6104257991135045,0.6197601749404237,0.2378671502495248,0.15260644977837606,0.30988008747021173
10,365,b0234,1.5,1.0,3.5,4.0,1.5,0,True,0.0,1.283123370488868,1.646405583894713,0.0,0.6415616852444339,0.41160139597367806,0.0
10,366,b0234,1.5,1.0,3.5,4.0,2.5,0,True,0.0,0.8073890699898186,1.035979784781209,0.6197601749404237,0.40369453499490904,0.2589949461953019,0.3098800874702117
10,367,b0235,1.5,1.0,4.0,3.5,0.5,0,True,0.0,0.47573430049904947,0.6104257991135046,0.6197601749404238,0.23786715024952496,0.15260644977837623,0.30988008747021184
10,368,b0235,1.5,1.0,4.0,3.5,1.5,0,True,0.0,1.2831233704888683,1.6464055838947136,0.0,0.6415616852444341,0.4116013959736784,0.0
10,369,b0235,1.5,1.0,4.0,3.5,2.5,0,True,0.0,0.8073890699898186,1.035979784781209,0.6197601749404237,0.4036945349949091,0.25899494619530206,0.3098800874702119
10,370,b0236,1.5,1.0,4.5,3.0,1.5,0,True,0.0,1.0326406404754795,1.0663466923616085,0.0,0.5163203202377398,0.2665866730904021,0.0
10,371,b0236,1.5,1.0,4.5,3.0,2.5,0,True,0.0,1.0326406404754795,1.0663466923616085,0.0,0.5163203202377398,0.2665866730904021,0.0
10,372,b0237,1.5,1.0,5.0,2.5,2.5,0,True,0.0,0.0,0.0,0.0,0.0,0.0,0.0
10,373,b0238,1.5,1.5,2.0,5.0,3.0,0,True,0.0,0.0,0.0,0.0,0.0,0.0,0.0
10,374,b0239,1.5,1.5,2.5,4.5,2.0,0,True,0.0,1.0918845386996319,1.1922118458513078,0.0,0.5459422693498159,0.29805296146282695,0.0
10,375,b0239,1.5,1.5,2.5,4.5,3.0,0,True,0.0,1.0918845386996319,1.1922118458513078,0.0,0.5459422693498159,0.29805296146282695,0.0
10,376,b0240,1.5,1.5,3.0,4.0,1.0,0,True,0.0,0.5927660568632716,0.8345075456519253,0.6950798137499707,0.29638302843163583,0.20862688641298133,0.3475399068749853
10,377,b0240,1.5,1.5,3.0,4.0,2.0,0,True,0.0,1.407819385050272,1.981955420923326,0.0,0.7039096925251357,0.4954888552308311,0.0
10,378,b0240,1.5,1.5,3.0,4.0,3.0,0,True,0.0,0.815053328187,1.1474478752713997,0.6950798137499707,0.4075266640934998,0.2868619688178497,0.34753990687498537
10,379,b0241,1.5,1.5,3.5,3.5,0.0,0,True,-0.0,0.882968465956548,0.8218972266877513,0.20558189320582598,0.4414842329782742,0.20547430667193806,0.10279094660291313
10,380,b0241,1.5,1.5,3.5,3.5,1.0,0,True,0.0,1.2039722812788904,1.5690957559906127,0.34575497379317205,0.6019861406394454,0.39227393899765345,0.17287748689658602
10,381,b0241,1.5,1.5,3.5,3.5,2.0,0,True,0.0,1.4447251427706465,2.1294946529677565,0.20558189320582626,0.7223625713853239,0.5323736632419401,0.10279094660291313
10,382,b0241,1.5,1.5,3.5,3.5,3.0,0,True,0.0,1.1237213274483044,1.3822961236648965,0.34575497379317205,0.5618606637241527,0.34557403091622463,0.17287748689658602
10,383,b0242,1.5,1.5,4.0,3.0,1.0,0,True,0.0,0.5927660568632718,0.8345075456519259,0.695079813749971,0.2963830284316354,0.2086268864129809,0.3475399068749851
10,384,b0242,1.5,1.5,4.0,3.0,2.0,0,True,0.0,1.4078193850502725,1.9819554209233274,0.0,0.7039096925251355,0.49548885523083075,0.0
10,385,b0242,1.5,1.5,4.0,3.0,3.0,0,True,0.0,0.8150533281870003,1.1474478752714004,0.695079813749971,0.40752666409349997,0.2868619688178497,0.34753990687498515
10,386,b0243,1.5,1.5,4.5,2.5,2.0,0,True,0.0,1.0918845386996319,1.1922118458513078,0.0,0.5459422693498159,0.29805296146282695,0.0
10,387,b0243,1.5,1.5,4.5,2.5,3.0,0,True,0.0,1.0918845386996319,1.1922118458513078,0.0,0.5459422693498159,0.29805296146282695,0.0
10,388,b0244,1.5,1.5,5.0,2.0,3.0,0,True,0.0,0.0,0.0,0.0,0.0,0.0,0.0
10,389,b0245,1.5,2.0,1.5,5.0,3.5,0,True,0.0,0.0,0.0,0.0,0.0,0.0,0.0
10,390,b0246,1.5,2.0,2.0,4.5,2.5,0,True,0.0,1.1096445826339556,1.2313110997688854,0.0,0.5548222913169778,0.30782777494222135,0.0
10,391,b0246,1.5,2.0,2.0,4.5,3.5,0,True,0.0,1.1096445826339556,1.2313110997688854,0.0,0.5548222913169778,0.30782777494222135,0.0
10,392,b0247,1.5,2.0,2.5,4.0,1.5,0,True,0.0,0.6465924681349101,0.9436703933729942,0.7249748778572948,0.3232962340674556,0.23591759834324902,0.36248743892864754
10,393,b0247,1.5,2.0,2.5,4.0,2.5,0,True,0.0,1.459451570933083,2.129998887899044,0.0,0.7297257854665418,0.5324997219747614,0.0
10,394,b0247,1.5,2.0,2.5,4.0,3.5,0,True,0.0,0.8128591027981731,1.1863284945260504,0.7249748778572948,0.40642955139908626,0.2965821236315125,0.36248743892864754
10,395,b0248,1.5,2.0,3.0,3.5,0.5,0,True,0.0,0.9785309825874537,1.015606233033088,0.2410048737049114,0.48926549129372665,0.25390155825827176,0.12050243685245558
10,396,b0248,1.5,2.0,3.0,3.5,1.5,0,True,0.0,1.332774849575078,1.9024945953427796,0.35525455054496896,0.6663874247875389,0.4756236488356947,0.17762727527248431
10,397,b0248,1.5,2.0,3.0,3.5,2.5,0,True,0.0,1.525078663082645,2.383948277739468,0.2410048737049114,0.7625393315413225,0.595987069434867,0.1205024368524557
10,398,b0248,1.5,2.0,3.0,3.5,3.5,0,True,0.0,1.1708347960950212,1.4970599154297777,0.35525455054496896,0.5854173980475105,0.37426497885744425,0.17762727527248431
10,399,b0249,1.5,2.0,3.5,3.0,0.5,0,True,0.0,0.9785309825874537,1.015606233033088,0.2410048737049114,0.48926549129372665,0.25390155825827176,0.12050243685245558
10,400,b0249,1.5,2.0,3.5,3.0,1.5,0,True,0.0,1.3327748495750782,1.9024945953427803,0.35525455054496896,0.6663874247875389,0.47562364883569475,0.17762727527248448
10,401,b0249,1.5,2.0,3.5,3.0,2.5,0,True,0.0,1.5250786630826452,2.3839482777394685,0.2410048737049114,0.7625393315413228,0.5959870694348675,0.1205024368524557
10,402,b0249,1.5,2.0,3.5,3.0,3.5,0,True,0.0,1.1708347960950212,1.4970599154297777,0.35525455054496896,0.5854173980475105,0.3742649788574443,0.17762727527248448
10,403,b0250,1.5,2.0,4.0,2.5,1.5,0,True,0.0,0.64659246813491,0.9436703933729942,0.7249748778572949,0.32329623406745545,0.23591759834324888,0.3624874389286475
10,404,b0250,1.5,2.0,4.0,2.5,2.5,0,True,0.0,1.459451570933083,2.129998887899044,0.0,0.7297257854665417,0.5324997219747611,0.0
10,405,b0250,1.5,2.0,4.0,2.5,3.5,0,True,0.0,0.8128591027981732,1.1863284945260508,0.724974877857295,0.4064295513990863,0.2965821236315125,0.3624874389286475
10,406,b0251,1.5,2.0,4.5,2.0,2.5,0,True,0.0,1.1096445826339556,1.2313110997688854,0.0,0.5548222913169778,0.30782777494222135,0.0
10,407,b0251,1.5,2.0,4.5,2.0,3.5,0,True,0.0,1.1096445826339556,1.2313110997688854,0.0,0.5548222913169778,0.30782777494222135,0.0
10,408,b0252,1.5,2.0,5.0,1.5,3.5,0,True,0.0,0.0,0.0,0.0,0.0,0.0,0.0
10,409,b0253,1.5,2.5,1.0,5.0,4.0,0,True,0.0,0.0,0.0,0.0,0.0,0.0,0.0
10,410,b0254,1.5,2.5,1.5,4.5,3.0,0,True,0.0,1.0918845386996314,1.192211845851307,0.0,0.5459422693498157,0.2980529614628267,0.0
10,411,b0254,1.5,2.5,1.5,4.5,4.0,0,True,0.0,1.0918845386996314,1.192211845851307,0.0,0.5459422693498157,0.2980529614628267,0.0
10,412,b0255,1.5,2.5,2.0,4.0,2.0,0,True,0.0,0.675623150377703,0.9860392681774977,0.7277174086492677,0.3378115751888515,0.24650981704437436,0.3638587043246338
10,413,b0255,1.5,2.5,2.0,4.0,3.0,0,True,0.0,1.4594515709330835,2.1299988878990455,0.0,0.7297257854665417,0.5324997219747611,0.0
10,414,b0255,1.5,2.5,2.0,4.0,4.0,0,True,0.0,0.7838284205553806,1.143959619721548,0.7277174086492678,0.39191421027769024,0.2859899049303869,0.36385870432463385
10,415,b0256,1.5,2.5,2.5,3.5,1.0,0,True,0.0,1.0117612428982243,1.0908724966443484,0.25925216298690495,0.5058806214491125,0.2727181241610875,0.1296260814934527
10,416,b0256,1.5,2.5,2.5,3.5,2.0,0,True,-0.0,1.3842188174715742,2.041797878204865,0.3545929265544675,0.6921094087357872,0.5104494695512164,0.17729646327723358
10,417,b0256,1.5,2.5,2.5,3.5,3.0,0,True,0.0,1.5413493567447056,2.4429695235507065,0.2592521629869045,0.770674678372353,0.610742380887677,0.12962608149345226
10,418,b0256,1.5,2.5,2.5,3.5,4.0,0,True,0.0,1.1688917821713565,1.4920441419901918,0.3545929265544675,0.5844458910856785,0.3730110354975482,0.17729646327723375
10,419,b0257,1.5,2.5,3.0,3.0,1.0,0,True,0.0,1.0894921664988781,1.2669988659050109,0.28285276212650223,0.544746083249439,0.3167497164762526,0.14142638106325112
10,420,b0257,1.5,2.5,3.0,3.0,2.0,0,True,0.0,1.4627610084526284,2.259406167232821,0.3460294776221685,0.7313805042263141,0.5648515418082051,0.17301473881108426
10,421,b0257,1.5,2.5,3.0,3.0,3.0,0,True,0.0,1.5692009516660026,2.54239731175208,0.2828527621265026,0.7846004758330005,0.6355993279380188,0.1414263810632513
10,422,b0257,1.5,2.5,3.0,3.0,4.0,0,True,0.0,1.1959321097122526,1.54999001042427,0.3460294776221682,0.597966054856126,0.38749750260606713,0.17301473881108426
10,423,b0258,1.5,2.5,3.5,2.5,1.0,0,True,0.0,1.0117612428982243,1.0908724966443484,0.25925216298690495,0.5058806214491125,0.2727181241610875,0.1296260814934527
10,424,b0258,1.5,2.5,3.5,2.5,2.0,0,True,0.0,1.3842188174715737,2.0417978782048634,0.3545929265544669,0.6921094087357872,0.5104494695512164,0.17729646327723358
10,425,b0258,1.5,2.5,3.5,2.5,3.0,0,True,-0.0,1.5413493567447052,2.442969523550705,0.2592521629869045,0.770674678372353,0.610742380887677,0.12962608149345226
10,426,b0258,1.5,2.5,3.5,2.5,4.0,0,True,0.0,1.1688917821713565,1.4920441419901915,0.35459292655446717,0.5844458910856785,0.3730110354975482,0.17729646327723375
10,427,b0259,1.5,2.5,4.0,2.0,2.0,0,True,0.0,0.6756231503777029,0.9860392681774973,0.7277174086492676,0.3378115751888513,0.24650981704437416,0.3638587043246337
10,428,b0259,1.5,2.5,4.0,2.0,3.0,0,True,0.0,1.4594515709330833,2.1299988878990446,0.0,0.7297257854665414,0.5324997219747608,0.0
10,429,b0259,1.5,2.5,4.0,2.0,4.0,0,True,0.0,0.7838284205553806,1.1439596197215478,0.7277174086492677,0.3919142102776903,0.2859899049303869,0.36385870432463374
10,430,b0260,1.5,2.5,4.5,1.5,3.0,0,True,0.0,1.0918845386996314,1.192211845851307,0.0,0.5459422693498157,0.2980529614628267,0.0
10,431,b0260,1.5,2.5,4.5,1.5,4.0,0,True,0.0,1.0918845386996314,1.192211845851307,0.0,0.5459422693498157,0.2980529614628267,0.0
10,432,b0261,1.5,2.5,5.0,1.0,4.0,0,True,0.0,0.0,0.0,0.0,0.0,0.0,0.0
10,433,b0262,1.5,3.0,0.5,5.0,4.5,0,True,0.0,0.0,0.0,0.0,0.0,0.0,0.0
10,434,b0263,1.5,3.0,1.0,4.5,3.5,0,True,-0.0,1.0326406404754802,1.06634669236161,0.0,0.5163203202377401,0.2665866730904025,0.0
10,435,b0263,1.5,3.0,1.0,4.5,4.5,0,True,0.0,1.0326406404754802,1.06634669236161,0.0,0.5163203202377401,0.2665866730904025,0.0
10,436,b0264,1.5,3.0,1.5,4.0,2.5,0,True,0.0,0.6946477228866476,0.9779385300608512,0.7038487558767483,0.3473238614433237,0.24448463251521282,0.3519243779383743
10,437,b0264,1.5,3.0,1.5,4.0,3.5,0,True,0.0,1.4078193850502712,1.9819554209233237,0.0,0.7039096925251358,0.49548885523083125,0.0
10,438,b0264,1.5,3.0,1.5,4.0,4.5,0,True,0.0,0.7131716621636235,1.004016890862472,0.7038487558767483,0.3565858310818119,0.2510042227156182,0.3519243779383743
10,439,b0265,1.5,3.0,2.0,3.5,1.5,0,True,0.0,1.0088947426149644,1.0916252355167757,0.2715817258960193,0.5044473713074826,0.27290630887919437,0.13579086294800966
10,440,b0265,1.5,3.0,2.0,3.5,2.5,0,True,0.0,1.3884417429588483,2.041862766562876,0.3377755067678404,0.6942208714794237,0.5104656916407183,0.16888775338392004
10,441,b0265,1.5,3.0,2.0,3.5,3.5,0,True,0.0,1.4947149030551345,2.307929275255781,0.2715817258960197,0.747357451527567,0.5769823188139449,0.13579086294800985
10,442,b0265,1.5,3.0,2.0,3.5,4.5,0,True,0.0,1.115167902711251,1.3576917442096819,0.3377755067678404,0.5575839513556258,0.33942293605242063,0.16888775338392004
10,443,b0266,1.5,3.0,2.5,3.0,1.5,0,True,-0.0,1.1201118761903972,1.348407277342059,0.30619709691518526,0.5600559380951983,0.3371018193355143,0.15309854845759227
10,444,b0266,1.5,3.0,2.5,3.0,2.5,0,True,0.0,1.502858247334379,2.366012420305145,0.3277644103989685,0.7514291236671887,0.591503105076285,0.1638822051994839
10,445,b0266,1.5,3.0,2.5,3.0,3.5,0,True,0.0,1.5385812419744838,2.4609889003150323,0.30619709691518526,0.7692906209872408,0.6152472250787563,0.15309854845759227
10,446,b0266,1.5,3.0,2.5,3.0,4.5,0,True,0.0,1.155834870830502,1.4433837573519464,0.32776441039896814,0.5779174354152504,0.36084593933798587,0.16388220519948374
10,447,b0267,1.5,3.0,3.0,2.5,1.5,0,True,0.0,1.120111876190397,1.3484072773420583,0.3061970969151849,0.5600559380951984,0.3371018193355145,0.15309854845759244
10,448,b0267,1.5,3.0,3.0,2.5,2.5,0,True,0.0,1.502858247334379,2.366012420305145,0.3277644103989685,0.7514291236671888,0.5915031050762851,0.1638822051994839
10,449,b0267,1.5,3.0,3.0,2.5,3.5,0,True,-0.0,1.5385812419744833,2.460988900315031,0.30619709691518526,0.769290620987241,0.6152472250787566,0.15309854845759227
10,450,b0267,1.5,3.0,3.0,2.5,4.5,0,True,0.0,1.1558348708305017,1.443383757351946,0.32776441039896814,0.5779174354152506,0.36084593933798614,0.1638822051994839
10,451,b0268,1.5,3.0,3.5,2.0,1.5,0,True,0.0,1.0088947426149646,1.0916252355167761,0.2715817258960193,0.504447371307482,0.2729063088791937,0.13579086294800966
10,452,b0268,1.5,3.0,3.5,2.0,2.5,0,True,0.0,1.3884417429588485,2.041862766562877,0.33777550676784074,0.6942208714794234,0.5104656916407179,0.1688877533839202
10,453,b0268,1.5,3.0,3.5,2.0,3.5,0,True,-0.0,1.4947149030551348,2.3079292752557814,0.27158172589601887,0.7473574515275672,0.576982318813945,0.13579086294800943
10,454,b0268,1.5,3.0,3.5,2.0,4.5,0,True,0.0,1.1151679027112515,1.357691744209683,0.33777550676784074,0.5575839513556252,0.3394229360524201,0.1688877533839202
10,455,b0269,1.5,3.0,4.0,1.5,2.5,0,True,0.0,0.6946477228866478,0.9779385300608514,0.7038487558767483,0.3473238614433239,0.24448463251521294,0.3519243779383743
10,456,b0269,1.5,3.0,4.0,1.5,3.5,0,True,-0.0,1.407819385050271,1.981955420923323,0.0,0.7039096925251358,0.49548885523083125,0.0
10,457,b0269,1.5,3.0,4.0,1.5,4.5,0,True,0.0,0.7131716621636232,1.0040168908624716,0.7038487558767483,0.3565858310818118,0.2510042227156181,0.3519243779383743
10,458,b0270,1.5,3.0,4.5,1.0,3.5,0,True,0.0,1.0326406404754802,1.06634669236161,0.0,0.5163203202377401,0.2665866730904025,0.0
10,459,b0270,1.5,3.0,4.5,1.0,4.5,0,True,0.0,1.0326406404754802,1.06634669236161,0.0,0.5163203202377401,0.2665866730904025,0.0
10,460,b0271,1.5,3.0,5.0,0.5,4.5,0,True,0.0,0.0,0.0,0.0,0.0,0.0,0.0
10,461,b0272,1.5,3.5,0.0,5.0,5.0,0,False,0.0,0.0,0.0,0.0,0.0,0.0,0.0
10,462,b0273,1.5,3.5,0.5,4.5,4.0,0,True,-0.0,0.902460934963657,0.814435739135478,0.0,0.4512304674818285,0.2036089347838695,0.0
10,463,b0273,1.5,3.5,0.5,4.5,5.0,0,True,0.0,0.902460934963657,0.814435739135478,0.0,0.4512304674818285,0.2036089347838695,0.0
10,464,b0274,1.5,3.5,1.0,4.0,3.0,0,True,0.0,0.7249284579033146,0.9301726462681984,0.636122140150868,0.3624642289516571,0.23254316156704935,0.3180610700754339
10,465,b0274,1.5,3.5,1.0,4.0,4.0,0,True,-0.0,1.2831233704888674,1.6464055838947111,0.0,0.6415616852444334,0.4116013959736774,0.0
10,466,b0274,1.5,3.5,1.0,4.0,5.0,0,True,0.0,0.558194912585553,0.7162329376265136,0.636122140150868,0.2790974562927765,0.17905823440662832,0.3180610700754338
10,467,b0275,1.5,3.5,1.5,3.5,2.0,0,True,0.0,0.9689516307750347,1.0220396898938788,0.28839630218204915,0.484475815387517,0.2555099224734693,0.14419815109102427
10,468,b0275,1.5,3.5,1.5,3.5,3.0,0,True,-0.0,1.351099029968298,1.9115617485877585,0.2934163591323478,0.6755495149841486,0.4778904371469392,0.1467081795661739
10,469,b0275,1.5,3.5,1.5,3.5,4.0,0,True,0.0,1.3587419779521628,1.9293521897616353,0.28839630218204876,0.679370988976081,0.4823380474404082,0.14419815109102438
10,470,b0275,1.5,3.5,1.5,3.5,5.0,0,True,0.0,0.976594578758899,1.0398301310677542,0.2934163591323478,0.4882972893794493,0.25995753276693834,0.14670817956617382
10,471,b0276,1.5,3.5,2.0,3.0,2.0,0,True,-0.0,1.0956483426935657,1.3088223854701686,0.3292067657612938,0.5478241713467831,0.3272055963675424,0.1646033828806469
10,472,b0276,1.5,3.5,2.0,3.0,3.0,0,True,0.0,1.4812198985984633,2.2741430519296975,0.28307360160505224,0.7406099492992315,0.5685357629824243,0.14153680080252612
10,473,b0276,1.5,3.5,2.0,3.0,4.0,0,True,-0.0,1.4079613029765328,2.090732125302387,0.3292067657612938,0.7039806514882666,0.5226830313255971,0.1646033828806469
10,474,b0276,1.5,3.5,2.0,3.0,5.0,0,True,0.0,1.0223897470716357,1.125411458842859,0.28307360160505224,0.5111948735358176,0.2813528647107145,0.14153680080252612
10,475,b0277,1.5,3.5,2.5,2.5,2.0,0,True,0.0,1.1296091473530732,1.3917512306537303,0.3401975968022016,0.5648045736765362,0.3479378076634322,0.1700987984011008
10,476,b0277,1.5,3.5,2.5,2.5,3.0,0,True,0.0,1.5175857875336454,2.3822985031126005,0.28148158125974376,0.7587928937668224,0.5955746257781496,0.14074079062987188
10,477,b0277,1.5,3.5,2.5,2.5,4.0,0,True,0.0,1.4235014522898572,2.142090789541326,0.3401975968022016,0.7117507261449281,0.5355226973853308,0.1700987984011008
10,478,b0277,1.5,3.5,2.5,2.5,5.0,0,True,0.0,1.0355248121092846,1.1515435170824548,0.28148158125974376,0.5177624060546423,0.2878858792706137,0.14074079062987188
10,479,b0278,1.5,3.5,3.0,2.0,2.0,0,True,0.0,1.0956483426935657,1.3088223854701684,0.3292067657612935,0.5478241713467831,0.3272055963675424,0.1646033828806469
10,480,b0278,1.5,3.5,3.0,2.0,3.0,0,True,0.0,1.4812198985984628,2.274143051929696,0.28307360160505224,0.7406099492992322,0.5685357629824253,0.14153680080252612
10,481,b0278,1.5,3.5,3.0,2.0,4.0,0,True,0.0,1.4079613029765325,2.0907321253023867,0.3292067657612938,0.7039806514882666,0.5226830313255971,0.1646033828806469
10,482,b0278,1.5,3.5,3.0,2.0,5.0,0,True,0.0,1.0223897470716354,1.1254114588428585,0.28307360160505224,0.5111948735358178,0.28135286471071475,0.14153680080252612
10,483,b0279,1.5,3.5,3.5,1.5,2.0,0,True,0.0,0.9689516307750344,1.0220396898938784,0.2883963021820489,0.4844758153875169,0.25550992247346926,0.14419815109102446
10,484,b0279,1.5,3.5,3.5,1.5,3.0,0,True,0.0,1.3510990299682974,1.9115617485877572,0.2934163591323478,0.6755495149841484,0.47789043714693885,0.1467081795661739
10,485,b0279,1.5,3.5,3.5,1.5,4.0,0,True,-0.0,1.3587419779521626,1.9293521897616346,0.28839630218204876,0.679370988976081,0.4823380474404082,0.14419815109102438
10,486,b0279,1.5,3.5,3.5,1.5,5.0,0,True,0.0,0.9765945787588988,1.0398301310677538,0.2934163591323478,0.4882972893794492,0.2599575327669383,0.14670817956617382
10,487,b0280,1.5,3.5,4.0,1.0,3.0,0,True,0.0,0.7249284579033146,0.9301726462681982,0.6361221401508679,0.36246422895165753,0.2325431615670498,0.3180610700754341
10,488,b0280,1.5,3.5,4.0,1.0,4.0,0,True,0.0,1.2831233704888674,1.6464055838947111,0.0,0.6415616852444338,0.41160139597367795,0.0
10,489,b0280,1.5,3.5,4.0,1.0,5.0,0,True,0.0,0.558194912585553,0.7162329376265135,0.6361221401508679,0.2790974562927765,0.17905823440662846,0.31806107007543405
10,490,b0281,1.5,3.5,4.5,0.5,4.0,0,True,0.0,0.902460934963657,0.814435739135478,0.0,0.45123046748182855,0.20360893478386952,0.0
10,491,b0281,1.5,3.5,4.5,0.5,5.0,0,True,0.0,0.902460934963657,0.814435739135478,0.0,0.45123046748182855,0.20360893478386952,0.0
10,492,b0282,1.5,3.5,5.0,0.0,5.0,0,False,0.0,0.0,0.0,0.0,0.0,0.0,0.0
10,493,b0283,1.5,4.0,0.0,4.5,4.5,0,False,0.0,0.0,0.0,0.0,0.0,0.0,0.0
10,494,b0284,1.5,4.0,0.5,4.0,3.5,0,True,0.0,0.9697573853573064,0.9404293864550393,0.0,0.4848786926786532,0.23510734661375982,0.0
10,495,b0284,1.5,4.0,0.5,4.0,4.5,0,True,0.0,0.9697573853573064,0.9404293864550393,0.0,0.4848786926786532,0.23510734661375982,0.0
10,496,b0285,1.5,4.0,1.0,3.5,2.5,0,True,0.0,0.5504925477203303,0.7063498532599144,0.6350651999317033,0.275246273860165,0.17658746331497838,0.3175325999658514
10,497,b0285,1.5,4.0,1.0,3.5,3.5,0,True,0.0,1.283123370488868,1.646405583894713,0.0,0.6415616852444336,0.4116013959736777,0.0
10,498,b0285,1.5,4.0,1.0,3.5,4.5,0,True,-0.0,0.7326308227685382,0.9400557306347995,0.6350651999317033,0.36631541138426876,0.2350139326586995,0.3175325999658514
10,499,b0286,1.5,4.0,1.5,3.0,2.5,0,True,0.0,0.6946477228866471,0.9779385300608501,0.703848755876748,0.34732386144332333,0.2444846325152124,0.35192437793837406
10,500,b0286,1.5,4.0,1.5,3.0,3.5,0,True,0.0,1.4078193850502703,1.9819554209233212,0.0,0.7039096925251354,0.4954888552308306,0.0
10,501,b0286,1.5,4.0,1.5,3.0,4.5,0,True,-0.0,0.7131716621636233,1.0040168908624711,0.703848755876748,0.35658583108181197,0.25100422271561806,0.35192437793837406
10,502,b0287,1.5,4.0,2.0,2.5,2.5,0,True,0.0,0.7481998559846823,1.0919614551887513,0.7294918989908332,0.37409992799234154,0.27299036379718816,0.36474594949541667
10,503,b0287,1.5,4.0,2.0,2.5,3.5,0,True,0.0,1.4594515709330835,2.1299988878990455,0.0,0.7297257854665418,0.5324997219747614,0.0
10,504,b0287,1.5,4.0,2.0,2.5,4.5,0,True,0.0,0.711251714948401,1.0380374327102935,0.7294918989908332,0.3556258574742004,0.25950935817757337,0.3647459494954167
10,505,b0288,1.5,4.0,2.5,2.0,2.5,0,True,0.0,0.7481998559846826,1.091961455188752,0.7294918989908333,0.37409992799234126,0.27299036379718794,0.3647459494954166
10,506,b0288,1.5,4.0,2.5,2.0,3.5,0,True,0.0,1.4594515709330835,2.1299988878990455,0.0,0.7297257854665419,0.5324997219747615,0.0
10,507,b0288,1.5,4.0,2.5,2.0,4.5,0,True,-0.0,0.711251714948401,1.0380374327102935,0.7294918989908332,0.35562585747420056,0.2595093581775735,0.3647459494954167
10,508,b0289,1.5,4.0,3.0,1.5,2.5,0,True,0.0,0.6946477228866472,0.9779385300608502,0.703848755876748,0.34732386144332333,0.2444846325152124,0.35192437793837406
10,509,b0289,1.5,4.0,3.0,1.5,3.5,0,True,0.0,1.4078193850502705,1.9819554209233217,0.0,0.7039096925251354,0.4954888552308306,0.0
10,510,b0289,1.5,4.0,3.0,1.5,4.5,0,True,0.0,0.7131716621636233,1.0040168908624711,0.703848755876748,0.35658583108181197,0.25100422271561806,0.35192437793837406
10,511,b0290,1.5,4.0,3.5,1.0,2.5,0,True,0.0,0.5504925477203301,0.7063498532599141,0.6350651999317032,0.27524627386016526,0.17658746331497877,0.3175325999658518
10,512,b0290,1.5,4.0,3.5,1.0,3.5,0,True,0.0,1.2831233704888683,1.6464055838947136,0.0,0.6415616852444345,0.4116013959736788,0.0
10,513,b0290,1.5,4.0,3.5,1.0,4.5,0,True,0.0,0.7326308227685382,0.9400557306347993,0.6350651999317032,0.3663154113842692,0.23501393265870005,0.3175325999658518
10,514,b0291,1.5,4.0,4.0,0.5,3.5,0,True,0.0,0.9697573853573064,0.9404293864550393,0.0,0.4848786926786531,0.2351073466137597,0.0
10,515,b0291,1.5,4.0,4.0,0.5,4.5,0,True,-0.0,0.9697573853573064,0.9404293864550393,0.0,0.4848786926786531,0.2351073466137597,0.0
10,516,b0292,1.5,4.0,4.5,0.0,4.5,0,False,0.0,0.0,0.0,0.0,0.0,0.0,0.0
10,517,b0293,1.5,4.5,0.0,4.0,4.0,0,False,0.0,0.0,0.0,0.0,0.0,0.0,0.0
10,518,b0294,1.5,4.5,0.5,3.5,3.0,0,True,0.0,0.9024609349636569,0.8144357391354777,0.0,0.4512304674818285,0.2036089347838695,0.0
10,519,b0294,1.5,4.5,0.5,3.5,4.0,0,True,0.0,0.9024609349636569,0.8144357391354777,0.0,0.4512304674818285,0.2036089347838695,0.0
10,520,b0295,1.5,4.5,1.0,3.0,3.0,0,True,0.0,1.03264064047548,1.0663466923616096,0.0,0.51632032023774,0.2665866730904024,0.0
10,521,b0295,1.5,4.5,1.0,3.0,4.0,0,True,0.0,1.03264064047548,1.0663466923616096,0.0,0.51632032023774,0.2665866730904024,0.0
10,522,b0296,1.5,4.5,1.5,2.5,3.0,0,True,0.0,1.0918845386996314,1.192211845851307,0.0,0.5459422693498157,0.2980529614628267,0.0
10,523,b0296,1.5,4.5,1.5,2.5,4.0,0,True,0.0,1.0918845386996314,1.192211845851307,0.0,0.5459422693498157,0.2980529614628267,0.0
10,524,b0297,1.5,4.5,2.0,2.0,3.0,0,True,0.0,1.1096445826339554,1.231311099768885,0.0,0.5548222913169776,0.30782777494222113,0.0
10,525,b0297,1.5,4.5,2.0,2.0,4.0,0,True,0.0,1.1096445826339554,1.231311099768885,0.0,0.5548222913169776,0.30782777494222113,0.0
10,526,b0298,1.5,4.5,2.5,1.5,3.0,0,True,0.0,1.0918845386996314,1.192211845851307,0.0,0.5459422693498156,0.2980529614628266,0.0
10,527,b0298,1.5,4.5,2.5,1.5,4.0,0,True,0.0,1.0918845386996314,1.192211845851307,0.0,0.5459422693498156,0.2980529614628266,0.0
10,528,b0299,1.5,4.5,3.0,1.0,3.0,0,True,0.0,1.03264064047548,1.0663466923616096,0.0,0.51632032023774,0.2665866730904024,0.0
10,529,b0299,1.5,4.5,3.0,1.0,4.0,0,True,0.0,1.03264064047548,1.0663466923616096,0.0,0.51632032023774,0.2665866730904024,0.0
10,530,b0300,1.5,4.5,3.5,0.5,3.0,0,True,0.0,0.9024609349636569,0.8144357391354777,0.0,0.4512304674818284,0.20360893478386938,0.0
10,531,b0300,1.5,4.5,3.5,0.5,4.0,0,True,0.0,0.9024609349636569,0.8144357391354777,0.0,0.4512304674818284,0.20360893478386938,0.0
10,532,b0301,1.5,4.5,4.0,0.0,4.0,0,False,0.0,0.0,0.0,0.0,0.0,0.0,0.0
10,533,b0302,1.5,5.0,0.0,3.5,3.5,0,False,0.0,0.0,0.0,0.0,0.0,0.0,0.0
10,534,b0303,1.5,5.0,0.5,3.0,3.5,0,True,0.0,0.0,0.0,0.0,0.0,0.0,0.0
10,535,b0304,1.5,5.0,1.0,2.5,3.5,0,True,0.0,0.0,0.0,0.0,0.0,0.0,0.0
10,536,b0305,1.5,5.0,1.5,2.0,3.5,0,True,0.0,0.0,0.0,0.0,0.0,0.0,0.0
10,537,b0306,1.5,5.0,2.0,1.5,3.5,0,True,0.0,0.0,0.0,0.0,0.0,0.0,0.0
10,538,b0307,1.5,5.0,2.5,1.0,3.5,0,True,0.0,0.0,0.0,0.0,0.0,0.0,0.0
10,539,b0308,1.5,5.0,3.0,0.5,3.5,0,True,0.0,0.0,0.0,0.0,0.0,0.0,0.0
10,540,b0309,1.5,5.0,3.5,0.0,3.5,0,False,0.0,0.0,0.0,0.0,0.0,0.0,0.0
10,541,b0310,2.0,0.0,3.0,5.0,2.0,0,False,0.0,0.0,0.0,0.0,0.0,0.0,0.0
10,542,b0311,2.0,0.0,3.5,4.5,2.0,0,False,0.0,0.0,0.0,0.0,0.0,0.0,0.0
10,543,b0312,2.0,0.0,4.0,4.0,2.0,0,False,0.0,0.0,0.0,0.0,0.0,0.0,0.0
10,544,b0313,2.0,0.0,4.5,3.5,2.0,0,False,0.0,0.0,0.0,0.0,0.0,0.0,0.0
10,545,b0314,2.0,0.0,5.0,3.0,2.0,0,False,0.0,0.0,0.0,0.0,0.0,0.0,0.0
10,546,b0315,2.0,0.5,2.5,5.0,2.5,0,True,0.0,0.0,0.0,0.0,0.0,0.0,0.0
10,547,b0316,2.0,0.5,3.0,4.5,1.5,0,True,0.0,0.9330961517425966,0.8706684283968429,0.0,0.4665480758712983,0.21766710709921072,0.0
10,548,b0316,2.0,0.5,3.0,4.5,2.5,0,True,0.0,0.9330961517425966,0.8706684283968429,0.0,0.4665480758712983,0.21766710709921072,0.0
10,549,b0317,2.0,0.5,3.5,4.0,1.5,0,True,0.0,1.0326406404754798,1.066346692361609,0.0,0.5163203202377399,0.26658667309040224,0.0
10,550,b0317,2.0,0.5,3.5,4.0,2.5,0,True,-0.0,1.0326406404754798,1.066346692361609,0.0,0.5163203202377399,0.26658667309040224,0.0
10,551,b0318,2.0,0.5,4.0,3.5,1.5,0,True,0.0,1.0326406404754798,1.066346692361609,0.0,0.5163203202377399,0.26658667309040224,0.0
10,552,b0318,2.0,0.5,4.0,3.5,2.5,0,True,0.0,1.0326406404754798,1.066346692361609,0.0,0.5163203202377399,0.26658667309040224,0.0
10,553,b0319,2.0,0.5,4.5,3.0,1.5,0,True,0.0,0.9330961517425966,0.8706684283968429,0.0,0.4665480758712983,0.21766710709921072,0.0
10,554,b0319,2.0,0.5,4.5,3.0,2.5,0,True,0.0,0.9330961517425966,0.8706684283968429,0.0,0.4665480758712983,0.21766710709921072,0.0
10,555,b0320,2.0,0.5,5.0,2.5,2.5,0,True,0.0,0.0,0.0,0.0,0.0,0.0,0.0
10,556,b0321,2.0,1.0,2.0,5.0,3.0,0,True,0.0,0.0,0.0,0.0,0.0,0.0,0.0
10,557,b0322,2.0,1.0,2.5,4.5,2.0,0,True,0.0,1.0602019183862366,1.1240281077498562,0.0,0.5301009591931182,0.28100702693746393,0.0
10,558,b0322,2.0,1.0,2.5,4.5,3.0,0,True,0.0,1.0602019183862366,1.1240281077498562,0.0,0.5301009591931182,0.28100702693746393,0.0
10,559,b0323,2.0,1.0,3.0,4.0,1.0,0,True,0.0,0.5110641472296688,0.686823923830919,0.6524088911467488,0.2555320736148343,0.17170598095772968,0.3262044455733744
10,560,b0323,2.0,1.0,3.0,4.0,2.0,0,True,-0.0,1.3439094241965384,1.8060925404442714,0.0,0.6719547120982691,0.4515231351110677,0.0
10,561,b0323,2.0,1.0,3.0,4.0,3.0,0,True,0.0,0.8328452769668695,1.119268616613352,0.6524088911467489,0.41642263848343475,0.27981715415333797,0.3262044455733744
10,562,b0324,2.0,1.0,3.5,3.5,1.0,0,True,0.0,0.5927660568632731,0.8345075456519274,0.695079813749971,0.2963830284316366,0.20862688641298194,0.34753990687498554
10,563,b0324,2.0,1.0,3.5,3.5,2.0,0,True,0.0,1.4078193850502718,1.9819554209233254,0.0,0.703909692525136,0.4954888552308315,0.0
10,564,b0324,2.0,1.0,3.5,3.5,3.0,0,True,0.0,0.8150533281869985,1.1474478752713975,0.695079813749971,0.40752666409349936,0.2868619688178495,0.34753990687498554
10,565,b0325,2.0,1.0,4.0,3.0,1.0,0,True,0.0,0.5110641472296686,0.6868239238309187,0.6524088911467488,0.2555320736148343,0.17170598095772968,0.3262044455733744
10,566,b0325,2.0,1.0,4.0,3.0,2.0,0,True,0.0,1.3439094241965381,1.8060925404442707,0.0,0.6719547120982688,0.4515231351110674,0.0
10,567,b0325,2.0,1.0,4.0,3.0,3.0,0,True,0.0,0.8328452769668696,1.119268616613352,0.6524088911467488,0.41642263848343464,0.2798171541533379,0.3262044455733744
10,568,b0326,2.0,1.0,4.5,2.5,2.0,0,True,0.0,1.0602019183862363,1.1240281077498557,0.0,0.5301009591931182,0.28100702693746393,0.0
10,569,b0326,2.0,1.0,4.5,2.5,3.0,0,True,0.0,1.0602019183862363,1.1240281077498557,0.0,0.5301009591931182,0.28100702693746393,0.0
10,570,b0327,2.0,1.0,5.0,2.0,3.0,0,True,0.0,0.0,0.0,0.0,0.0,0.0,0.0
10,571,b0328,2.0,1.5,1.5,5.0,3.5,0,True,0.0,0.0,0.0,0.0,0.0,0.0,0.0
10,572,b0329,2.0,1.5,2.0,4.5,2.5,0,True,0.0,1.1096445826339556,1.2313110997688854,0.0,0.5548222913169778,0.30782777494222135,0.0
10,573,b0329,2.0,1.5,2.0,4.5,3.5,0,True,0.0,1.1096445826339556,1.2313110997688854,0.0,0.5548222913169778,0.30782777494222135,0.0
10,574,b0330,2.0,1.5,2.5,4.0,1.5,0,True,0.0,0.6465924681349102,0.9436703933729943,0.7249748778572948,0.32329623406745545,0.23591759834324888,0.3624874389286475
10,575,b0330,2.0,1.5,2.5,4.0,2.5,0,True,0.0,1.4594515709330829,2.1299988878990432,0.0,0.7297257854665417,0.5324997219747611,0.0
10,576,b0330,2.0,1.5,2.5,4.0,3.5,0,True,0.0,0.8128591027981729,1.18632849452605,0.7249748778572948,0.4064295513990863,0.2965821236315125,0.3624874389286475
10,577,b0331,2.0,1.5,3.0,3.5,0.5,0,True,0.0,0.9785309825874533,1.015606233033087,0.24100487370491117,0.48926549129372665,0.25390155825827176,0.12050243685245558
10,578,b0331,2.0,1.5,3.0,3.5,1.5,0,True,-0.0,1.3327748495750777,1.902494595342779,0.35525455054496896,0.6663874247875388,0.4756236488356946,0.17762727527248431
10,579,b0331,2.0,1.5,3.0,3.5,2.5,0,True,-0.0,1.5250786630826447,2.383948277739467,0.2410048737049114,0.7625393315413225,0.595987069434867,0.1205024368524557
10,580,b0331,2.0,1.5,3.0,3.5,3.5,0,True,0.0,1.1708347960950207,1.4970599154297766,0.35525455054496896,0.5854173980475105,0.37426497885744425,0.17762727527248431
10,581,b0332,2.0,1.5,3.5,3.0,0.5,0,True,0.0,0.9785309825874533,1.015606233033087,0.24100487370491117,0.48926549129372665,0.25390155825827176,0.12050243685245558
10,582,b0332,2.0,1.5,3.5,3.0,1.5,0,True,0.0,1.3327748495750782,1.9024945953427803,0.35525455054496896,0.6663874247875389,0.47562364883569475,0.17762727527248448
10,583,b0332,2.0,1.5,3.5,3.0,2.5,0,True,0.0,1.525078663082645,2.3839482777394676,0.24100487370491047,0.7625393315413228,0.5959870694348675,0.1205024368524557
10,584,b0332,2.0,1.5,3.5,3.0,3.5,0,True,0.0,1.170834796095021,1.4970599154297772,0.35525455054496896,0.5854173980475105,0.3742649788574443,0.17762727527248448
10,585,b0333,2.0,1.5,4.0,2.5,1.5,0,True,0.0,0.6465924681349101,0.9436703933729941,0.7249748778572946,0.32329623406745484,0.23591759834324832,0.36248743892864727
10,586,b0333,2.0,1.5,4.0,2.5,2.5,0,True,-0.0,1.459451570933083,2.129998887899044,0.0,0.7297257854665415,0.532499721974761,0.0
10,587,b0333,2.0,1.5,4.0,2.5,3.5,0,True,0.0,0.812859102798173,1.18632849452605,0.7249748778572945,0.4064295513990866,0.29658212363151254,0.36248743892864727
10,588,b0334,2.0,1.5,4.5,2.0,2.5,0,True,0.0,1.1096445826339556,1.2313110997688854,0.0,0.5548222913169778,0.30782777494222135,0.0
10,589,b0334,2.0,1.5,4.5,2.0,3.5,0,True,0.0,1.1096445826339556,1.2313110997688854,0.0,0.5548222913169778,0.30782777494222135,0.0
10,590,b0335,2.0,1.5,5.0,1.5,3.5,0,True,0.0,0.0,0.0,0.0,0.0,0.0,0.0
10,591,b0336,2.0,2.0,1.0,5.0,4.0,0,True,0.0,0.0,0.0,0.0,0.0,0.0,0.0
10,592,b0337,2.0,2.0,1.5,4.5,3.0,0,True,-0.0,1.1096445826339554,1.231311099768885,0.0,0.5548222913169777,0.30782777494222124,0.0
10,593,b0337,2.0,2.0,1.5,4.5,4.0,0,True,0.0,1.1096445826339554,1.231311099768885,0.0,0.5548222913169777,0.30782777494222124,0.0
10,594,b0338,2.0,2.0,2.0,4.0,2.0,0,True,0.0,0.7107093948478203,1.0607264722424048,0.7453983017940475,0.35535469742390996,0.2651816180606009,0.37269915089702355
10,595,b0338,2.0,2.0,2.0,4.0,3.0,0,True,-0.0,1.4924897291804224,2.2275255917090506,0.0,0.7462448645902109,0.5568813979272622,0.0
10,596,b0338,2.0,2.0,2.0,4.0,4.0,0,True,0.0,0.7817803343326017,1.1667991194666445,0.7453983017940475,0.39089016716630065,0.2916997798666608,0.37269915089702355
10,597,b0339,2.0,2.0,2.5,3.5,1.0,0,True,0.0,1.0894921664988786,1.2669988659050118,0.28285276212650223,0.5447460832494394,0.31674971647625305,0.14142638106325112
10,598,b0339,2.0,2.0,2.5,3.5,2.0,0,True,-0.0,1.4627610084526284,2.259406167232821,0.3460294776221685,0.7313805042263136,0.5648515418082042,0.1730147388110836
10,599,b0339,2.0,2.0,2.5,3.5,3.0,0,True,0.0,1.5692009516660026,2.54239731175208,0.2828527621265026,0.7846004758330012,0.6355993279380198,0.14142638106325092
10,600,b0339,2.0,2.0,2.5,3.5,4.0,0,True,0.0,1.195932109712253,1.5499900104242712,0.3460294776221685,0.5979660548561264,0.3874975026060675,0.17301473881108376
10,601,b0340,2.0,2.0,3.0,3.0,0.0,0,True,0.0,0.5557860438130305,0.6829480246864534,0.6115961888281463,0.27789302190651527,0.17073700617161325,0.30579809441407296
10,602,b0340,2.0,2.0,3.0,3.0,1.0,0,True,0.0,1.3310353797688388,1.841594925917111,0.2644612329259888,0.6655176898844196,0.4603987314792781,0.13223061646299458
10,603,b0340,2.0,2.0,3.0,3.0,2.0,0,True,0.0,1.3562777242554456,2.3435226225726185,0.7099530669425184,0.6781388621277219,0.5858806556431532,0.3549765334712589
10,604,b0340,2.0,2.0,3.0,3.0,3.0,0,True,-0.0,1.6115388765132208,2.666997294234228,0.2644612329259888,0.80576943825661,0.6667493235585563,0.1322306164629944
10,605,b0340,2.0,2.0,3.0,3.0,4.0,0,True,0.0,1.0305104882135847,1.4821215728922712,0.6482049880817569,0.5152552441067922,0.37053039322306763,0.3241024940408784
10,606,b0341,2.0,2.0,3.5,2.5,1.0,0,True,0.0,1.0894921664988786,1.2669988659050118,0.28285276212650223,0.5447460832494391,0.31674971647625266,0.14142638106325092
10,607,b0341,2.0,2.0,3.5,2.5,2.0,0,True,0.0,1.4627610084526281,2.25940616723282,0.34602947762216785,0.7313805042263141,0.564851541808205,0.17301473881108392
10,608,b0341,2.0,2.0,3.5,2.5,3.0,0,True,-0.0,1.5692009516660026,2.54239731175208,0.2828527621265026,0.7846004758330011,0.6355993279380195,0.14142638106325092
10,609,b0341,2.0,2.0,3.5,2.5,4.0,0,True,0.0,1.195932109712253,1.549990010424271,0.3460294776221682,0.5979660548561262,0.38749750260606736,0.1730147388110841
10,610,b0342,2.0,2.0,4.0,2.0,2.0,0,True,0.0,0.7107093948478204,1.0607264722424052,0.7453983017940478,0.35535469742390996,0.2651816180606009,0.37269915089702355
10,611,b0342,2.0,2.0,4.0,2.0,3.0,0,True,0.0,1.4924897291804227,2.2275255917090515,0.0,0.7462448645902109,0.5568813979272622,0.0
10,612,b0342,2.0,2.0,4.0,2.0,4.0,0,True,0.0,0.7817803343326017,1.1667991194666447,0.7453983017940476,0.39089016716630065,0.2916997798666608,0.37269915089702355
10,613,b0343,2.0,2.0,4.5,1.5,3.0,0,True,0.0,1.1096445826339554,1.231311099768885,0.0,0.5548222913169777,0.30782777494222124,0.0
10,614,b0343,2.0,2.0,4.5,1.5,4.0,0,True,0.0,1.1096445826339554,1.231311099768885,0.0,0.5548222913169777,0.30782777494222124,0.0
10,615,b0344,2.0,2.0,5.0,1.0,4.0,0,True,0.0,0.0,0.0,0.0,0.0,0.0,0.0
10,616,b0345,2.0,2.5,0.5,5.0,4.5,0,True,0.0,0.0,0.0,0.0,0.0,0.0,0.0
10,617,b0346,2.0,2.5,1.0,4.5,3.5,0,True,0.0,1.0602019183862357,1.1240281077498544,0.0,0.5301009591931178,0.2810070269374636,0.0
10,618,b0346,2.0,2.5,1.0,4.5,4.5,0,True,0.0,1.0602019183862357,1.1240281077498544,0.0,0.5301009591931178,0.2810070269374636,0.0
10,619,b0347,2.0,2.5,1.5,4.0,2.5,0,True,0.0,0.7481998559846824,1.0919614551887515,0.7294918989908332,0.37409992799234176,0.2729903637971884,0.3647459494954167
10,620,b0347,2.0,2.5,1.5,4.0,3.5,0,True,-0.0,1.459451570933083,2.129998887899044,0.0,0.7297257854665415,0.532499721974761,0.0
10,621,b0347,2.0,2.5,1.5,4.0,4.5,0,True,0.0,0.7112517149484009,1.0380374327102933,0.7294918989908332,0.3556258574742002,0.25950935817757326,0.3647459494954167
10,622,b0348,2.0,2.5,2.0,3.5,1.5,0,True,0.0,1.1201118761903976,1.3484072773420601,0.30619709691518526,0.5600559380951986,0.33710181933551475,0.15309854845759263
10,623,b0348,2.0,2.5,2.0,3.5,2.5,0,True,0.0,1.5028582473343794,2.366012420305146,0.3277644103989678,0.7514291236671888,0.5915031050762851,0.1638822051994839
10,624,b0348,2.0,2.5,2.0,3.5,3.5,0,True,0.0,1.5385812419744833,2.460988900315031,0.30619709691518526,0.7692906209872411,0.6152472250787568,0.15309854845759263
10,625,b0348,2.0,2.5,2.0,3.5,4.5,0,True,0.0,1.1558348708305022,1.4433837573519468,0.32776441039896814,0.5779174354152506,0.3608459393379862,0.16388220519948407
10,626,b0349,2.0,2.5,2.5,3.0,0.5,0,True,0.0,0.6624595405276534,0.8663600369529756,0.6538404959291416,0.3312297702638267,0.2165900092382439,0.3269202479645708
10,627,b0349,2.0,2.5,2.5,3.0,1.5,0,True,0.0,1.4345285889633033,2.1393484686361126,0.28544035468564455,0.7172642944816521,0.5348371171590288,0.14272017734282266
10,628,b0349,2.0,2.5,2.5,3.0,2.5,0,True,0.0,1.4200505246053006,2.559217210759894,0.7366639113789302,0.7100252623026507,0.6398043026899742,0.36833195568946536
10,629,b0349,2.0,2.5,2.5,3.0,3.5,0,True,-0.0,1.6047323320563043,2.6566420536299313,0.28544035468564455,0.8023661660281526,0.6641605134074837,0.14272017734282266
10,630,b0349,2.0,2.5,2.5,3.0,4.5,0,True,0.0,0.9567508558866523,1.370413274553171,0.6745673237811992,0.4783754279433265,0.34260331863829324,0.3372836618905999
10,631,b0350,2.0,2.5,3.0,2.5,0.5,0,True,0.0,0.6624595405276533,0.8663600369529755,0.6538404959291417,0.3312297702638265,0.21659000923824362,0.3269202479645706
10,632,b0350,2.0,2.5,3.0,2.5,1.5,0,True,0.0,1.4345285889633033,2.139348468636113,0.2854403546856453,0.7172642944816516,0.5348371171590284,0.14272017734282305
10,633,b0350,2.0,2.5,3.0,2.5,2.5,0,True,0.0,1.4200505246053012,2.5592172107598956,0.7366639113789302,0.7100252623026506,0.639804302689974,0.36833195568946525
10,634,b0350,2.0,2.5,3.0,2.5,3.5,0,True,0.0,1.6047323320563045,2.6566420536299327,0.2854403546856453,0.8023661660281521,0.664160513407483,0.14272017734282305
10,635,b0350,2.0,2.5,3.0,2.5,4.5,0,True,0.0,0.9567508558866528,1.370413274553172,0.6745673237811994,0.47837542794332616,0.3426033186382928,0.33728366189059966
10,636,b0351,2.0,2.5,3.5,2.0,1.5,0,True,0.0,1.1201118761903979,1.3484072773420606,0.30619709691518526,0.5600559380951992,0.3371018193355153,0.15309854845759244
10,637,b0351,2.0,2.5,3.5,2.0,2.5,0,True,0.0,1.5028582473343797,2.3660124203051467,0.3277644103989678,0.75142912366719,0.5915031050762869,0.16388220519948424
10,638,b0351,2.0,2.5,3.5,2.0,3.5,0,True,0.0,1.5385812419744835,2.4609889003150314,0.30619709691518454,0.7692906209872421,0.6152472250787584,0.15309854845759263
10,639,b0351,2.0,2.5,3.5,2.0,4.5,0,True,0.0,1.1558348708305017,1.4433837573519457,0.3277644103989678,0.5779174354152514,0.3608459393379871,0.16388220519948407
10,640,b0352,2.0,2.5,4.0,1.5,2.5,0,True,0.0,0.7481998559846826,1.091961455188752,0.7294918989908333,0.37409992799234165,0.27299036379718833,0.3647459494954168
10,641,b0352,2.0,2.5,4.0,1.5,3.5,0,True,0.0,1.4594515709330838,2.129998887899046,0.0,0.7297257854665419,0.5324997219747615,0.0
10,642,b0352,2.0,2.5,4.0,1.5,4.5,0,True,0.0,0.711251714948401,1.0380374327102937,0.7294918989908333,0.3556258574742004,0.25950935817757337,0.3647459494954167
10,643,b0353,2.0,2.5,4.5,1.0,3.5,0,True,0.0,1.0602019183862357,1.1240281077498544,0.0,0.5301009591931178,0.2810070269374636,0.0
10,644,b0353,2.0,2.5,4.5,1.0,4.5,0,True,0.0,1.0602019183862357,1.1240281077498544,0.0,0.5301009591931178,0.2810070269374636,0.0
10,645,b0354,2.0,2.5,5.0,0.5,4.5,0,True,0.0,0.0,0.0,0.0,0.0,0.0,0.0
10,646,b0355,2.0,3.0,0.0,5.0,5.0,0,False,0.0,0.0,0.0,0.0,0.0,0.0,0.0
10,647,b0356,2.0,3.0,0.5,4.5,4.0,0,True,0.0,0.9330961517425973,0.8706684283968442,0.0,0.46654807587129865,0.21766710709921105,0.0
10,648,b0356,2.0,3.0,0.5,4.5,5.0,0,True,0.0,0.9330961517425973,0.8706684283968442,0.0,0.46654807587129865,0.21766710709921105,0.0
10,649,b0357,2.0,3.0,1.0,4.0,3.0,0,True,0.0,0.7886792395519587,1.059913462702036,0.6617390118481605,0.39433961977597953,0.26497836567550914,0.3308695059240804
10,650,b0357,2.0,3.0,1.0,4.0,4.0,0,True,-0.0,1.3439094241965377,1.8060925404442696,0.0,0.671954712098269,0.4515231351110675,0.0
10,651,b0357,2.0,3.0,1.0,4.0,5.0,0,True,0.0,0.5552301846445785,0.7461790777422327,0.6617390118481605,0.2776150923222894,0.18654476943555834,0.3308695059240804
10,652,b0358,2.0,3.0,1.5,3.5,2.0,0,True,0.0,1.095648342693566,1.308822385470169,0.3292067657612938,0.5478241713467825,0.32720559636754176,0.1646033828806469
10,653,b0358,2.0,3.0,1.5,3.5,3.0,0,True,0.0,1.4812198985984633,2.2741430519296975,0.28307360160505224,0.7406099492992311,0.5685357629824237,0.1415368008025265
10,654,b0358,2.0,3.0,1.5,3.5,4.0,0,True,0.0,1.4079613029765332,2.0907321253023885,0.3292067657612938,0.7039806514882665,0.5226830313255969,0.16460338288064674
10,655,b0358,2.0,3.0,1.5,3.5,5.0,0,True,0.0,1.0223897470716354,1.1254114588428588,0.2830736016050526,0.5111948735358177,0.2813528647107147,0.1415368008025263
10,656,b0359,2.0,3.0,2.0,3.0,1.0,0,True,0.0,0.7329858920315035,0.9477816021106071,0.6407131059947098,0.3664929460157517,0.23694540052765176,0.3203565529973549
10,657,b0359,2.0,3.0,2.0,3.0,2.0,0,True,-0.0,1.4512511640878603,2.1953387980530197,0.298678517450871,0.7256255820439306,0.5488346995132557,0.14933925872543588
10,658,b0359,2.0,3.0,2.0,3.0,3.0,0,True,0.0,1.4293958337548383,2.530168074346811,0.697850718127539,0.7146979168774193,0.6325420185867032,0.34892535906376965
10,659,b0359,2.0,3.0,2.0,3.0,4.0,0,True,0.0,1.4913230921941998,2.3132534220983203,0.29867851745087176,0.7456615460970999,0.5783133555245801,0.14933925872543588
10,660,b0359,2.0,3.0,2.0,3.0,5.0,0,True,0.0,0.7801925304957185,1.0306425436939224,0.6495707498437794,0.39009626524785934,0.25766063592348076,0.3247853749218898
10,661,b0360,2.0,3.0,2.5,2.5,1.0,0,True,0.0,0.8316380197518191,1.1351590962665337,0.6659859610906274,0.4158190098759092,0.283789774066633,0.3329929805453135
10,662,b0360,2.0,3.0,2.5,2.5,2.0,0,True,-0.0,1.5257091656202695,2.416470032025663,0.29779451634972065,0.7628545828101339,0.6041175080064143,0.14889725817485996
10,663,b0360,2.0,3.0,2.5,2.5,3.0,0,True,0.0,1.4467500845347492,2.6288778014896845,0.7319781379169603,0.7233750422673744,0.6572194503724208,0.36598906895848016
10,664,b0360,2.0,3.0,2.5,2.5,4.0,0,True,0.0,1.5135517553993405,2.379520490240389,0.29779451634972065,0.7567758776996697,0.5948801225600964,0.14889725817485996
10,665,b0360,2.0,3.0,2.5,2.5,5.0,0,True,0.0,0.7608728167330411,1.0319536245098309,0.6730721961770215,0.38043640836652043,0.2579884061274576,0.3365360980885107
10,666,b0361,2.0,3.0,3.0,2.0,1.0,0,True,0.0,0.7329858920315034,0.9477816021106071,0.6407131059947099,0.366492946015752,0.23694540052765203,0.320356552997355
10,667,b0361,2.0,3.0,3.0,2.0,2.0,0,True,0.0,1.4512511640878603,2.1953387980530197,0.298678517450871,0.7256255820439301,0.548834699513255,0.14933925872543588
10,668,b0361,2.0,3.0,3.0,2.0,3.0,0,True,0.0,1.4293958337548383,2.530168074346811,0.697850718127539,0.7146979168774197,0.6325420185867037,0.34892535906376965
10,669,b0361,2.0,3.0,3.0,2.0,4.0,0,True,-0.0,1.4913230921941998,2.3132534220983203,0.29867851745087176,0.7456615460971003,0.5783133555245807,0.14933925872543588
10,670,b0361,2.0,3.0,3.0,2.0,5.0,0,True,0.0,0.7801925304957185,1.0306425436939222,0.6495707498437792,0.3900962652478588,0.2576606359234802,0.32478537492188964
10,671,b0362,2.0,3.0,3.5,1.5,2.0,0,True,0.0,1.0956483426935657,1.3088223854701684,0.3292067657612935,0.5478241713467825,0.32720559636754176,0.1646033828806469
10,672,b0362,2.0,3.0,3.5,1.5,3.0,0,True,0.0,1.4812198985984628,2.274143051929696,0.28307360160505224,0.7406099492992311,0.5685357629824237,0.1415368008025265
10,673,b0362,2.0,3.0,3.5,1.5,4.0,0,True,0.0,1.4079613029765328,2.090732125302387,0.3292067657612938,0.7039806514882665,0.5226830313255969,0.16460338288064674
10,674,b0362,2.0,3.0,3.5,1.5,5.0,0,True,0.0,1.0223897470716354,1.1254114588428585,0.28307360160505224,0.5111948735358177,0.2813528647107147,0.1415368008025263
10,675,b0363,2.0,3.0,4.0,1.0,3.0,0,True,0.0,0.7886792395519586,1.0599134627020357,0.6617390118481605,0.39433961977597937,0.2649783656755091,0.33086950592408043
10,676,b0363,2.0,3.0,4.0,1.0,4.0,0,True,0.0,1.3439094241965375,1.806092540444269,0.0,0.6719547120982692,0.45152313511106784,0.0
10,677,b0363,2.0,3.0,4.0,1.0,5.0,0,True,0.0,0.5552301846445787,0.7461790777422328,0.6617390118481604,0.2776150923222896,0.18654476943555848,0.33086950592408043
10,678,b0364,2.0,3.0,4.5,0.5,4.0,0,True,0.0,0.9330961517425975,0.8706684283968446,0.0,0.46654807587129865,0.21766710709921105,0.0
10,679,b0364,2.0,3.0,4.5,0.5,5.0,0,True,0.0,0.9330961517425975,0.8706684283968446,0.0,0.46654807587129865,0.21766710709921105,0.0
10,680,b0365,2.0,3.0,5.0,0.0,5.0,0,False,0.0,0.0,0.0,0.0,0.0,0.0,0.0
10,681,b0366,2.0,3.5,0.0,4.5,4.5,0,False,0.0,0.0,0.0,0.0,0.0,0.0,0.0
10,682,b0367,2.0,3.5,0.5,4.0,3.5,0,True,0.0,1.0326406404754798,1.066346692361609,0.0,0.5163203202377399,0.26658667309040224,0.0
10,683,b0367,2.0,3.5,0.5,4.0,4.5,0,True,0.0,1.0326406404754798,1.066346692361609,0.0,0.5163203202377399,0.26658667309040224,0.0
10,684,b0368,2.0,3.5,1.0,3.5,2.5,0,True,0.0,0.6946477228866472,0.9779385300608506,0.7038487558767483,0.3473238614433238,0.24448463251521277,0.3519243779383741
10,685,b0368,2.0,3.5,1.0,3.5,3.5,0,True,-0.0,1.407819385050271,1.981955420923323,0.0,0.7039096925251355,0.49548885523083075,0.0
10,686,b0368,2.0,3.5,1.0,3.5,4.5,0,True,0.0,0.7131716621636237,1.0040168908624723,0.7038487558767483,0.3565858310818115,0.2510042227156178,0.3519243779383741
10,687,b0369,2.0,3.5,1.5,3.0,1.5,0,True,0.0,1.0088947426149641,1.0916252355167755,0.2715817258960197,0.5044473713074821,0.2729063088791938,0.13579086294800966
10,688,b0369,2.0,3.5,1.5,3.0,2.5,0,True,0.0,1.3884417429588485,2.041862766562877,0.33777550676784074,0.6942208714794239,0.5104656916407186,0.1688877533839202
10,689,b0369,2.0,3.5,1.5,3.0,3.5,0,True,-0.0,1.4947149030551345,2.307929275255781,0.2715817258960197,0.7473574515275673,0.5769823188139452,0.13579086294800985
10,690,b0369,2.0,3.5,1.5,3.0,4.5,0,True,0.0,1.115167902711251,1.357691744209682,0.33777550676784074,0.5575839513556252,0.33942293605242013,0.16888775338392037
10,691,b0370,2.0,3.5,2.0,2.5,1.5,0,True,0.0,1.1201118761903979,1.3484072773420603,0.3061970969151849,0.5600559380951987,0.33710181933551486,0.15309854845759244
10,692,b0370,2.0,3.5,2.0,2.5,2.5,0,True,0.0,1.502858247334379,2.3660124203051445,0.3277644103989678,0.7514291236671896,0.5915031050762863,0.1638822051994839
10,693,b0370,2.0,3.5,2.0,2.5,3.5,0,True,0.0,1.5385812419744829,2.4609889003150296,0.30619709691518526,0.7692906209872413,0.6152472250787572,0.15309854845759263
10,694,b0370,2.0,3.5,2.0,2.5,4.5,0,True,0.0,1.1558348708305024,1.4433837573519472,0.3277644103989678,0.5779174354152506,0.36084593933798614,0.1638822051994839
10,695,b0371,2.0,3.5,2.5,2.0,1.5,0,True,0.0,1.1201118761903979,1.3484072773420606,0.30619709691518526,0.5600559380951988,0.337101819335515,0.15309854845759244
10,696,b0371,2.0,3.5,2.5,2.0,2.5,0,True,0.0,1.5028582473343797,2.3660124203051467,0.3277644103989678,0.7514291236671898,0.5915031050762867,0.1638822051994839
10,697,b0371,2.0,3.5,2.5,2.0,3.5,0,True,0.0,1.538581241974483,2.46098890031503,0.30619709691518526,0.7692906209872417,0.6152472250787577,0.15309854845759263
10,698,b0371,2.0,3.5,2.5,2.0,4.5,0,True,0.0,1.155834870830502,1.4433837573519461,0.3277644103989678,0.577917435415251,0.3608459393379866,0.16388220519948407
10,699,b0372,2.0,3.5,3.0,1.5,1.5,0,True,0.0,1.0088947426149646,1.0916252355167761,0.2715817258960193,0.5044473713074822,0.2729063088791939,0.13579086294800966
10,700,b0372,2.0,3.5,3.0,1.5,2.5,0,True,0.0,1.3884417429588487,2.0418627665628772,0.33777550676784074,0.6942208714794239,0.5104656916407186,0.1688877533839202
10,701,b0372,2.0,3.5,3.0,1.5,3.5,0,True,0.0,1.4947149030551348,2.3079292752557814,0.27158172589601887,0.7473574515275673,0.5769823188139452,0.13579086294800985
10,702,b0372,2.0,3.5,3.0,1.5,4.5,0,True,0.0,1.1151679027112513,1.3576917442096825,0.33777550676784074,0.5575839513556256,0.33942293605242047,0.1688877533839202
10,703,b0373,2.0,3.5,3.5,1.0,2.5,0,True,0.0,0.6946477228866478,0.9779385300608514,0.7038487558767483,0.3473238614433237,0.24448463251521269,0.35192437793837406
10,704,b0373,2.0,3.5,3.5,1.0,3.5,0,True,0.0,1.4078193850502712,1.9819554209233237,0.0,0.7039096925251355,0.49548885523083075,0.0
10,705,b0373,2.0,3.5,3.5,1.0,4.5,0,True,0.0,0.7131716621636232,1.0040168908624716,0.7038487558767483,0.3565858310818115,0.25100422271561773,0.35192437793837406
10,706,b0374,2.0,3.5,4.0,0.5,3.5,0,True,0.0,1.03264064047548,1.0663466923616096,0.0,0.51632032023774,0.2665866730904024,0.0
10,707,b0374,2.0,3.5,4.0,0.5,4.5,0,True,0.0,1.03264064047548,1.0663466923616096,0.0,0.51632032023774,0.2665866730904024,0.0
10,708,b0375,2.0,3.5,4.5,0.0,4.5,0,False,0.0,0.0,0.0,0.0,0.0,0.0,0.0
10,709,b0376,2.0,4.0,0.0,4.0,4.0,0,False,0.0,0.0,0.0,0.0,0.0,0.0,0.0
10,710,b0377,2.0,4.0,0.5,3.5,3.0,0,True,0.0,1.0326406404754798,1.066346692361609,0.0,0.51632032023774,0.2665866730904024,0.0
10,711,b0377,2.0,4.0,0.5,3.5,4.0,0,True,0.0,1.0326406404754798,1.066346692361609,0.0,0.51632032023774,0.2665866730904024,0.0
10,712,b0378,2.0,4.0,1.0,3.0,2.0,0,True,0.0,0.5408086214070573,0.726797802995682,0.6590325014803747,0.27040431070352866,0.18169945074892058,0.3295162507401875
10,713,b0378,2.0,4.0,1.0,3.0,3.0,0,True,0.0,1.343909424196538,1.80609254044427,0.0,0.6719547120982693,0.45152313511106795,0.0
10,714,b0378,2.0,4.0,1.0,3.0,4.0,0,True,0.0,0.8031008027894808,1.0792947374485886,0.6590325014803747,0.4015504013947407,0.2698236843621475,0.32951625074018753
10,715,b0379,2.0,4.0,1.5,2.5,2.0,0,True,0.0,0.6756231503777027,0.9860392681774971,0.7277174086492677,0.33781157518885163,0.24650981704437455,0.36385870432463396
10,716,b0379,2.0,4.0,1.5,2.5,3.0,0,True,0.0,1.459451570933083,2.129998887899044,0.0,0.7297257854665421,0.5324997219747618,0.0
10,717,b0379,2.0,4.0,1.5,2.5,4.0,0,True,0.0,0.7838284205553807,1.143959619721548,0.7277174086492677,0.3919142102776904,0.2859899049303872,0.363858704324634
10,718,b0380,2.0,4.0,2.0,2.0,2.0,0,True,0.0,0.7107093948478203,1.060726472242405,0.7453983017940476,0.35535469742390957,0.2651816180606007,0.3726991508970236
10,719,b0380,2.0,4.0,2.0,2.0,3.0,0,True,0.0,1.4924897291804227,2.2275255917090515,0.0,0.7462448645902109,0.5568813979272622,0.0
10,720,b0380,2.0,4.0,2.0,2.0,4.0,0,True,0.0,0.7817803343326021,1.1667991194666452,0.7453983017940476,0.3908901671663011,0.2916997798666612,0.3726991508970236
10,721,b0381,2.0,4.0,2.5,1.5,2.0,0,True,0.0,0.6756231503777028,0.9860392681774972,0.7277174086492676,0.3378115751888513,0.24650981704437416,0.3638587043246337
10,722,b0381,2.0,4.0,2.5,1.5,3.0,0,True,0.0,1.4594515709330833,2.1299988878990446,0.0,0.7297257854665414,0.5324997219747608,0.0
10,723,b0381,2.0,4.0,2.5,1.5,4.0,0,True,0.0,0.7838284205553806,1.1439596197215478,0.7277174086492677,0.3919142102776903,0.2859899049303869,0.36385870432463374
10,724,b0382,2.0,4.0,3.0,1.0,2.0,0,True,0.0,0.5408086214070572,0.7267978029956818,0.6590325014803746,0.2704043107035285,0.1816994507489203,0.3295162507401872
10,725,b0382,2.0,4.0,3.0,1.0,3.0,0,True,0.0,1.343909424196538,1.80609254044427,0.0,0.6719547120982691,0.4515231351110677,0.0
10,726,b0382,2.0,4.0,3.0,1.0,4.0,0,True,0.0,0.8031008027894808,1.0792947374485886,0.6590325014803747,0.4015504013947403,0.269823684362147,0.3295162507401872
10,727,b0383,2.0,4.0,3.5,0.5,3.0,0,True,0.0,1.0326406404754798,1.066346692361609,0.0,0.51632032023774,0.2665866730904024,0.0
10,728,b0383,2.0,4.0,3.5,0.5,4.0,0,True,0.0,1.0326406404754798,1.066346692361609,0.0,0.51632032023774,0.2665866730904024,0.0
10,729,b0384,2.0,4.0,4.0,0.0,4.0,0,False,0.0,0.0,0.0,0.0,0.0,0.0,0.0
10,730,b0385,2.0,4.5,0.0,3.5,3.5,0,False,0.0,0.0,0.0,0.0,0.0,0.0,0.0
10,731,b0386,2.0,4.5,0.5,3.0,2.5,0,True,0.0,0.9330961517425975,0.8706684283968446,0.0,0.4665480758712989,0.21766710709921125,0.0
10,732,b0386,2.0,4.5,0.5,3.0,3.5,0,True,0.0,0.9330961517425975,0.8706684283968446,0.0,0.4665480758712989,0.21766710709921125,0.0
10,733,b0387,2.0,4.5,1.0,2.5,2.5,0,True,0.0,1.060201918386236,1.1240281077498548,0.0,0.530100959193118,0.2810070269374637,0.0
10,734,b0387,2.0,4.5,1.0,2.5,3.5,0,True,0.0,1.060201918386236,1.1240281077498548,0.0,0.530100959193118,0.2810070269374637,0.0
10,735,b0388,2.0,4.5,1.5,2.0,2.5,0,True,0.0,1.1096445826339556,1.2313110997688854,0.0,0.5548222913169778,0.30782777494222135,0.0
10,736,b0388,2.0,4.5,1.5,2.0,3.5,0,True,0.0,1.1096445826339556,1.2313110997688854,0.0,0.5548222913169778,0.30782777494222135,0.0
10,737,b0389,2.0,4.5,2.0,1.5,2.5,0,True,0.0,1.1096445826339554,1.231311099768885,0.0,0.5548222913169778,0.30782777494222135,0.0
10,738,b0389,2.0,4.5,2.0,1.5,3.5,0,True,0.0,1.1096445826339554,1.231311099768885,0.0,0.5548222913169778,0.30782777494222135,0.0
10,739,b0390,2.0,4.5,2.5,1.0,2.5,0,True,0.0,1.060201918386236,1.1240281077498548,0.0,0.530100959193118,0.2810070269374637,0.0
10,740,b0390,2.0,4.5,2.5,1.0,3.5,0,True,0.0,1.060201918386236,1.1240281077498548,0.0,0.530100959193118,0.2810070269374637,0.0
10,741,b0391,2.0,4.5,3.0,0.5,2.5,0,True,0.0,0.9330961517425975,0.8706684283968446,0.0,0.46654807587129876,0.21766710709921114,0.0
10,742,b0391,2.0,4.5,3.0,0.5,3.5,0,True,0.0,0.9330961517425975,0.8706684283968446,0.0,0.46654807587129876,0.21766710709921114,0.0
10,743,b0392,2.0,4.5,3.5,0.0,3.5,0,False,0.0,0.0,0.0,0.0,0.0,0.0,0.0
10,744,b0393,2.0,5.0,0.0,3.0,3.0,0,False,0.0,0.0,0.0,0.0,0.0,0.0,0.0
10,745,b0394,2.0,5.0,0.5,2.5,3.0,0,True,0.0,0.0,0.0,0.0,0.0,0.0,0.0
10,746,b0395,2.0,5.0,1.0,2.0,3.0,0,True,0.0,0.0,0.0,0.0,0.0,0.0,0.0
10,747,b0396,2.0,5.0,1.5,1.5,3.0,0,True,0.0,0.0,0.0,0.0,0.0,0.0,0.0
10,748,b0397,2.0,5.0,2.0,1.0,3.0,0,True,0.0,0.0,0.0,0.0,0.0,0.0,0.0
10,749,b0398,2.0,5.0,2.5,0.5,3.0,0,True,0.0,0.0,0.0,0.0,0.0,0.0,0.0
10,750,b0399,2.0,5.0,3.0,0.0,3.0,0,False,0.0,0.0,0.0,0.0,0.0,0.0,0.0
10,751,b0400,2.5,0.0,2.5,5.0,2.5,0,False,0.0,0.0,0.0,0.0,0.0,0.0,0.0
10,752,b0401,2.5,0.0,3.0,4.5,2.5,0,False,0.0,0.0,0.0,0.0,0.0,0.0,0.0
10,753,b0402,2.5,0.0,3.5,4.0,2.5,0,False,0.0,0.0,0.0,0.0,0.0,0.0,0.0
10,754,b0403,2.5,0.0,4.0,3.5,2.5,0,False,0.0,0.0,0.0,0.0,0.0,0.0,0.0
10,755,b0404,2.5,0.0,4.5,3.0,2.5,0,False,0.0,0.0,0.0,0.0,0.0,0.0,0.0
10,756,b0405,2.5,0.0,5.0,2.5,2.5,0,False,0.0,0.0,0.0,0.0,0.0,0.0,0.0
10,757,b0406,2.5,0.5,2.0,5.0,3.0,0,True,0.0,0.0,0.0,0.0,0.0,0.0,0.0
10,758,b0407,2.5,0.5,2.5,4.5,2.0,0,True,0.0,0.9426676209750042,0.8886222436346742,0.0,0.4713338104875022,0.22215556090866867,0.0
10,759,b0407,2.5,0.5,2.5,4.5,3.0,0,True,-0.0,0.9426676209750042,0.8886222436346742,0.0,0.4713338104875022,0.22215556090866867,0.0
10,760,b0408,2.5,0.5,3.0,4.0,2.0,0,True,-0.0,1.0602019183862357,1.1240281077498544,0.0,0.5301009591931178,0.2810070269374636,0.0
10,761,b0408,2.5,0.5,3.0,4.0,3.0,0,True,0.0,1.0602019183862357,1.1240281077498544,0.0,0.5301009591931178,0.2810070269374636,0.0
10,762,b0409,2.5,0.5,3.5,3.5,2.0,0,True,0.0,1.0918845386996328,1.1922118458513098,0.0,0.5459422693498164,0.29805296146282745,0.0
10,763,b0409,2.5,0.5,3.5,3.5,3.0,0,True,0.0,1.0918845386996328,1.1922118458513098,0.0,0.5459422693498164,0.29805296146282745,0.0
10,764,b0410,2.5,0.5,4.0,3.0,2.0,0,True,0.0,1.0602019183862357,1.1240281077498544,0.0,0.5301009591931178,0.2810070269374636,0.0
10,765,b0410,2.5,0.5,4.0,3.0,3.0,0,True,0.0,1.0602019183862357,1.1240281077498544,0.0,0.5301009591931178,0.2810070269374636,0.0
10,766,b0411,2.5,0.5,4.5,2.5,2.0,0,True,0.0,0.9426676209750044,0.8886222436346747,0.0,0.4713338104875022,0.22215556090866867,0.0
10,767,b0411,2.5,0.5,4.5,2.5,3.0,0,True,0.0,0.9426676209750044,0.8886222436346747,0.0,0.4713338104875022,0.22215556090866867,0.0
10,768,b0412,2.5,0.5,5.0,2.0,3.0,0,True,0.0,0.0,0.0,0.0,0.0,0.0,0.0
10,769,b0413,2.5,1.0,1.5,5.0,3.5,0,True,0.0,0.0,0.0,0.0,0.0,0.0,0.0
10,770,b0414,2.5,1.0,2.0,4.5,2.5,0,True,0.0,1.060201918386236,1.1240281077498548,0.0,0.530100959193118,0.2810070269374637,0.0
10,771,b0414,2.5,1.0,2.0,4.5,3.5,0,True,0.0,1.060201918386236,1.1240281077498548,0.0,0.530100959193118,0.2810070269374637,0.0
10,772,b0415,2.5,1.0,2.5,4.0,1.5,0,True,0.0,0.5298418556127998,0.7218832936094118,0.6641919162788695,0.2649209278064002,0.18047082340235324,0.33209595813943493
10,773,b0415,2.5,1.0,2.5,4.0,2.5,0,True,-0.0,1.3624504858614888,1.8562713264242068,0.0,0.6812252429307445,0.46406783160605186,0.0
10,774,b0415,2.5,1.0,2.5,4.0,3.5,0,True,0.0,0.8326086302486889,1.1343880328147948,0.6641919162788695,0.41630431512434435,0.2835970082036987,0.33209595813943493
10,775,b0416,2.5,1.0,3.0,3.5,1.5,0,True,-0.0,0.6465924681349089,0.9436703933729929,0.7249748778572949,0.3232962340674545,0.23591759834324827,0.3624874389286475
10,776,b0416,2.5,1.0,3.0,3.5,2.5,0,True,0.0,1.459451570933084,2.129998887899047,0.0,0.7297257854665421,0.5324997219747618,0.0
10,777,b0416,2.5,1.0,3.0,3.5,3.5,0,True,0.0,0.8128591027981749,1.1863284945260535,0.7249748778572949,0.40642955139908754,0.2965821236315135,0.3624874389286475
10,778,b0417,2.5,1.0,3.5,3.0,1.5,0,True,0.0,0.6465924681349093,0.9436703933729934,0.7249748778572949,0.3232962340674544,0.2359175983432481,0.3624874389286474
10,779,b0417,2.5,1.0,3.5,3.0,2.5,0,True,0.0,1.459451570933084,2.129998887899047,0.0,0.7297257854665418,0.5324997219747614,0.0
10,780,b0417,2.5,1.0,3.5,3.0,3.5,0,True,0.0,0.8128591027981745,1.186328494526053,0.724974877857295,0.4064295513990874,0.29658212363151326,0.3624874389286474
10,781,b0418,2.5,1.0,4.0,2.5,1.5,0,True,0.0,0.5298418556127998,0.7218832936094118,0.6641919162788695,0.26492092780640014,0.18047082340235313,0.3320959581394348
10,782,b0418,2.5,1.0,4.0,2.5,2.5,0,True,0.0,1.362450485861489,1.8562713264242074,0.0,0.6812252429307445,0.46406783160605186,0.0
10,783,b0418,2.5,1.0,4.0,2.5,3.5,0,True,0.0,0.8326086302486887,1.1343880328147944,0.6641919162788695,0.4163043151243442,0.2835970082036985,0.33209595813943477
10,784,b0419,2.5,1.0,4.5,2.0,2.5,0,True,0.0,1.060201918386236,1.1240281077498548,0.0,0.530100959193118,0.2810070269374637,0.0
10,785,b0419,2.5,1.0,4.5,2.0,3.5,0,True,0.0,1.060201918386236,1.1240281077498548,0.0,0.530100959193118,0.2810070269374637,0.0
10,786,b0420,2.5,1.0,5.0,1.5,3.5,0,True,0.0,0.0,0.0,0.0,0.0,0.0,0.0
10,787,b0421,2.5,1.5,1.0,5.0,4.0,0,True,0.0,0.0,0.0,0.0,0.0,0.0,0.0
10,788,b0422,2.5,1.5,1.5,4.5,3.0,0,True,-0.0,1.0918845386996314,1.192211845851307,0.0,0.5459422693498157,0.2980529614628267,0.0
10,789,b0422,2.5,1.5,1.5,4.5,4.0,0,True,0.0,1.0918845386996314,1.192211845851307,0.0,0.5459422693498157,0.2980529614628267,0.0
10,790,b0423,2.5,1.5,2.0,4.0,2.0,0,True,-0.0,0.6756231503777028,0.9860392681774973,0.7277174086492677,0.3378115751888514,0.24650981704437427,0.3638587043246338
10,791,b0423,2.5,1.5,2.0,4.0,3.0,0,True,-0.0,1.4594515709330833,2.1299988878990446,0.0,0.7297257854665418,0.5324997219747614,0.0
10,792,b0423,2.5,1.5,2.0,4.0,4.0,0,True,0.0,0.7838284205553807,1.143959619721548,0.7277174086492677,0.3919142102776903,0.28598990493038695,0.36385870432463385
10,793,b0424,2.5,1.5,2.5,3.5,1.0,0,True,0.0,1.0117612428982241,1.090872496644348,0.25925216298690495,0.5058806214491125,0.2727181241610875,0.1296260814934527
10,794,b0424,2.5,1.5,2.5,3.5,2.0,0,True,0.0,1.3842188174715737,2.041797878204864,0.3545929265544675,0.6921094087357871,0.5104494695512163,0.17729646327723375
10,795,b0424,2.5,1.5,2.5,3.5,3.0,0,True,-0.0,1.5413493567447054,2.442969523550706,0.2592521629869054,0.770674678372353,0.610742380887677,0.12962608149345226
10,796,b0424,2.5,1.5,2.5,3.5,4.0,0,True,0.0,1.168891782171356,1.4920441419901906,0.35459292655446717,0.5844458910856782,0.37301103549754794,0.17729646327723375
10,797,b0425,2.5,1.5,3.0,3.0,1.0,0,True,0.0,1.089492166498878,1.2669988659050107,0.2828527621265026,0.544746083249439,0.3167497164762526,0.14142638106325112
10,798,b0425,2.5,1.5,3.0,3.0,2.0,0,True,0.0,1.4627610084526284,2.259406167232821,0.3460294776221685,0.7313805042263141,0.5648515418082051,0.17301473881108426
10,799,b0425,2.5,1.5,3.0,3.0,3.0,0,True,-0.0,1.5692009516660026,2.54239731175208,0.2828527621265026,0.7846004758330005,0.6355993279380188,0.1414263810632513
10,800,b0425,2.5,1.5,3.0,3.0,4.0,0,True,0.0,1.1959321097122524,1.5499900104242696,0.3460294776221685,0.597966054856126,0.38749750260606713,0.17301473881108426
10,801,b0426,2.5,1.5,3.5,2.5,1.0,0,True,0.0,1.0117612428982243,1.0908724966443482,0.2592521629869045,0.5058806214491121,0.27271812416108704,0.1296260814934527
10,802,b0426,2.5,1.5,3.5,2.5,2.0,0,True,-0.0,1.3842188174715733,2.0417978782048625,0.35459292655446717,0.6921094087357869,0.510449469551216,0.17729646327723375
10,803,b0426,2.5,1.5,3.5,2.5,3.0,0,True,0.0,1.5413493567447045,2.442969523550703,0.2592521629869045,0.7706746783723526,0.6107423808876763,0.12962608149345226
10,804,b0426,2.5,1.5,3.5,2.5,4.0,0,True,0.0,1.168891782171356,1.4920441419901904,0.3545929265544669,0.5844458910856781,0.3730110354975479,0.17729646327723392
10,805,b0427,2.5,1.5,4.0,2.0,2.0,0,True,0.0,0.6756231503777028,0.9860392681774972,0.7277174086492676,0.33781157518885163,0.24650981704437455,0.36385870432463396
10,806,b0427,2.5,1.5,4.0,2.0,3.0,0,True,0.0,1.459451570933083,2.129998887899044,0.0,0.7297257854665421,0.5324997219747618,0.0
10,807,b0427,2.5,1.5,4.0,2.0,4.0,0,True,0.0,0.7838284205553807,1.1439596197215478,0.7277174086492675,0.3919142102776904,0.2859899049303872,0.363858704324634
10,808,b0428,2.5,1.5,4.5,1.5,3.0,0,True,0.0,1.0918845386996314,1.192211845851307,0.0,0.5459422693498157,0.2980529614628267,0.0
10,809,b0428,2.5,1.5,4.5,1.5,4.0,0,True,0.0,1.0918845386996314,1.192211845851307,0.0,0.5459422693498157,0.2980529614628267,0.0
10,810,b0429,2.5,1.5,5.0,1.0,4.0,0,True,0.0,0.0,0.0,0.0,0.0,0.0,0.0
10,811,b0430,2.5,2.0,0.5,5.0,4.5,0,True,0.0,0.0,0.0,0.0,0.0,0.0,0.0
10,812,b0431,2.5,2.0,1.0,4.5,3.5,0,True,0.0,1.0602019183862357,1.1240281077498544,0.0,0.5301009591931178,0.2810070269374636,0.0
10,813,b0431,2.5,2.0,1.0,4.5,4.5,0,True,0.0,1.0602019183862357,1.1240281077498544,0.0,0.5301009591931178,0.2810070269374636,0.0
10,814,b0432,2.5,2.0,1.5,4.0,2.5,0,True,-0.0,0.7481998559846821,1.0919614551887509,0.7294918989908331,0.374099927992341,0.2729903637971877,0.3647459494954166
10,815,b0432,2.5,2.0,1.5,4.0,3.5,0,True,0.0,1.459451570933083,2.129998887899044,0.0,0.7297257854665419,0.5324997219747615,0.0
10,816,b0432,2.5,2.0,1.5,4.0,4.5,0,True,0.0,0.711251714948401,1.0380374327102933,0.729491898990833,0.3556258574742007,0.25950935817757353,0.3647459494954166
10,817,b0433,2.5,2.0,2.0,3.5,1.5,0,True,0.0,1.1201118761903979,1.3484072773420606,0.30619709691518526,0.5600559380951992,0.3371018193355153,0.15309854845759244
10,818,b0433,2.5,2.0,2.0,3.5,2.5,0,True,0.0,1.5028582473343794,2.366012420305146,0.3277644103989678,0.7514291236671902,0.5915031050762871,0.1638822051994839
10,819,b0433,2.5,2.0,2.0,3.5,3.5,0,True,0.0,1.538581241974483,2.46098890031503,0.30619709691518526,0.7692906209872418,0.6152472250787578,0.15309854845759227
10,820,b0433,2.5,2.0,2.0,3.5,4.5,0,True,0.0,1.1558348708305024,1.4433837573519475,0.32776441039896814,0.5779174354152514,0.3608459393379871,0.16388220519948407
10,821,b0434,2.5,2.0,2.5,3.0,0.5,0,True,0.0,0.6624595405276532,0.8663600369529749,0.6538404959291414,0.3312297702638265,0.21659000923824362,0.3269202479645706
10,822,b0434,2.5,2.0,2.5,3.0,1.5,0,True,0.0,1.4345285889633024,2.13934846863611,0.28544035468564455,0.7172642944816516,0.5348371171590284,0.14272017734282305
10,823,b0434,2.5,2.0,2.5,3.0,2.5,0,True,-0.0,1.4200505246053003,2.5592172107598925,0.7366639113789298,0.7100252623026506,0.639804302689974,0.36833195568946525
10,824,b0434,2.5,2.0,2.5,3.0,3.5,0,True,0.0,1.6047323320563036,2.656642053629929,0.28544035468564455,0.8023661660281521,0.664160513407483,0.14272017734282305
10,825,b0434,2.5,2.0,2.5,3.0,4.5,0,True,0.0,0.9567508558866521,1.3704132745531703,0.674567323781199,0.47837542794332616,0.3426033186382928,0.33728366189059966
10,826,b0435,2.5,2.0,3.0,2.5,0.5,0,True,0.0,0.662459540527653,0.8663600369529748,0.6538404959291415,0.3312297702638264,0.2165900092382436,0.3269202479645707
10,827,b0435,2.5,2.0,3.0,2.5,1.5,0,True,0.0,1.4345285889633024,2.1393484686361104,0.2854403546856453,0.7172642944816515,0.5348371171590279,0.14272017734282227
10,828,b0435,2.5,2.0,3.0,2.5,2.5,0,True,0.0,1.4200505246053008,2.5592172107598943,0.7366639113789302,0.7100252623026506,0.6398043026899738,0.3683319556894649
10,829,b0435,2.5,2.0,3.0,2.5,3.5,0,True,-0.0,1.6047323320563038,2.65664205362993,0.28544035468564455,0.8023661660281521,0.6641605134074828,0.14272017734282227
10,830,b0435,2.5,2.0,3.0,2.5,4.5,0,True,0.0,0.9567508558866525,1.3704132745531714,0.6745673237811992,0.47837542794332655,0.3426033186382932,0.3372836618905997
10,831,b0436,2.5,2.0,3.5,2.0,1.5,0,True,0.0,1.1201118761903979,1.3484072773420606,0.30619709691518526,0.5600559380951988,0.33710181933551503,0.15309854845759263
10,832,b0436,2.5,2.0,3.5,2.0,2.5,0,True,0.0,1.5028582473343794,2.366012420305146,0.3277644103989678,0.7514291236671886,0.5915031050762848,0.1638822051994839
10,833,b0436,2.5,2.0,3.5,2.0,3.5,0,True,0.0,1.5385812419744833,2.460988900315031,0.30619709691518526,0.769290620987241,0.6152472250787567,0.15309854845759263
10,834,b0436,2.5,2.0,3.5,2.0,4.5,0,True,0.0,1.1558348708305022,1.4433837573519468,0.32776441039896814,0.5779174354152504,0.3608459393379859,0.1638822051994839
10,835,b0437,2.5,2.0,4.0,1.5,2.5,0,True,0.0,0.7481998559846823,1.0919614551887513,0.7294918989908332,0.3740999279923414,0.2729903637971881,0.3647459494954167
10,836,b0437,2.5,2.0,4.0,1.5,3.5,0,True,-0.0,1.4594515709330835,2.1299988878990455,0.0,0.7297257854665422,0.532499721974762,0.0
10,837,b0437,2.5,2.0,4.0,1.5,4.5,0,True,0.0,0.711251714948401,1.0380374327102935,0.7294918989908332,0.35562585747420067,0.2595093581775736,0.3647459494954167
10,838,b0438,2.5,2.0,4.5,1.0,3.5,0,True,0.0,1.0602019183862357,1.1240281077498544,0.0,0.5301009591931178,0.2810070269374636,0.0
10,839,b0438,2.5,2.0,4.5,1.0,4.5,0,True,0.0,1.0602019183862357,1.1240281077498544,0.0,0.5301009591931178,0.2810070269374636,0.0
10,840,b0439,2.5,2.0,5.0,0.5,4.5,0,True,0.0,0.0,0.0,0.0,0.0,0.0,0.0
10,841,b0440,2.5,2.5,0.0,5.0,5.0,0,False,0.0,0.0,0.0,0.0,0.0,0.0,0.0
10,842,b0441,2.5,2.5,0.5,4.5,4.0,0,True,0.0,0.9426676209750049,0.8886222436346755,0.0,0.47133381048750245,0.22215556090866886,0.0
10,843,b0441,2.5,2.5,0.5,4.5,5.0,0,True,0.0,0.9426676209750049,0.8886222436346755,0.0,0.47133381048750245,0.22215556090866886,0.0
10,844,b0442,2.5,2.5,1.0,4.0,3.0,0,True,0.0,0.8073780656956977,1.1000126378810122,0.6694425269688847,0.40368903284784874,0.2750031594702529,0.3347212634844422
10,845,b0442,2.5,2.5,1.0,4.0,4.0,0,True,-0.0,1.362450485861489,1.8562713264242074,0.0,0.6812252429307445,0.46406783160605186,0.0
10,846,b0442,2.5,2.5,1.0,4.0,5.0,0,True,0.0,0.555072420165791,0.7562586885431943,0.6694425269688847,0.27753621008289536,0.18906467213579842,0.3347212634844422
10,847,b0443,2.5,2.5,1.5,3.5,2.0,0,True,0.0,1.1296091473530727,1.3917512306537294,0.3401975968022019,0.5648045736765367,0.34793780766343274,0.17009879840110095
10,848,b0443,2.5,2.5,1.5,3.5,3.0,0,True,0.0,1.5175857875336463,2.382298503112603,0.28148158125974376,0.7587928937668232,0.5955746257781508,0.1407407906298715
10,849,b0443,2.5,2.5,1.5,3.5,4.0,0,True,0.0,1.4235014522898568,2.142090789541325,0.3401975968022016,0.7117507261449284,0.5355226973853313,0.17009879840110112
10,850,b0443,2.5,2.5,1.5,3.5,5.0,0,True,0.0,1.0355248121092842,1.151543517082454,0.28148158125974376,0.5177624060546422,0.28788587927061354,0.1407407906298717
10,851,b0444,2.5,2.5,2.0,3.0,1.0,0,True,0.0,0.8316380197518191,1.1351590962665339,0.6659859610906276,0.41581900987590914,0.28378977406663297,0.3329929805453135
10,852,b0444,2.5,2.5,2.0,3.0,2.0,0,True,-0.0,1.525709165620269,2.4164700320256616,0.29779451634972065,0.7628545828101343,0.6041175080064151,0.14889725817486033
10,853,b0444,2.5,2.5,2.0,3.0,3.0,0,True,0.0,1.446750084534749,2.6288778014896836,0.7319781379169601,0.7233750422673741,0.6572194503724204,0.36598906895848005
10,854,b0444,2.5,2.5,2.0,3.0,4.0,0,True,0.0,1.5135517553993405,2.379520490240389,0.29779451634972065,0.7567758776996698,0.5948801225600966,0.14889725817486033
10,855,b0444,2.5,2.5,2.0,3.0,5.0,0,True,0.0,0.7608728167330412,1.0319536245098313,0.6730721961770217,0.3804364083665204,0.2579884061274575,0.33653609808851065
10,856,b0445,2.5,2.5,2.5,2.5,0.0,0,True,-0.0,0.8957280863086755,0.8819645247072232,0.28219801577087883,0.4478640431543377,0.2204911311768058,0.1410990078854396
10,857,b0445,2.5,2.5,2.5,2.5,1.0,0,True,0.0,1.3219493069667778,1.8678897214175896,0.3469002035566503,0.6609746534833895,0.4669724303543982,0.17345010177832546
10,858,b0445,2.5,2.5,2.5,2.5,2.0,0,True,0.0,1.5524884956456186,2.583783820652097,0.41660927922947255,0.7762442478228094,0.6459459551630246,0.2083046396147368
10,859,b0445,2.5,2.5,2.5,2.5,3.0,0,True,0.0,1.619112376325971,2.8340895091492877,0.4610473099122859,0.8095561881629864,0.7085223772873234,0.23052365495614294
10,860,b0445,2.5,2.5,2.5,2.5,4.0,0,True,0.0,1.5195835693263107,2.4265061801776895,0.3425959077560603,0.7597917846631561,0.6066265450444237,0.17129795387803082
10,861,b0445,2.5,2.5,2.5,2.5,5.0,0,True,0.0,1.0267384679878555,1.1902752949701312,0.36889485402223043,0.513369233993928,0.2975688237425331,0.18444742701111522
10,862,b0446,2.5,2.5,3.0,2.0,1.0,0,True,0.0,0.8316380197518187,1.135159096266533,0.6659859610906274,0.41581900987590925,0.2837897740666331,0.33299298054531357
10,863,b0446,2.5,2.5,3.0,2.0,2.0,0,True,0.0,1.5257091656202688,2.416470032025661,0.29779451634972065,0.7628545828101342,0.6041175080064148,0.14889725817486033
10,864,b0446,2.5,2.5,3.0,2.0,3.0,0,True,0.0,1.4467500845347487,2.6288778014896828,0.7319781379169601,0.723375042267374,0.6572194503724201,0.3659890689584799
10,865,b0446,2.5,2.5,3.0,2.0,4.0,0,True,0.0,1.5135517553993405,2.379520490240389,0.29779451634972065,0.7567758776996698,0.5948801225600966,0.14889725817486033
10,866,b0446,2.5,2.5,3.0,2.0,5.0,0,True,0.0,0.760872816733041,1.0319536245098306,0.6730721961770215,0.38043640836652043,0.2579884061274576,0.3365360980885107
10,867,b0447,2.5,2.5,3.5,1.5,2.0,0,True,0.0,1.129609147353073,1.39175123065373,0.3401975968022019,0.5648045736765362,0.3479378076634322,0.1700987984011008
10,868,b0447,2.5,2.5,3.5,1.5,3.0,0,True,0.0,1.517585787533645,2.3822985031125987,0.281481581259743,0.7587928937668228,0.5955746257781502,0.14074079062987188
10,869,b0447,2.5,2.5,3.5,1.5,4.0,0,True,0.0,1.4235014522898568,2.142090789541325,0.3401975968022016,0.7117507261449281,0.5355226973853308,0.1700987984011008
10,870,b0447,2.5,2.5,3.5,1.5,5.0,0,True,0.0,1.035524812109284,1.1515435170824533,0.2814815812597434,0.5177624060546419,0.28788587927061327,0.14074079062987188
10,871,b0448,2.5,2.5,4.0,1.0,3.0,0,True,0.0,0.8073780656956976,1.1000126378810122,0.6694425269688847,0.4036890328478491,0.2750031594702534,0.33472126348444253
10,872,b0448,2.5,2.5,4.0,1.0,4.0,0,True,0.0,1.362450485861489,1.8562713264242074,0.0,0.6812252429307449,0.46406783160605247,0.0
10,873,b0448,2.5,2.5,4.0,1.0,5.0,0,True,0.0,0.5550724201657911,0.7562586885431944,0.6694425269688847,0.2775362100828955,0.18906467213579864,0.3347212634844425
10,874,b0449,2.5,2.5,4.5,0.5,4.0,0,True,0.0,0.9426676209750049,0.8886222436346755,0.0,0.47133381048750245,0.22215556090866886,0.0
10,875,b0449,2.5,2.5,4.5,0.5,5.0,0,True,0.0,0.9426676209750049,0.8886222436346755,0.0,0.47133381048750245,0.22215556090866886,0.0
10,876,b0450,2.5,2.5,5.0,0.0,5.0,0,False,0.0,0.0,0.0,0.0,0.0,0.0,0.0
10,877,b0451,2.5,3.0,0.0,4.5,4.5,0,False,0.0,0.0,0.0,0.0,0.0,0.0,0.0
10,878,b0452,2.5,3.0,0.5,4.0,3.5,0,True,0.0,1.0602019183862355,1.124028107749854,0.0,0.5301009591931176,0.2810070269374633,0.0
10,879,b0452,2.5,3.0,0.5,4.0,4.5,0,True,0.0,1.0602019183862355,1.124028107749854,0.0,0.5301009591931176,0.2810070269374633,0.0
10,880,b0453,2.5,3.0,1.0,3.5,2.5,0,True,0.0,0.7481998559846829,1.0919614551887524,0.7294918989908334,0.3740999279923415,0.27299036379718816,0.3647459494954167
10,881,b0453,2.5,3.0,1.0,3.5,3.5,0,True,0.0,1.459451570933084,2.129998887899047,0.0,0.7297257854665418,0.5324997219747614,0.0
10,882,b0453,2.5,3.0,1.0,3.5,4.5,0,True,0.0,0.7112517149484009,1.0380374327102937,0.7294918989908334,0.35562585747420045,0.2595093581775734,0.3647459494954167
10,883,b0454,2.5,3.0,1.5,3.0,1.5,0,True,0.0,1.1201118761903972,1.3484072773420588,0.3061970969151849,0.5600559380951984,0.33710181933551453,0.15309854845759263
10,884,b0454,2.5,3.0,1.5,3.0,2.5,0,True,-0.0,1.5028582473343788,2.366012420305144,0.3277644103989678,0.7514291236671895,0.5915031050762861,0.1638822051994839
10,885,b0454,2.5,3.0,1.5,3.0,3.5,0,True,0.0,1.5385812419744829,2.4609889003150296,0.30619709691518526,0.7692906209872419,0.6152472250787581,0.15309854845759263
10,886,b0454,2.5,3.0,1.5,3.0,4.5,0,True,0.0,1.1558348708305017,1.443383757351946,0.32776441039896814,0.5779174354152509,0.3608459393379865,0.16388220519948407
10,887,b0455,2.5,3.0,2.0,2.5,0.5,0,True,0.0,0.6624595405276523,0.866360036952974,0.6538404959291415,0.33122977026382594,0.21659000923824334,0.32692024796457075
10,888,b0455,2.5,3.0,2.0,2.5,1.5,0,True,-0.0,1.4345285889633033,2.139348468636113,0.2854403546856453,0.7172642944816515,0.534837117159028,0.14272017734282266
10,889,b0455,2.5,3.0,2.0,2.5,2.5,0,True,0.0,1.4200505246053017,2.5592172107598965,0.7366639113789298,0.7100252623026506,0.6398043026899737,0.3683319556894648
10,890,b0455,2.5,3.0,2.0,2.5,3.5,0,True,0.0,1.604732332056304,2.656642053629931,0.2854403546856453,0.8023661660281525,0.6641605134074835,0.14272017734282266
10,891,b0455,2.5,3.0,2.0,2.5,4.5,0,True,0.0,0.9567508558866531,1.370413274553172,0.6745673237811989,0.47837542794332655,0.3426033186382929,0.3372836618905993
10,892,b0456,2.5,3.0,2.5,2.0,0.5,0,True,0.0,0.6624595405276521,0.8663600369529737,0.6538404959291415,0.33122977026382605,0.21659000923824342,0.32692024796457075
10,893,b0456,2.5,3.0,2.5,2.0,1.5,0,True,0.0,1.4345285889633035,2.1393484686361135,0.2854403546856453,0.7172642944816519,0.5348371171590284,0.14272017734282227
10,894,b0456,2.5,3.0,2.5,2.0,2.5,0,True,0.0,1.4200505246053012,2.559217210759895,0.7366639113789298,0.7100252623026505,0.6398043026899737,0.3683319556894651
10,895,b0456,2.5,3.0,2.5,2.0,3.5,0,True,0.0,1.6047323320563038,2.6566420536299304,0.2854403546856453,0.8023661660281515,0.6641605134074818,0.14272017734282266
10,896,b0456,2.5,3.0,2.5,2.0,4.5,0,True,0.0,0.9567508558866531,1.3704132745531719,0.6745673237811988,0.47837542794332655,0.34260331863829296,0.3372836618905994
10,897,b0457,2.5,3.0,3.0,1.5,1.5,0,True,0.0,1.1201118761903974,1.3484072773420595,0.3061970969151849,0.5600559380951984,0.33710181933551453,0.15309854845759263
10,898,b0457,2.5,3.0,3.0,1.5,2.5,0,True,0.0,1.5028582473343788,2.366012420305144,0.3277644103989678,0.7514291236671895,0.5915031050762861,0.1638822051994839
10,899,b0457,2.5,3.0,3.0,1.5,3.5,0,True,0.0,1.538581241974483,2.46098890031503,0.30619709691518526,0.7692906209872419,0.6152472250787581,0.15309854845759263
10,900,b0457,2.5,3.0,3.0,1.5,4.5,0,True,0.0,1.1558348708305017,1.4433837573519457,0.3277644103989678,0.5779174354152509,0.3608459393379865,0.16388220519948407
10,901,b0458,2.5,3.0,3.5,1.0,2.5,0,True,0.0,0.7481998559846829,1.0919614551887522,0.7294918989908332,0.37409992799234165,0.27299036379718833,0.3647459494954168
10,902,b0458,2.5,3.0,3.5,1.0,3.5,0,True,0.0,1.4594515709330835,2.1299988878990455,0.0,0.7297257854665419,0.5324997219747615,0.0
10,903,b0458,2.5,3.0,3.5,1.0,4.5,0,True,0.0,0.7112517149484007,1.038037432710293,0.7294918989908332,0.3556258574742004,0.25950935817757337,0.3647459494954167
10,904,b0459,2.5,3.0,4.0,0.5,3.5,0,True,0.0,1.0602019183862355,1.124028107749854,0.0,0.5301009591931176,0.2810070269374633,0.0
10,905,b0459,2.5,3.0,4.0,0.5,4.5,0,True,0.0,1.0602019183862355,1.124028107749854,0.0,0.5301009591931176,0.2810070269374633,0.0
10,906,b0460,2.5,3.0,4.5,0.0,4.5,0,False,0.0,0.0,0.0,0.0,0.0,0.0,0.0
10,907,b0461,2.5,3.5,0.0,4.0,4.0,0,False,0.0,0.0,0.0,0.0,0.0,0.0,0.0
10,908,b0462,2.5,3.5,0.5,3.5,3.0,0,True,0.0,1.0918845386996319,1.1922118458513078,0.0,0.5459422693498158,0.29805296146282684,0.0
10,909,b0462,2.5,3.5,0.5,3.5,4.0,0,True,0.0,1.0918845386996319,1.1922118458513078,0.0,0.5459422693498158,0.29805296146282684,0.0
10,910,b0463,2.5,3.5,1.0,3.0,2.0,0,True,0.0,0.6756231503777014,0.9860392681774949,0.7277174086492674,0.33781157518885097,0.246509817044374,0.3638587043246338
10,911,b0463,2.5,3.5,1.0,3.0,3.0,0,True,0.0,1.459451570933083,2.129998887899044,0.0,0.729725785466542,0.5324997219747617,0.0
10,912,b0463,2.5,3.5,1.0,3.0,4.0,0,True,0.0,0.7838284205553817,1.1439596197215491,0.7277174086492674,0.3919142102776909,0.2859899049303874,0.3638587043246338
10,913,b0464,2.5,3.5,1.5,2.5,1.0,0,True,0.0,1.0117612428982248,1.0908724966443493,0.25925216298690495,0.5058806214491124,0.2727181241610873,0.12962608149345248
10,914,b0464,2.5,3.5,1.5,2.5,2.0,0,True,0.0,1.3842188174715744,2.0417978782048656,0.35459292655446717,0.6921094087357873,0.5104494695512165,0.17729646327723358
10,915,b0464,2.5,3.5,1.5,2.5,3.0,0,True,0.0,1.5413493567447059,2.4429695235507074,0.2592521629869054,0.7706746783723526,0.6107423808876763,0.12962608149345226
10,916,b0464,2.5,3.5,1.5,2.5,4.0,0,True,0.0,1.1688917821713565,1.4920441419901918,0.3545929265544675,0.5844458910856782,0.3730110354975479,0.17729646327723358
10,917,b0465,2.5,3.5,2.0,2.0,1.0,0,True,0.0,1.0894921664988786,1.2669988659050118,0.28285276212650223,0.5447460832494394,0.31674971647625305,0.14142638106325112
10,918,b0465,2.5,3.5,2.0,2.0,2.0,0,True,0.0,1.462761008452628,2.2594061672328194,0.34602947762216785,0.7313805042263136,0.5648515418082043,0.17301473881108392
10,919,b0465,2.5,3.5,2.0,2.0,3.0,0,True,0.0,1.5692009516660026,2.54239731175208,0.2828527621265026,0.7846004758330012,0.6355993279380198,0.14142638106325092
10,920,b0465,2.5,3.5,2.0,2.0,4.0,0,True,0.0,1.195932109712253,1.549990010424271,0.3460294776221682,0.5979660548561265,0.38749750260606763,0.17301473881108376
10,921,b0466,2.5,3.5,2.5,1.5,1.0,0,True,0.0,1.0117612428982246,1.0908724966443488,0.25925216298690495,0.5058806214491124,0.2727181241610873,0.12962608149345248
10,922,b0466,2.5,3.5,2.5,1.5,2.0,0,True,0.0,1.3842188174715742,2.0417978782048647,0.3545929265544669,0.6921094087357872,0.5104494695512164,0.17729646327723358
10,923,b0466,2.5,3.5,2.5,1.5,3.0,0,True,0.0,1.5413493567447056,2.4429695235507065,0.2592521629869045,0.7706746783723526,0.6107423808876763,0.12962608149345226
10,924,b0466,2.5,3.5,2.5,1.5,4.0,0,True,0.0,1.1688917821713565,1.4920441419901915,0.35459292655446717,0.5844458910856782,0.3730110354975479,0.17729646327723358
10,925,b0467,2.5,3.5,3.0,1.0,2.0,0,True,0.0,0.6756231503777015,0.9860392681774952,0.7277174086492675,0.33781157518885097,0.246509817044374,0.3638587043246338
10,926,b0467,2.5,3.5,3.0,1.0,3.0,0,True,0.0,1.4594515709330833,2.1299988878990446,0.0,0.729725785466542,0.5324997219747617,0.0
10,927,b0467,2.5,3.5,3.0,1.0,4.0,0,True,0.0,0.783828420555382,1.1439596197215498,0.7277174086492675,0.3919142102776909,0.2859899049303874,0.3638587043246338
10,928,b0468,2.5,3.5,3.5,0.5,3.0,0,True,0.0,1.0918845386996319,1.1922118458513078,0.0,0.5459422693498159,0.29805296146282695,0.0
10,929,b0468,2.5,3.5,3.5,0.5,4.0,0,True,0.0,1.0918845386996319,1.1922118458513078,0.0,0.5459422693498159,0.29805296146282695,0.0
10,930,b0469,2.5,3.5,4.0,0.0,4.0,0,False,0.0,0.0,0.0,0.0,0.0,0.0,0.0
10,931,b0470,2.5,4.0,0.0,3.5,3.5,0,False,0.0,0.0,0.0,0.0,0.0,0.0,0.0
10,932,b0471,2.5,4.0,0.5,3.0,2.5,0,True,0.0,1.0602019183862355,1.124028107749854,0.0,0.5301009591931177,0.2810070269374635,0.0
10,933,b0471,2.5,4.0,0.5,3.0,3.5,0,True,0.0,1.0602019183862355,1.124028107749854,0.0,0.5301009591931177,0.2810070269374635,0.0
10,934,b0472,2.5,4.0,1.0,2.5,1.5,0,True,0.0,0.5298418556127996,0.7218832936094116,0.6641919162788695,0.26492092780639986,0.18047082340235293,0.33209595813943477
10,935,b0472,2.5,4.0,1.0,2.5,2.5,0,True,0.0,1.362450485861489,1.8562713264242074,0.0,0.6812252429307443,0.46406783160605153,0.0
10,936,b0472,2.5,4.0,1.0,2.5,3.5,0,True,0.0,0.8326086302486891,1.1343880328147953,0.6641919162788695,0.4163043151243445,0.28359700820369876,0.33209595813943477
10,937,b0473,2.5,4.0,1.5,2.0,1.5,0,True,0.0,0.6465924681349101,0.9436703933729942,0.7249748778572948,0.32329623406745484,0.23591759834324832,0.36248743892864727
10,938,b0473,2.5,4.0,1.5,2.0,2.5,0,True,0.0,1.459451570933083,2.129998887899044,0.0,0.7297257854665415,0.532499721974761,0.0
10,939,b0473,2.5,4.0,1.5,2.0,3.5,0,True,0.0,0.812859102798173,1.1863284945260502,0.7249748778572948,0.4064295513990866,0.29658212363151254,0.36248743892864727
10,940,b0474,2.5,4.0,2.0,1.5,1.5,0,True,0.0,0.6465924681349101,0.9436703933729942,0.7249748778572948,0.32329623406745545,0.23591759834324888,0.3624874389286475
10,941,b0474,2.5,4.0,2.0,1.5,2.5,0,True,0.0,1.4594515709330833,2.1299988878990446,0.0,0.7297257854665417,0.5324997219747611,0.0
10,942,b0474,2.5,4.0,2.0,1.5,3.5,0,True,0.0,0.8128591027981732,1.1863284945260506,0.7249748778572948,0.4064295513990863,0.2965821236315125,0.3624874389286475
10,943,b0475,2.5,4.0,2.5,1.0,1.5,0,True,0.0,0.5298418556127997,0.7218832936094116,0.6641919162788694,0.26492092780639975,0.18047082340235276,0.3320959581394346
10,944,b0475,2.5,4.0,2.5,1.0,2.5,0,True,0.0,1.362450485861489,1.8562713264242074,0.0,0.681225242930744,0.46406783160605125,0.0
10,945,b0475,2.5,4.0,2.5,1.0,3.5,0,True,0.0,0.8326086302486888,1.1343880328147944,0.6641919162788693,0.41630431512434424,0.28359700820369843,0.3320959581394346
10,946,b0476,2.5,4.0,3.0,0.5,2.5,0,True,0.0,1.0602019183862355,1.124028107749854,0.0,0.5301009591931177,0.2810070269374635,0.0
10,947,b0476,2.5,4.0,3.0,0.5,3.5,0,True,0.0,1.0602019183862355,1.124028107749854,0.0,0.5301009591931177,0.2810070269374635,0.0
10,948,b0477,2.5,4.0,3.5,0.0,3.5,0,False,0.0,0.0,0.0,0.0,0.0,0.0,0.0
10,949,b0478,2.5,4.5,0.0,3.0,3.0,0,False,0.0,0.0,0.0,0.0,0.0,0.0,0.0
10,950,b0479,2.5,4.5,0.5,2.5,2.0,0,True,0.0,0.9426676209750047,0.888622243634675,0.0,0.47133381048750234,0.22215556090866875,0.0
10,951,b0479,2.5,4.5,0.5,2.5,3.0,0,True,-0.0,0.9426676209750047,0.888622243634675,0.0,0.47133381048750234,0.22215556090866875,0.0
10,952,b0480,2.5,4.5,1.0,2.0,2.0,0,True,0.0,1.0602019183862363,1.1240281077498557,0.0,0.5301009591931182,0.28100702693746393,0.0
10,953,b0480,2.5,4.5,1.0,2.0,3.0,0,True,0.0,1.0602019183862363,1.1240281077498557,0.0,0.5301009591931182,0.28100702693746393,0.0
10,954,b0481,2.5,4.5,1.5,1.5,2.0,0,True,0.0,1.0918845386996319,1.1922118458513078,0.0,0.5459422693498158,0.29805296146282684,0.0
10,955,b0481,2.5,4.5,1.5,1.5,3.0,0,True,0.0,1.0918845386996319,1.1922118458513078,0.0,0.5459422693498158,0.29805296146282684,0.0
10,956,b0482,2.5,4.5,2.0,1.0,2.0,0,True,0.0,1.0602019183862363,1.1240281077498557,0.0,0.5301009591931182,0.28100702693746393,0.0
10,957,b0482,2.5,4.5,2.0,1.0,3.0,0,True,0.0,1.0602019183862363,1.1240281077498557,0.0,0.5301009591931182,0.28100702693746393,0.0
10,958,b0483,2.5,4.5,2.5,0.5,2.0,0,True,0.0,0.9426676209750047,0.888622243634675,0.0,0.47133381048750234,0.22215556090866875,0.0
10,959,b0483,2.5,4.5,2.5,0.5,3.0,0,True,0.0,0.9426676209750047,0.888622243634675,0.0,0.47133381048750234,0.22215556090866875,0.0
10,960,b0484,2.5,4.5,3.0,0.0,3.0,0,False,0.0,0.0,0.0,0.0,0.0,0.0,0.0
10,961,b0485,2.5,5.0,0.0,2.5,2.5,0,False,0.0,0.0,0.0,0.0,0.0,0.0,0.0
10,962,b0486,2.5,5.0,0.5,2.0,2.5,0,True,0.0,0.0,0.0,0.0,0.0,0.0,0.0
10,963,b0487,2.5,5.0,1.0,1.5,2.5,0,True,0.0,0.0,0.0,0.0,0.0,0.0,0.0
10,964,b0488,2.5,5.0,1.5,1.0,2.5,0,True,0.0,0.0,0.0,0.0,0.0,0.0,0.0
10,965,b0489,2.5,5.0,2.0,0.5,2.5,0,True,0.0,0.0,0.0,0.0,0.0,0.0,0.0
10,966,b0490,2.5,5.0,2.5,0.0,2.5,0,False,0.0,0.0,0.0,0.0,0.0,0.0,0.0
10,967,b0491,3.0,0.0,2.0,5.0,3.0,0,False,0.0,0.0,0.0,0.0,0.0,0.0,0.0
10,968,b0492,3.0,0.0,2.5,4.5,3.0,0,False,0.0,0.0,0.0,0.0,0.0,0.0,0.0
10,969,b0493,3.0,0.0,3.0,4.0,3.0,0,False,0.0,0.0,0.0,0.0,0.0,0.0,0.0
10,970,b0494,3.0,0.0,3.5,3.5,3.0,0,False,0.0,0.0,0.0,0.0,0.0,0.0,0.0
10,971,b0495,3.0,0.0,4.0,3.0,3.0,0,False,0.0,0.0,0.0,0.0,0.0,0.0,0.0
10,972,b0496,3.0,0.0,4.5,2.5,3.0,0,False,0.0,0.0,0.0,0.0,0.0,0.0,0.0
10,973,b0497,3.0,0.0,5.0,2.0,3.0,0,False,0.0,0.0,0.0,0.0,0.0,0.0,0.0
10,974,b0498,3.0,0.5,1.5,5.0,3.5,0,True,0.0,0.0,0.0,0.0,0.0,0.0,0.0
10,975,b0499,3.0,0.5,2.0,4.5,2.5,0,True,0.0,0.9330961517425975,0.8706684283968446,0.0,0.46654807587129876,0.21766710709921114,0.0
10,976,b0499,3.0,0.5,2.0,4.5,3.5,0,True,0.0,0.9330961517425975,0.8706684283968446,0.0,0.46654807587129876,0.21766710709921114,0.0
10,977,b0500,3.0,0.5,2.5,4.0,2.5,0,True,-0.0,1.0602019183862355,1.124028107749854,0.0,0.5301009591931177,0.2810070269374635,0.0
10,978,b0500,3.0,0.5,2.5,4.0,3.5,0,True,0.0,1.0602019183862355,1.124028107749854,0.0,0.5301009591931177,0.2810070269374635,0.0
10,979,b0501,3.0,0.5,3.0,3.5,2.5,0,True,0.0,1.1096445826339556,1.2313110997688854,0.0,0.5548222913169778,0.30782777494222135,0.0
10,980,b0501,3.0,0.5,3.0,3.5,3.5,0,True,0.0,1.1096445826339556,1.2313110997688854,0.0,0.5548222913169778,0.30782777494222135,0.0
10,981,b0502,3.0,0.5,3.5,3.0,2.5,0,True,0.0,1.1096445826339556,1.2313110997688854,0.0,0.5548222913169778,0.30782777494222135,0.0
10,982,b0502,3.0,0.5,3.5,3.0,3.5,0,True,0.0,1.1096445826339556,1.2313110997688854,0.0,0.5548222913169778,0.30782777494222135,0.0
10,983,b0503,3.0,0.5,4.0,2.5,2.5,0,True,0.0,1.0602019183862355,1.124028107749854,0.0,0.5301009591931177,0.2810070269374635,0.0
10,984,b0503,3.0,0.5,4.0,2.5,3.5,0,True,0.0,1.0602019183862355,1.124028107749854,0.0,0.5301009591931177,0.2810070269374635,0.0
10,985,b0504,3.0,0.5,4.5,2.0,2.5,0,True,0.0,0.9330961517425977,0.870668428396845,0.0,0.4665480758712989,0.21766710709921125,0.0
10,986,b0504,3.0,0.5,4.5,2.0,3.5,0,True,0.0,0.9330961517425977,0.870668428396845,0.0,0.4665480758712989,0.21766710709921125,0.0
10,987,b0505,3.0,0.5,5.0,1.5,3.5,0,True,0.0,0.0,0.0,0.0,0.0,0.0,0.0
10,988,b0506,3.0,1.0,1.0,5.0,4.0,0,True,0.0,0.0,0.0,0.0,0.0,0.0,0.0
10,989,b0507,3.0,1.0,1.5,4.5,3.0,0,True,0.0,1.03264064047548,1.0663466923616096,0.0,0.51632032023774,0.2665866730904024,0.0
10,990,b0507,3.0,1.0,1.5,4.5,4.0,0,True,-0.0,1.03264064047548,1.0663466923616096,0.0,0.51632032023774,0.2665866730904024,0.0
10,991,b0508,3.0,1.0,2.0,4.0,2.0,0,True,0.0,0.5408086214070572,0.7267978029956819,0.6590325014803747,0.27040431070352866,0.18169945074892058,0.3295162507401875
10,992,b0508,3.0,1.0,2.0,4.0,3.0,0,True,0.0,1.343909424196538,1.80609254044427,0.0,0.6719547120982693,0.45152313511106795,0.0
10,993,b0508,3.0,1.0,2.0,4.0,4.0,0,True,-0.0,0.803100802789481,1.079294737448589,0.6590325014803747,0.4015504013947407,0.2698236843621475,0.32951625074018753
10,994,b0509,3.0,1.0,2.5,3.5,2.0,0,True,-0.0,0.6756231503777015,0.9860392681774952,0.7277174086492675,0.33781157518885097,0.246509817044374,0.3638587043246338
10,995,b0509,3.0,1.0,2.5,3.5,3.0,0,True,0.0,1.4594515709330835,2.1299988878990455,0.0,0.729725785466542,0.5324997219747617,0.0
10,996,b0509,3.0,1.0,2.5,3.5,4.0,0,True,0.0,0.7838284205553822,1.14395961972155,0.7277174086492675,0.39191421027769086,0.28598990493038734,0.36385870432463374
10,997,b0510,3.0,1.0,3.0,3.0,2.0,0,True,0.0,0.7107093948478207,1.0607264722424055,0.7453983017940475,0.3553546974239104,0.2651816180606015,0.3726991508970239
10,998,b0510,3.0,1.0,3.0,3.0,3.0,0,True,0.0,1.4924897291804224,2.2275255917090506,0.0,0.7462448645902116,0.5568813979272632,0.0
10,999,b0510,3.0,1.0,3.0,3.0,4.0,0,True,0.0,0.7817803343326011,1.1667991194666436,0.7453983017940476,0.3908901671663008,0.2916997798666612,0.3726991508970239
10,1000,b0511,3.0,1.0,3.5,2.5,2.0,0,True,0.0,0.6756231503777015,0.986039268177495,0.7277174086492674,0.33781157518885097,0.246509817044374,0.3638587043246338
10,1001,b0511,3.0,1.0,3.5,2.5,3.0,0,True,-0.0,1.459451570933083,2.129998887899044,0.0,0.729725785466542,0.5324997219747617,0.0
10,1002,b0511,3.0,1.0,3.5,2.5,4.0,0,True,0.0,0.7838284205553817,1.1439596197215491,0.7277174086492674,0.3919142102776909,0.2859899049303874,0.3638587043246338
10,1003,b0512,3.0,1.0,4.0,2.0,2.0,0,True,0.0,0.5408086214070572,0.7267978029956819,0.6590325014803747,0.27040431070352866,0.18169945074892058,0.3295162507401875
10,1004,b0512,3.0,1.0,4.0,2.0,3.0,0,True,-0.0,1.343909424196538,1.80609254044427,0.0,0.6719547120982693,0.45152313511106795,0.0
10,1005,b0512,3.0,1.0,4.0,2.0,4.0,0,True,0.0,0.8031008027894808,1.0792947374485886,0.6590325014803747,0.4015504013947407,0.2698236843621475,0.32951625074018753
10,1006,b0513,3.0,1.0,4.5,1.5,3.0,0,True,0.0,1.03264064047548,1.0663466923616096,0.0,0.5163203202377401,0.2665866730904025,0.0
10,1007,b0513,3.0,1.0,4.5,1.5,4.0,0,True,0.0,1.03264064047548,1.0663466923616096,0.0,0.5163203202377401,0.2665866730904025,0.0
10,1008,b0514,3.0,1.0,5.0,1.0,4.0,0,True,0.0,0.0,0.0,0.0,0.0,0.0,0.0
10,1009,b0515,3.0,1.5,0.5,5.0,4.5,0,True,0.0,0.0,0.0,0.0,0.0,0.0,0.0
10,1010,b0516,3.0,1.5,1.0,4.5,3.5,0,True,0.0,1.0326406404754802,1.06634669236161,0.0,0.51632032023774,0.2665866730904024,0.0
10,1011,b0516,3.0,1.5,1.0,4.5,4.5,0,True,-0.0,1.0326406404754802,1.06634669236161,0.0,0.51632032023774,0.2665866730904024,0.0
10,1012,b0517,3.0,1.5,1.5,4.0,2.5,0,True,0.0,0.6946477228866473,0.9779385300608509,0.7038487558767483,0.34732386144332356,0.2444846325152127,0.3519243779383743
10,1013,b0517,3.0,1.5,1.5,4.0,3.5,0,True,-0.0,1.407819385050271,1.981955420923323,0.0,0.7039096925251357,0.4954888552308311,0.0
10,1014,b0517,3.0,1.5,1.5,4.0,4.5,0,True,0.0,0.7131716621636236,1.0040168908624723,0.7038487558767483,0.356585831081812,0.25100422271561823,0.3519243779383742
10,1015,b0518,3.0,1.5,2.0,3.5,1.5,0,True,0.0,1.0088947426149641,1.0916252355167755,0.2715817258960197,0.5044473713074822,0.27290630887919404,0.13579086294801004
10,1016,b0518,3.0,1.5,2.0,3.5,2.5,0,True,-0.0,1.388441742958848,2.0418627665628755,0.33777550676784074,0.694220871479424,0.5104656916407189,0.16888775338392037
10,1017,b0518,3.0,1.5,2.0,3.5,3.5,0,True,-0.0,1.4947149030551345,2.307929275255781,0.2715817258960197,0.747357451527567,0.576982318813945,0.13579086294801027
10,1018,b0518,3.0,1.5,2.0,3.5,4.5,0,True,0.0,1.1151679027112509,1.3576917442096816,0.33777550676784074,0.5575839513556254,0.3394229360524204,0.16888775338392037
10,1019,b0519,3.0,1.5,2.5,3.0,1.5,0,True,0.0,1.1201118761903972,1.3484072773420588,0.3061970969151849,0.5600559380951985,0.3371018193355146,0.15309854845759244
10,1020,b0519,3.0,1.5,2.5,3.0,2.5,0,True,-0.0,1.5028582473343797,2.3660124203051467,0.3277644103989678,0.7514291236671896,0.5915031050762863,0.1638822051994839
10,1021,b0519,3.0,1.5,2.5,3.0,3.5,0,True,-0.0,1.538581241974484,2.4609889003150327,0.30619709691518454,0.7692906209872414,0.6152472250787573,0.15309854845759227
10,1022,b0519,3.0,1.5,2.5,3.0,4.5,0,True,0.0,1.1558348708305026,1.443383757351948,0.32776441039896814,0.5779174354152509,0.3608459393379864,0.1638822051994839
10,1023,b0520,3.0,1.5,3.0,2.5,1.5,0,True,0.0,1.120111876190397,1.3484072773420583,0.3061970969151849,0.560055938095198,0.33710181933551414,0.15309854845759263
10,1024,b0520,3.0,1.5,3.0,2.5,2.5,0,True,0.0,1.5028582473343797,2.366012420305147,0.3277644103989685,0.7514291236671895,0.5915031050762862,0.16388220519948424
10,1025,b0520,3.0,1.5,3.0,2.5,3.5,0,True,0.0,1.5385812419744838,2.4609889003150323,0.30619709691518526,0.7692906209872418,0.615247225078758,0.15309854845759263
10,1026,b0520,3.0,1.5,3.0,2.5,4.5,0,True,0.0,1.1558348708305026,1.443383757351948,0.32776441039896814,0.577917435415251,0.36084593933798664,0.16388220519948424
10,1027,b0521,3.0,1.5,3.5,2.0,1.5,0,True,0.0,1.0088947426149644,1.091625235516776,0.2715817258960197,0.5044473713074822,0.27290630887919404,0.13579086294801004
10,1028,b0521,3.0,1.5,3.5,2.0,2.5,0,True,0.0,1.3884417429588485,2.041862766562877,0.33777550676784074,0.694220871479424,0.5104656916407189,0.16888775338392037
10,1029,b0521,3.0,1.5,3.5,2.0,3.5,0,True,0.0,1.4947149030551345,2.307929275255781,0.2715817258960197,0.747357451527567,0.576982318813945,0.13579086294801027
10,1030,b0521,3.0,1.5,3.5,2.0,4.5,0,True,0.0,1.1151679027112513,1.3576917442096825,0.33777550676784074,0.5575839513556254,0.3394229360524204,0.16888775338392037
10,1031,b0522,3.0,1.5,4.0,1.5,2.5,0,True,-0.0,0.6946477228866476,0.9779385300608511,0.7038487558767482,0.3473238614433239,0.24448463251521294,0.3519243779383743
10,1032,b0522,3.0,1.5,4.0,1.5,3.5,0,True,0.0,1.407819385050271,1.981955420923323,0.0,0.7039096925251358,0.49548885523083125,0.0
10,1033,b0522,3.0,1.5,4.0,1.5,4.5,0,True,0.0,0.7131716621636234,1.0040168908624718,0.7038487558767483,0.3565858310818118,0.2510042227156181,0.3519243779383743
10,1034,b0523,3.0,1.5,4.5,1.0,3.5,0,True,-0.0,1.0326406404754802,1.06634669236161,0.0,0.51632032023774,0.2665866730904024,0.0
10,1035,b0523,3.0,1.5,4.5,1.0,4.5,0,True,0.0,1.0326406404754802,1.06634669236161,0.0,0.51632032023774,0.2665866730904024,0.0
10,1036,b0524,3.0,1.5,5.0,0.5,4.5,0,True,0.0,0.0,0.0,0.0,0.0,0.0,0.0
10,1037,b0525,3.0,2.0,0.0,5.0,5.0,0,False,0.0,0.0,0.0,0.0,0.0,0.0,0.0
10,1038,b0526,3.0,2.0,0.5,4.5,4.0,0,True,0.0,0.9330961517425971,0.8706684283968438,0.0,0.46654807587129865,0.21766710709921105,0.0
10,1039,b0526,3.0,2.0,0.5,4.5,5.0,0,True,0.0,0.9330961517425971,0.8706684283968438,0.0,0.46654807587129865,0.21766710709921105,0.0
10,1040,b0527,3.0,2.0,1.0,4.0,3.0,0,True,0.0,0.7886792395519585,1.0599134627020357,0.6617390118481606,0.39433961977597937,0.2649783656755091,0.33086950592408043
10,1041,b0527,3.0,2.0,1.0,4.0,4.0,0,True,0.0,1.3439094241965377,1.8060925404442696,0.0,0.6719547120982692,0.45152313511106784,0.0
10,1042,b0527,3.0,2.0,1.0,4.0,5.0,0,True,0.0,0.555230184644579,0.7461790777422332,0.6617390118481606,0.2776150923222896,0.18654476943555848,0.33086950592408043
10,1043,b0528,3.0,2.0,1.5,3.5,2.0,0,True,0.0,1.0956483426935661,1.3088223854701695,0.3292067657612938,0.5478241713467833,0.3272055963675427,0.16460338288064708
10,1044,b0528,3.0,2.0,1.5,3.5,3.0,0,True,-0.0,1.4812198985984635,2.2741430519296983,0.28307360160505224,0.7406099492992317,0.5685357629824246,0.14153680080252612
10,1045,b0528,3.0,2.0,1.5,3.5,4.0,0,True,0.0,1.4079613029765332,2.0907321253023885,0.3292067657612938,0.7039806514882669,0.5226830313255977,0.16460338288064708
10,1046,b0528,3.0,2.0,1.5,3.5,5.0,0,True,0.0,1.0223897470716357,1.1254114588428592,0.2830736016050526,0.511194873535818,0.28135286471071497,0.14153680080252612
10,1047,b0529,3.0,2.0,2.0,3.0,1.0,0,True,0.0,0.7329858920315035,0.9477816021106071,0.6407131059947098,0.3664929460157517,0.23694540052765176,0.3203565529973549
10,1048,b0529,3.0,2.0,2.0,3.0,2.0,0,True,0.0,1.4512511640878603,2.19533879805302,0.29867851745087176,0.7256255820439306,0.5488346995132557,0.14933925872543588
10,1049,b0529,3.0,2.0,2.0,3.0,3.0,0,True,0.0,1.4293958337548387,2.530168074346813,0.6978507181275393,0.7146979168774193,0.6325420185867032,0.34892535906376965
10,1050,b0529,3.0,2.0,2.0,3.0,4.0,0,True,-0.0,1.4913230921942,2.3132534220983207,0.298678517450871,0.7456615460970999,0.5783133555245801,0.14933925872543588
10,1051,b0529,3.0,2.0,2.0,3.0,5.0,0,True,0.0,0.7801925304957184,1.0306425436939224,0.6495707498437795,0.39009626524785934,0.25766063592348076,0.3247853749218898
10,1052,b0530,3.0,2.0,2.5,2.5,1.0,0,True,0.0,0.8316380197518195,1.1351590962665348,0.6659859610906277,0.4158190098759099,0.28378977406663386,0.3329929805453139
10,1053,b0530,3.0,2.0,2.5,2.5,2.0,0,True,0.0,1.5257091656202695,2.416470032025663,0.29779451634972065,0.7628545828101347,0.6041175080064156,0.14889725817485996
10,1054,b0530,3.0,2.0,2.5,2.5,3.0,0,True,0.0,1.4467500845347494,2.6288778014896854,0.7319781379169603,0.7233750422673744,0.6572194503724209,0.3659890689584803
10,1055,b0530,3.0,2.0,2.5,2.5,4.0,0,True,0.0,1.5135517553993407,2.37952049024039,0.29779451634972065,0.7567758776996704,0.5948801225600974,0.14889725817485996
10,1056,b0530,3.0,2.0,2.5,2.5,5.0,0,True,-0.0,0.7608728167330412,1.0319536245098313,0.6730721961770217,0.3804364083665206,0.2579884061274579,0.336536098088511
10,1057,b0531,3.0,2.0,3.0,2.0,1.0,0,True,0.0,0.7329858920315035,0.947781602110607,0.6407131059947097,0.3664929460157517,0.23694540052765173,0.3203565529973548
10,1058,b0531,3.0,2.0,3.0,2.0,2.0,0,True,-0.0,1.4512511640878603,2.19533879805302,0.29867851745087176,0.7256255820439306,0.5488346995132557,0.14933925872543588
10,1059,b0531,3.0,2.0,3.0,2.0,3.0,0,True,0.0,1.4293958337548385,2.5301680743468116,0.697850718127539,0.7146979168774193,0.6325420185867031,0.3489253590637695
10,1060,b0531,3.0,2.0,3.0,2.0,4.0,0,True,0.0,1.4913230921942002,2.3132534220983216,0.29867851745087176,0.7456615460970999,0.5783133555245801,0.14933925872543588
10,1061,b0531,3.0,2.0,3.0,2.0,5.0,0,True,0.0,0.7801925304957184,1.0306425436939222,0.6495707498437794,0.3900962652478593,0.25766063592348076,0.3247853749218899
10,1062,b0532,3.0,2.0,3.5,1.5,2.0,0,True,-0.0,1.095648342693566,1.3088223854701688,0.3292067657612935,0.5478241713467831,0.3272055963675424,0.1646033828806469
10,1063,b0532,3.0,2.0,3.5,1.5,3.0,0,True,0.0,1.481219898598463,2.274143051929697,0.28307360160505224,0.7406099492992313,0.5685357629824239,0.14153680080252612
10,1064,b0532,3.0,2.0,3.5,1.5,4.0,0,True,0.0,1.4079613029765328,2.090732125302387,0.3292067657612938,0.7039806514882657,0.5226830313255959,0.1646033828806469
10,1065,b0532,3.0,2.0,3.5,1.5,5.0,0,True,0.0,1.0223897470716357,1.125411458842859,0.28307360160505224,0.5111948735358172,0.281352864710714,0.14153680080252592
10,1066,b0533,3.0,2.0,4.0,1.0,3.0,0,True,0.0,0.7886792395519583,1.059913462702035,0.6617390118481604,0.394339619775979,0.2649783656755087,0.3308695059240803
10,1067,b0533,3.0,2.0,4.0,1.0,4.0,0,True,0.0,1.3439094241965375,1.806092540444269,0.0,0.6719547120982688,0.4515231351110674,0.0
10,1068,b0533,3.0,2.0,4.0,1.0,5.0,0,True,0.0,0.5552301846445791,0.7461790777422334,0.6617390118481605,0.27761509232228965,0.18654476943555842,0.3308695059240803
10,1069,b0534,3.0,2.0,4.5,0.5,4.0,0,True,0.0,0.9330961517425973,0.8706684283968442,0.0,0.46654807587129865,0.21766710709921105,0.0
10,1070,b0534,3.0,2.0,4.5,0.5,5.0,0,True,0.0,0.9330961517425973,0.8706684283968442,0.0,0.46654807587129865,0.21766710709921105,0.0
10,1071,b0535,3.0,2.0,5.0,0.0,5.0,0,False,0.0,0.0,0.0,0.0,0.0,0.0,0.0
10,1072,b0536,3.0,2.5,0.0,4.5,4.5,0,False,0.0,0.0,0.0,0.0,0.0,0.0,0.0
10,1073,b0537,3.0,2.5,0.5,4.0,3.5,0,True,-0.0,1.0602019183862355,1.124028107749854,0.0,0.5301009591931177,0.2810070269374635,0.0
10,1074,b0537,3.0,2.5,0.5,4.0,4.5,0,True,0.0,1.0602019183862355,1.124028107749854,0.0,0.5301009591931177,0.2810070269374635,0.0
10,1075,b0538,3.0,2.5,1.0,3.5,2.5,0,True,0.0,0.7481998559846829,1.0919614551887522,0.7294918989908332,0.37409992799234126,0.27299036379718805,0.3647459494954168
10,1076,b0538,3.0,2.5,1.0,3.5,3.5,0,True,-0.0,1.4594515709330833,2.1299988878990446,0.0,0.729725785466542,0.5324997219747617,0.0
10,1077,b0538,3.0,2.5,1.0,3.5,4.5,0,True,0.0,0.7112517149484009,1.0380374327102935,0.7294918989908333,0.3556258574742008,0.25950935817757365,0.3647459494954167
10,1078,b0539,3.0,2.5,1.5,3.0,1.5,0,True,0.0,1.1201118761903972,1.3484072773420588,0.3061970969151849,0.5600559380951986,0.3371018193355148,0.1530985484575928
10,1079,b0539,3.0,2.5,1.5,3.0,2.5,0,True,0.0,1.5028582473343783,2.3660124203051427,0.3277644103989678,0.7514291236671897,0.5915031050762865,0.1638822051994839
10,1080,b0539,3.0,2.5,1.5,3.0,3.5,0,True,-0.0,1.5385812419744824,2.4609889003150283,0.30619709691518526,0.7692906209872418,0.615247225078758,0.15309854845759263
10,1081,b0539,3.0,2.5,1.5,3.0,4.5,0,True,0.0,1.1558348708305015,1.4433837573519452,0.32776441039896814,0.5779174354152509,0.3608459393379865,0.16388220519948407
10,1082,b0540,3.0,2.5,2.0,2.5,0.5,0,True,0.0,0.6624595405276525,0.8663600369529743,0.6538404959291415,0.33122977026382616,0.21659000923824354,0.3269202479645708
10,1083,b0540,3.0,2.5,2.0,2.5,1.5,0,True,0.0,1.4345285889633033,2.139348468636113,0.2854403546856453,0.7172642944816521,0.5348371171590289,0.14272017734282305
10,1084,b0540,3.0,2.5,2.0,2.5,2.5,0,True,0.0,1.4200505246053017,2.5592172107598965,0.7366639113789298,0.7100252623026516,0.6398043026899756,0.36833195568946536
10,1085,b0540,3.0,2.5,2.0,2.5,3.5,0,True,0.0,1.6047323320563043,2.6566420536299318,0.2854403546856453,0.8023661660281528,0.6641605134074842,0.14272017734282305
10,1086,b0540,3.0,2.5,2.0,2.5,4.5,0,True,0.0,0.9567508558866528,1.3704132745531716,0.6745673237811991,0.47837542794332666,0.3426033186382933,0.3372836618905997
10,1087,b0541,3.0,2.5,2.5,2.0,0.5,0,True,0.0,0.6624595405276524,0.866360036952974,0.6538404959291415,0.33122977026382644,0.21659000923824373,0.32692024796457086
10,1088,b0541,3.0,2.5,2.5,2.0,1.5,0,True,-0.0,1.4345285889633033,2.139348468636113,0.2854403546856453,0.7172642944816517,0.5348371171590283,0.14272017734282227
10,1089,b0541,3.0,2.5,2.5,2.0,2.5,0,True,0.0,1.420050524605301,2.5592172107598947,0.7366639113789302,0.7100252623026505,0.6398043026899737,0.3683319556894651
10,1090,b0541,3.0,2.5,2.5,2.0,3.5,0,True,0.0,1.6047323320563043,2.6566420536299318,0.2854403546856453,0.8023661660281519,0.6641605134074825,0.14272017734282227
10,1091,b0541,3.0,2.5,2.5,2.0,4.5,0,True,0.0,0.9567508558866528,1.3704132745531714,0.6745673237811989,0.4783754279433264,0.3426033186382929,0.33728366189059955
10,1092,b0542,3.0,2.5,3.0,1.5,1.5,0,True,-0.0,1.120111876190397,1.3484072773420583,0.3061970969151849,0.5600559380951986,0.3371018193355148,0.1530985484575928
10,1093,b0542,3.0,2.5,3.0,1.5,2.5,0,True,0.0,1.5028582473343783,2.3660124203051427,0.3277644103989678,0.7514291236671897,0.5915031050762865,0.1638822051994839
10,1094,b0542,3.0,2.5,3.0,1.5,3.5,0,True,0.0,1.5385812419744826,2.4609889003150287,0.30619709691518526,0.7692906209872418,0.615247225078758,0.15309854845759263
10,1095,b0542,3.0,2.5,3.0,1.5,4.5,0,True,0.0,1.1558348708305015,1.4433837573519452,0.32776441039896814,0.5779174354152509,0.3608459393379865,0.16388220519948407
10,1096,b0543,3.0,2.5,3.5,1.0,2.5,0,True,0.0,0.7481998559846829,1.0919614551887522,0.7294918989908332,0.37409992799234176,0.2729903637971884,0.3647459494954167
10,1097,b0543,3.0,2.5,3.5,1.0,3.5,0,True,0.0,1.459451570933083,2.129998887899044,0.0,0.7297257854665415,0.532499721974761,0.0
10,1098,b0543,3.0,2.5,3.5,1.0,4.5,0,True,0.0,0.7112517149484007,1.038037432710293,0.7294918989908332,0.3556258574742002,0.25950935817757326,0.3647459494954167
10,1099,b0544,3.0,2.5,4.0,0.5,3.5,0,True,0.0,1.0602019183862355,1.124028107749854,0.0,0.5301009591931176,0.2810070269374633,0.0
10,1100,b0544,3.0,2.5,4.0,0.5,4.5,0,True,0.0,1.0602019183862355,1.124028107749854,0.0,0.5301009591931176,0.2810070269374633,0.0
10,1101,b0545,3.0,2.5,4.5,0.0,4.5,0,False,0.0,0.0,0.0,0.0,0.0,0.0,0.0
10,1102,b0546,3.0,3.0,0.0,4.0,4.0,0,False,0.0,0.0,0.0,0.0,0.0,0.0,0.0
10,1103,b0547,3.0,3.0,0.5,3.5,3.0,0,True,0.0,1.1096445826339552,1.2313110997688845,0.0,0.5548222913169776,0.30782777494222113,0.0
10,1104,b0547,3.0,3.0,0.5,3.5,4.0,0,True,0.0,1.1096445826339552,1.2313110997688845,0.0,0.5548222913169776,0.30782777494222113,0.0
10,1105,b0548,3.0,3.0,1.0,3.0,2.0,0,True,0.0,0.7107093948478203,1.0607264722424046,0.7453983017940473,0.35535469742391046,0.2651816180606014,0.37269915089702377
10,1106,b0548,3.0,3.0,1.0,3.0,3.0,0,True,0.0,1.4924897291804218,2.227525591709049,0.0,0.7462448645902108,0.556881397927262,0.0
10,1107,b0548,3.0,3.0,1.0,3.0,4.0,0,True,0.0,0.7817803343326013,1.1667991194666436,0.7453983017940474,0.3908901671663004,0.2916997798666607,0.37269915089702366
10,1108,b0549,3.0,3.0,1.5,2.5,1.0,0,True,0.0,1.0894921664988781,1.266998865905011,0.2828527621265026,0.5447460832494387,0.31674971647625233,0.14142638106325112
10,1109,b0549,3.0,3.0,1.5,2.5,2.0,0,True,0.0,1.4627610084526284,2.259406167232821,0.3460294776221685,0.7313805042263136,0.5648515418082043,0.17301473881108392
10,1110,b0549,3.0,3.0,1.5,2.5,3.0,0,True,0.0,1.5692009516660022,2.5423973117520786,0.2828527621265026,0.7846004758330012,0.6355993279380198,0.14142638106325092
10,1111,b0549,3.0,3.0,1.5,2.5,4.0,0,True,0.0,1.1959321097122522,1.5499900104242692,0.3460294776221685,0.5979660548561259,0.38749750260606697,0.1730147388110841
10,1112,b0550,3.0,3.0,2.0,2.0,0.0,0,True,-0.0,0.5557860438130305,0.6829480246864534,0.6115961888281463,0.27789302190651527,0.17073700617161322,0.3057980944140729
10,1113,b0550,3.0,3.0,2.0,2.0,1.0,0,True,0.0,1.331035379768839,1.8415949259171116,0.2644612329259888,0.6655176898844196,0.4603987314792781,0.13223061646299458
10,1114,b0550,3.0,3.0,2.0,2.0,2.0,0,True,0.0,1.356277724255446,2.34352262257262,0.7099530669425186,0.6781388621277219,0.5858806556431532,0.3549765334712589
10,1115,b0550,3.0,3.0,2.0,2.0,3.0,0,True,0.0,1.611538876513221,2.666997294234229,0.2644612329259888,0.80576943825661,0.6667493235585563,0.1322306164629944
10,1116,b0550,3.0,3.0,2.0,2.0,4.0,0,True,0.0,1.0305104882135852,1.4821215728922723,0.6482049880817569,0.5152552441067922,0.3705303932230677,0.32410249404087843
10,1117,b0551,3.0,3.0,2.5,1.5,1.0,0,True,0.0,1.0894921664988781,1.2669988659050109,0.28285276212650223,0.544746083249439,0.3167497164762526,0.14142638106325112
10,1118,b0551,3.0,3.0,2.5,1.5,2.0,0,True,0.0,1.4627610084526281,2.2594061672328203,0.3460294776221685,0.7313805042263141,0.5648515418082051,0.17301473881108426
10,1119,b0551,3.0,3.0,2.5,1.5,3.0,0,True,0.0,1.5692009516660024,2.542397311752079,0.28285276212650184,0.7846004758330005,0.6355993279380188,0.1414263810632513
10,1120,b0551,3.0,3.0,2.5,1.5,4.0,0,True,0.0,1.1959321097122524,1.5499900104242696,0.3460294776221685,0.597966054856126,0.38749750260606713,0.17301473881108426
10,1121,b0552,3.0,3.0,3.0,1.0,2.0,0,True,0.0,0.7107093948478211,1.0607264722424061,0.7453983017940475,0.35535469742391057,0.26518161806060153,0.37269915089702377
10,1122,b0552,3.0,3.0,3.0,1.0,3.0,0,True,0.0,1.4924897291804222,2.22752559170905,0.0,0.746244864590211,0.5568813979272623,0.0
10,1123,b0552,3.0,3.0,3.0,1.0,4.0,0,True,0.0,0.7817803343326009,1.1667991194666432,0.7453983017940475,0.39089016716630043,0.2916997798666608,0.37269915089702377
10,1124,b0553,3.0,3.0,3.5,0.5,3.0,0,True,0.0,1.1096445826339552,1.2313110997688845,0.0,0.5548222913169776,0.30782777494222113,0.0
10,1125,b0553,3.0,3.0,3.5,0.5,4.0,0,True,0.0,1.1096445826339552,1.2313110997688845,0.0,0.5548222913169776,0.30782777494222113,0.0
10,1126,b0554,3.0,3.0,4.0,0.0,4.0,0,False,0.0,0.0,0.0,0.0,0.0,0.0,0.0
10,1127,b0555,3.0,3.5,0.0,3.5,3.5,0,False,0.0,0.0,0.0,0.0,0.0,0.0,0.0
10,1128,b0556,3.0,3.5,0.5,3.0,2.5,0,True,0.0,1.1096445826339556,1.2313110997688854,0.0,0.5548222913169778,0.30782777494222135,0.0
10,1129,b0556,3.0,3.5,0.5,3.0,3.5,0,True,0.0,1.1096445826339556,1.2313110997688854,0.0,0.5548222913169778,0.30782777494222135,0.0
10,1130,b0557,3.0,3.5,1.0,2.5,1.5,0,True,0.0,0.6465924681349093,0.9436703933729933,0.7249748778572949,0.3232962340674542,0.23591759834324788,0.3624874389286472
10,1131,b0557,3.0,3.5,1.0,2.5,2.5,0,True,0.0,1.459451570933084,2.129998887899047,0.0,0.7297257854665419,0.5324997219747615,0.0
10,1132,b0557,3.0,3.5,1.0,2.5,3.5,0,True,0.0,0.8128591027981744,1.1863284945260528,0.724974877857295,0.4064295513990872,0.296582123631513,0.36248743892864715
10,1133,b0558,3.0,3.5,1.5,2.0,0.5,0,True,0.0,0.9785309825874533,1.015606233033087,0.24100487370491117,0.48926549129372665,0.25390155825827176,0.12050243685245558
10,1134,b0558,3.0,3.5,1.5,2.0,1.5,0,True,0.0,1.3327748495750782,1.9024945953427803,0.35525455054496896,0.6663874247875389,0.47562364883569475,0.17762727527248448
10,1135,b0558,3.0,3.5,1.5,2.0,2.5,0,True,0.0,1.525078663082645,2.3839482777394676,0.24100487370491047,0.7625393315413228,0.5959870694348675,0.1205024368524557
10,1136,b0558,3.0,3.5,1.5,2.0,3.5,0,True,0.0,1.1708347960950212,1.4970599154297777,0.35525455054496896,0.5854173980475105,0.3742649788574443,0.17762727527248448
10,1137,b0559,3.0,3.5,2.0,1.5,0.5,0,True,0.0,0.9785309825874537,1.015606233033088,0.2410048737049114,0.48926549129372665,0.25390155825827176,0.12050243685245558
10,1138,b0559,3.0,3.5,2.0,1.5,1.5,0,True,0.0,1.3327748495750784,1.9024945953427808,0.35525455054496896,0.6663874247875389,0.47562364883569475,0.17762727527248448
10,1139,b0559,3.0,3.5,2.0,1.5,2.5,0,True,0.0,1.5250786630826452,2.3839482777394685,0.2410048737049114,0.7625393315413228,0.5959870694348675,0.1205024368524557
10,1140,b0559,3.0,3.5,2.0,1.5,3.5,0,True,0.0,1.1708347960950212,1.4970599154297777,0.35525455054496896,0.5854173980475105,0.3742649788574443,0.17762727527248448
10,1141,b0560,3.0,3.5,2.5,1.0,1.5,0,True,0.0,0.6465924681349092,0.9436703933729932,0.7249748778572949,0.3232962340674544,0.2359175983432481,0.3624874389286474
10,1142,b0560,3.0,3.5,2.5,1.0,2.5,0,True,0.0,1.459451570933084,2.129998887899047,0.0,0.7297257854665418,0.5324997219747614,0.0
10,1143,b0560,3.0,3.5,2.5,1.0,3.5,0,True,0.0,0.8128591027981745,1.1863284945260528,0.7249748778572948,0.4064295513990874,0.29658212363151326,0.3624874389286474
10,1144,b0561,3.0,3.5,3.0,0.5,2.5,0,True,0.0,1.1096445826339556,1.2313110997688854,0.0,0.5548222913169778,0.30782777494222135,0.0
10,1145,b0561,3.0,3.5,3.0,0.5,3.5,0,True,0.0,1.1096445826339556,1.2313110997688854,0.0,0.5548222913169778,0.30782777494222135,0.0
10,1146,b0562,3.0,3.5,3.5,0.0,3.5,0,False,0.0,0.0,0.0,0.0,0.0,0.0,0.0
10,1147,b0563,3.0,4.0,0.0,3.0,3.0,0,False,0.0,0.0,0.0,0.0,0.0,0.0,0.0
10,1148,b0564,3.0,4.0,0.5,2.5,2.0,0,True,0.0,1.0602019183862357,1.1240281077498544,0.0,0.5301009591931178,0.2810070269374636,0.0
10,1149,b0564,3.0,4.0,0.5,2.5,3.0,0,True,0.0,1.0602019183862357,1.1240281077498544,0.0,0.5301009591931178,0.2810070269374636,0.0
10,1150,b0565,3.0,4.0,1.0,2.0,1.0,0,True,0.0,0.5110641472296686,0.6868239238309188,0.6524088911467488,0.2555320736148343,0.17170598095772968,0.3262044455733744
10,1151,b0565,3.0,4.0,1.0,2.0,2.0,0,True,0.0,1.3439094241965384,1.8060925404442714,0.0,0.6719547120982688,0.4515231351110674,0.0
10,1152,b0565,3.0,4.0,1.0,2.0,3.0,0,True,0.0,0.8328452769668696,1.119268616613352,0.6524088911467488,0.41642263848343464,0.2798171541533379,0.3262044455733744
10,1153,b0566,3.0,4.0,1.5,1.5,1.0,0,True,0.0,0.5927660568632716,0.8345075456519254,0.6950798137499709,0.2963830284316359,0.20862688641298133,0.34753990687498526
10,1154,b0566,3.0,4.0,1.5,1.5,2.0,0,True,0.0,1.4078193850502716,1.981955420923325,0.0,0.7039096925251357,0.4954888552308311,0.0
10,1155,b0566,3.0,4.0,1.5,1.5,3.0,0,True,0.0,0.8150533281870003,1.1474478752714001,0.6950798137499709,0.4075266640934997,0.2868619688178496,0.3475399068749853
10,1156,b0567,3.0,4.0,2.0,1.0,1.0,0,True,0.0,0.5110641472296686,0.6868239238309188,0.6524088911467488,0.2555320736148343,0.17170598095772968,0.3262044455733744
10,1157,b0567,3.0,4.0,2.0,1.0,2.0,0,True,0.0,1.3439094241965381,1.8060925404442707,0.0,0.6719547120982688,0.4515231351110674,0.0
10,1158,b0567,3.0,4.0,2.0,1.0,3.0,0,True,0.0,0.8328452769668694,1.1192686166133519,0.6524088911467489,0.41642263848343464,0.2798171541533379,0.3262044455733744
10,1159,b0568,3.0,4.0,2.5,0.5,2.0,0,True,0.0,1.0602019183862357,1.1240281077498544,0.0,0.5301009591931178,0.2810070269374636,0.0
10,1160,b0568,3.0,4.0,2.5,0.5,3.0,0,True,0.0,1.0602019183862357,1.1240281077498544,0.0,0.5301009591931178,0.2810070269374636,0.0
10,1161,b0569,3.0,4.0,3.0,0.0,3.0,0,False,0.0,0.0,0.0,0.0,0.0,0.0,0.0
10,1162,b0570,3.0,4.5,0.0,2.5,2.5,0,False,0.0,0.0,0.0,0.0,0.0,0.0,0.0
10,1163,b0571,3.0,4.5,0.5,2.0,1.5,0,True,0.0,0.9330961517425966,0.8706684283968429,0.0,0.4665480758712983,0.21766710709921072,0.0
10,1164,b0571,3.0,4.5,0.5,2.0,2.5,0,True,0.0,0.9330961517425966,0.8706684283968429,0.0,0.4665480758712983,0.21766710709921072,0.0
10,1165,b0572,3.0,4.5,1.0,1.5,1.5,0,True,0.0,1.0326406404754795,1.0663466923616085,0.0,0.5163203202377398,0.2665866730904021,0.0
10,1166,b0572,3.0,4.5,1.0,1.5,2.5,0,True,0.0,1.0326406404754795,1.0663466923616085,0.0,0.5163203202377398,0.2665866730904021,0.0
10,1167,b0573,3.0,4.5,1.5,1.0,1.5,0,True,0.0,1.0326406404754795,1.0663466923616085,0.0,0.5163203202377398,0.2665866730904021,0.0
10,1168,b0573,3.0,4.5,1.5,1.0,2.5,0,True,0.0,1.0326406404754795,1.0663466923616085,0.0,0.5163203202377398,0.2665866730904021,0.0
10,1169,b0574,3.0,4.5,2.0,0.5,1.5,0,True,0.0,0.9330961517425966,0.8706684283968429,0.0,0.4665480758712983,0.21766710709921072,0.0
10,1170,b0574,3.0,4.5,2.0,0.5,2.5,0,True,0.0,0.9330961517425966,0.8706684283968429,0.0,0.4665480758712983,0.21766710709921072,0.0
10,1171,b0575,3.0,4.5,2.5,0.0,2.5,0,False,0.0,0.0,0.0,0.0,0.0,0.0,0.0
10,1172,b0576,3.0,5.0,0.0,2.0,2.0,0,False,0.0,0.0,0.0,0.0,0.0,0.0,0.0
10,1173,b0577,3.0,5.0,0.5,1.5,2.0,0,True,0.0,0.0,0.0,0.0,0.0,0.0,0.0
10,1174,b0578,3.0,5.0,1.0,1.0,2.0,0,True,0.0,0.0,0.0,0.0,0.0,0.0,0.0
10,1175,b0579,3.0,5.0,1.5,0.5,2.0,0,True,0.0,0.0,0.0,0.0,0.0,0.0,0.0
10,1176,b0580,3.0,5.0,2.0,0.0,2.0,0,False,0.0,0.0,0.0,0.0,0.0,0.0,0.0
10,1177,b0581,3.5,0.0,1.5,5.0,3.5,0,False,0.0,0.0,0.0,0.0,0.0,0.0,0.0
10,1178,b0582,3.5,0.0,2.0,4.5,3.5,0,False,0.0,0.0,0.0,0.0,0.0,0.0,0.0
10,1179,b0583,3.5,0.0,2.5,4.0,3.5,0,False,0.0,0.0,0.0,0.0,0.0,0.0,0.0
10,1180,b0584,3.5,0.0,3.0,3.5,3.5,0,False,0.0,0.0,0.0,0.0,0.0,0.0,0.0
10,1181,b0585,3.5,0.0,3.5,3.0,3.5,0,False,0.0,0.0,0.0,0.0,0.0,0.0,0.0
10,1182,b0586,3.5,0.0,4.0,2.5,3.5,0,False,0.0,0.0,0.0,0.0,0.0,0.0,0.0
10,1183,b0587,3.5,0.0,4.5,2.0,3.5,0,False,0.0,0.0,0.0,0.0,0.0,0.0,0.0
10,1184,b0588,3.5,0.0,5.0,1.5,3.5,0,False,0.0,0.0,0.0,0.0,0.0,0.0,0.0
10,1185,b0589,3.5,0.5,1.0,5.0,4.0,0,True,0.0,0.0,0.0,0.0,0.0,0.0,0.0
10,1186,b0590,3.5,0.5,1.5,4.5,3.0,0,True,0.0,0.902460934963657,0.814435739135478,0.0,0.4512304674818285,0.2036089347838695,0.0
10,1187,b0590,3.5,0.5,1.5,4.5,4.0,0,True,0.0,0.902460934963657,0.814435739135478,0.0,0.4512304674818285,0.2036089347838695,0.0
10,1188,b0591,3.5,0.5,2.0,4.0,3.0,0,True,0.0,1.0326406404754798,1.066346692361609,0.0,0.5163203202377399,0.26658667309040224,0.0
10,1189,b0591,3.5,0.5,2.0,4.0,4.0,0,True,-0.0,1.0326406404754798,1.066346692361609,0.0,0.5163203202377399,0.26658667309040224,0.0
10,1190,b0592,3.5,0.5,2.5,3.5,3.0,0,True,0.0,1.0918845386996319,1.1922118458513078,0.0,0.5459422693498159,0.29805296146282695,0.0
10,1191,b0592,3.5,0.5,2.5,3.5,4.0,0,True,-0.0,1.0918845386996319,1.1922118458513078,0.0,0.5459422693498159,0.29805296146282695,0.0
10,1192,b0593,3.5,0.5,3.0,3.0,3.0,0,True,-0.0,1.1096445826339552,1.2313110997688845,0.0,0.5548222913169776,0.30782777494222113,0.0
10,1193,b0593,3.5,0.5,3.0,3.0,4.0,0,True,0.0,1.1096445826339552,1.2313110997688845,0.0,0.5548222913169776,0.30782777494222113,0.0
10,1194,b0594,3.5,0.5,3.5,2.5,3.0,0,True,0.0,1.0918845386996319,1.1922118458513078,0.0,0.5459422693498159,0.29805296146282695,0.0
10,1195,b0594,3.5,0.5,3.5,2.5,4.0,0,True,0.0,1.0918845386996319,1.1922118458513078,0.0,0.5459422693498159,0.29805296146282695,0.0
10,1196,b0595,3.5,0.5,4.0,2.0,3.0,0,True,0.0,1.0326406404754798,1.066346692361609,0.0,0.51632032023774,0.2665866730904024,0.0
10,1197,b0595,3.5,0.5,4.0,2.0,4.0,0,True,0.0,1.0326406404754798,1.066346692361609,0.0,0.51632032023774,0.2665866730904024,0.0
10,1198,b0596,3.5,0.5,4.5,1.5,3.0,0,True,0.0,0.902460934963657,0.814435739135478,0.0,0.4512304674818285,0.2036089347838695,0.0
10,1199,b0596,3.5,0.5,4.5,1.5,4.0,0,True,0.0,0.902460934963657,0.814435739135478,0.0,0.4512304674818285,0.2036089347838695,0.0
10,1200,b0597,3.5,0.5,5.0,1.0,4.0,0,True,0.0,0.0,0.0,0.0,0.0,0.0,0.0
10,1201,b0598,3.5,1.0,0.5,5.0,4.5,0,True,0.0,0.0,0.0,0.0,0.0,0.0,0.0
10,1202,b0599,3.5,1.0,1.0,4.5,3.5,0,True,0.0,0.9697573853573064,0.9404293864550393,0.0,0.4848786926786533,0.23510734661375993,0.0
10,1203,b0599,3.5,1.0,1.0,4.5,4.5,0,True,-0.0,0.9697573853573064,0.9404293864550393,0.0,0.4848786926786533,0.23510734661375993,0.0
10,1204,b0600,3.5,1.0,1.5,4.0,2.5,0,True,0.0,0.5504925477203306,0.706349853259915,0.6350651999317034,0.275246273860165,0.17658746331497838,0.3175325999658514
10,1205,b0600,3.5,1.0,1.5,4.0,3.5,0,True,0.0,1.283123370488868,1.646405583894713,0.0,0.6415616852444336,0.4116013959736777,0.0
10,1206,b0600,3.5,1.0,1.5,4.0,4.5,0,True,0.0,0.7326308227685377,0.9400557306347991,0.6350651999317034,0.36631541138426876,0.2350139326586995,0.3175325999658514
10,1207,b0601,3.5,1.0,2.0,3.5,2.5,0,True,0.0,0.694647722886647,0.9779385300608504,0.7038487558767483,0.3473238614433236,0.24448463251521277,0.35192437793837433
10,1208,b0601,3.5,1.0,2.0,3.5,3.5,0,True,-0.0,1.407819385050271,1.981955420923323,0.0,0.7039096925251357,0.4954888552308311,0.0
10,1209,b0601,3.5,1.0,2.0,3.5,4.5,0,True,0.0,0.7131716621636238,1.0040168908624725,0.7038487558767483,0.3565858310818121,0.25100422271561834,0.35192437793837433
10,1210,b0602,3.5,1.0,2.5,3.0,2.5,0,True,0.0,0.7481998559846829,1.0919614551887522,0.7294918989908332,0.37409992799234126,0.27299036379718805,0.3647459494954168
10,1211,b0602,3.5,1.0,2.5,3.0,3.5,0,True,-0.0,1.4594515709330835,2.1299988878990455,0.0,0.729725785466542,0.5324997219747617,0.0
10,1212,b0602,3.5,1.0,2.5,3.0,4.5,0,True,0.0,0.7112517149484008,1.0380374327102933,0.7294918989908332,0.3556258574742008,0.25950935817757365,0.3647459494954167
10,1213,b0603,3.5,1.0,3.0,2.5,2.5,0,True,0.0,0.748199855984683,1.0919614551887524,0.7294918989908332,0.3740999279923415,0.27299036379718816,0.3647459494954167
10,1214,b0603,3.5,1.0,3.0,2.5,3.5,0,True,0.0,1.459451570933084,2.129998887899047,0.0,0.7297257854665418,0.5324997219747614,0.0
10,1215,b0603,3.5,1.0,3.0,2.5,4.5,0,True,0.0,0.7112517149484009,1.0380374327102935,0.7294918989908333,0.35562585747420045,0.2595093581775734,0.3647459494954167
10,1216,b0604,3.5,1.0,3.5,2.0,2.5,0,True,0.0,0.6946477228866472,0.9779385300608506,0.7038487558767483,0.34732386144332356,0.2444846325152127,0.3519243779383743
10,1217,b0604,3.5,1.0,3.5,2.0,3.5,0,True,-0.0,1.407819385050271,1.981955420923323,0.0,0.7039096925251357,0.4954888552308311,0.0
10,1218,b0604,3.5,1.0,3.5,2.0,4.5,0,True,0.0,0.7131716621636236,1.0040168908624723,0.7038487558767483,0.356585831081812,0.25100422271561823,0.3519243779383742
10,1219,b0605,3.5,1.0,4.0,1.5,2.5,0,True,0.0,0.5504925477203302,0.7063498532599143,0.6350651999317033,0.275246273860165,0.17658746331497838,0.3175325999658514
10,1220,b0605,3.5,1.0,4.0,1.5,3.5,0,True,0.0,1.283123370488868,1.646405583894713,0.0,0.6415616852444336,0.4116013959736777,0.0
10,1221,b0605,3.5,1.0,4.0,1.5,4.5,0,True,-0.0,0.7326308227685381,0.9400557306347993,0.6350651999317033,0.36631541138426876,0.2350139326586995,0.3175325999658514
10,1222,b0606,3.5,1.0,4.5,1.0,3.5,0,True,0.0,0.9697573853573064,0.9404293864550393,0.0,0.4848786926786533,0.23510734661375993,0.0
10,1223,b0606,3.5,1.0,4.5,1.0,4.5,0,True,0.0,0.9697573853573064,0.9404293864550393,0.0,0.4848786926786533,0.23510734661375993,0.0
10,1224,b0607,3.5,1.0,5.0,0.5,4.5,0,True,0.0,0.0,0.0,0.0,0.0,0.0,0.0
10,1225,b0608,3.5,1.5,0.0,5.0,5.0,0,False,0.0,0.0,0.0,0.0,0.0,0.0,0.0
10,1226,b0609,3.5,1.5,0.5,4.5,4.0,0,True,0.0,0.902460934963657,0.814435739135478,0.0,0.45123046748182855,0.20360893478386952,0.0
10,1227,b0609,3.5,1.5,0.5,4.5,5.0,0,True,0.0,0.902460934963657,0.814435739135478,0.0,0.45123046748182855,0.20360893478386952,0.0
10,1228,b0610,3.5,1.5,1.0,4.0,3.0,0,True,0.0,0.724928457903315,0.9301726462681988,0.636122140150868,0.36246422895165714,0.23254316156704938,0.3180610700754339
10,1229,b0610,3.5,1.5,1.0,4.0,4.0,0,True,0.0,1.2831233704888676,1.6464055838947118,0.0,0.6415616852444332,0.41160139597367723,0.0
10,1230,b0610,3.5,1.5,1.0,4.0,5.0,0,True,0.0,0.558194912585553,0.7162329376265137,0.6361221401508681,0.2790974562927765,0.17905823440662835,0.3180610700754339
10,1231,b0611,3.5,1.5,1.5,3.5,2.0,0,True,0.0,0.9689516307750342,1.022039689893878,0.2883963021820489,0.484475815387517,0.2555099224734694,0.14419815109102446
10,1232,b0611,3.5,1.5,1.5,3.5,3.0,0,True,0.0,1.3510990299682972,1.9115617485877567,0.2934163591323478,0.675549514984149,0.47789043714693963,0.1467081795661739
10,1233,b0611,3.5,1.5,1.5,3.5,4.0,0,True,-0.0,1.3587419779521623,1.9293521897616341,0.28839630218204915,0.6793709889760813,0.48233804744040865,0.14419815109102438
10,1234,b0611,3.5,1.5,1.5,3.5,5.0,0,True,0.0,0.9765945787588992,1.0398301310677547,0.2934163591323478,0.4882972893794494,0.2599575327669385,0.1467081795661741
10,1235,b0612,3.5,1.5,2.0,3.0,2.0,0,True,0.0,1.0956483426935661,1.3088223854701695,0.3292067657612938,0.5478241713467833,0.3272055963675427,0.16460338288064708
10,1236,b0612,3.5,1.5,2.0,3.0,3.0,0,True,-0.0,1.4812198985984635,2.2741430519296983,0.28307360160505224,0.7406099492992317,0.5685357629824246,0.14153680080252612
10,1237,b0612,3.5,1.5,2.0,3.0,4.0,0,True,0.0,1.4079613029765334,2.0907321253023894,0.32920676576129415,0.7039806514882669,0.5226830313255977,0.16460338288064708
10,1238,b0612,3.5,1.5,2.0,3.0,5.0,0,True,-0.0,1.0223897470716357,1.1254114588428592,0.2830736016050526,0.511194873535818,0.28135286471071497,0.14153680080252612
10,1239,b0613,3.5,1.5,2.5,2.5,2.0,0,True,0.0,1.129609147353073,1.3917512306537299,0.3401975968022016,0.5648045736765367,0.34793780766343274,0.17009879840110095
10,1240,b0613,3.5,1.5,2.5,2.5,3.0,0,True,-0.0,1.5175857875336463,2.382298503112603,0.28148158125974376,0.7587928937668232,0.5955746257781508,0.1407407906298715
10,1241,b0613,3.5,1.5,2.5,2.5,4.0,0,True,-0.0,1.4235014522898572,2.142090789541326,0.3401975968022016,0.7117507261449284,0.5355226973853313,0.17009879840110112
10,1242,b0613,3.5,1.5,2.5,2.5,5.0,0,True,0.0,1.0355248121092848,1.1515435170824553,0.28148158125974376,0.5177624060546422,0.28788587927061354,0.1407407906298717
10,1243,b0614,3.5,1.5,3.0,2.0,2.0,0,True,0.0,1.0956483426935661,1.3088223854701695,0.3292067657612938,0.5478241713467825,0.32720559636754176,0.1646033828806469
10,1244,b0614,3.5,1.5,3.0,2.0,3.0,0,True,0.0,1.4812198985984633,2.2741430519296975,0.28307360160505224,0.7406099492992311,0.5685357629824237,0.1415368008025265
10,1245,b0614,3.5,1.5,3.0,2.0,4.0,0,True,-0.0,1.4079613029765332,2.0907321253023885,0.3292067657612938,0.7039806514882665,0.5226830313255969,0.16460338288064674
10,1246,b0614,3.5,1.5,3.0,2.0,5.0,0,True,0.0,1.0223897470716354,1.1254114588428588,0.2830736016050526,0.5111948735358177,0.2813528647107147,0.1415368008025263
10,1247,b0615,3.5,1.5,3.5,1.5,2.0,0,True,0.0,0.968951630775034,1.0220396898938773,0.28839630218204854,0.484475815387517,0.2555099224734693,0.14419815109102427
10,1248,b0615,3.5,1.5,3.5,1.5,3.0,0,True,-0.0,1.351099029968297,1.911561748587756,0.2934163591323478,0.6755495149841486,0.4778904371469392,0.1467081795661739
10,1249,b0615,3.5,1.5,3.5,1.5,4.0,0,True,0.0,1.3587419779521621,1.9293521897616335,0.28839630218204876,0.679370988976081,0.4823380474404082,0.14419815109102438
10,1250,b0615,3.5,1.5,3.5,1.5,5.0,0,True,0.0,0.976594578758899,1.0398301310677542,0.2934163591323478,0.4882972893794493,0.25995753276693834,0.14670817956617382
10,1251,b0616,3.5,1.5,4.0,1.0,3.0,0,True,-0.0,0.724928457903315,0.9301726462681987,0.6361221401508679,0.3624642289516573,0.23254316156704957,0.31806107007543394
10,1252,b0616,3.5,1.5,4.0,1.0,4.0,0,True,0.0,1.2831233704888676,1.6464055838947118,0.0,0.6415616852444338,0.41160139597367795,0.0
10,1253,b0616,3.5,1.5,4.0,1.0,5.0,0,True,0.0,0.558194912585553,0.7162329376265136,0.636122140150868,0.27909745629277655,0.17905823440662844,0.318061070075434
10,1254,b0617,3.5,1.5,4.5,0.5,4.0,0,True,0.0,0.902460934963657,0.814435739135478,0.0,0.45123046748182855,0.20360893478386952,0.0
10,1255,b0617,3.5,1.5,4.5,0.5,5.0,0,True,0.0,0.902460934963657,0.814435739135478,0.0,0.45123046748182855,0.20360893478386952,0.0
10,1256,b0618,3.5,1.5,5.0,0.0,5.0,0,False,0.0,0.0,0.0,0.0,0.0,0.0,0.0
10,1257,b0619,3.5,2.0,0.0,4.5,4.5,0,False,0.0,0.0,0.0,0.0,0.0,0.0,0.0
10,1258,b0620,3.5,2.0,0.5,4.0,3.5,0,True,0.0,1.0326406404754798,1.066346692361609,0.0,0.5163203202377399,0.26658667309040224,0.0
10,1259,b0620,3.5,2.0,0.5,4.0,4.5,0,True,0.0,1.0326406404754798,1.066346692361609,0.0,0.5163203202377399,0.26658667309040224,0.0
10,1260,b0621,3.5,2.0,1.0,3.5,2.5,0,True,-0.0,0.6946477228866472,0.9779385300608506,0.7038487558767483,0.34732386144332383,0.2444846325152129,0.3519243779383743
10,1261,b0621,3.5,2.0,1.0,3.5,3.5,0,True,0.0,1.4078193850502707,1.9819554209233223,0.0,0.7039096925251356,0.4954888552308309,0.0
10,1262,b0621,3.5,2.0,1.0,3.5,4.5,0,True,0.0,0.7131716621636237,1.0040168908624723,0.7038487558767483,0.3565858310818118,0.2510042227156181,0.3519243779383743
10,1263,b0622,3.5,2.0,1.5,3.0,1.5,0,True,0.0,1.0088947426149641,1.0916252355167755,0.2715817258960197,0.5044473713074821,0.2729063088791938,0.13579086294800966
10,1264,b0622,3.5,2.0,1.5,3.0,2.5,0,True,-0.0,1.388441742958848,2.0418627665628755,0.33777550676784074,0.6942208714794239,0.5104656916407186,0.1688877533839202
10,1265,b0622,3.5,2.0,1.5,3.0,3.5,0,True,0.0,1.4947149030551343,2.30792927525578,0.27158172589601887,0.7473574515275673,0.5769823188139452,0.13579086294800985
10,1266,b0622,3.5,2.0,1.5,3.0,4.5,0,True,0.0,1.1151679027112509,1.3576917442096816,0.33777550676784074,0.5575839513556252,0.33942293605242013,0.16888775338392037
10,1267,b0623,3.5,2.0,2.0,2.5,1.5,0,True,0.0,1.1201118761903983,1.3484072773420614,0.30619709691518526,0.5600559380951993,0.33710181933551553,0.15309854845759263
10,1268,b0623,3.5,2.0,2.0,2.5,2.5,0,True,-0.0,1.5028582473343788,2.366012420305144,0.3277644103989678,0.7514291236671894,0.591503105076286,0.1638822051994839
10,1269,b0623,3.5,2.0,2.0,2.5,3.5,0,True,0.0,1.5385812419744829,2.4609889003150296,0.30619709691518526,0.7692906209872412,0.6152472250787571,0.15309854845759263
10,1270,b0623,3.5,2.0,2.0,2.5,4.5,0,True,0.0,1.1558348708305024,1.4433837573519472,0.3277644103989678,0.577917435415251,0.36084593933798653,0.1638822051994839
10,1271,b0624,3.5,2.0,2.5,2.0,1.5,0,True,0.0,1.120111876190398,1.348407277342061,0.30619709691518526,0.5600559380951994,0.33710181933551564,0.15309854845759263
10,1272,b0624,3.5,2.0,2.5,2.0,2.5,0,True,0.0,1.5028582473343792,2.3660124203051454,0.3277644103989678,0.7514291236671898,0.5915031050762867,0.1638822051994839
10,1273,b0624,3.5,2.0,2.5,2.0,3.5,0,True,-0.0,1.5385812419744833,2.460988900315031,0.30619709691518526,0.7692906209872419,0.6152472250787581,0.15309854845759263
10,1274,b0624,3.5,2.0,2.5,2.0,4.5,0,True,0.0,1.155834870830502,1.4433837573519461,0.3277644103989678,0.5779174354152513,0.360845939337987,0.16388220519948407
10,1275,b0625,3.5,2.0,3.0,1.5,1.5,0,True,0.0,1.0088947426149646,1.0916252355167761,0.2715817258960193,0.5044473713074823,0.272906308879194,0.13579086294800943
10,1276,b0625,3.5,2.0,3.0,1.5,2.5,0,True,0.0,1.3884417429588483,2.041862766562876,0.3377755067678404,0.6942208714794242,0.5104656916407191,0.16888775338392004
10,1277,b0625,3.5,2.0,3.0,1.5,3.5,0,True,-0.0,1.4947149030551343,2.30792927525578,0.27158172589601887,0.7473574515275672,0.576982318813945,0.13579086294800943
10,1278,b0625,3.5,2.0,3.0,1.5,4.5,0,True,0.0,1.115167902711251,1.3576917442096819,0.3377755067678404,0.5575839513556258,0.33942293605242063,0.16888775338392004
10,1279,b0626,3.5,2.0,3.5,1.0,2.5,0,True,0.0,0.6946477228866478,0.9779385300608514,0.7038487558767483,0.3473238614433237,0.24448463251521269,0.35192437793837406
10,1280,b0626,3.5,2.0,3.5,1.0,3.5,0,True,0.0,1.4078193850502712,1.9819554209233237,0.0,0.7039096925251355,0.49548885523083075,0.0
10,1281,b0626,3.5,2.0,3.5,1.0,4.5,0,True,0.0,0.7131716621636232,1.0040168908624714,0.7038487558767482,0.3565858310818115,0.25100422271561773,0.35192437793837406
10,1282,b0627,3.5,2.0,4.0,0.5,3.5,0,True,0.0,1.03264064047548,1.0663466923616096,0.0,0.51632032023774,0.2665866730904024,0.0
10,1283,b0627,3.5,2.0,4.0,0.5,4.5,0,True,0.0,1.03264064047548,1.0663466923616096,0.0,0.51632032023774,0.2665866730904024,0.0
10,1284,b0628,3.5,2.0,4.5,0.0,4.5,0,False,0.0,0.0,0.0,0.0,0.0,0.0,0.0
10,1285,b0629,3.5,2.5,0.0,4.0,4.0,0,False,0.0,0.0,0.0,0.0,0.0,0.0,0.0
10,1286,b0630,3.5,2.5,0.5,3.5,3.0,0,True,0.0,1.0918845386996319,1.1922118458513078,0.0,0.5459422693498158,0.29805296146282684,0.0
10,1287,b0630,3.5,2.5,0.5,3.5,4.0,0,True,-0.0,1.0918845386996319,1.1922118458513078,0.0,0.5459422693498158,0.29805296146282684,0.0
10,1288,b0631,3.5,2.5,1.0,3.0,2.0,0,True,0.0,0.6756231503777014,0.9860392681774951,0.7277174086492675,0.33781157518885097,0.246509817044374,0.3638587043246338
10,1289,b0631,3.5,2.5,1.0,3.0,3.0,0,True,-0.0,1.4594515709330835,2.1299988878990455,0.0,0.729725785466542,0.5324997219747617,0.0
10,1290,b0631,3.5,2.5,1.0,3.0,4.0,0,True,-0.0,0.7838284205553822,1.14395961972155,0.7277174086492675,0.39191421027769086,0.28598990493038734,0.36385870432463374
10,1291,b0632,3.5,2.5,1.5,2.5,1.0,0,True,0.0,1.0117612428982248,1.0908724966443493,0.25925216298690495,0.5058806214491121,0.2727181241610869,0.12962608149345203
10,1292,b0632,3.5,2.5,1.5,2.5,2.0,0,True,0.0,1.3842188174715744,2.0417978782048656,0.35459292655446717,0.6921094087357864,0.5104494695512152,0.17729646327723328
10,1293,b0632,3.5,2.5,1.5,2.5,3.0,0,True,-0.0,1.5413493567447059,2.4429695235507074,0.2592521629869054,0.7706746783723523,0.6107423808876757,0.12962608149345226
10,1294,b0632,3.5,2.5,1.5,2.5,4.0,0,True,0.0,1.1688917821713565,1.4920441419901918,0.3545929265544675,0.5844458910856777,0.37301103549754716,0.17729646327723328
10,1295,b0633,3.5,2.5,2.0,2.0,1.0,0,True,0.0,1.0894921664988786,1.2669988659050118,0.28285276212650223,0.5447460832494394,0.31674971647625305,0.14142638106325112
10,1296,b0633,3.5,2.5,2.0,2.0,2.0,0,True,0.0,1.4627610084526284,2.259406167232821,0.3460294776221685,0.7313805042263136,0.5648515418082042,0.1730147388110836
10,1297,b0633,3.5,2.5,2.0,2.0,3.0,0,True,0.0,1.5692009516660028,2.5423973117520804,0.28285276212650184,0.7846004758330012,0.6355993279380198,0.14142638106325092
10,1298,b0633,3.5,2.5,2.0,2.0,4.0,0,True,0.0,1.195932109712253,1.549990010424271,0.3460294776221682,0.5979660548561264,0.3874975026060675,0.17301473881108376
10,1299,b0634,3.5,2.5,2.5,1.5,1.0,0,True,0.0,1.0117612428982243,1.0908724966443484,0.25925216298690495,0.5058806214491121,0.2727181241610869,0.12962608149345203
10,1300,b0634,3.5,2.5,2.5,1.5,2.0,0,True,0.0,1.3842188174715744,2.0417978782048656,0.35459292655446717,0.6921094087357864,0.5104494695512152,0.17729646327723328
10,1301,b0634,3.5,2.5,2.5,1.5,3.0,0,True,0.0,1.5413493567447056,2.4429695235507065,0.2592521629869045,0.7706746783723523,0.6107423808876757,0.12962608149345226
10,1302,b0634,3.5,2.5,2.5,1.5,4.0,0,True,0.0,1.1688917821713565,1.4920441419901915,0.35459292655446717,0.5844458910856777,0.37301103549754716,0.17729646327723328
10,1303,b0635,3.5,2.5,3.0,1.0,2.0,0,True,-0.0,0.6756231503777016,0.9860392681774957,0.7277174086492677,0.33781157518885097,0.246509817044374,0.3638587043246338
10,1304,b0635,3.5,2.5,3.0,1.0,3.0,0,True,0.0,1.4594515709330838,2.129998887899046,0.0,0.729725785466542,0.5324997219747617,0.0
10,1305,b0635,3.5,2.5,3.0,1.0,4.0,0,True,0.0,0.7838284205553824,1.1439596197215507,0.7277174086492677,0.39191421027769086,0.28598990493038734,0.36385870432463374
10,1306,b0636,3.5,2.5,3.5,0.5,3.0,0,True,0.0,1.0918845386996319,1.1922118458513078,0.0,0.5459422693498159,0.29805296146282695,0.0
10,1307,b0636,3.5,2.5,3.5,0.5,4.0,0,True,0.0,1.0918845386996319,1.1922118458513078,0.0,0.5459422693498159,0.29805296146282695,0.0
10,1308,b0637,3.5,2.5,4.0,0.0,4.0,0,False,0.0,0.0,0.0,0.0,0.0,0.0,0.0
10,1309,b0638,3.5,3.0,0.0,3.5,3.5,0,False,0.0,0.0,0.0,0.0,0.0,0.0,0.0
10,1310,b0639,3.5,3.0,0.5,3.0,2.5,0,True,0.0,1.1096445826339556,1.2313110997688854,0.0,0.5548222913169778,0.30782777494222135,0.0
10,1311,b0639,3.5,3.0,0.5,3.0,3.5,0,True,0.0,1.1096445826339556,1.2313110997688854,0.0,0.5548222913169778,0.30782777494222135,0.0
10,1312,b0640,3.5,3.0,1.0,2.5,1.5,0,True,0.0,0.6465924681349089,0.9436703933729927,0.7249748778572949,0.3232962340674545,0.23591759834324827,0.3624874389286475
10,1313,b0640,3.5,3.0,1.0,2.5,2.5,0,True,0.0,1.459451570933084,2.129998887899047,0.0,0.7297257854665421,0.5324997219747618,0.0
10,1314,b0640,3.5,3.0,1.0,2.5,3.5,0,True,0.0,0.8128591027981749,1.1863284945260535,0.7249748778572949,0.40642955139908754,0.2965821236315135,0.3624874389286475
10,1315,b0641,3.5,3.0,1.5,2.0,0.5,0,True,0.0,0.9785309825874533,1.015606233033087,0.24100487370491117,0.48926549129372665,0.25390155825827176,0.12050243685245558
10,1316,b0641,3.5,3.0,1.5,2.0,1.5,0,True,0.0,1.3327748495750777,1.902494595342779,0.35525455054496896,0.6663874247875388,0.4756236488356946,0.17762727527248431
10,1317,b0641,3.5,3.0,1.5,2.0,2.5,0,True,0.0,1.525078663082645,2.3839482777394676,0.24100487370491047,0.7625393315413225,0.595987069434867,0.1205024368524557
10,1318,b0641,3.5,3.0,1.5,2.0,3.5,0,True,0.0,1.170834796095021,1.4970599154297772,0.35525455054496896,0.5854173980475105,0.37426497885744425,0.17762727527248431
10,1319,b0642,3.5,3.0,2.0,1.5,0.5,0,True,0.0,0.9785309825874535,1.0156062330330875,0.24100487370491117,0.48926549129372665,0.25390155825827176,0.12050243685245558
10,1320,b0642,3.5,3.0,2.0,1.5,1.5,0,True,-0.0,1.332774849575078,1.9024945953427796,0.35525455054496896,0.6663874247875389,0.4756236488356947,0.17762727527248431
10,1321,b0642,3.5,3.0,2.0,1.5,2.5,0,True,0.0,1.525078663082645,2.383948277739468,0.2410048737049114,0.7625393315413225,0.595987069434867,0.1205024368524557
10,1322,b0642,3.5,3.0,2.0,1.5,3.5,0,True,0.0,1.1708347960950212,1.4970599154297777,0.35525455054496896,0.5854173980475105,0.37426497885744425,0.17762727527248431
10,1323,b0643,3.5,3.0,2.5,1.0,1.5,0,True,-0.0,0.6465924681349089,0.9436703933729927,0.7249748778572949,0.3232962340674545,0.23591759834324827,0.3624874389286475
10,1324,b0643,3.5,3.0,2.5,1.0,2.5,0,True,0.0,1.459451570933084,2.129998887899047,0.0,0.7297257854665421,0.5324997219747618,0.0
10,1325,b0643,3.5,3.0,2.5,1.0,3.5,0,True,0.0,0.8128591027981749,1.1863284945260535,0.7249748778572949,0.40642955139908754,0.2965821236315135,0.3624874389286475
10,1326,b0644,3.5,3.0,3.0,0.5,2.5,0,True,0.0,1.1096445826339556,1.2313110997688854,0.0,0.5548222913169778,0.30782777494222135,0.0
10,1327,b0644,3.5,3.0,3.0,0.5,3.5,0,True,0.0,1.1096445826339556,1.2313110997688854,0.0,0.5548222913169778,0.30782777494222135,0.0
10,1328,b0645,3.5,3.0,3.5,0.0,3.5,0,False,0.0,0.0,0.0,0.0,0.0,0.0,0.0
10,1329,b0646,3.5,3.5,0.0,3.0,3.0,0,False,0.0,0.0,0.0,0.0,0.0,0.0,0.0
10,1330,b0647,3.5,3.5,0.5,2.5,2.0,0,True,0.0,1.0918845386996325,1.1922118458513093,0.0,0.5459422693498163,0.29805296146282734,0.0
10,1331,b0647,3.5,3.5,0.5,2.5,3.0,0,True,0.0,1.0918845386996325,1.1922118458513093,0.0,0.5459422693498163,0.29805296146282734,0.0
10,1332,b0648,3.5,3.5,1.0,2.0,1.0,0,True,0.0,0.592766056863273,0.834507545651927,0.6950798137499707,0.29638302843163644,0.2086268864129817,0.3475399068749853
10,1333,b0648,3.5,3.5,1.0,2.0,2.0,0,True,0.0,1.407819385050271,1.981955420923323,0.0,0.7039096925251352,0.4954888552308304,0.0
10,1334,b0648,3.5,3.5,1.0,2.0,3.0,0,True,0.0,0.8150533281869979,1.1474478752713961,0.6950798137499707,0.40752666409349897,0.286861968817849,0.34753990687498526
10,1335,b0649,3.5,3.5,1.5,1.5,0.0,0,True,-0.0,0.8829684659565479,0.8218972266877511,0.20558189320582598,0.4414842329782739,0.20547430667193775,0.10279094660291313
10,1336,b0649,3.5,3.5,1.5,1.5,1.0,0,True,0.0,1.2039722812788902,1.5690957559906122,0.34575497379317205,0.6019861406394456,0.3922739389976536,0.17287748689658602
10,1337,b0649,3.5,3.5,1.5,1.5,2.0,0,True,0.0,1.4447251427706467,2.129494652967757,0.20558189320582626,0.7223625713853242,0.5323736632419406,0.10279094660291313
10,1338,b0649,3.5,3.5,1.5,1.5,3.0,0,True,0.0,1.1237213274483042,1.3822961236648958,0.3457549737931717,0.5618606637241522,0.3455740309162242,0.1728774868965862
10,1339,b0650,3.5,3.5,2.0,1.0,1.0,0,True,0.0,0.5927660568632733,0.8345075456519276,0.6950798137499709,0.29638302843163666,0.20862688641298197,0.34753990687498554
10,1340,b0650,3.5,3.5,2.0,1.0,2.0,0,True,0.0,1.4078193850502712,1.9819554209233237,0.0,0.7039096925251358,0.49548885523083125,0.0
10,1341,b0650,3.5,3.5,2.0,1.0,3.0,0,True,0.0,0.8150533281869979,1.1474478752713964,0.6950798137499709,0.4075266640934992,0.28686196881784937,0.3475399068749856
10,1342,b0651,3.5,3.5,2.5,0.5,2.0,0,True,0.0,1.0918845386996325,1.1922118458513093,0.0,0.5459422693498163,0.29805296146282734,0.0
10,1343,b0651,3.5,3.5,2.5,0.5,3.0,0,True,0.0,1.0918845386996325,1.1922118458513093,0.0,0.5459422693498163,0.29805296146282734,0.0
10,1344,b0652,3.5,3.5,3.0,0.0,3.0,0,False,0.0,0.0,0.0,0.0,0.0,0.0,0.0
10,1345,b0653,3.5,4.0,0.0,2.5,2.5,0,False,0.0,0.0,0.0,0.0,0.0,0.0,0.0
10,1346,b0654,3.5,4.0,0.5,2.0,1.5,0,True,0.0,1.0326406404754798,1.066346692361609,0.0,0.5163203202377399,0.26658667309040224,0.0
10,1347,b0654,3.5,4.0,0.5,2.0,2.5,0,True,-0.0,1.0326406404754798,1.066346692361609,0.0,0.5163203202377399,0.26658667309040224,0.0
10,1348,b0655,3.5,4.0,1.0,1.5,0.5,0,True,0.0,0.47573430049904947,0.6104257991135045,0.6197601749404237,0.23786715024952484,0.15260644977837615,0.3098800874702118
10,1349,b0655,3.5,4.0,1.0,1.5,1.5,0,True,-0.0,1.2831233704888685,1.646405583894714,0.0,0.6415616852444344,0.4116013959736787,0.0
10,1350,b0655,3.5,4.0,1.0,1.5,2.5,0,True,0.0,0.8073890699898186,1.035979784781209,0.6197601749404237,0.4036945349949091,0.258994946195302,0.3098800874702118
10,1351,b0656,3.5,4.0,1.5,1.0,0.5,0,True,0.0,0.4757343004990496,0.6104257991135047,0.6197601749404238,0.2378671502495248,0.15260644977837606,0.30988008747021173
10,1352,b0656,3.5,4.0,1.5,1.0,1.5,0,True,0.0,1.2831233704888685,1.646405583894714,0.0,0.6415616852444339,0.41160139597367806,0.0
10,1353,b0656,3.5,4.0,1.5,1.0,2.5,0,True,0.0,0.8073890699898189,1.0359797847812093,0.6197601749404238,0.40369453499490904,0.2589949461953019,0.3098800874702117
10,1354,b0657,3.5,4.0,2.0,0.5,1.5,0,True,0.0,1.0326406404754798,1.066346692361609,0.0,0.5163203202377399,0.26658667309040224,0.0
10,1355,b0657,3.5,4.0,2.0,0.5,2.5,0,True,0.0,1.0326406404754798,1.066346692361609,0.0,0.5163203202377399,0.26658667309040224,0.0
10,1356,b0658,3.5,4.0,2.5,0.0,2.5,0,False,0.0,0.0,0.0,0.0,0.0,0.0,0.0
10,1357,b0659,3.5,4.5,0.0,2.0,2.0,0,False,0.0,0.0,0.0,0.0,0.0,0.0,0.0
10,1358,b0660,3.5,4.5,0.5,1.5,1.0,0,True,0.0,0.9024609349636569,0.8144357391354777,0.0,0.4512304674818285,0.2036089347838695,0.0
10,1359,b0660,3.5,4.5,0.5,1.5,2.0,0,True,0.0,0.9024609349636569,0.8144357391354777,0.0,0.4512304674818285,0.2036089347838695,0.0
10,1360,b0661,3.5,4.5,1.0,1.0,1.0,0,True,0.0,0.9697573853573072,0.9404293864550407,0.0,0.4848786926786536,0.23510734661376018,0.0
10,1361,b0661,3.5,4.5,1.0,1.0,2.0,0,True,0.0,0.9697573853573072,0.9404293864550407,0.0,0.4848786926786536,0.23510734661376018,0.0
10,1362,b0662,3.5,4.5,1.5,0.5,1.0,0,True,0.0,0.902460934963657,0.814435739135478,0.0,0.4512304674818285,0.2036089347838695,0.0
10,1363,b0662,3.5,4.5,1.5,0.5,2.0,0,True,0.0,0.902460934963657,0.814435739135478,0.0,0.4512304674818285,0.2036089347838695,0.0
10,1364,b0663,3.5,4.5,2.0,0.0,2.0,0,False,0.0,0.0,0.0,0.0,0.0,0.0,0.0
10,1365,b0664,3.5,5.0,0.0,1.5,1.5,0,False,0.0,0.0,0.0,0.0,0.0,0.0,0.0
10,1366,b0665,3.5,5.0,0.5,1.0,1.5,0,True,0.0,0.0,0.0,0.0,0.0,0.0,0.0
10,1367,b0666,3.5,5.0,1.0,0.5,1.5,0,True,0.0,0.0,0.0,0.0,0.0,0.0,0.0
10,1368,b0667,3.5,5.0,1.5,0.0,1.5,0,False,0.0,0.0,0.0,0.0,0.0,0.0,0.0
10,1369,b0668,4.0,0.0,1.0,5.0,4.0,0,False,0.0,0.0,0.0,0.0,0.0,0.0,0.0
10,1370,b0669,4.0,0.0,1.5,4.5,4.0,0,False,0.0,0.0,0.0,0.0,0.0,0.0,0.0
10,1371,b0670,4.0,0.0,2.0,4.0,4.0,0,False,0.0,0.0,0.0,0.0,0.0,0.0,0.0
10,1372,b0671,4.0,0.0,2.5,3.5,4.0,0,False,0.0,0.0,0.0,0.0,0.0,0.0,0.0
10,1373,b0672,4.0,0.0,3.0,3.0,4.0,0,False,0.0,0.0,0.0,0.0,0.0,0.0,0.0
10,1374,b0673,4.0,0.0,3.5,2.5,4.0,0,False,0.0,0.0,0.0,0.0,0.0,0.0,0.0
10,1375,b0674,4.0,0.0,4.0,2.0,4.0,0,False,0.0,0.0,0.0,0.0,0.0,0.0,0.0
10,1376,b0675,4.0,0.0,4.5,1.5,4.0,0,False,0.0,0.0,0.0,0.0,0.0,0.0,0.0
10,1377,b0676,4.0,0.0,5.0,1.0,4.0,0,False,0.0,0.0,0.0,0.0,0.0,0.0,0.0
10,1378,b0677,4.0,0.5,0.5,5.0,4.5,0,True,0.0,0.0,0.0,0.0,0.0,0.0,0.0
10,1379,b0678,4.0,0.5,1.0,4.5,3.5,0,True,-0.0,0.8431475522752467,0.71089779490774,0.0,0.42157377613762326,0.17772444872693488,0.0
10,1380,b0678,4.0,0.5,1.0,4.5,4.5,0,True,0.0,0.8431475522752467,0.71089779490774,0.0,0.42157377613762326,0.17772444872693488,0.0
10,1381,b0679,4.0,0.5,1.5,4.0,3.5,0,True,0.0,0.9697573853573064,0.9404293864550393,0.0,0.4848786926786532,0.23510734661375982,0.0
10,1382,b0679,4.0,0.5,1.5,4.0,4.5,0,True,-0.0,0.9697573853573064,0.9404293864550393,0.0,0.4848786926786532,0.23510734661375982,0.0
10,1383,b0680,4.0,0.5,2.0,3.5,3.5,0,True,0.0,1.0326406404754798,1.066346692361609,0.0,0.5163203202377399,0.26658667309040224,0.0
10,1384,b0680,4.0,0.5,2.0,3.5,4.5,0,True,0.0,1.0326406404754798,1.066346692361609,0.0,0.5163203202377399,0.26658667309040224,0.0
10,1385,b0681,4.0,0.5,2.5,3.0,3.5,0,True,0.0,1.0602019183862355,1.124028107749854,0.0,0.5301009591931177,0.2810070269374635,0.0
10,1386,b0681,4.0,0.5,2.5,3.0,4.5,0,True,0.0,1.0602019183862355,1.124028107749854,0.0,0.5301009591931177,0.2810070269374635,0.0
10,1387,b0682,4.0,0.5,3.0,2.5,3.5,0,True,0.0,1.0602019183862355,1.124028107749854,0.0,0.5301009591931176,0.2810070269374633,0.0
10,1388,b0682,4.0,0.5,3.0,2.5,4.5,0,True,0.0,1.0602019183862355,1.124028107749854,0.0,0.5301009591931176,0.2810070269374633,0.0
10,1389,b0683,4.0,0.5,3.5,2.0,3.5,0,True,0.0,1.0326406404754798,1.066346692361609,0.0,0.5163203202377399,0.26658667309040224,0.0
10,1390,b0683,4.0,0.5,3.5,2.0,4.5,0,True,0.0,1.0326406404754798,1.066346692361609,0.0,0.5163203202377399,0.26658667309040224,0.0
10,1391,b0684,4.0,0.5,4.0,1.5,3.5,0,True,0.0,0.9697573853573064,0.9404293864550393,0.0,0.4848786926786532,0.23510734661375982,0.0
10,1392,b0684,4.0,0.5,4.0,1.5,4.5,0,True,0.0,0.9697573853573064,0.9404293864550393,0.0,0.4848786926786532,0.23510734661375982,0.0
10,1393,b0685,4.0,0.5,4.5,1.0,3.5,0,True,0.0,0.8431475522752466,0.7108977949077397,0.0,0.42157377613762326,0.17772444872693488,0.0
10,1394,b0685,4.0,0.5,4.5,1.0,4.5,0,True,0.0,0.8431475522752466,0.7108977949077397,0.0,0.42157377613762326,0.17772444872693488,0.0
10,1395,b0686,4.0,0.5,5.0,0.5,4.5,0,True,0.0,0.0,0.0,0.0,0.0,0.0,0.0
10,1396,b0687,4.0,1.0,0.0,5.0,5.0,0,False,0.0,0.0,0.0,0.0,0.0,0.0,0.0
10,1397,b0688,4.0,1.0,0.5,4.5,4.0,0,True,0.0,0.8431475522752467,0.71089779490774,0.0,0.4215737761376234,0.17772444872693502,0.0
10,1398,b0688,4.0,1.0,0.5,4.5,5.0,0,True,0.0,0.8431475522752467,0.71089779490774,0.0,0.4215737761376234,0.17772444872693502,0.0
10,1399,b0689,4.0,1.0,1.0,4.0,3.0,0,True,0.0,0.5768361854487514,0.6673813410280938,0.578481941105362,0.28841809272437574,0.1668453352570234,0.2892409705526809
10,1400,b0689,4.0,1.0,1.0,4.0,4.0,0,True,-0.0,1.1569685776714969,1.3385762897192064,0.0,0.5784842888357483,0.3346440724298015,0.0
10,1401,b0689,4.0,1.0,1.0,4.0,5.0,0,True,0.0,0.5801323922227454,0.6711949486911127,0.5784819411053619,0.2900661961113726,0.16779873717277807,0.2892409705526809
10,1402,b0690,4.0,1.0,1.5,3.5,3.0,0,True,0.0,0.724928457903315,0.9301726462681988,0.636122140150868,0.36246422895165725,0.23254316156704954,0.318061070075434
10,1403,b0690,4.0,1.0,1.5,3.5,4.0,0,True,-0.0,1.2831233704888676,1.6464055838947118,0.0,0.6415616852444338,0.41160139597367795,0.0
10,1404,b0690,4.0,1.0,1.5,3.5,5.0,0,True,0.0,0.558194912585553,0.7162329376265137,0.6361221401508681,0.2790974562927766,0.17905823440662846,0.31806107007543394
10,1405,b0691,4.0,1.0,2.0,3.0,3.0,0,True,0.0,0.7886792395519585,1.0599134627020357,0.6617390118481606,0.394339619775979,0.2649783656755087,0.3308695059240803
10,1406,b0691,4.0,1.0,2.0,3.0,4.0,0,True,0.0,1.3439094241965375,1.806092540444269,0.0,0.6719547120982688,0.4515231351110674,0.0
10,1407,b0691,4.0,1.0,2.0,3.0,5.0,0,True,0.0,0.555230184644579,0.7461790777422334,0.6617390118481606,0.27761509232228965,0.18654476943555842,0.3308695059240803
10,1408,b0692,4.0,1.0,2.5,2.5,3.0,0,True,0.0,0.8073780656956977,1.1000126378810122,0.6694425269688847,0.4036890328478492,0.27500315947025344,0.33472126348444253
10,1409,b0692,4.0,1.0,2.5,2.5,4.0,0,True,0.0,1.362450485861489,1.8562713264242074,0.0,0.6812252429307446,0.464067831606052,0.0
10,1410,b0692,4.0,1.0,2.5,2.5,5.0,0,True,0.0,0.5550724201657908,0.756258688543194,0.6694425269688846,0.2775362100828955,0.1890646721357987,0.33472126348444253
10,1411,b0693,4.0,1.0,3.0,2.0,3.0,0,True,0.0,0.7886792395519587,1.059913462702036,0.6617390118481605,0.3943396197759793,0.2649783656755089,0.33086950592408026
10,1412,b0693,4.0,1.0,3.0,2.0,4.0,0,True,-0.0,1.3439094241965375,1.806092540444269,0.0,0.6719547120982687,0.45152313511106723,0.0
10,1413,b0693,4.0,1.0,3.0,2.0,5.0,0,True,0.0,0.5552301846445785,0.7461790777422326,0.6617390118481604,0.2776150923222894,0.18654476943555828,0.3308695059240803
10,1414,b0694,4.0,1.0,3.5,1.5,3.0,0,True,0.0,0.7249284579033146,0.9301726462681983,0.6361221401508679,0.3624642289516571,0.23254316156704935,0.3180610700754339
10,1415,b0694,4.0,1.0,3.5,1.5,4.0,0,True,0.0,1.2831233704888672,1.6464055838947107,0.0,0.6415616852444334,0.4116013959736774,0.0
10,1416,b0694,4.0,1.0,3.5,1.5,5.0,0,True,0.0,0.558194912585553,0.7162329376265136,0.636122140150868,0.2790974562927765,0.17905823440662832,0.3180610700754338
10,1417,b0695,4.0,1.0,4.0,1.0,3.0,0,True,0.0,0.5768361854487515,0.6673813410280939,0.578481941105362,0.28841809272437574,0.1668453352570234,0.2892409705526809
10,1418,b0695,4.0,1.0,4.0,1.0,4.0,0,True,0.0,1.1569685776714969,1.3385762897192064,0.0,0.5784842888357484,0.3346440724298016,0.0
10,1419,b0695,4.0,1.0,4.0,1.0,5.0,0,True,0.0,0.5801323922227454,0.6711949486911127,0.5784819411053619,0.2900661961113726,0.16779873717277807,0.2892409705526809
10,1420,b0696,4.0,1.0,4.5,0.5,4.0,0,True,0.0,0.8431475522752468,0.7108977949077401,0.0,0.4215737761376234,0.17772444872693502,0.0
10,1421,b0696,4.0,1.0,4.5,0.5,5.0,0,True,0.0,0.8431475522752468,0.7108977949077401,0.0,0.4215737761376234,0.17772444872693502,0.0
10,1422,b0697,4.0,1.0,5.0,0.0,5.0,0,False,0.0,0.0,0.0,0.0,0.0,0.0,0.0
10,1423,b0698,4.0,1.5,0.0,4.5,4.5,0,False,0.0,0.0,0.0,0.0,0.0,0.0,0.0
10,1424,b0699,4.0,1.5,0.5,4.0,3.5,0,True,0.0,0.9697573853573064,0.9404293864550393,0.0,0.4848786926786532,0.23510734661375982,0.0
10,1425,b0699,4.0,1.5,0.5,4.0,4.5,0,True,-0.0,0.9697573853573064,0.9404293864550393,0.0,0.4848786926786532,0.23510734661375982,0.0
10,1426,b0700,4.0,1.5,1.0,3.5,2.5,0,True,0.0,0.5504925477203306,0.706349853259915,0.6350651999317034,0.275246273860165,0.17658746331497838,0.3175325999658514
10,1427,b0700,4.0,1.5,1.0,3.5,3.5,0,True,0.0,1.2831233704888683,1.6464055838947136,0.0,0.6415616852444336,0.4116013959736777,0.0
10,1428,b0700,4.0,1.5,1.0,3.5,4.5,0,True,0.0,0.7326308227685377,0.9400557306347991,0.6350651999317034,0.36631541138426876,0.2350139326586995,0.3175325999658514
10,1429,b0701,4.0,1.5,1.5,3.0,2.5,0,True,-0.0,0.694647722886647,0.9779385300608504,0.7038487558767483,0.34732386144332333,0.2444846325152124,0.35192437793837406
10,1430,b0701,4.0,1.5,1.5,3.0,3.5,0,True,0.0,1.4078193850502712,1.9819554209233237,0.0,0.7039096925251354,0.4954888552308306,0.0
10,1431,b0701,4.0,1.5,1.5,3.0,4.5,0,True,0.0,0.7131716621636237,1.0040168908624723,0.7038487558767483,0.35658583108181197,0.25100422271561806,0.35192437793837406
10,1432,b0702,4.0,1.5,2.0,2.5,2.5,0,True,0.0,0.7481998559846822,1.091961455188751,0.7294918989908332,0.374099927992341,0.2729903637971877,0.3647459494954166
10,1433,b0702,4.0,1.5,2.0,2.5,3.5,0,True,0.0,1.459451570933083,2.129998887899044,0.0,0.7297257854665419,0.5324997219747615,0.0
10,1434,b0702,4.0,1.5,2.0,2.5,4.5,0,True,-0.0,0.711251714948401,1.0380374327102935,0.7294918989908332,0.3556258574742007,0.25950935817757353,0.3647459494954166
10,1435,b0703,4.0,1.5,2.5,2.0,2.5,0,True,0.0,0.7481998559846824,1.0919614551887515,0.7294918989908332,0.374099927992341,0.2729903637971877,0.3647459494954166
10,1436,b0703,4.0,1.5,2.5,2.0,3.5,0,True,-0.0,1.4594515709330833,2.1299988878990446,0.0,0.7297257854665419,0.5324997219747615,0.0
10,1437,b0703,4.0,1.5,2.5,2.0,4.5,0,True,0.0,0.711251714948401,1.0380374327102935,0.7294918989908332,0.3556258574742007,0.25950935817757353,0.3647459494954166
10,1438,b0704,4.0,1.5,3.0,1.5,2.5,0,True,0.0,0.6946477228866472,0.9779385300608506,0.7038487558767483,0.34732386144332333,0.2444846325152124,0.35192437793837406
10,1439,b0704,4.0,1.5,3.0,1.5,3.5,0,True,-0.0,1.4078193850502712,1.9819554209233237,0.0,0.7039096925251354,0.4954888552308306,0.0
10,1440,b0704,4.0,1.5,3.0,1.5,4.5,0,True,0.0,0.7131716621636237,1.0040168908624723,0.7038487558767483,0.35658583108181197,0.25100422271561806,0.35192437793837406
10,1441,b0705,4.0,1.5,3.5,1.0,2.5,0,True,0.0,0.5504925477203304,0.7063498532599145,0.6350651999317033,0.27524627386016515,0.17658746331497857,0.3175325999658516
10,1442,b0705,4.0,1.5,3.5,1.0,3.5,0,True,-0.0,1.2831233704888683,1.6464055838947136,0.0,0.6415616852444341,0.4116013959736784,0.0
10,1443,b0705,4.0,1.5,3.5,1.0,4.5,0,True,0.0,0.7326308227685379,0.940055730634799,0.6350651999317033,0.366315411384269,0.23501393265869977,0.31753259996585165
10,1444,b0706,4.0,1.5,4.0,0.5,3.5,0,True,-0.0,0.9697573853573064,0.9404293864550393,0.0,0.4848786926786532,0.23510734661375982,0.0
10,1445,b0706,4.0,1.5,4.0,0.5,4.5,0,True,0.0,0.9697573853573064,0.9404293864550393,0.0,0.4848786926786532,0.23510734661375982,0.0
10,1446,b0707,4.0,1.5,4.5,0.0,4.5,0,False,0.0,0.0,0.0,0.0,0.0,0.0,0.0
10,1447,b0708,4.0,2.0,0.0,4.0,4.0,0,False,0.0,0.0,0.0,0.0,0.0,0.0,0.0
10,1448,b0709,4.0,2.0,0.5,3.5,3.0,0,True,-0.0,1.0326406404754798,1.066346692361609,0.0,0.5163203202377399,0.26658667309040224,0.0
10,1449,b0709,4.0,2.0,0.5,3.5,4.0,0,True,0.0,1.0326406404754798,1.066346692361609,0.0,0.5163203202377399,0.26658667309040224,0.0
10,1450,b0710,4.0,2.0,1.0,3.0,2.0,0,True,0.0,0.5408086214070572,0.7267978029956819,0.6590325014803747,0.27040431070352866,0.18169945074892058,0.3295162507401875
10,1451,b0710,4.0,2.0,1.0,3.0,3.0,0,True,0.0,1.3439094241965381,1.8060925404442707,0.0,0.6719547120982693,0.45152313511106795,0.0
10,1452,b0710,4.0,2.0,1.0,3.0,4.0,0,True,0.0,0.803100802789481,1.079294737448589,0.6590325014803747,0.4015504013947407,0.2698236843621475,0.32951625074018753
10,1453,b0711,4.0,2.0,1.5,2.5,2.0,0,True,0.0,0.6756231503777029,0.9860392681774974,0.7277174086492677,0.33781157518885147,0.24650981704437433,0.3638587043246338
10,1454,b0711,4.0,2.0,1.5,2.5,3.0,0,True,0.0,1.4594515709330833,2.1299988878990446,0.0,0.7297257854665414,0.5324997219747608,0.0
10,1455,b0711,4.0,2.0,1.5,2.5,4.0,0,True,0.0,0.7838284205553808,1.1439596197215482,0.7277174086492677,0.3919142102776903,0.28598990493038695,0.36385870432463385
10,1456,b0712,4.0,2.0,2.0,2.0,2.0,0,True,0.0,0.7107093948478199,1.0607264722424044,0.7453983017940475,0.3553546974239098,0.26518161806060087,0.37269915089702366
10,1457,b0712,4.0,2.0,2.0,2.0,3.0,0,True,-0.0,1.4924897291804227,2.2275255917090515,0.0,0.746244864590211,0.5568813979272623,0.0
10,1458,b0712,4.0,2.0,2.0,2.0,4.0,0,True,0.0,0.7817803343326023,1.1667991194666454,0.7453983017940475,0.39089016716630093,0.29169977986666107,0.37269915089702366
10,1459,b0713,4.0,2.0,2.5,1.5,2.0,0,True,0.0,0.675623150377703,0.9860392681774977,0.7277174086492677,0.33781157518885147,0.24650981704437439,0.36385870432463385
10,1460,b0713,4.0,2.0,2.5,1.5,3.0,0,True,0.0,1.4594515709330835,2.1299988878990455,0.0,0.7297257854665419,0.5324997219747615,0.0
10,1461,b0713,4.0,2.0,2.5,1.5,4.0,0,True,0.0,0.7838284205553807,1.143959619721548,0.7277174086492677,0.39191421027769036,0.285989904930387,0.36385870432463385
10,1462,b0714,4.0,2.0,3.0,1.0,2.0,0,True,0.0,0.540808621407057,0.7267978029956814,0.6590325014803746,0.27040431070352866,0.18169945074892058,0.3295162507401875
10,1463,b0714,4.0,2.0,3.0,1.0,3.0,0,True,0.0,1.3439094241965381,1.8060925404442707,0.0,0.6719547120982693,0.45152313511106795,0.0
10,1464,b0714,4.0,2.0,3.0,1.0,4.0,0,True,0.0,0.803100802789481,1.0792947374485888,0.6590325014803745,0.4015504013947407,0.2698236843621475,0.32951625074018753
10,1465,b0715,4.0,2.0,3.5,0.5,3.0,0,True,0.0,1.03264064047548,1.0663466923616096,0.0,0.5163203202377399,0.26658667309040224,0.0
10,1466,b0715,4.0,2.0,3.5,0.5,4.0,0,True,0.0,1.03264064047548,1.0663466923616096,0.0,0.5163203202377399,0.26658667309040224,0.0
10,1467,b0716,4.0,2.0,4.0,0.0,4.0,0,False,0.0,0.0,0.0,0.0,0.0,0.0,0.0
10,1468,b0717,4.0,2.5,0.0,3.5,3.5,0,False,0.0,0.0,0.0,0.0,0.0,0.0,0.0
10,1469,b0718,4.0,2.5,0.5,3.0,2.5,0,True,0.0,1.0602019183862355,1.124028107749854,0.0,0.5301009591931177,0.2810070269374635,0.0
10,1470,b0718,4.0,2.5,0.5,3.0,3.5,0,True,0.0,1.0602019183862355,1.124028107749854,0.0,0.5301009591931177,0.2810070269374635,0.0
10,1471,b0719,4.0,2.5,1.0,2.5,1.5,0,True,0.0,0.5298418556127995,0.7218832936094114,0.6641919162788694,0.26492092780639986,0.18047082340235296,0.3320959581394348
10,1472,b0719,4.0,2.5,1.0,2.5,2.5,0,True,0.0,1.362450485861489,1.8562713264242074,0.0,0.6812252429307445,0.46406783160605186,0.0
10,1473,b0719,4.0,2.5,1.0,2.5,3.5,0,True,-0.0,0.8326086302486893,1.1343880328147953,0.6641919162788695,0.41630431512434457,0.2835970082036988,0.33209595813943477
10,1474,b0720,4.0,2.5,1.5,2.0,1.5,0,True,0.0,0.6465924681349101,0.9436703933729941,0.7249748778572946,0.32329623406745545,0.23591759834324888,0.3624874389286475
10,1475,b0720,4.0,2.5,1.5,2.0,2.5,0,True,0.0,1.459451570933083,2.129998887899044,0.0,0.7297257854665417,0.5324997219747611,0.0
10,1476,b0720,4.0,2.5,1.5,2.0,3.5,0,True,0.0,0.812859102798173,1.18632849452605,0.7249748778572945,0.4064295513990863,0.2965821236315125,0.3624874389286475
10,1477,b0721,4.0,2.5,2.0,1.5,1.5,0,True,0.0,0.6465924681349101,0.9436703933729942,0.7249748778572948,0.3232962340674556,0.23591759834324902,0.36248743892864754
10,1478,b0721,4.0,2.5,2.0,1.5,2.5,0,True,-0.0,1.459451570933083,2.129998887899044,0.0,0.7297257854665418,0.5324997219747614,0.0
10,1479,b0721,4.0,2.5,2.0,1.5,3.5,0,True,0.0,0.8128591027981731,1.1863284945260504,0.7249748778572948,0.40642955139908626,0.2965821236315125,0.36248743892864754
10,1480,b0722,4.0,2.5,2.5,1.0,1.5,0,True,0.0,0.5298418556127996,0.7218832936094115,0.6641919162788694,0.26492092780639986,0.18047082340235296,0.3320959581394348
10,1481,b0722,4.0,2.5,2.5,1.0,2.5,0,True,-0.0,1.3624504858614888,1.8562713264242068,0.0,0.6812252429307445,0.46406783160605186,0.0
10,1482,b0722,4.0,2.5,2.5,1.0,3.5,0,True,0.0,0.832608630248689,1.1343880328147948,0.6641919162788694,0.41630431512434457,0.2835970082036988,0.33209595813943477
10,1483,b0723,4.0,2.5,3.0,0.5,2.5,0,True,0.0,1.0602019183862355,1.124028107749854,0.0,0.5301009591931177,0.2810070269374635,0.0
10,1484,b0723,4.0,2.5,3.0,0.5,3.5,0,True,0.0,1.0602019183862355,1.124028107749854,0.0,0.5301009591931177,0.2810070269374635,0.0
10,1485,b0724,4.0,2.5,3.5,0.0,3.5,0,False,0.0,0.0,0.0,0.0,0.0,0.0,0.0
10,1486,b0725,4.0,3.0,0.0,3.0,3.0,0,False,0.0,0.0,0.0,0.0,0.0,0.0,0.0
10,1487,b0726,4.0,3.0,0.5,2.5,2.0,0,True,-0.0,1.0602019183862357,1.1240281077498544,0.0,0.5301009591931178,0.2810070269374636,0.0
10,1488,b0726,4.0,3.0,0.5,2.5,3.0,0,True,0.0,1.0602019183862357,1.1240281077498544,0.0,0.5301009591931178,0.2810070269374636,0.0
10,1489,b0727,4.0,3.0,1.0,2.0,1.0,0,True,0.0,0.5110641472296688,0.6868239238309191,0.6524088911467489,0.2555320736148343,0.17170598095772968,0.3262044455733744
10,1490,b0727,4.0,3.0,1.0,2.0,2.0,0,True,0.0,1.3439094241965384,1.8060925404442714,0.0,0.6719547120982691,0.4515231351110677,0.0
10,1491,b0727,4.0,3.0,1.0,2.0,3.0,0,True,0.0,0.8328452769668696,1.1192686166133523,0.6524088911467489,0.41642263848343475,0.27981715415333797,0.3262044455733744
10,1492,b0728,4.0,3.0,1.5,1.5,1.0,0,True,0.0,0.5927660568632714,0.834507545651925,0.6950798137499706,0.29638302843163566,0.20862688641298113,0.3475399068749852
10,1493,b0728,4.0,3.0,1.5,1.5,2.0,0,True,0.0,1.4078193850502714,1.9819554209233243,0.0,0.7039096925251357,0.4954888552308311,0.0
10,1494,b0728,4.0,3.0,1.5,1.5,3.0,0,True,0.0,0.815053328187,1.1474478752713995,0.6950798137499706,0.4075266640934997,0.2868619688178495,0.34753990687498515
10,1495,b0729,4.0,3.0,2.0,1.0,1.0,0,True,0.0,0.5110641472296689,0.6868239238309192,0.6524088911467489,0.2555320736148343,0.17170598095772968,0.3262044455733744
10,1496,b0729,4.0,3.0,2.0,1.0,2.0,0,True,0.0,1.3439094241965384,1.8060925404442714,0.0,0.6719547120982691,0.4515231351110677,0.0
10,1497,b0729,4.0,3.0,2.0,1.0,3.0,0,True,0.0,0.8328452769668693,1.1192686166133516,0.6524088911467488,0.41642263848343475,0.27981715415333797,0.3262044455733744
10,1498,b0730,4.0,3.0,2.5,0.5,2.0,0,True,0.0,1.0602019183862357,1.1240281077498544,0.0,0.5301009591931178,0.2810070269374636,0.0
10,1499,b0730,4.0,3.0,2.5,0.5,3.0,0,True,0.0,1.0602019183862357,1.1240281077498544,0.0,0.5301009591931178,0.2810070269374636,0.0
10,1500,b0731,4.0,3.0,3.0,0.0,3.0,0,False,0.0,0.0,0.0,0.0,0.0,0.0,0.0
10,1501,b0732,4.0,3.5,0.0,2.5,2.5,0,False,0.0,0.0,0.0,0.0,0.0,0.0,0.0
10,1502,b0733,4.0,3.5,0.5,2.0,1.5,0,True,-0.0,1.0326406404754798,1.066346692361609,0.0,0.5163203202377399,0.26658667309040224,0.0
10,1503,b0733,4.0,3.5,0.5,2.0,2.5,0,True,0.0,1.0326406404754798,1.066346692361609,0.0,0.5163203202377399,0.26658667309040224,0.0
10,1504,b0734,4.0,3.5,1.0,1.5,0.5,0,True,-0.0,0.4757343004990496,0.6104257991135046,0.6197601749404237,0.23786715024952473,0.15260644977837604,0.30988008747021173
10,1505,b0734,4.0,3.5,1.0,1.5,1.5,0,True,0.0,1.2831233704888683,1.6464055838947136,0.0,0.6415616852444342,0.4116013959736785,0.0
10,1506,b0734,4.0,3.5,1.0,1.5,2.5,0,True,0.0,0.8073890699898185,1.0359797847812087,0.6197601749404237,0.4036945349949091,0.25899494619530194,0.30988008747021173
10,1507,b0735,4.0,3.5,1.5,1.0,0.5,0,True,0.0,0.4757343004990497,0.6104257991135048,0.6197601749404238,0.2378671502495248,0.15260644977837606,0.30988008747021173
10,1508,b0735,4.0,3.5,1.5,1.0,1.5,0,True,-0.0,1.2831233704888685,1.646405583894714,0.0,0.6415616852444339,0.41160139597367806,0.0
10,1509,b0735,4.0,3.5,1.5,1.0,2.5,0,True,0.0,0.8073890699898187,1.0359797847812091,0.6197601749404238,0.40369453499490904,0.2589949461953019,0.3098800874702117
10,1510,b0736,4.0,3.5,2.0,0.5,1.5,0,True,0.0,1.0326406404754798,1.066346692361609,0.0,0.5163203202377399,0.26658667309040224,0.0
10,1511,b0736,4.0,3.5,2.0,0.5,2.5,0,True,0.0,1.0326406404754798,1.066346692361609,0.0,0.5163203202377399,0.26658667309040224,0.0
10,1512,b0737,4.0,3.5,2.5,0.0,2.5,0,False,0.0,0.0,0.0,0.0,0.0,0.0,0.0
10,1513,b0738,4.0,4.0,0.0,2.0,2.0,0,False,0.0,0.0,0.0,0.0,0.0,0.0,0.0
10,1514,b0739,4.0,4.0,0.5,1.5,1.0,0,True,0.0,0.9697573853573072,0.9404293864550407,0.0,0.4848786926786536,0.23510734661376018,0.0
10,1515,b0739,4.0,4.0,0.5,1.5,2.0,0,True,0.0,0.9697573853573072,0.9404293864550407,0.0,0.4848786926786536,0.23510734661376018,0.0
10,1516,b0740,4.0,4.0,1.0,1.0,0.0,0,True,0.0,0.395544812879141,0.4576329195621177,0.5487961557504963,0.19777240643957056,0.11440822989052948,0.2743980778752482
10,1517,b0740,4.0,4.0,1.0,1.0,1.0,0,True,0.0,1.1569685776714953,1.3385762897192028,0.0,0.5784842888357481,0.3346440724298012,0.0
10,1518,b0740,4.0,4.0,1.0,1.0,2.0,0,True,0.0,0.7614237647923549,0.8809433701570863,0.5487961557504963,0.3807118823961774,0.22023584253927161,0.2743980778752482
10,1519,b0741,4.0,4.0,1.5,0.5,1.0,0,True,0.0,0.969757385357307,0.9404293864550405,0.0,0.4848786926786535,0.23510734661376012,0.0
10,1520,b0741,4.0,4.0,1.5,0.5,2.0,0,True,0.0,0.969757385357307,0.9404293864550405,0.0,0.4848786926786535,0.23510734661376012,0.0
10,1521,b0742,4.0,4.0,2.0,0.0,2.0,0,False,0.0,0.0,0.0,0.0,0.0,0.0,0.0
10,1522,b0743,4.0,4.5,0.0,1.5,1.5,0,False,0.0,0.0,0.0,0.0,0.0,0.0,0.0
10,1523,b0744,4.0,4.5,0.5,1.0,0.5,0,True,0.0,0.8431475522752452,0.7108977949077373,0.0,0.4215737761376226,0.17772444872693433,0.0
10,1524,b0744,4.0,4.5,0.5,1.0,1.5,0,True,0.0,0.8431475522752452,0.7108977949077373,0.0,0.4215737761376226,0.17772444872693433,0.0
10,1525,b0745,4.0,4.5,1.0,0.5,0.5,0,True,0.0,0.8431475522752451,0.7108977949077371,0.0,0.42157377613762254,0.17772444872693427,0.0
10,1526,b0745,4.0,4.5,1.0,0.5,1.5,0,True,0.0,0.8431475522752451,0.7108977949077371,0.0,0.42157377613762254,0.17772444872693427,0.0
10,1527,b0746,4.0,4.5,1.5,0.0,1.5,0,False,0.0,0.0,0.0,0.0,0.0,0.0,0.0
10,1528,b0747,4.0,5.0,0.0,1.0,1.0,0,False,0.0,0.0,0.0,0.0,0.0,0.0,0.0
10,1529,b0748,4.0,5.0,0.5,0.5,1.0,0,True,0.0,0.0,0.0,0.0,0.0,0.0,0.0
10,1530,b0749,4.0,5.0,1.0,0.0,1.0,0,False,0.0,0.0,0.0,0.0,0.0,0.0,0.0
10,1531,b0750,4.5,0.0,0.5,5.0,4.5,0,False,0.0,0.0,0.0,0.0,0.0,0.0,0.0
10,1532,b0751,4.5,0.0,1.0,4.5,4.5,0,False,0.0,0.0,0.0,0.0,0.0,0.0,0.0
10,1533,b0752,4.5,0.0,1.5,4.0,4.5,0,False,0.0,0.0,0.0,0.0,0.0,0.0,0.0
10,1534,b0753,4.5,0.0,2.0,3.5,4.5,0,False,0.0,0.0,0.0,0.0,0.0,0.0,0.0
10,1535,b0754,4.5,0.0,2.5,3.0,4.5,0,False,0.0,0.0,0.0,0.0,0.0,0.0,0.0
10,1536,b0755,4.5,0.0,3.0,2.5,4.5,0,False,0.0,0.0,0.0,0.0,0.0,0.0,0.0
10,1537,b0756,4.5,0.0,3.5,2.0,4.5,0,False,0.0,0.0,0.0,0.0,0.0,0.0,0.0
10,1538,b0757,4.5,0.0,4.0,1.5,4.5,0,False,0.0,0.0,0.0,0.0,0.0,0.0,0.0
10,1539,b0758,4.5,0.0,4.5,1.0,4.5,0,False,0.0,0.0,0.0,0.0,0.0,0.0,0.0
10,1540,b0759,4.5,0.0,5.0,0.5,4.5,0,False,0.0,0.0,0.0,0.0,0.0,0.0,0.0
10,1541,b0760,4.5,0.5,0.0,5.0,5.0,0,False,0.0,0.0,0.0,0.0,0.0,0.0,0.0
10,1542,b0761,4.5,0.5,0.5,4.5,4.0,0,True,0.0,0.7301871994090315,0.5331733461808048,0.0,0.36509359970451577,0.1332933365452012,0.0
10,1543,b0761,4.5,0.5,0.5,4.5,5.0,0,True,0.0,0.7301871994090315,0.5331733461808048,0.0,0.36509359970451577,0.1332933365452012,0.0
10,1544,b0762,4.5,0.5,1.0,4.0,4.0,0,True,0.0,0.8431475522752468,0.7108977949077401,0.0,0.4215737761376234,0.17772444872693502,0.0
10,1545,b0762,4.5,0.5,1.0,4.0,5.0,0,True,0.0,0.8431475522752468,0.7108977949077401,0.0,0.4215737761376234,0.17772444872693502,0.0
10,1546,b0763,4.5,0.5,1.5,3.5,4.0,0,True,0.0,0.9024609349636569,0.8144357391354777,0.0,0.45123046748182855,0.20360893478386952,0.0
10,1547,b0763,4.5,0.5,1.5,3.5,5.0,0,True,0.0,0.9024609349636569,0.8144357391354777,0.0,0.45123046748182855,0.20360893478386952,0.0
10,1548,b0764,4.5,0.5,2.0,3.0,4.0,0,True,-0.0,0.9330961517425973,0.8706684283968442,0.0,0.46654807587129865,0.21766710709921105,0.0
10,1549,b0764,4.5,0.5,2.0,3.0,5.0,0,True,0.0,0.9330961517425973,0.8706684283968442,0.0,0.46654807587129865,0.21766710709921105,0.0
10,1550,b0765,4.5,0.5,2.5,2.5,4.0,0,True,0.0,0.9426676209750049,0.8886222436346755,0.0,0.47133381048750245,0.22215556090866886,0.0
10,1551,b0765,4.5,0.5,2.5,2.5,5.0,0,True,0.0,0.9426676209750049,0.8886222436346755,0.0,0.47133381048750245,0.22215556090866886,0.0
10,1552,b0766,4.5,0.5,3.0,2.0,4.0,0,True,0.0,0.9330961517425973,0.8706684283968442,0.0,0.46654807587129865,0.21766710709921105,0.0
10,1553,b0766,4.5,0.5,3.0,2.0,5.0,0,True,0.0,0.9330961517425973,0.8706684283968442,0.0,0.46654807587129865,0.21766710709921105,0.0
10,1554,b0767,4.5,0.5,3.5,1.5,4.0,0,True,0.0,0.9024609349636569,0.8144357391354777,0.0,0.4512304674818285,0.2036089347838695,0.0
10,1555,b0767,4.5,0.5,3.5,1.5,5.0,0,True,0.0,0.9024609349636569,0.8144357391354777,0.0,0.4512304674818285,0.2036089347838695,0.0
10,1556,b0768,4.5,0.5,4.0,1.0,4.0,0,True,0.0,0.8431475522752468,0.7108977949077401,0.0,0.4215737761376234,0.17772444872693502,0.0
10,1557,b0768,4.5,0.5,4.0,1.0,5.0,0,True,0.0,0.8431475522752468,0.7108977949077401,0.0,0.4215737761376234,0.17772444872693502,0.0
10,1558,b0769,4.5,0.5,4.5,0.5,4.0,0,True,0.0,0.7301871994090318,0.5331733461808051,0.0,0.36509359970451594,0.1332933365452013,0.0
10,1559,b0769,4.5,0.5,4.5,0.5,5.0,0,True,0.0,0.7301871994090318,0.5331733461808051,0.0,0.36509359970451594,0.1332933365452013,0.0
10,1560,b0770,4.5,0.5,5.0,0.0,5.0,0,False,0.0,0.0,0.0,0.0,0.0,0.0,0.0
10,1561,b0771,4.5,1.0,0.0,4.5,4.5,0,False,0.0,0.0,0.0,0.0,0.0,0.0,0.0
10,1562,b0772,4.5,1.0,0.5,4.0,3.5,0,True,0.0,0.8431475522752467,0.71089779490774,0.0,0.42157377613762326,0.17772444872693488,0.0
10,1563,b0772,4.5,1.0,0.5,4.0,4.5,0,True,-0.0,0.8431475522752467,0.71089779490774,0.0,0.42157377613762326,0.17772444872693488,0.0
10,1564,b0773,4.5,1.0,1.0,3.5,3.5,0,True,-0.0,0.9697573853573066,0.9404293864550397,0.0,0.4848786926786533,0.23510734661375993,0.0
10,1565,b0773,4.5,1.0,1.0,3.5,4.5,0,True,0.0,0.9697573853573066,0.9404293864550397,0.0,0.4848786926786533,0.23510734661375993,0.0
10,1566,b0774,4.5,1.0,1.5,3.0,3.5,0,True,0.0,1.03264064047548,1.0663466923616096,0.0,0.51632032023774,0.2665866730904024,0.0
10,1567,b0774,4.5,1.0,1.5,3.0,4.5,0,True,0.0,1.03264064047548,1.0663466923616096,0.0,0.51632032023774,0.2665866730904024,0.0
10,1568,b0775,4.5,1.0,2.0,2.5,3.5,0,True,0.0,1.0602019183862357,1.1240281077498544,0.0,0.5301009591931178,0.2810070269374636,0.0
10,1569,b0775,4.5,1.0,2.0,2.5,4.5,0,True,0.0,1.0602019183862357,1.1240281077498544,0.0,0.5301009591931178,0.2810070269374636,0.0
10,1570,b0776,4.5,1.0,2.5,2.0,3.5,0,True,0.0,1.0602019183862357,1.1240281077498544,0.0,0.5301009591931178,0.2810070269374636,0.0
10,1571,b0776,4.5,1.0,2.5,2.0,4.5,0,True,-0.0,1.0602019183862357,1.1240281077498544,0.0,0.5301009591931178,0.2810070269374636,0.0
10,1572,b0777,4.5,1.0,3.0,1.5,3.5,0,True,0.0,1.03264064047548,1.0663466923616096,0.0,0.5163203202377401,0.2665866730904025,0.0
10,1573,b0777,4.5,1.0,3.0,1.5,4.5,0,True,-0.0,1.03264064047548,1.0663466923616096,0.0,0.5163203202377401,0.2665866730904025,0.0
10,1574,b0778,4.5,1.0,3.5,1.0,3.5,0,True,0.0,0.9697573853573066,0.9404293864550397,0.0,0.4848786926786533,0.23510734661375993,0.0
10,1575,b0778,4.5,1.0,3.5,1.0,4.5,0,True,-0.0,0.9697573853573066,0.9404293864550397,0.0,0.4848786926786533,0.23510734661375993,0.0
10,1576,b0779,4.5,1.0,4.0,0.5,3.5,0,True,0.0,0.8431475522752467,0.71089779490774,0.0,0.42157377613762337,0.177724448726935,0.0
10,1577,b0779,4.5,1.0,4.0,0.5,4.5,0,True,0.0,0.8431475522752467,0.71089779490774,0.0,0.42157377613762337,0.177724448726935,0.0
10,1578,b0780,4.5,1.0,4.5,0.0,4.5,0,False,0.0,0.0,0.0,0.0,0.0,0.0,0.0
10,1579,b0781,4.5,1.5,0.0,4.0,4.0,0,False,0.0,0.0,0.0,0.0,0.0,0.0,0.0
10,1580,b0782,4.5,1.5,0.5,3.5,3.0,0,True,0.0,0.9024609349636569,0.8144357391354777,0.0,0.4512304674818285,0.2036089347838695,0.0
10,1581,b0782,4.5,1.5,0.5,3.5,4.0,0,True,0.0,0.9024609349636569,0.8144357391354777,0.0,0.4512304674818285,0.2036089347838695,0.0
10,1582,b0783,4.5,1.5,1.0,3.0,3.0,0,True,0.0,1.03264064047548,1.0663466923616096,0.0,0.51632032023774,0.2665866730904024,0.0
10,1583,b0783,4.5,1.5,1.0,3.0,4.0,0,True,-0.0,1.03264064047548,1.0663466923616096,0.0,0.51632032023774,0.2665866730904024,0.0
10,1584,b0784,4.5,1.5,1.5,2.5,3.0,0,True,0.0,1.0918845386996314,1.192211845851307,0.0,0.5459422693498157,0.2980529614628267,0.0
10,1585,b0784,4.5,1.5,1.5,2.5,4.0,0,True,0.0,1.0918845386996314,1.192211845851307,0.0,0.5459422693498157,0.2980529614628267,0.0
10,1586,b0785,4.5,1.5,2.0,2.0,3.0,0,True,0.0,1.1096445826339552,1.2313110997688845,0.0,0.5548222913169777,0.30782777494222124,0.0
10,1587,b0785,4.5,1.5,2.0,2.0,4.0,0,True,0.0,1.1096445826339552,1.2313110997688845,0.0,0.5548222913169777,0.30782777494222124,0.0
10,1588,b0786,4.5,1.5,2.5,1.5,3.0,0,True,0.0,1.0918845386996314,1.192211845851307,0.0,0.5459422693498157,0.2980529614628267,0.0
10,1589,b0786,4.5,1.5,2.5,1.5,4.0,0,True,0.0,1.0918845386996314,1.192211845851307,0.0,0.5459422693498157,0.2980529614628267,0.0
10,1590,b0787,4.5,1.5,3.0,1.0,3.0,0,True,0.0,1.03264064047548,1.0663466923616096,0.0,0.51632032023774,0.2665866730904024,0.0
10,1591,b0787,4.5,1.5,3.0,1.0,4.0,0,True,0.0,1.03264064047548,1.0663466923616096,0.0,0.51632032023774,0.2665866730904024,0.0
10,1592,b0788,4.5,1.5,3.5,0.5,3.0,0,True,0.0,0.9024609349636569,0.8144357391354777,0.0,0.4512304674818284,0.20360893478386938,0.0
10,1593,b0788,4.5,1.5,3.5,0.5,4.0,0,True,0.0,0.9024609349636569,0.8144357391354777,0.0,0.4512304674818284,0.20360893478386938,0.0
10,1594,b0789,4.5,1.5,4.0,0.0,4.0,0,False,0.0,0.0,0.0,0.0,0.0,0.0,0.0
10,1595,b0790,4.5,2.0,0.0,3.5,3.5,0,False,0.0,0.0,0.0,0.0,0.0,0.0,0.0
10,1596,b0791,4.5,2.0,0.5,3.0,2.5,0,True,0.0,0.9330961517425975,0.8706684283968446,0.0,0.4665480758712989,0.21766710709921125,0.0
10,1597,b0791,4.5,2.0,0.5,3.0,3.5,0,True,0.0,0.9330961517425975,0.8706684283968446,0.0,0.4665480758712989,0.21766710709921125,0.0
10,1598,b0792,4.5,2.0,1.0,2.5,2.5,0,True,0.0,1.060201918386236,1.1240281077498548,0.0,0.5301009591931178,0.2810070269374636,0.0
10,1599,b0792,4.5,2.0,1.0,2.5,3.5,0,True,-0.0,1.060201918386236,1.1240281077498548,0.0,0.5301009591931178,0.2810070269374636,0.0
10,1600,b0793,4.5,2.0,1.5,2.0,2.5,0,True,0.0,1.1096445826339554,1.231311099768885,0.0,0.5548222913169777,0.30782777494222124,0.0
10,1601,b0793,4.5,2.0,1.5,2.0,3.5,0,True,0.0,1.1096445826339554,1.231311099768885,0.0,0.5548222913169777,0.30782777494222124,0.0
10,1602,b0794,4.5,2.0,2.0,1.5,2.5,0,True,0.0,1.1096445826339554,1.231311099768885,0.0,0.5548222913169777,0.30782777494222124,0.0
10,1603,b0794,4.5,2.0,2.0,1.5,3.5,0,True,0.0,1.1096445826339554,1.231311099768885,0.0,0.5548222913169777,0.30782777494222124,0.0
10,1604,b0795,4.5,2.0,2.5,1.0,2.5,0,True,0.0,1.060201918386236,1.1240281077498548,0.0,0.530100959193118,0.2810070269374637,0.0
10,1605,b0795,4.5,2.0,2.5,1.0,3.5,0,True,0.0,1.060201918386236,1.1240281077498548,0.0,0.530100959193118,0.2810070269374637,0.0
10,1606,b0796,4.5,2.0,3.0,0.5,2.5,0,True,0.0,0.9330961517425975,0.8706684283968446,0.0,0.46654807587129876,0.21766710709921114,0.0
10,1607,b0796,4.5,2.0,3.0,0.5,3.5,0,True,0.0,0.9330961517425975,0.8706684283968446,0.0,0.46654807587129876,0.21766710709921114,0.0
10,1608,b0797,4.5,2.0,3.5,0.0,3.5,0,False,0.0,0.0,0.0,0.0,0.0,0.0,0.0
10,1609,b0798,4.5,2.5,0.0,3.0,3.0,0,False,0.0,0.0,0.0,0.0,0.0,0.0,0.0
10,1610,b0799,4.5,2.5,0.5,2.5,2.0,0,True,0.0,0.9426676209750047,0.888622243634675,0.0,0.47133381048750234,0.22215556090866875,0.0
10,1611,b0799,4.5,2.5,0.5,2.5,3.0,0,True,0.0,0.9426676209750047,0.888622243634675,0.0,0.47133381048750234,0.22215556090866875,0.0
10,1612,b0800,4.5,2.5,1.0,2.0,2.0,0,True,0.0,1.0602019183862363,1.1240281077498557,0.0,0.5301009591931182,0.28100702693746393,0.0
10,1613,b0800,4.5,2.5,1.0,2.0,3.0,0,True,0.0,1.0602019183862363,1.1240281077498557,0.0,0.5301009591931182,0.28100702693746393,0.0
10,1614,b0801,4.5,2.5,1.5,1.5,2.0,0,True,0.0,1.0918845386996319,1.1922118458513078,0.0,0.5459422693498159,0.29805296146282695,0.0
10,1615,b0801,4.5,2.5,1.5,1.5,3.0,0,True,0.0,1.0918845386996319,1.1922118458513078,0.0,0.5459422693498159,0.29805296146282695,0.0
10,1616,b0802,4.5,2.5,2.0,1.0,2.0,0,True,0.0,1.0602019183862363,1.1240281077498557,0.0,0.5301009591931183,0.28100702693746404,0.0
10,1617,b0802,4.5,2.5,2.0,1.0,3.0,0,True,0.0,1.0602019183862363,1.1240281077498557,0.0,0.5301009591931183,0.28100702693746404,0.0
10,1618,b0803,4.5,2.5,2.5,0.5,2.0,0,True,0.0,0.9426676209750047,0.888622243634675,0.0,0.47133381048750234,0.22215556090866875,0.0
10,1619,b0803,4.5,2.5,2.5,0.5,3.0,0,True,0.0,0.9426676209750047,0.888622243634675,0.0,0.47133381048750234,0.22215556090866875,0.0
10,1620,b0804,4.5,2.5,3.0,0.0,3.0,0,False,0.0,0.0,0.0,0.0,0.0,0.0,0.0
10,1621,b0805,4.5,3.0,0.0,2.5,2.5,0,False,0.0,0.0,0.0,0.0,0.0,0.0,0.0
10,1622,b0806,4.5,3.0,0.5,2.0,1.5,0,True,0.0,0.9330961517425966,0.8706684283968429,0.0,0.4665480758712983,0.21766710709921072,0.0
10,1623,b0806,4.5,3.0,0.5,2.0,2.5,0,True,-0.0,0.9330961517425966,0.8706684283968429,0.0,0.4665480758712983,0.21766710709921072,0.0
10,1624,b0807,4.5,3.0,1.0,1.5,1.5,0,True,0.0,1.0326406404754795,1.0663466923616085,0.0,0.5163203202377398,0.2665866730904021,0.0
10,1625,b0807,4.5,3.0,1.0,1.5,2.5,0,True,0.0,1.0326406404754795,1.0663466923616085,0.0,0.5163203202377398,0.2665866730904021,0.0
10,1626,b0808,4.5,3.0,1.5,1.0,1.5,0,True,0.0,1.0326406404754795,1.0663466923616085,0.0,0.5163203202377398,0.2665866730904021,0.0
10,1627,b0808,4.5,3.0,1.5,1.0,2.5,0,True,0.0,1.0326406404754795,1.0663466923616085,0.0,0.5163203202377398,0.2665866730904021,0.0
10,1628,b0809,4.5,3.0,2.0,0.5,1.5,0,True,0.0,0.9330961517425966,0.8706684283968429,0.0,0.4665480758712983,0.21766710709921072,0.0
10,1629,b0809,4.5,3.0,2.0,0.5,2.5,0,True,0.0,0.9330961517425966,0.8706684283968429,0.0,0.4665480758712983,0.21766710709921072,0.0
10,1630,b0810,4.5,3.0,2.5,0.0,2.5,0,False,0.0,0.0,0.0,0.0,0.0,0.0,0.0
10,1631,b0811,4.5,3.5,0.0,2.0,2.0,0,False,0.0,0.0,0.0,0.0,0.0,0.0,0.0
10,1632,b0812,4.5,3.5,0.5,1.5,1.0,0,True,0.0,0.9024609349636569,0.8144357391354777,0.0,0.4512304674818285,0.2036089347838695,0.0
10,1633,b0812,4.5,3.5,0.5,1.5,2.0,0,True,0.0,0.9024609349636569,0.8144357391354777,0.0,0.4512304674818285,0.2036089347838695,0.0
10,1634,b0813,4.5,3.5,1.0,1.0,1.0,0,True,0.0,0.9697573853573076,0.9404293864550416,0.0,0.4848786926786538,0.2351073466137604,0.0
10,1635,b0813,4.5,3.5,1.0,1.0,2.0,0,True,0.0,0.9697573853573076,0.9404293864550416,0.0,0.4848786926786538,0.2351073466137604,0.0
10,1636,b0814,4.5,3.5,1.5,0.5,1.0,0,True,0.0,0.902460934963657,0.814435739135478,0.0,0.4512304674818285,0.2036089347838695,0.0
10,1637,b0814,4.5,3.5,1.5,0.5,2.0,0,True,0.0,0.902460934963657,0.814435739135478,0.0,0.4512304674818285,0.2036089347838695,0.0
10,1638,b0815,4.5,3.5,2.0,0.0,2.0,0,False,0.0,0.0,0.0,0.0,0.0,0.0,0.0
10,1639,b0816,4.5,4.0,0.0,1.5,1.5,0,False,0.0,0.0,0.0,0.0,0.0,0.0,0.0
10,1640,b0817,4.5,4.0,0.5,1.0,0.5,0,True,0.0,0.8431475522752451,0.7108977949077371,0.0,0.42157377613762254,0.17772444872693427,0.0
10,1641,b0817,4.5,4.0,0.5,1.0,1.5,0,True,0.0,0.8431475522752451,0.7108977949077371,0.0,0.42157377613762254,0.17772444872693427,0.0
10,1642,b0818,4.5,4.0,1.0,0.5,0.5,0,True,0.0,0.8431475522752451,0.7108977949077371,0.0,0.42157377613762254,0.17772444872693427,0.0
10,1643,b0818,4.5,4.0,1.0,0.5,1.5,0,True,-0.0,0.8431475522752451,0.7108977949077371,0.0,0.42157377613762254,0.17772444872693427,0.0
10,1644,b0819,4.5,4.0,1.5,0.0,1.5,0,False,0.0,0.0,0.0,0.0,0.0,0.0,0.0
10,1645,b0820,4.5,4.5,0.0,1.0,1.0,0,False,0.0,0.0,0.0,0.0,0.0,0.0,0.0
10,1646,b0821,4.5,4.5,0.5,0.5,0.0,0,True,0.0,0.7301871994090311,0.5331733461808041,0.0,0.36509359970451555,0.13329333654520104,0.0
10,1647,b0821,4.5,4.5,0.5,0.5,1.0,0,True,0.0,0.7301871994090311,0.5331733461808041,0.0,0.36509359970451555,0.13329333654520104,0.0
10,1648,b0822,4.5,4.5,1.0,0.0,1.0,0,False,0.0,0.0,0.0,0.0,0.0,0.0,0.0
10,1649,b0823,4.5,5.0,0.0,0.5,0.5,0,False,0.0,0.0,0.0,0.0,0.0,0.0,0.0
10,1650,b0824,4.5,5.0,0.5,0.0,0.5,0,False,0.0,0.0,0.0,0.0,0.0,0.0,0.0
10,1651,b0825,5.0,0.0,0.0,5.0,5.0,0,False,0.0,0.0,0.0,0.0,0.0,0.0,0.0
10,1652,b0826,5.0,0.0,0.5,4.5,5.0,0,False,0.0,0.0,0.0,0.0,0.0,0.0,0.0
10,1653,b0827,5.0,0.0,1.0,4.0,5.0,0,False,0.0,0.0,0.0,0.0,0.0,0.0,0.0
10,1654,b0828,5.0,0.0,1.5,3.5,5.0,0,False,0.0,0.0,0.0,0.0,0.0,0.0,0.0
10,1655,b0829,5.0,0.0,2.0,3.0,5.0,0,False,0.0,0.0,0.0,0.0,0.0,0.0,0.0
10,1656,b0830,5.0,0.0,2.5,2.5,5.0,0,False,0.0,0.0,0.0,0.0,0.0,0.0,0.0
10,1657,b0831,5.0,0.0,3.0,2.0,5.0,0,False,0.0,0.0,0.0,0.0,0.0,0.0,0.0
10,1658,b0832,5.0,0.0,3.5,1.5,5.0,0,False,0.0,0.0,0.0,0.0,0.0,0.0,0.0
10,1659,b0833,5.0,0.0,4.0,1.0,5.0,0,False,0.0,0.0,0.0,0.0,0.0,0.0,0.0
10,1660,b0834,5.0,0.0,4.5,0.5,5.0,0,False,0.0,0.0,0.0,0.0,0.0,0.0,0.0
10,1661,b0835,5.0,0.0,5.0,0.0,5.0,0,False,0.0,0.0,0.0,0.0,0.0,0.0,0.0
10,1662,b0836,5.0,0.5,0.0,4.5,4.5,0,False,0.0,0.0,0.0,0.0,0.0,0.0,0.0
10,1663,b0837,5.0,0.5,0.5,4.0,4.5,0,True,0.0,0.0,0.0,0.0,0.0,0.0,0.0
10,1664,b0838,5.0,0.5,1.0,3.5,4.5,0,True,0.0,0.0,0.0,0.0,0.0,0.0,0.0
10,1665,b0839,5.0,0.5,1.5,3.0,4.5,0,True,0.0,0.0,0.0,0.0,0.0,0.0,0.0
10,1666,b0840,5.0,0.5,2.0,2.5,4.5,0,True,0.0,0.0,0.0,0.0,0.0,0.0,0.0
10,1667,b0841,5.0,0.5,2.5,2.0,4.5,0,True,0.0,0.0,0.0,0.0,0.0,0.0,0.0
10,1668,b0842,5.0,0.5,3.0,1.5,4.5,0,True,0.0,0.0,0.0,0.0,0.0,0.0,0.0
10,1669,b0843,5.0,0.5,3.5,1.0,4.5,0,True,0.0,0.0,0.0,0.0,0.0,0.0,0.0
10,1670,b0844,5.0,0.5,4.0,0.5,4.5,0,True,0.0,0.0,0.0,0.0,0.0,0.0,0.0
10,1671,b0845,5.0,0.5,4.5,0.0,4.5,0,False,0.0,0.0,0.0,0.0,0.0,0.0,0.0
10,1672,b0846,5.0,1.0,0.0,4.0,4.0,0,False,0.0,0.0,0.0,0.0,0.0,0.0,0.0
10,1673,b0847,5.0,1.0,0.5,3.5,4.0,0,True,0.0,0.0,0.0,0.0,0.0,0.0,0.0
10,1674,b0848,5.0,1.0,1.0,3.0,4.0,0,True,0.0,0.0,0.0,0.0,0.0,0.0,0.0
10,1675,b0849,5.0,1.0,1.5,2.5,4.0,0,True,0.0,0.0,0.0,0.0,0.0,0.0,0.0
10,1676,b0850,5.0,1.0,2.0,2.0,4.0,0,True,0.0,0.0,0.0,0.0,0.0,0.0,0.0
10,1677,b0851,5.0,1.0,2.5,1.5,4.0,0,True,0.0,0.0,0.0,0.0,0.0,0.0,0.0
10,1678,b0852,5.0,1.0,3.0,1.0,4.0,0,True,0.0,0.0,0.0,0.0,0.0,0.0,0.0
10,1679,b0853,5.0,1.0,3.5,0.5,4.0,0,True,0.0,0.0,0.0,0.0,0.0,0.0,0.0
10,1680,b0854,5.0,1.0,4.0,0.0,4.0,0,False,0.0,0.0,0.0,0.0,0.0,0.0,0.0
10,1681,b0855,5.0,1.5,0.0,3.5,3.5,0,False,0.0,0.0,0.0,0.0,0.0,0.0,0.0
10,1682,b0856,5.0,1.5,0.5,3.0,3.5,0,True,0.0,0.0,0.0,0.0,0.0,0.0,0.0
10,1683,b0857,5.0,1.5,1.0,2.5,3.5,0,True,0.0,0.0,0.0,0.0,0.0,0.0,0.0
10,1684,b0858,5.0,1.5,1.5,2.0,3.5,0,True,0.0,0.0,0.0,0.0,0.0,0.0,0.0
10,1685,b0859,5.0,1.5,2.0,1.5,3.5,0,True,0.0,0.0,0.0,0.0,0.0,0.0,0.0
10,1686,b0860,5.0,1.5,2.5,1.0,3.5,0,True,0.0,0.0,0.0,0.0,0.0,0.0,0.0
10,1687,b0861,5.0,1.5,3.0,0.5,3.5,0,True,0.0,0.0,0.0,0.0,0.0,0.0,0.0
10,1688,b0862,5.0,1.5,3.5,0.0,3.5,0,False,0.0,0.0,0.0,0.0,0.0,0.0,0.0
10,1689,b0863,5.0,2.0,0.0,3.0,3.0,0,False,0.0,0.0,0.0,0.0,0.0,0.0,0.0
10,1690,b0864,5.0,2.0,0.5,2.5,3.0,0,True,0.0,0.0,0.0,0.0,0.0,0.0,0.0
10,1691,b0865,5.0,2.0,1.0,2.0,3.0,0,True,0.0,0.0,0.0,0.0,0.0,0.0,0.0
10,1692,b0866,5.0,2.0,1.5,1.5,3.0,0,True,0.0,0.0,0.0,0.0,0.0,0.0,0.0
10,1693,b0867,5.0,2.0,2.0,1.0,3.0,0,True,0.0,0.0,0.0,0.0,0.0,0.0,0.0
10,1694,b0868,5.0,2.0,2.5,0.5,3.0,0,True,0.0,0.0,0.0,0.0,0.0,0.0,0.0
10,1695,b0869,5.0,2.0,3.0,0.0,3.0,0,False,0.0,0.0,0.0,0.0,0.0,0.0,0.0
10,1696,b0870,5.0,2.5,0.0,2.5,2.5,0,False,0.0,0.0,0.0,0.0,0.0,0.0,0.0
10,1697,b0871,5.0,2.5,0.5,2.0,2.5,0,True,0.0,0.0,0.0,0.0,0.0,0.0,0.0
10,1698,b0872,5.0,2.5,1.0,1.5,2.5,0,True,0.0,0.0,0.0,0.0,0.0,0.0,0.0
10,1699,b0873,5.0,2.5,1.5,1.0,2.5,0,True,0.0,0.0,0.0,0.0,0.0,0.0,0.0
10,1700,b0874,5.0,2.5,2.0,0.5,2.5,0,True,0.0,0.0,0.0,0.0,0.0,0.0,0.0
10,1701,b0875,5.0,2.5,2.5,0.0,2.5,0,False,0.0,0.0,0.0,0.0,0.0,0.0,0.0
10,1702,b0876,5.0,3.0,0.0,2.0,2.0,0,False,0.0,0.0,0.0,0.0,0.0,0.0,0.0
10,1703,b0877,5.0,3.0,0.5,1.5,2.0,0,True,0.0,0.0,0.0,0.0,0.0,0.0,0.0
10,1704,b0878,5.0,3.0,1.0,1.0,2.0,0,True,0.0,0.0,0.0,0.0,0.0,0.0,0.0
10,1705,b0879,5.0,3.0,1.5,0.5,2.0,0,True,0.0,0.0,0.0,0.0,0.0,0.0,0.0
10,1706,b0880,5.0,3.0,2.0,0.0,2.0,0,False,0.0,0.0,0.0,0.0,0.0,0.0,0.0
10,1707,b0881,5.0,3.5,0.0,1.5,1.5,0,False,0.0,0.0,0.0,0.0,0.0,0.0,0.0
10,1708,b0882,5.0,3.5,0.5,1.0,1.5,0,True,0.0,0.0,0.0,0.0,0.0,0.0,0.0
10,1709,b0883,5.0,3.5,1.0,0.5,1.5,0,True,0.0,0.0,0.0,0.0,0.0,0.0,0.0
10,1710,b0884,5.0,3.5,1.5,0.0,1.5,0,False,0.0,0.0,0.0,0.0,0.0,0.0,0.0
10,1711,b0885,5.0,4.0,0.0,1.0,1.0,0,False,0.0,0.0,0.0,0.0,0.0,0.0,0.0
10,1712,b0886,5.0,4.0,0.5,0.5,1.0,0,True,0.0,0.0,0.0,0.0,0.0,0.0,0.0
10,1713,b0887,5.0,4.0,1.0,0.0,1.0,0,False,0.0,0.0,0.0,0.0,0.0,0.0,0.0
10,1714,b0888,5.0,4.5,0.0,0.5,0.5,0,False,0.0,0.0,0.0,0.0,0.0,0.0,0.0
10,1715,b0889,5.0,4.5,0.5,0.0,0.5,0,False,0.0,0.0,0.0,0.0,0.0,0.0,0.0
10,1716,b0890,5.0,5.0,0.0,0.0,0.0,0,False,0.0,0.0,0.0,0.0,0.0,0.0,0.0
