K,state_index_at_K,block,j1,j2,j3,j4,k_pair,J_total,all_four_faces_active,q012_mean,rs_mean,rs_second_moment,rs_sd,al_mean,al_second_moment,al_sd
9,1,b0000,0.0,0.0,4.5,4.5,0.0,0,False,0.0,0.0,0.0,0.0,0.0,0.0,0.0
9,2,b0001,0.0,0.5,4.0,4.5,0.5,0,False,0.0,0.0,0.0,0.0,0.0,0.0,0.0
9,3,b0002,0.0,0.5,4.5,4.0,0.5,0,False,0.0,0.0,0.0,0.0,0.0,0.0,0.0
9,4,b0003,0.0,1.0,3.5,4.5,1.0,0,False,0.0,0.0,0.0,0.0,0.0,0.0,0.0
9,5,b0004,0.0,1.0,4.0,4.0,1.0,0,False,0.0,0.0,0.0,0.0,0.0,0.0,0.0
9,6,b0005,0.0,1.0,4.5,3.5,1.0,0,False,0.0,0.0,0.0,0.0,0.0,0.0,0.0
9,7,b0006,0.0,1.5,3.0,4.5,1.5,0,False,0.0,0.0,0.0,0.0,0.0,0.0,0.0
9,8,b0007,0.0,1.5,3.5,4.0,1.5,0,False,0.0,0.0,0.0,0.0,0.0,0.0,0.0
9,9,b0008,0.0,1.5,4.0,3.5,1.5,0,False,0.0,0.0,0.0,0.0,0.0,0.0,0.0
9,10,b0009,0.0,1.5,4.5,3.0,1.5,0,False,0.0,0.0,0.0,0.0,0.0,0.0,0.0
9,11,b0010,0.0,2.0,2.5,4.5,2.0,0,False,0.0,0.0,0.0,0.0,0.0,0.0,0.0
9,12,b0011,0.0,2.0,3.0,4.0,2.0,0,False,0.0,0.0,0.0,0.0,0.0,0.0,0.0
9,13,b0012,0.0,2.0,3.5,3.5,2.0,0,False,0.0,0.0,0.0,0.0,0.0,0.0,0.0
9,14,b0013,0.0,2.0,4.0,3.0,2.0,0,False,0.0,0.0,0.0,0.0,0.0,0.0,0.0
9,15,b0014,0.0,2.0,4.5,2.5,2.0,0,False,0.0,0.0,0.0,0.0,0.0,0.0,0.0
9,16,b0015,0.0,2.5,2.0,4.5,2.5,0,False,0.0,0.0,0.0,0.0,0.0,0.0,0.0
9,17,b0016,0.0,2.5,2.5,4.0,2.5,0,False,0.0,0.0,0.0,0.0,0.0,0.0,0.0
9,18,b0017,0.0,2.5,3.0,3.5,2.5,0,False,0.0,0.0,0.0,0.0,0.0,0.0,0.0
9,19,b0018,0.0,2.5,3.5,3.0,2.5,0,False,0.0,0.0,0.0,0.0,0.0,0.0,0.0
9,20,b0019,0.0,2.5,4.0,2.5,2.5,0,False,0.0,0.0,0.0,0.0,0.0,0.0,0.0
9,21,b0020,0.0,2.5,4.5,2.0,2.5,0,False,0.0,0.0,0.0,0.0,0.0,0.0,0.0
9,22,b0021,0.0,3.0,1.5,4.5,3.0,0,False,0.0,0.0,0.0,0.0,0.0,0.0,0.0
9,23,b0022,0.0,3.0,2.0,4.0,3.0,0,False,0.0,0.0,0.0,0.0,0.0,0.0,0.0
9,24,b0023,0.0,3.0,2.5,3.5,3.0,0,False,0.0,0.0,0.0,0.0,0.0,0.0,0.0
9,25,b0024,0.0,3.0,3.0,3.0,3.0,0,False,0.0,0.0,0.0,0.0,0.0,0.0,0.0
9,26,b0025,0.0,3.0,3.5,2.5,3.0,0,False,0.0,0.0,0.0,0.0,0.0,0.0,0.0
9,27,b0026,0.0,3.0,4.0,2.0,3.0,0,False,0.0,0.0,0.0,0.0,0.0,0.0,0.0
9,28,b0027,0.0,3.0,4.5,1.5,3.0,0,False,0.0,0.0,0.0,0.0,0.0,0.0,0.0
9,29,b0028,0.0,3.5,1.0,4.5,3.5,0,False,0.0,0.0,0.0,0.0,0.0,0.0,0.0
9,30,b0029,0.0,3.5,1.5,4.0,3.5,0,False,0.0,0.0,0.0,0.0,0.0,0.0,0.0
9,31,b0030,0.0,3.5,2.0,3.5,3.5,0,False,0.0,0.0,0.0,0.0,0.0,0.0,0.0
9,32,b0031,0.0,3.5,2.5,3.0,3.5,0,False,0.0,0.0,0.0,0.0,0.0,0.0,0.0
9,33,b0032,0.0,3.5,3.0,2.5,3.5,0,False,0.0,0.0,0.0,0.0,0.0,0.0,0.0
9,34,b0033,0.0,3.5,3.5,2.0,3.5,0,False,0.0,0.0,0.0,0.0,0.0,0.0,0.0
9,35,b0034,0.0,3.5,4.0,1.5,3.5,0,False,0.0,0.0,0.0,0.0,0.0,0.0,0.0
9,36,b0035,0.0,3.5,4.5,1.0,3.5,0,False,0.0,0.0,0.0,0.0,0.0,0.0,0.0
9,37,b0036,0.0,4.0,0.5,4.5,4.0,0,False,0.0,0.0,0.0,0.0,0.0,0.0,0.0
9,38,b0037,0.0,4.0,1.0,4.0,4.0,0,False,0.0,0.0,0.0,0.0,0.0,0.0,0.0
9,39,b0038,0.0,4.0,1.5,3.5,4.0,0,False,0.0,0.0,0.0,0.0,0.0,0.0,0.0
9,40,b0039,0.0,4.0,2.0,3.0,4.0,0,False,0.0,0.0,0.0,0.0,0.0,0.0,0.0
9,41,b0040,0.0,4.0,2.5,2.5,4.0,0,False,0.0,0.0,0.0,0.0,0.0,0.0,0.0
9,42,b0041,0.0,4.0,3.0,2.0,4.0,0,False,0.0,0.0,0.0,0.0,0.0,0.0,0.0
9,43,b0042,0.0,4.0,3.5,1.5,4.0,0,False,0.0,0.0,0.0,0.0,0.0,0.0,0.0
9,44,b0043,0.0,4.0,4.0,1.0,4.0,0,False,0.0,0.0,0.0,0.0,0.0,0.0,0.0
9,45,b0044,0.0,4.0,4.5,0.5,4.0,0,False,0.0,0.0,0.0,0.0,0.0,0.0,0.0
9,46,b0045,0.0,4.5,0.0,4.5,4.5,0,False,0.0,0.0,0.0,0.0,0.0,0.0,0.0
9,47,b0046,0.0,4.5,0.5,4.0,4.5,0,False,0.0,0.0,0.0,0.0,0.0,0.0,0.0
9,48,b0047,0.0,4.5,1.0,3.5,4.5,0,False,0.0,0.0,0.0,0.0,0.0,0.0,0.0
9,49,b0048,0.0,4.5,1.5,3.0,4.5,0,False,0.0,0.0,0.0,0.0,0.0,0.0,0.0
9,50,b0049,0.0,4.5,2.0,2.5,4.5,0,False,0.0,0.0,0.0,0.0,0.0,0.0,0.0
9,51,b0050,0.0,4.5,2.5,2.0,4.5,0,False,0.0,0.0,0.0,0.0,0.0,0.0,0.0
9,52,b0051,0.0,4.5,3.0,1.5,4.5,0,False,0.0,0.0,0.0,0.0,0.0,0.0,0.0
9,53,b0052,0.0,4.5,3.5,1.0,4.5,0,False,0.0,0.0,0.0,0.0,0.0,0.0,0.0
9,54,b0053,0.0,4.5,4.0,0.5,4.5,0,False,0.0,0.0,0.0,0.0,0.0,0.0,0.0
9,55,b0054,0.0,4.5,4.5,0.0,4.5,0,False,0.0,0.0,0.0,0.0,0.0,0.0,0.0
9,56,b0055,0.5,0.0,4.0,4.5,0.5,0,False,0.0,0.0,0.0,0.0,0.0,0.0,0.0
9,57,b0056,0.5,0.0,4.5,4.0,0.5,0,False,0.0,0.0,0.0,0.0,0.0,0.0,0.0
9,58,b0057,0.5,0.5,3.5,4.5,1.0,0,True,0.0,0.0,0.0,0.0,0.0,0.0,0.0
9,59,b0058,0.5,0.5,4.0,4.0,0.0,0,True,-0.0,0.6923057096053877,0.47928719555221944,0.0,0.3461528548026938,0.11982179888805482,0.0
9,60,b0058,0.5,0.5,4.0,4.0,1.0,0,True,0.0,0.6923057096053877,0.47928719555221944,0.0,0.3461528548026938,0.11982179888805482,0.0
9,61,b0059,0.5,0.5,4.5,3.5,1.0,0,True,0.0,0.0,0.0,0.0,0.0,0.0,0.0
9,62,b0060,0.5,1.0,3.0,4.5,1.5,0,True,0.0,0.0,0.0,0.0,0.0,0.0,0.0
9,63,b0061,0.5,1.0,3.5,4.0,0.5,0,True,0.0,0.7962646312654966,0.6340373630043773,0.0,0.39813231563274826,0.15850934075109427,0.0
9,64,b0061,0.5,1.0,3.5,4.0,1.5,0,True,-0.0,0.7962646312654966,0.6340373630043773,0.0,0.39813231563274826,0.15850934075109427,0.0
9,65,b0062,0.5,1.0,4.0,3.5,0.5,0,True,0.0,0.7962646312654966,0.6340373630043773,0.0,0.39813231563274826,0.15850934075109427,0.0
9,66,b0062,0.5,1.0,4.0,3.5,1.5,0,True,0.0,0.7962646312654966,0.6340373630043773,0.0,0.39813231563274826,0.15850934075109427,0.0
9,67,b0063,0.5,1.0,4.5,3.0,1.5,0,True,0.0,0.0,0.0,0.0,0.0,0.0,0.0
9,68,b0064,0.5,1.5,2.5,4.5,2.0,0,True,0.0,0.0,0.0,0.0,0.0,0.0,0.0
9,69,b0065,0.5,1.5,3.0,4.0,1.0,0,True,0.0,0.8478978672743147,0.7189307933283314,0.0,0.4239489336371573,0.1797326983320828,0.0
9,70,b0065,0.5,1.5,3.0,4.0,2.0,0,True,0.0,0.8478978672743147,0.7189307933283314,0.0,0.4239489336371573,0.1797326983320828,0.0
9,71,b0066,0.5,1.5,3.5,3.5,1.0,0,True,0.0,0.9111255534302862,0.8301497741136453,0.0,0.4555627767151431,0.20753744352841133,0.0
9,72,b0066,0.5,1.5,3.5,3.5,2.0,0,True,0.0,0.9111255534302862,0.8301497741136453,0.0,0.4555627767151431,0.20753744352841133,0.0
9,73,b0067,0.5,1.5,4.0,3.0,1.0,0,True,0.0,0.8478978672743147,0.7189307933283314,0.0,0.4239489336371573,0.1797326983320828,0.0
9,74,b0067,0.5,1.5,4.0,3.0,2.0,0,True,0.0,0.8478978672743147,0.7189307933283314,0.0,0.4239489336371573,0.1797326983320828,0.0
9,75,b0068,0.5,1.5,4.5,2.5,2.0,0,True,0.0,0.0,0.0,0.0,0.0,0.0,0.0
9,76,b0069,0.5,2.0,2.0,4.5,2.5,0,True,0.0,0.0,0.0,0.0,0.0,0.0,0.0
9,77,b0070,0.5,2.0,2.5,4.0,1.5,0,True,0.0,0.8705283428181823,0.7578195956497706,0.0,0.4352641714090912,0.18945489891244272,0.0
9,78,b0070,0.5,2.0,2.5,4.0,2.5,0,True,0.0,0.8705283428181823,0.7578195956497706,0.0,0.4352641714090912,0.18945489891244272,0.0
9,79,b0071,0.5,2.0,3.0,3.5,1.5,0,True,-0.0,0.9633979775835646,0.9281356632121024,0.0,0.4816989887917823,0.2320339158030256,0.0
9,80,b0071,0.5,2.0,3.0,3.5,2.5,0,True,0.0,0.9633979775835646,0.9281356632121024,0.0,0.4816989887917823,0.2320339158030256,0.0
9,81,b0072,0.5,2.0,3.5,3.0,1.5,0,True,0.0,0.9633979775835646,0.9281356632121024,0.0,0.4816989887917823,0.2320339158030256,0.0
9,82,b0072,0.5,2.0,3.5,3.0,2.5,0,True,0.0,0.9633979775835646,0.9281356632121024,0.0,0.4816989887917823,0.2320339158030256,0.0
9,83,b0073,0.5,2.0,4.0,2.5,1.5,0,True,0.0,0.870528342818182,0.7578195956497703,0.0,0.43526417140909107,0.1894548989124426,0.0
9,84,b0073,0.5,2.0,4.0,2.5,2.5,0,True,0.0,0.870528342818182,0.7578195956497703,0.0,0.43526417140909107,0.1894548989124426,0.0
9,85,b0074,0.5,2.0,4.5,2.0,2.5,0,True,0.0,0.0,0.0,0.0,0.0,0.0,0.0
9,86,b0075,0.5,2.5,1.5,4.5,3.0,0,True,0.0,0.0,0.0,0.0,0.0,0.0,0.0
9,87,b0076,0.5,2.5,2.0,4.0,2.0,0,True,0.0,0.8705283428181817,0.7578195956497696,0.0,0.43526417140909085,0.1894548989124424,0.0
9,88,b0076,0.5,2.5,2.0,4.0,3.0,0,True,0.0,0.8705283428181817,0.7578195956497696,0.0,0.43526417140909085,0.1894548989124424,0.0
9,89,b0077,0.5,2.5,2.5,3.5,2.0,0,True,0.0,0.9790681238322699,0.9585743911044411,0.0,0.48953406191613485,0.23964359777611016,0.0
9,90,b0077,0.5,2.5,2.5,3.5,3.0,0,True,0.0,0.9790681238322699,0.9585743911044411,0.0,0.48953406191613485,0.23964359777611016,0.0
9,91,b0078,0.5,2.5,3.0,3.0,2.0,0,True,0.0,1.0083261765582476,1.0167216783325743,0.0,0.5041630882791238,0.2541804195831436,0.0
9,92,b0078,0.5,2.5,3.0,3.0,3.0,0,True,0.0,1.0083261765582476,1.0167216783325743,0.0,0.5041630882791238,0.2541804195831436,0.0
9,93,b0079,0.5,2.5,3.5,2.5,2.0,0,True,0.0,0.9790681238322697,0.9585743911044406,0.0,0.48953406191613485,0.23964359777611016,0.0
9,94,b0079,0.5,2.5,3.5,2.5,3.0,0,True,0.0,0.9790681238322697,0.9585743911044406,0.0,0.48953406191613485,0.23964359777611016,0.0
9,95,b0080,0.5,2.5,4.0,2.0,2.0,0,True,0.0,0.8705283428181817,0.7578195956497696,0.0,0.43526417140909085,0.1894548989124424,0.0
9,96,b0080,0.5,2.5,4.0,2.0,3.0,0,True,0.0,0.8705283428181817,0.7578195956497696,0.0,0.43526417140909085,0.1894548989124424,0.0
9,97,b0081,0.5,2.5,4.5,1.5,3.0,0,True,0.0,0.0,0.0,0.0,0.0,0.0,0.0
9,98,b0082,0.5,3.0,1.0,4.5,3.5,0,True,0.0,0.0,0.0,0.0,0.0,0.0,0.0
9,99,b0083,0.5,3.0,1.5,4.0,2.5,0,True,0.0,0.8478978672743142,0.7189307933283304,0.0,0.42394893363715713,0.17973269833208266,0.0
9,100,b0083,0.5,3.0,1.5,4.0,3.5,0,True,0.0,0.8478978672743142,0.7189307933283304,0.0,0.42394893363715713,0.17973269833208266,0.0
9,101,b0084,0.5,3.0,2.0,3.5,2.5,0,True,0.0,0.9633979775835652,0.9281356632121035,0.0,0.4816989887917826,0.23203391580302588,0.0
9,102,b0084,0.5,3.0,2.0,3.5,3.5,0,True,-0.0,0.9633979775835652,0.9281356632121035,0.0,0.4816989887917826,0.23203391580302588,0.0
9,103,b0085,0.5,3.0,2.5,3.0,2.5,0,True,0.0,1.0083261765582474,1.0167216783325739,0.0,0.5041630882791237,0.25418041958314347,0.0
9,104,b0085,0.5,3.0,2.5,3.0,3.5,0,True,0.0,1.0083261765582474,1.0167216783325739,0.0,0.5041630882791237,0.25418041958314347,0.0
9,105,b0086,0.5,3.0,3.0,2.5,2.5,0,True,0.0,1.0083261765582474,1.0167216783325739,0.0,0.5041630882791237,0.25418041958314347,0.0
9,106,b0086,0.5,3.0,3.0,2.5,3.5,0,True,0.0,1.0083261765582474,1.0167216783325739,0.0,0.5041630882791237,0.25418041958314347,0.0
9,107,b0087,0.5,3.0,3.5,2.0,2.5,0,True,0.0,0.9633979775835652,0.9281356632121035,0.0,0.4816989887917826,0.23203391580302588,0.0
9,108,b0087,0.5,3.0,3.5,2.0,3.5,0,True,0.0,0.9633979775835652,0.9281356632121035,0.0,0.4816989887917826,0.23203391580302588,0.0
9,109,b0088,0.5,3.0,4.0,1.5,2.5,0,True,0.0,0.8478978672743142,0.7189307933283304,0.0,0.42394893363715713,0.17973269833208266,0.0
9,110,b0088,0.5,3.0,4.0,1.5,3.5,0,True,0.0,0.8478978672743142,0.7189307933283304,0.0,0.42394893363715713,0.17973269833208266,0.0
9,111,b0089,0.5,3.0,4.5,1.0,3.5,0,True,0.0,0.0,0.0,0.0,0.0,0.0,0.0
9,112,b0090,0.5,3.5,0.5,4.5,4.0,0,True,0.0,0.0,0.0,0.0,0.0,0.0,0.0
9,113,b0091,0.5,3.5,1.0,4.0,3.0,0,True,0.0,0.7962646312654976,0.6340373630043789,0.0,0.3981323156327488,0.1585093407510947,0.0
9,114,b0091,0.5,3.5,1.0,4.0,4.0,0,True,0.0,0.7962646312654976,0.6340373630043789,0.0,0.3981323156327488,0.1585093407510947,0.0
9,115,b0092,0.5,3.5,1.5,3.5,3.0,0,True,-0.0,0.9111255534302865,0.8301497741136458,0.0,0.4555627767151432,0.20753744352841144,0.0
9,116,b0092,0.5,3.5,1.5,3.5,4.0,0,True,0.0,0.9111255534302865,0.8301497741136458,0.0,0.4555627767151432,0.20753744352841144,0.0
9,117,b0093,0.5,3.5,2.0,3.0,3.0,0,True,0.0,0.9633979775835652,0.9281356632121035,0.0,0.4816989887917826,0.23203391580302588,0.0
9,118,b0093,0.5,3.5,2.0,3.0,4.0,0,True,0.0,0.9633979775835652,0.9281356632121035,0.0,0.4816989887917826,0.23203391580302588,0.0
9,119,b0094,0.5,3.5,2.5,2.5,3.0,0,True,0.0,0.9790681238322697,0.9585743911044406,0.0,0.48953406191613485,0.23964359777611016,0.0
9,120,b0094,0.5,3.5,2.5,2.5,4.0,0,True,0.0,0.9790681238322697,0.9585743911044406,0.0,0.48953406191613485,0.23964359777611016,0.0
9,121,b0095,0.5,3.5,3.0,2.0,3.0,0,True,0.0,0.9633979775835652,0.9281356632121035,0.0,0.4816989887917826,0.23203391580302588,0.0
9,122,b0095,0.5,3.5,3.0,2.0,4.0,0,True,0.0,0.9633979775835652,0.9281356632121035,0.0,0.4816989887917826,0.23203391580302588,0.0
9,123,b0096,0.5,3.5,3.5,1.5,3.0,0,True,0.0,0.9111255534302865,0.8301497741136458,0.0,0.4555627767151432,0.20753744352841144,0.0
9,124,b0096,0.5,3.5,3.5,1.5,4.0,0,True,0.0,0.9111255534302865,0.8301497741136458,0.0,0.4555627767151432,0.20753744352841144,0.0
9,125,b0097,0.5,3.5,4.0,1.0,3.0,0,True,0.0,0.7962646312654974,0.6340373630043785,0.0,0.39813231563274865,0.1585093407510946,0.0
9,126,b0097,0.5,3.5,4.0,1.0,4.0,0,True,0.0,0.7962646312654974,0.6340373630043785,0.0,0.39813231563274865,0.1585093407510946,0.0
9,127,b0098,0.5,3.5,4.5,0.5,4.0,0,True,0.0,0.0,0.0,0.0,0.0,0.0,0.0
9,128,b0099,0.5,4.0,0.0,4.5,4.5,0,False,0.0,0.0,0.0,0.0,0.0,0.0,0.0
9,129,b0100,0.5,4.0,0.5,4.0,3.5,0,True,0.0,0.6923057096053883,0.4792871955522202,0.0,0.34615285480269414,0.11982179888805505,0.0
9,130,b0100,0.5,4.0,0.5,4.0,4.5,0,True,0.0,0.6923057096053883,0.4792871955522202,0.0,0.34615285480269414,0.11982179888805505,0.0
9,131,b0101,0.5,4.0,1.0,3.5,3.5,0,True,0.0,0.7962646312654975,0.6340373630043787,0.0,0.39813231563274876,0.15850934075109469,0.0
9,132,b0101,0.5,4.0,1.0,3.5,4.5,0,True,0.0,0.7962646312654975,0.6340373630043787,0.0,0.39813231563274876,0.15850934075109469,0.0
9,133,b0102,0.5,4.0,1.5,3.0,3.5,0,True,0.0,0.8478978672743143,0.7189307933283307,0.0,0.42394893363715713,0.17973269833208266,0.0
9,134,b0102,0.5,4.0,1.5,3.0,4.5,0,True,0.0,0.8478978672743143,0.7189307933283307,0.0,0.42394893363715713,0.17973269833208266,0.0
9,135,b0103,0.5,4.0,2.0,2.5,3.5,0,True,0.0,0.8705283428181817,0.7578195956497696,0.0,0.4352641714090908,0.18945489891244238,0.0
9,136,b0103,0.5,4.0,2.0,2.5,4.5,0,True,0.0,0.8705283428181817,0.7578195956497696,0.0,0.4352641714090908,0.18945489891244238,0.0
9,137,b0104,0.5,4.0,2.5,2.0,3.5,0,True,0.0,0.8705283428181817,0.7578195956497696,0.0,0.43526417140909085,0.1894548989124424,0.0
9,138,b0104,0.5,4.0,2.5,2.0,4.5,0,True,0.0,0.8705283428181817,0.7578195956497696,0.0,0.43526417140909085,0.1894548989124424,0.0
9,139,b0105,0.5,4.0,3.0,1.5,3.5,0,True,0.0,0.847897867274314,0.7189307933283303,0.0,0.423948933637157,0.17973269833208258,0.0
9,140,b0105,0.5,4.0,3.0,1.5,4.5,0,True,0.0,0.847897867274314,0.7189307933283303,0.0,0.423948933637157,0.17973269833208258,0.0
9,141,b0106,0.5,4.0,3.5,1.0,3.5,0,True,0.0,0.7962646312654974,0.6340373630043785,0.0,0.39813231563274876,0.15850934075109469,0.0
9,142,b0106,0.5,4.0,3.5,1.0,4.5,0,True,0.0,0.7962646312654974,0.6340373630043785,0.0,0.39813231563274876,0.15850934075109469,0.0
9,143,b0107,0.5,4.0,4.0,0.5,3.5,0,True,0.0,0.6923057096053883,0.4792871955522202,0.0,0.34615285480269414,0.11982179888805505,0.0
9,144,b0107,0.5,4.0,4.0,0.5,4.5,0,True,0.0,0.6923057096053883,0.4792871955522202,0.0,0.34615285480269414,0.11982179888805505,0.0
9,145,b0108,0.5,4.0,4.5,0.0,4.5,0,False,0.0,0.0,0.0,0.0,0.0,0.0,0.0
9,146,b0109,0.5,4.5,0.0,4.0,4.0,0,False,0.0,0.0,0.0,0.0,0.0,0.0,0.0
9,147,b0110,0.5,4.5,0.5,3.5,4.0,0,True,0.0,0.0,0.0,0.0,0.0,0.0,0.0
9,148,b0111,0.5,4.5,1.0,3.0,4.0,0,True,0.0,0.0,0.0,0.0,0.0,0.0,0.0
9,149,b0112,0.5,4.5,1.5,2.5,4.0,0,True,0.0,0.0,0.0,0.0,0.0,0.0,0.0
9,150,b0113,0.5,4.5,2.0,2.0,4.0,0,True,0.0,0.0,0.0,0.0,0.0,0.0,0.0
9,151,b0114,0.5,4.5,2.5,1.5,4.0,0,True,0.0,0.0,0.0,0.0,0.0,0.0,0.0
9,152,b0115,0.5,4.5,3.0,1.0,4.0,0,True,0.0,0.0,0.0,0.0,0.0,0.0,0.0
9,153,b0116,0.5,4.5,3.5,0.5,4.0,0,True,0.0,0.0,0.0,0.0,0.0,0.0,0.0
9,154,b0117,0.5,4.5,4.0,0.0,4.0,0,False,0.0,0.0,0.0,0.0,0.0,0.0,0.0
9,155,b0118,1.0,0.0,3.5,4.5,1.0,0,False,0.0,0.0,0.0,0.0,0.0,0.0,0.0
9,156,b0119,1.0,0.0,4.0,4.0,1.0,0,False,0.0,0.0,0.0,0.0,0.0,0.0,0.0
9,157,b0120,1.0,0.0,4.5,3.5,1.0,0,False,0.0,0.0,0.0,0.0,0.0,0.0,0.0
9,158,b0121,1.0,0.5,3.0,4.5,1.5,0,True,0.0,0.0,0.0,0.0,0.0,0.0,0.0
9,159,b0122,1.0,0.5,3.5,4.0,0.5,0,True,0.0,0.7962646312654965,0.6340373630043771,0.0,0.39813231563274826,0.15850934075109427,0.0
9,160,b0122,1.0,0.5,3.5,4.0,1.5,0,True,0.0,0.7962646312654965,0.6340373630043771,0.0,0.39813231563274826,0.15850934075109427,0.0
9,161,b0123,1.0,0.5,4.0,3.5,0.5,0,True,0.0,0.7962646312654966,0.6340373630043773,0.0,0.39813231563274826,0.15850934075109427,0.0
9,162,b0123,1.0,0.5,4.0,3.5,1.5,0,True,0.0,0.7962646312654966,0.6340373630043773,0.0,0.39813231563274826,0.15850934075109427,0.0
9,163,b0124,1.0,0.5,4.5,3.0,1.5,0,True,0.0,0.0,0.0,0.0,0.0,0.0,0.0
9,164,b0125,1.0,1.0,2.5,4.5,2.0,0,True,0.0,0.0,0.0,0.0,0.0,0.0,0.0
9,165,b0126,1.0,1.0,3.0,4.0,1.0,0,True,0.0,0.911125553430287,0.8301497741136468,0.0,0.45556277671514356,0.20753744352841175,0.0
9,166,b0126,1.0,1.0,3.0,4.0,2.0,0,True,0.0,0.911125553430287,0.8301497741136468,0.0,0.45556277671514356,0.20753744352841175,0.0
9,167,b0127,1.0,1.0,3.5,3.5,0.0,0,True,-0.0,0.37455865066940097,0.4075211976318214,0.5169400495613965,0.1872793253347004,0.1018802994079552,0.258470024780698
9,168,b0127,1.0,1.0,3.5,3.5,1.0,0,True,0.0,1.0880036995635014,1.1837520502638659,0.0,0.5440018497817505,0.2959380125659662,0.0
9,169,b0127,1.0,1.0,3.5,3.5,2.0,0,True,0.0,0.7134450488941004,0.7762308526320444,0.5169400495613965,0.3567225244470498,0.1940577131580107,0.258470024780698
9,170,b0128,1.0,1.0,4.0,3.0,1.0,0,True,0.0,0.911125553430287,0.8301497741136468,0.0,0.45556277671514356,0.20753744352841175,0.0
9,171,b0128,1.0,1.0,4.0,3.0,2.0,0,True,0.0,0.911125553430287,0.8301497741136468,0.0,0.45556277671514356,0.20753744352841175,0.0
9,172,b0129,1.0,1.0,4.5,2.5,2.0,0,True,0.0,0.0,0.0,0.0,0.0,0.0,0.0
9,173,b0130,1.0,1.5,2.0,4.5,2.5,0,True,0.0,0.0,0.0,0.0,0.0,0.0,0.0
9,174,b0131,1.0,1.5,2.5,4.0,1.5,0,True,0.0,0.9633979775835656,0.9281356632121044,0.0,0.4816989887917828,0.2320339158030261,0.0
9,175,b0131,1.0,1.5,2.5,4.0,2.5,0,True,0.0,0.9633979775835656,0.9281356632121044,0.0,0.4816989887917828,0.2320339158030261,0.0
9,176,b0132,1.0,1.5,3.0,3.5,0.5,0,True,0.0,0.4496657487774608,0.5391980949962498,0.5805159854583295,0.22483287438873029,0.13479952374906234,0.2902579927291646
9,177,b0132,1.0,1.5,3.0,3.5,1.5,0,True,-0.0,1.1991086634065573,1.4378615866566604,0.0,0.5995543317032787,0.3594653966641651,0.0
9,178,b0132,1.0,1.5,3.0,3.5,2.5,0,True,0.0,0.7494429146290965,0.8986634916604106,0.5805159854583295,0.3747214573145481,0.22466587291510245,0.2902579927291646
9,179,b0133,1.0,1.5,3.5,3.0,0.5,0,True,0.0,0.44966574877746074,0.5391980949962496,0.5805159854583293,0.22483287438873023,0.13479952374906226,0.2902579927291645
9,180,b0133,1.0,1.5,3.5,3.0,1.5,0,True,0.0,1.199108663406557,1.4378615866566598,0.0,0.5995543317032785,0.35946539666416494,0.0
9,181,b0133,1.0,1.5,3.5,3.0,2.5,0,True,0.0,0.7494429146290963,0.89866349166041,0.5805159854583293,0.37472145731454815,0.22466587291510245,0.2902579927291645
9,182,b0134,1.0,1.5,4.0,2.5,1.5,0,True,0.0,0.9633979775835654,0.928135663212104,0.0,0.4816989887917828,0.2320339158030261,0.0
9,183,b0134,1.0,1.5,4.0,2.5,2.5,0,True,0.0,0.9633979775835654,0.928135663212104,0.0,0.4816989887917828,0.2320339158030261,0.0
9,184,b0135,1.0,1.5,4.5,2.0,2.5,0,True,0.0,0.0,0.0,0.0,0.0,0.0,0.0
9,185,b0136,1.0,2.0,1.5,4.5,3.0,0,True,0.0,0.0,0.0,0.0,0.0,0.0,0.0
9,186,b0137,1.0,2.0,2.0,4.0,2.0,0,True,0.0,0.9790681238322699,0.9585743911044411,0.0,0.48953406191613497,0.23964359777611027,0.0
9,187,b0137,1.0,2.0,2.0,4.0,3.0,0,True,0.0,0.9790681238322699,0.9585743911044411,0.0,0.48953406191613497,0.23964359777611027,0.0
9,188,b0138,1.0,2.0,2.5,3.5,1.0,0,True,0.0,0.48240935230552695,0.6004719220628905,0.6064265321298635,0.2412046761527634,0.15011798051572256,0.30321326606493176
9,189,b0138,1.0,2.0,2.5,3.5,2.0,0,True,-0.0,1.2447352423685816,1.5493658235943715,0.0,0.6223676211842907,0.38734145589859276,0.0
9,190,b0138,1.0,2.0,2.5,3.5,3.0,0,True,0.0,0.7623258900630545,0.9488939015314807,0.6064265321298635,0.3811629450315273,0.2372234753828702,0.3032132660649317
9,191,b0139,1.0,2.0,3.0,3.0,1.0,0,True,0.0,0.5590025182427854,0.7291289026041434,0.6454805087703019,0.27950125912139256,0.18228222565103575,0.3227402543851509
9,192,b0139,1.0,2.0,3.0,3.0,2.0,0,True,0.0,1.3043392092331667,1.7013007727430027,0.0,0.652169604616583,0.42532519318575024,0.0
9,193,b0139,1.0,2.0,3.0,3.0,3.0,0,True,0.0,0.7453366909903814,0.9721718701388591,0.6454805087703019,0.37266834549519057,0.24304296753471466,0.3227402543851509
9,194,b0140,1.0,2.0,3.5,2.5,1.0,0,True,0.0,0.48240935230552695,0.6004719220628905,0.6064265321298635,0.24120467615276353,0.1501179805157227,0.3032132660649319
9,195,b0140,1.0,2.0,3.5,2.5,2.0,0,True,0.0,1.2447352423685811,1.5493658235943704,0.0,0.622367621184291,0.38734145589859315,0.0
9,196,b0140,1.0,2.0,3.5,2.5,3.0,0,True,0.0,0.7623258900630543,0.9488939015314803,0.6064265321298635,0.3811629450315273,0.23722347538287028,0.3032132660649319
9,197,b0141,1.0,2.0,4.0,2.0,2.0,0,True,0.0,0.9790681238322699,0.9585743911044411,0.0,0.48953406191613497,0.23964359777611027,0.0
9,198,b0141,1.0,2.0,4.0,2.0,3.0,0,True,0.0,0.9790681238322699,0.9585743911044411,0.0,0.48953406191613497,0.23964359777611027,0.0
9,199,b0142,1.0,2.0,4.5,1.5,3.0,0,True,0.0,0.0,0.0,0.0,0.0,0.0,0.0
9,200,b0143,1.0,2.5,1.0,4.5,3.5,0,True,0.0,0.0,0.0,0.0,0.0,0.0,0.0
9,201,b0144,1.0,2.5,1.5,4.0,2.5,0,True,0.0,0.9633979775835652,0.9281356632121035,0.0,0.4816989887917826,0.23203391580302588,0.0
9,202,b0144,1.0,2.5,1.5,4.0,3.5,0,True,0.0,0.9633979775835652,0.9281356632121035,0.0,0.4816989887917826,0.23203391580302588,0.0
9,203,b0145,1.0,2.5,2.0,3.5,1.5,0,True,0.0,0.5002763653538806,0.6227116228800358,0.6102746768040981,0.25013818267694043,0.155677905720009,0.30513733840204904
9,204,b0145,1.0,2.5,2.0,3.5,2.5,0,True,-0.0,1.244735242368582,1.5493658235943726,0.0,0.6223676211842909,0.38734145589859303,0.0
9,205,b0145,1.0,2.5,2.0,3.5,3.5,0,True,0.0,0.7444588770147011,0.9266542007143364,0.6102746768040981,0.37222943850735046,0.231663550178584,0.30513733840204904
9,206,b0146,1.0,2.5,2.5,3.0,1.5,0,True,0.0,0.609156872118249,0.8128245887166139,0.6646446372820028,0.3045784360591244,0.20320614717915336,0.33232231864100137
9,207,b0146,1.0,2.5,2.5,3.0,2.5,0,True,0.0,1.3343436246399751,1.7804729086173468,0.0,0.6671718123199873,0.4451182271543364,0.0
9,208,b0146,1.0,2.5,2.5,3.0,3.5,0,True,0.0,0.7251867525217258,0.967648319900732,0.6646446372820028,0.36259337626086285,0.2419120799751829,0.33232231864100137
9,209,b0147,1.0,2.5,3.0,2.5,1.5,0,True,0.0,0.6091568721182489,0.8128245887166136,0.6646446372820027,0.3045784360591244,0.20320614717915345,0.3323223186410015
9,210,b0147,1.0,2.5,3.0,2.5,2.5,0,True,0.0,1.3343436246399751,1.7804729086173468,0.0,0.6671718123199877,0.44511822715433685,0.0
9,211,b0147,1.0,2.5,3.0,2.5,3.5,0,True,0.0,0.7251867525217257,0.9676483199007316,0.6646446372820027,0.36259337626086313,0.2419120799751832,0.3323223186410015
9,212,b0148,1.0,2.5,3.5,2.0,1.5,0,True,0.0,0.5002763653538808,0.622711622880036,0.6102746768040982,0.25013818267694043,0.155677905720009,0.30513733840204904
9,213,b0148,1.0,2.5,3.5,2.0,2.5,0,True,0.0,1.2447352423685822,1.5493658235943732,0.0,0.6223676211842909,0.38734145589859303,0.0
9,214,b0148,1.0,2.5,3.5,2.0,3.5,0,True,-0.0,0.7444588770147011,0.9266542007143365,0.6102746768040982,0.37222943850735046,0.231663550178584,0.30513733840204904
9,215,b0149,1.0,2.5,4.0,1.5,2.5,0,True,0.0,0.9633979775835652,0.9281356632121035,0.0,0.4816989887917826,0.23203391580302588,0.0
9,216,b0149,1.0,2.5,4.0,1.5,3.5,0,True,0.0,0.9633979775835652,0.9281356632121035,0.0,0.4816989887917826,0.23203391580302588,0.0
9,217,b0150,1.0,2.5,4.5,1.0,3.5,0,True,0.0,0.0,0.0,0.0,0.0,0.0,0.0
9,218,b0151,1.0,3.0,0.5,4.5,4.0,0,True,0.0,0.0,0.0,0.0,0.0,0.0,0.0
9,219,b0152,1.0,3.0,1.0,4.0,3.0,0,True,0.0,0.9111255534302862,0.8301497741136453,0.0,0.4555627767151431,0.20753744352841133,0.0
9,220,b0152,1.0,3.0,1.0,4.0,4.0,0,True,0.0,0.9111255534302862,0.8301497741136453,0.0,0.4555627767151431,0.20753744352841133,0.0
9,221,b0153,1.0,3.0,1.5,3.5,2.0,0,True,0.0,0.5139037128885245,0.6162263942814263,0.593404893947476,0.2569518564442621,0.15405659857035645,0.29670244697373793
9,222,b0153,1.0,3.0,1.5,3.5,3.0,0,True,0.0,1.199108663406558,1.437861586656662,0.0,0.5995543317032791,0.3594653966641656,0.0
9,223,b0153,1.0,3.0,1.5,3.5,4.0,0,True,0.0,0.6852049505180333,0.8216351923752356,0.5934048939474759,0.3426024752590169,0.20540879809380905,0.29670244697373793
9,224,b0154,1.0,3.0,2.0,3.0,2.0,0,True,0.0,0.638860020848897,0.8332901744047342,0.6520337783931758,0.3194300104244483,0.2083225436011833,0.3260168891965877
9,225,b0154,1.0,3.0,2.0,3.0,3.0,0,True,0.0,1.304339209233166,1.701300772743001,0.0,0.6521696046165826,0.42532519318574963,0.0
9,226,b0154,1.0,3.0,2.0,3.0,4.0,0,True,0.0,0.6654791883842689,0.8680105983382662,0.6520337783931757,0.3327395941921344,0.21700264958456644,0.3260168891965877
9,227,b0155,1.0,3.0,2.5,2.5,2.0,0,True,0.0,0.6713157366201115,0.8957658732795344,0.6671589428657398,0.33565786831005573,0.22394146831988365,0.33357947143287003
9,228,b0155,1.0,3.0,2.5,2.5,3.0,0,True,0.0,1.3343436246399751,1.7804729086173468,0.0,0.6671718123199876,0.4451182271543367,0.0
9,229,b0155,1.0,3.0,2.5,2.5,4.0,0,True,0.0,0.6630278880198638,0.8847070353378126,0.6671589428657398,0.331513944009932,0.22117675883445329,0.33357947143287003
9,230,b0156,1.0,3.0,3.0,2.0,2.0,0,True,0.0,0.6388600208488969,0.833290174404734,0.6520337783931757,0.3194300104244483,0.2083225436011833,0.3260168891965877
9,231,b0156,1.0,3.0,3.0,2.0,3.0,0,True,0.0,1.304339209233166,1.701300772743001,0.0,0.6521696046165826,0.42532519318574963,0.0
9,232,b0156,1.0,3.0,3.0,2.0,4.0,0,True,0.0,0.6654791883842689,0.8680105983382662,0.6520337783931757,0.3327395941921344,0.21700264958456644,0.3260168891965877
9,233,b0157,1.0,3.0,3.5,1.5,2.0,0,True,0.0,0.5139037128885244,0.6162263942814261,0.5934048939474759,0.2569518564442623,0.15405659857035664,0.29670244697373804
9,234,b0157,1.0,3.0,3.5,1.5,3.0,0,True,0.0,1.1991086634065582,1.4378615866566624,0.0,0.5995543317032791,0.3594653966641656,0.0
9,235,b0157,1.0,3.0,3.5,1.5,4.0,0,True,0.0,0.6852049505180334,0.8216351923752357,0.5934048939474759,0.34260247525901677,0.20540879809380905,0.2967024469737381
9,236,b0158,1.0,3.0,4.0,1.0,3.0,0,True,0.0,0.9111255534302863,0.8301497741136455,0.0,0.4555627767151431,0.20753744352841133,0.0
9,237,b0158,1.0,3.0,4.0,1.0,4.0,0,True,0.0,0.9111255534302863,0.8301497741136455,0.0,0.4555627767151431,0.20753744352841133,0.0
9,238,b0159,1.0,3.0,4.5,0.5,4.0,0,True,0.0,0.0,0.0,0.0,0.0,0.0,0.0
9,239,b0160,1.0,3.5,0.0,4.5,4.5,0,False,0.0,0.0,0.0,0.0,0.0,0.0,0.0
9,240,b0161,1.0,3.5,0.5,4.0,3.5,0,True,0.0,0.7962646312654975,0.6340373630043787,0.0,0.3981323156327488,0.1585093407510947,0.0
9,241,b0161,1.0,3.5,0.5,4.0,4.5,0,True,0.0,0.7962646312654975,0.6340373630043787,0.0,0.3981323156327488,0.1585093407510947,0.0
9,242,b0162,1.0,3.5,1.0,3.5,2.5,0,True,0.0,0.5417723340039565,0.5894503037174575,0.5439972810826934,0.2708861670019785,0.14736257592936458,0.2719986405413468
9,243,b0162,1.0,3.5,1.0,3.5,3.5,0,True,-0.0,1.0880036995635012,1.1837520502638654,0.0,0.5440018497817507,0.29593801256596647,0.0
9,244,b0162,1.0,3.5,1.0,3.5,4.5,0,True,0.0,0.5462313655595448,0.594301746546408,0.5439972810826934,0.2731156827797724,0.14857543663660205,0.2719986405413468
9,245,b0163,1.0,3.5,1.5,3.0,2.5,0,True,-0.0,0.6744986231661892,0.8087971424943731,0.5948518721844019,0.3372493115830946,0.2021992856235933,0.297425936092201
9,246,b0163,1.0,3.5,1.5,3.0,3.5,0,True,0.0,1.199108663406558,1.437861586656662,0.0,0.599554331703279,0.3594653966641655,0.0
9,247,b0163,1.0,3.5,1.5,3.0,4.5,0,True,0.0,0.5246100402403691,0.6290644441622897,0.5948518721844019,0.26230502012018453,0.15726611104057248,0.2974259360922011
9,248,b0164,1.0,3.5,2.0,2.5,2.5,0,True,0.0,0.7236140284582906,0.9007078830943362,0.6140770480263047,0.36180701422914546,0.22517697077358423,0.3070385240131524
9,249,b0164,1.0,3.5,2.0,2.5,3.5,0,True,0.0,1.2447352423685816,1.5493658235943715,0.0,0.6223676211842911,0.3873414558985933,0.0
9,250,b0164,1.0,3.5,2.0,2.5,4.5,0,True,0.0,0.5211212139102913,0.6486579405000361,0.6140770480263047,0.2605606069551457,0.1621644851250091,0.30703852401315246
9,251,b0165,1.0,3.5,2.5,2.0,2.5,0,True,0.0,0.7236140284582906,0.9007078830943362,0.6140770480263047,0.3618070142291454,0.22517697077358415,0.30703852401315235
9,252,b0165,1.0,3.5,2.5,2.0,3.5,0,True,0.0,1.2447352423685816,1.5493658235943715,0.0,0.6223676211842906,0.3873414558985926,0.0
9,253,b0165,1.0,3.5,2.5,2.0,4.5,0,True,0.0,0.5211212139102913,0.6486579405000361,0.6140770480263047,0.2605606069551455,0.16216448512500894,0.30703852401315235
9,254,b0166,1.0,3.5,3.0,1.5,2.5,0,True,0.0,0.6744986231661891,0.808797142494373,0.5948518721844019,0.3372493115830942,0.20219928562359285,0.2974259360922008
9,255,b0166,1.0,3.5,3.0,1.5,3.5,0,True,0.0,1.199108663406558,1.437861586656662,0.0,0.5995543317032788,0.3594653966641652,0.0
9,256,b0166,1.0,3.5,3.0,1.5,4.5,0,True,0.0,0.5246100402403691,0.6290644441622897,0.5948518721844019,0.26230502012018453,0.15726611104057234,0.2974259360922008
9,257,b0167,1.0,3.5,3.5,1.0,2.5,0,True,0.0,0.5417723340039564,0.5894503037174573,0.5439972810826933,0.2708861670019785,0.14736257592936458,0.2719986405413468
9,258,b0167,1.0,3.5,3.5,1.0,3.5,0,True,0.0,1.0880036995635012,1.1837520502638654,0.0,0.5440018497817507,0.29593801256596647,0.0
9,259,b0167,1.0,3.5,3.5,1.0,4.5,0,True,0.0,0.5462313655595447,0.5943017465464078,0.5439972810826933,0.2731156827797724,0.14857543663660205,0.2719986405413468
9,260,b0168,1.0,3.5,4.0,0.5,3.5,0,True,0.0,0.7962646312654974,0.6340373630043785,0.0,0.39813231563274876,0.15850934075109469,0.0
9,261,b0168,1.0,3.5,4.0,0.5,4.5,0,True,0.0,0.7962646312654974,0.6340373630043785,0.0,0.39813231563274876,0.15850934075109469,0.0
9,262,b0169,1.0,3.5,4.5,0.0,4.5,0,False,0.0,0.0,0.0,0.0,0.0,0.0,0.0
9,263,b0170,1.0,4.0,0.0,4.0,4.0,0,False,0.0,0.0,0.0,0.0,0.0,0.0,0.0
9,264,b0171,1.0,4.0,0.5,3.5,3.0,0,True,0.0,0.7962646312654975,0.6340373630043787,0.0,0.3981323156327488,0.1585093407510947,0.0
9,265,b0171,1.0,4.0,0.5,3.5,4.0,0,True,0.0,0.7962646312654975,0.6340373630043787,0.0,0.3981323156327488,0.1585093407510947,0.0
9,266,b0172,1.0,4.0,1.0,3.0,3.0,0,True,0.0,0.9111255534302865,0.8301497741136458,0.0,0.4555627767151432,0.20753744352841144,0.0
9,267,b0172,1.0,4.0,1.0,3.0,4.0,0,True,0.0,0.9111255534302865,0.8301497741136458,0.0,0.4555627767151432,0.20753744352841144,0.0
9,268,b0173,1.0,4.0,1.5,2.5,3.0,0,True,0.0,0.9633979775835652,0.9281356632121035,0.0,0.4816989887917826,0.23203391580302588,0.0
9,269,b0173,1.0,4.0,1.5,2.5,4.0,0,True,0.0,0.9633979775835652,0.9281356632121035,0.0,0.4816989887917826,0.23203391580302588,0.0
9,270,b0174,1.0,4.0,2.0,2.0,3.0,0,True,0.0,0.9790681238322695,0.9585743911044402,0.0,0.48953406191613474,0.23964359777611005,0.0
9,271,b0174,1.0,4.0,2.0,2.0,4.0,0,True,0.0,0.9790681238322695,0.9585743911044402,0.0,0.48953406191613474,0.23964359777611005,0.0
9,272,b0175,1.0,4.0,2.5,1.5,3.0,0,True,0.0,0.9633979775835652,0.9281356632121035,0.0,0.4816989887917826,0.23203391580302588,0.0
9,273,b0175,1.0,4.0,2.5,1.5,4.0,0,True,0.0,0.9633979775835652,0.9281356632121035,0.0,0.4816989887917826,0.23203391580302588,0.0
9,274,b0176,1.0,4.0,3.0,1.0,3.0,0,True,0.0,0.9111255534302865,0.8301497741136458,0.0,0.4555627767151432,0.20753744352841144,0.0
9,275,b0176,1.0,4.0,3.0,1.0,4.0,0,True,0.0,0.9111255534302865,0.8301497741136458,0.0,0.4555627767151432,0.20753744352841144,0.0
9,276,b0177,1.0,4.0,3.5,0.5,3.0,0,True,0.0,0.7962646312654974,0.6340373630043785,0.0,0.39813231563274865,0.1585093407510946,0.0
9,277,b0177,1.0,4.0,3.5,0.5,4.0,0,True,0.0,0.7962646312654974,0.6340373630043785,0.0,0.39813231563274865,0.1585093407510946,0.0
9,278,b0178,1.0,4.0,4.0,0.0,4.0,0,False,0.0,0.0,0.0,0.0,0.0,0.0,0.0
9,279,b0179,1.0,4.5,0.0,3.5,3.5,0,False,0.0,0.0,0.0,0.0,0.0,0.0,0.0
9,280,b0180,1.0,4.5,0.5,3.0,3.5,0,True,0.0,0.0,0.0,0.0,0.0,0.0,0.0
9,281,b0181,1.0,4.5,1.0,2.5,3.5,0,True,0.0,0.0,0.0,0.0,0.0,0.0,0.0
9,282,b0182,1.0,4.5,1.5,2.0,3.5,0,True,0.0,0.0,0.0,0.0,0.0,0.0,0.0
9,283,b0183,1.0,4.5,2.0,1.5,3.5,0,True,0.0,0.0,0.0,0.0,0.0,0.0,0.0
9,284,b0184,1.0,4.5,2.5,1.0,3.5,0,True,0.0,0.0,0.0,0.0,0.0,0.0,0.0
9,285,b0185,1.0,4.5,3.0,0.5,3.5,0,True,0.0,0.0,0.0,0.0,0.0,0.0,0.0
9,286,b0186,1.0,4.5,3.5,0.0,3.5,0,False,0.0,0.0,0.0,0.0,0.0,0.0,0.0
9,287,b0187,1.5,0.0,3.0,4.5,1.5,0,False,0.0,0.0,0.0,0.0,0.0,0.0,0.0
9,288,b0188,1.5,0.0,3.5,4.0,1.5,0,False,0.0,0.0,0.0,0.0,0.0,0.0,0.0
9,289,b0189,1.5,0.0,4.0,3.5,1.5,0,False,0.0,0.0,0.0,0.0,0.0,0.0,0.0
9,290,b0190,1.5,0.0,4.5,3.0,1.5,0,False,0.0,0.0,0.0,0.0,0.0,0.0,0.0
9,291,b0191,1.5,0.5,2.5,4.5,2.0,0,True,0.0,0.0,0.0,0.0,0.0,0.0,0.0
9,292,b0192,1.5,0.5,3.0,4.0,1.0,0,True,0.0,0.8478978672743146,0.7189307933283312,0.0,0.4239489336371573,0.1797326983320828,0.0
9,293,b0192,1.5,0.5,3.0,4.0,2.0,0,True,-0.0,0.8478978672743146,0.7189307933283312,0.0,0.4239489336371573,0.1797326983320828,0.0
9,294,b0193,1.5,0.5,3.5,3.5,1.0,0,True,0.0,0.9111255534302862,0.8301497741136453,0.0,0.4555627767151431,0.20753744352841133,0.0
9,295,b0193,1.5,0.5,3.5,3.5,2.0,0,True,0.0,0.9111255534302862,0.8301497741136453,0.0,0.4555627767151431,0.20753744352841133,0.0
9,296,b0194,1.5,0.5,4.0,3.0,1.0,0,True,0.0,0.8478978672743146,0.7189307933283312,0.0,0.4239489336371573,0.1797326983320828,0.0
9,297,b0194,1.5,0.5,4.0,3.0,2.0,0,True,0.0,0.8478978672743146,0.7189307933283312,0.0,0.4239489336371573,0.1797326983320828,0.0
9,298,b0195,1.5,0.5,4.5,2.5,2.0,0,True,0.0,0.0,0.0,0.0,0.0,0.0,0.0
9,299,b0196,1.5,1.0,2.0,4.5,2.5,0,True,0.0,0.0,0.0,0.0,0.0,0.0,0.0
9,300,b0197,1.5,1.0,2.5,4.0,1.5,0,True,0.0,0.9633979775835656,0.9281356632121044,0.0,0.4816989887917827,0.232033915803026,0.0
9,301,b0197,1.5,1.0,2.5,4.0,2.5,0,True,0.0,0.9633979775835656,0.9281356632121044,0.0,0.4816989887917827,0.232033915803026,0.0
9,302,b0198,1.5,1.0,3.0,3.5,0.5,0,True,0.0,0.4496657487774608,0.5391980949962498,0.5805159854583295,0.2248328743887302,0.13479952374906226,0.2902579927291645
9,303,b0198,1.5,1.0,3.0,3.5,1.5,0,True,0.0,1.199108663406558,1.437861586656662,0.0,0.5995543317032784,0.3594653966641648,0.0
9,304,b0198,1.5,1.0,3.0,3.5,2.5,0,True,0.0,0.7494429146290966,0.8986634916604107,0.5805159854583294,0.37472145731454815,0.22466587291510245,0.2902579927291645
9,305,b0199,1.5,1.0,3.5,3.0,0.5,0,True,0.0,0.4496657487774607,0.5391980949962495,0.5805159854583293,0.2248328743887302,0.13479952374906226,0.2902579927291645
9,306,b0199,1.5,1.0,3.5,3.0,1.5,0,True,0.0,1.1991086634065575,1.4378615866566609,0.0,0.5995543317032784,0.3594653966641648,0.0
9,307,b0199,1.5,1.0,3.5,3.0,2.5,0,True,0.0,0.7494429146290964,0.8986634916604103,0.5805159854583293,0.37472145731454815,0.22466587291510245,0.2902579927291645
9,308,b0200,1.5,1.0,4.0,2.5,1.5,0,True,0.0,0.9633979775835654,0.928135663212104,0.0,0.4816989887917827,0.232033915803026,0.0
9,309,b0200,1.5,1.0,4.0,2.5,2.5,0,True,0.0,0.9633979775835654,0.928135663212104,0.0,0.4816989887917827,0.232033915803026,0.0
9,310,b0201,1.5,1.0,4.5,2.0,2.5,0,True,0.0,0.0,0.0,0.0,0.0,0.0,0.0
9,311,b0202,1.5,1.5,1.5,4.5,3.0,0,True,0.0,0.0,0.0,0.0,0.0,0.0,0.0
9,312,b0203,1.5,1.5,2.0,4.0,2.0,0,True,0.0,1.008326176558247,1.016721678332573,0.0,0.5041630882791235,0.25418041958314325,0.0
9,313,b0203,1.5,1.5,2.0,4.0,3.0,0,True,0.0,1.008326176558247,1.016721678332573,0.0,0.5041630882791235,0.25418041958314325,0.0
9,314,b0204,1.5,1.5,2.5,3.5,1.0,0,True,0.0,0.5590025182427872,0.7291289026041461,0.6454805087703024,0.2795012591213935,0.18228222565103633,0.32274025438515097
9,315,b0204,1.5,1.5,2.5,3.5,2.0,0,True,0.0,1.3043392092331672,1.7013007727430038,0.0,0.6521696046165831,0.42532519318575035,0.0
9,316,b0204,1.5,1.5,2.5,3.5,3.0,0,True,0.0,0.74533669099038,0.9721718701388576,0.6454805087703024,0.37266834549518957,0.24304296753471394,0.32274025438515097
9,317,b0205,1.5,1.5,3.0,3.0,0.0,0,True,-0.0,0.8236983458198046,0.7161980512559909,0.19421402202134747,0.41184917290990225,0.1790495128139977,0.09710701101067389
9,318,b0205,1.5,1.5,3.0,3.0,1.0,0,True,0.0,1.1245734149752589,1.3665068988133278,0.31912620253469,0.5622867074876291,0.34162672470333144,0.15956310126734463
9,319,b0205,1.5,1.5,3.0,3.0,2.0,0,True,-0.0,1.3376932556270373,1.8271423324997706,0.1942140220213472,0.6688466278135186,0.45678558312494255,0.09710701101067389
9,320,b0205,1.5,1.5,3.0,3.0,3.0,0,True,0.0,1.0368181864715835,1.1768334849424353,0.31912620253469,0.5184090932357917,0.2942083712356086,0.15956310126734463
9,321,b0206,1.5,1.5,3.5,2.5,1.0,0,True,0.0,0.5590025182427872,0.7291289026041461,0.6454805087703024,0.2795012591213936,0.1822822256510365,0.32274025438515114
9,322,b0206,1.5,1.5,3.5,2.5,2.0,0,True,0.0,1.3043392092331672,1.7013007727430038,0.0,0.6521696046165836,0.42532519318575096,0.0
9,323,b0206,1.5,1.5,3.5,2.5,3.0,0,True,0.0,0.74533669099038,0.9721718701388576,0.6454805087703024,0.37266834549518973,0.24304296753471416,0.32274025438515114
9,324,b0207,1.5,1.5,4.0,2.0,2.0,0,True,0.0,1.008326176558247,1.016721678332573,0.0,0.5041630882791235,0.25418041958314325,0.0
9,325,b0207,1.5,1.5,4.0,2.0,3.0,0,True,0.0,1.008326176558247,1.016721678332573,0.0,0.5041630882791235,0.25418041958314325,0.0
9,326,b0208,1.5,1.5,4.5,1.5,3.0,0,True,0.0,0.0,0.0,0.0,0.0,0.0,0.0
9,327,b0209,1.5,2.0,1.0,4.5,3.5,0,True,0.0,0.0,0.0,0.0,0.0,0.0,0.0
9,328,b0210,1.5,2.0,1.5,4.0,2.5,0,True,-0.0,1.0083261765582476,1.0167216783325743,0.0,0.5041630882791238,0.2541804195831436,0.0
9,329,b0210,1.5,2.0,1.5,4.0,3.5,0,True,0.0,1.0083261765582476,1.0167216783325743,0.0,0.5041630882791238,0.2541804195831436,0.0
9,330,b0211,1.5,2.0,2.0,3.5,1.5,0,True,0.0,0.60915687211825,0.8128245887166154,0.6646446372820031,0.30457843605912505,0.20320614717915383,0.3323223186410015
9,331,b0211,1.5,2.0,2.0,3.5,2.5,0,True,0.0,1.3343436246399754,1.7804729086173474,0.0,0.6671718123199875,0.4451182271543366,0.0
9,332,b0211,1.5,2.0,2.0,3.5,3.5,0,True,0.0,0.7251867525217252,0.9676483199007313,0.6646446372820031,0.3625933762608623,0.24191207997518258,0.3323223186410015
9,333,b0212,1.5,2.0,2.5,3.0,0.5,0,True,0.0,0.9054767182552166,0.8717345311462654,0.22769814194241592,0.45273835912760835,0.21793363278656644,0.11384907097120808
9,334,b0212,1.5,2.0,2.5,3.0,1.5,0,True,-0.0,1.2354426741847038,1.6300114888847093,0.3220138004621187,0.6177213370923519,0.4075028722211773,0.16100690023105935
9,335,b0212,1.5,2.0,2.5,3.0,2.5,0,True,0.0,1.392569319865412,1.991095754474445,0.22769814194241567,0.6962846599327062,0.4977739386186114,0.11384907097120783
9,336,b0212,1.5,2.0,2.5,3.0,3.5,0,True,0.0,1.0626033639359247,1.2328187967360005,0.3220138004621187,0.5313016819679622,0.30820469918399995,0.16100690023105915
9,337,b0213,1.5,2.0,3.0,2.5,0.5,0,True,0.0,0.9054767182552167,0.8717345311462656,0.22769814194241592,0.4527383591276086,0.2179336327865667,0.11384907097120808
9,338,b0213,1.5,2.0,3.0,2.5,1.5,0,True,0.0,1.2354426741847035,1.6300114888847088,0.3220138004621187,0.6177213370923522,0.40750287222117776,0.16100690023105935
9,339,b0213,1.5,2.0,3.0,2.5,2.5,0,True,0.0,1.3925693198654119,1.9910957544744445,0.22769814194241617,0.6962846599327062,0.4977739386186114,0.11384907097120783
9,340,b0213,1.5,2.0,3.0,2.5,3.5,0,True,0.0,1.0626033639359245,1.232818796736,0.3220138004621187,0.5313016819679625,0.30820469918400023,0.16100690023105935
9,341,b0214,1.5,2.0,3.5,2.0,1.5,0,True,0.0,0.60915687211825,0.8128245887166152,0.664644637282003,0.30457843605912505,0.20320614717915378,0.33232231864100137
9,342,b0214,1.5,2.0,3.5,2.0,2.5,0,True,0.0,1.3343436246399756,1.780472908617348,0.0,0.6671718123199875,0.4451182271543366,0.0
9,343,b0214,1.5,2.0,3.5,2.0,3.5,0,True,0.0,0.7251867525217249,0.9676483199007309,0.664644637282003,0.36259337626086213,0.24191207997518238,0.33232231864100137
9,344,b0215,1.5,2.0,4.0,1.5,2.5,0,True,0.0,1.0083261765582476,1.0167216783325743,0.0,0.5041630882791238,0.2541804195831436,0.0
9,345,b0215,1.5,2.0,4.0,1.5,3.5,0,True,0.0,1.0083261765582476,1.0167216783325743,0.0,0.5041630882791238,0.2541804195831436,0.0
9,346,b0216,1.5,2.0,4.5,1.0,3.5,0,True,0.0,0.0,0.0,0.0,0.0,0.0,0.0
9,347,b0217,1.5,2.5,0.5,4.5,4.0,0,True,0.0,0.0,0.0,0.0,0.0,0.0,0.0
9,348,b0218,1.5,2.5,1.0,4.0,3.0,0,True,0.0,0.9633979775835652,0.9281356632121035,0.0,0.4816989887917826,0.23203391580302588,0.0
9,349,b0218,1.5,2.5,1.0,4.0,4.0,0,True,0.0,0.9633979775835652,0.9281356632121035,0.0,0.4816989887917826,0.23203391580302588,0.0
9,350,b0219,1.5,2.5,1.5,3.5,2.0,0,True,0.0,0.6388600208488971,0.8332901744047343,0.6520337783931758,0.3194300104244486,0.20832254360118357,0.3260168891965879
9,351,b0219,1.5,2.5,1.5,3.5,3.0,0,True,-0.0,1.3043392092331663,1.7013007727430014,0.0,0.6521696046165829,0.4253251931857501,0.0
9,352,b0219,1.5,2.5,1.5,3.5,4.0,0,True,0.0,0.6654791883842689,0.8680105983382663,0.6520337783931758,0.33273959419213434,0.2170026495845665,0.3260168891965879
9,353,b0220,1.5,2.5,2.0,3.0,1.0,0,True,0.0,0.924331915736903,0.9150646430170364,0.24632326842420563,0.46216595786845144,0.228766160754259,0.1231616342121027
9,354,b0220,1.5,2.5,2.0,3.0,2.0,0,True,-0.0,1.2691126696877135,1.7073866886539402,0.31103009547641014,0.6345563348438567,0.4268466721634849,0.15551504773820488
9,355,b0220,1.5,2.5,2.0,3.0,3.0,0,True,0.0,1.3737141223837266,1.9477656426036754,0.2463232684242054,0.6868570611918634,0.48694141065091895,0.1231616342121027
9,356,b0220,1.5,2.5,2.0,3.0,4.0,0,True,0.0,1.0289333684329167,1.1554435969667731,0.31103009547641014,0.5144666842164584,0.2888608992416932,0.15551504773820488
9,357,b0221,1.5,2.5,2.5,2.5,1.0,0,True,0.0,0.9958163622142892,1.0636104521967396,0.2682540306184405,0.4979081811071442,0.26590261304918444,0.13412701530922005
9,358,b0221,1.5,2.5,2.5,2.5,2.0,0,True,0.0,1.3407144015808552,1.8893011078091664,0.30296204581243463,0.670357200790427,0.47232527695229093,0.1514810229062175
9,359,b0221,1.5,2.5,2.5,2.5,3.0,0,True,0.0,1.3981974081419484,2.0269162170779014,0.26825403061844033,0.6990987040709741,0.5067290542694751,0.13412701530921994
9,360,b0221,1.5,2.5,2.5,2.5,4.0,0,True,0.0,1.0532993687753824,1.201225561465475,0.302962045812435,0.5266496843876913,0.30030639036636886,0.1514810229062175
9,361,b0222,1.5,2.5,3.0,2.0,1.0,0,True,0.0,0.9243319157369028,0.9150646430170358,0.2463232684242054,0.4621659578684517,0.2287661607542592,0.12316163421210247
9,362,b0222,1.5,2.5,3.0,2.0,2.0,0,True,0.0,1.2691126696877133,1.7073866886539397,0.31103009547641014,0.6345563348438567,0.4268466721634849,0.15551504773820488
9,363,b0222,1.5,2.5,3.0,2.0,3.0,0,True,0.0,1.3737141223837261,1.947765642603674,0.2463232684242054,0.6868570611918634,0.48694141065091895,0.1231616342121027
9,364,b0222,1.5,2.5,3.0,2.0,4.0,0,True,0.0,1.0289333684329163,1.1554435969667722,0.31103009547641014,0.5144666842164586,0.28886089924169345,0.15551504773820488
9,365,b0223,1.5,2.5,3.5,1.5,2.0,0,True,0.0,0.6388600208488973,0.8332901744047344,0.6520337783931757,0.3194300104244486,0.20832254360118363,0.32601688919658794
9,366,b0223,1.5,2.5,3.5,1.5,3.0,0,True,0.0,1.3043392092331656,1.7013007727429998,0.0,0.652169604616583,0.42532519318575024,0.0
9,367,b0223,1.5,2.5,3.5,1.5,4.0,0,True,0.0,0.6654791883842688,0.8680105983382661,0.6520337783931758,0.3327395941921344,0.21700264958456658,0.32601688919658794
9,368,b0224,1.5,2.5,4.0,1.0,3.0,0,True,0.0,0.9633979775835652,0.9281356632121035,0.0,0.4816989887917826,0.23203391580302588,0.0
9,369,b0224,1.5,2.5,4.0,1.0,4.0,0,True,0.0,0.9633979775835652,0.9281356632121035,0.0,0.4816989887917826,0.23203391580302588,0.0
9,370,b0225,1.5,2.5,4.5,0.5,4.0,0,True,0.0,0.0,0.0,0.0,0.0,0.0,0.0
9,371,b0226,1.5,3.0,0.0,4.5,4.5,0,False,0.0,0.0,0.0,0.0,0.0,0.0,0.0
9,372,b0227,1.5,3.0,0.5,4.0,3.5,0,True,-0.0,0.8478978672743142,0.7189307933283304,0.0,0.423948933637157,0.17973269833208258,0.0
9,373,b0227,1.5,3.0,0.5,4.0,4.5,0,True,0.0,0.8478978672743142,0.7189307933283304,0.0,0.423948933637157,0.17973269833208258,0.0
9,374,b0228,1.5,3.0,1.0,3.5,2.5,0,True,0.0,0.674498623166189,0.8087971424943725,0.5948518721844017,0.3372493115830946,0.20219928562359327,0.29742593609220097
9,375,b0228,1.5,3.0,1.0,3.5,3.5,0,True,-0.0,1.1991086634065578,1.4378615866566613,0.0,0.599554331703279,0.3594653966641655,0.0
9,376,b0228,1.5,3.0,1.0,3.5,4.5,0,True,0.0,0.524610040240369,0.6290644441622893,0.5948518721844017,0.2623050201201845,0.1572661110405724,0.29742593609220097
9,377,b0229,1.5,3.0,1.5,3.0,1.5,0,True,0.0,0.8989171131086662,0.878775263145322,0.26593850211224285,0.44945855655433337,0.21969381578633077,0.13296925105612153
9,378,b0229,1.5,3.0,1.5,3.0,2.5,0,True,0.0,1.251505084775216,1.6408559438765795,0.27311346846751966,0.625752542387608,0.41021398596914493,0.13655673423376002
9,379,b0229,1.5,3.0,1.5,3.0,3.5,0,True,0.0,1.2624744883381747,1.6645651206104393,0.2659385021122426,0.6312372441690876,0.41614128015261015,0.13296925105612153
9,380,b0229,1.5,3.0,1.5,3.0,4.5,0,True,0.0,0.9098865166716256,0.9024844398791833,0.27311346846751966,0.45494325833581256,0.22562110996979565,0.13655673423376002
9,381,b0230,1.5,3.0,2.0,2.5,1.5,0,True,-0.0,0.9997527056636425,1.0883850905001087,0.29812684887197743,0.49987635283182136,0.2720962726250273,0.14906342443598872
9,382,b0230,1.5,3.0,2.0,2.5,2.5,0,True,0.0,1.3532876584452354,1.900824688077012,0.26350939561394027,0.6766438292226173,0.4752061720192525,0.13175469780696994
9,383,b0230,1.5,3.0,2.0,2.5,3.5,0,True,-0.0,1.2982933324569874,1.7744451951206046,0.29812684887197743,0.6491466662284936,0.443611298780151,0.14906342443598872
9,384,b0230,1.5,3.0,2.0,2.5,4.5,0,True,0.0,0.9447583796753946,0.9620055975437011,0.26350939561394027,0.47237918983769694,0.24050139938592494,0.13175469780697005
9,385,b0231,1.5,3.0,2.5,2.0,1.5,0,True,0.0,0.999752705663642,1.0883850905001078,0.29812684887197743,0.49987635283182136,0.27209627262502734,0.1490634244359889
9,386,b0231,1.5,3.0,2.5,2.0,2.5,0,True,0.0,1.3532876584452345,1.9008246880770097,0.26350939561394027,0.676643829222618,0.47520617201925347,0.13175469780697013
9,387,b0231,1.5,3.0,2.5,2.0,3.5,0,True,0.0,1.2982933324569872,1.774445195120604,0.29812684887197743,0.6491466662284936,0.44361129878015104,0.1490634244359889
9,388,b0231,1.5,3.0,2.5,2.0,4.5,0,True,0.0,0.9447583796753941,0.9620055975437002,0.26350939561394027,0.47237918983769717,0.24050139938592516,0.13175469780697013
9,389,b0232,1.5,3.0,3.0,1.5,1.5,0,True,0.0,0.8989171131086661,0.8787752631453216,0.2659385021122426,0.4494585565543333,0.21969381578633068,0.13296925105612142
9,390,b0232,1.5,3.0,3.0,1.5,2.5,0,True,0.0,1.251505084775216,1.6408559438765795,0.27311346846751966,0.6257525423876079,0.41021398596914477,0.13655673423375983
9,391,b0232,1.5,3.0,3.0,1.5,3.5,0,True,-0.0,1.2624744883381742,1.6645651206104382,0.2659385021122426,0.6312372441690873,0.4161412801526098,0.1329692510561213
9,392,b0232,1.5,3.0,3.0,1.5,4.5,0,True,0.0,0.9098865166716253,0.9024844398791828,0.27311346846751966,0.4549432583358128,0.22562110996979579,0.13655673423375972
9,393,b0233,1.5,3.0,3.5,1.0,2.5,0,True,0.0,0.6744986231661891,0.8087971424943727,0.5948518721844018,0.3372493115830942,0.20219928562359285,0.2974259360922008
9,394,b0233,1.5,3.0,3.5,1.0,3.5,0,True,0.0,1.199108663406558,1.437861586656662,0.0,0.5995543317032788,0.3594653966641652,0.0
9,395,b0233,1.5,3.0,3.5,1.0,4.5,0,True,0.0,0.5246100402403691,0.6290644441622896,0.5948518721844018,0.26230502012018453,0.15726611104057234,0.2974259360922008
9,396,b0234,1.5,3.0,4.0,0.5,3.5,0,True,0.0,0.847897867274314,0.7189307933283303,0.0,0.42394893363715697,0.17973269833208252,0.0
9,397,b0234,1.5,3.0,4.0,0.5,4.5,0,True,0.0,0.847897867274314,0.7189307933283303,0.0,0.42394893363715697,0.17973269833208252,0.0
9,398,b0235,1.5,3.0,4.5,0.0,4.5,0,False,0.0,0.0,0.0,0.0,0.0,0.0,0.0
9,399,b0236,1.5,3.5,0.0,4.0,4.0,0,False,0.0,0.0,0.0,0.0,0.0,0.0,0.0
9,400,b0237,1.5,3.5,0.5,3.5,3.0,0,True,0.0,0.9111255534302865,0.8301497741136458,0.0,0.4555627767151432,0.20753744352841144,0.0
9,401,b0237,1.5,3.5,0.5,3.5,4.0,0,True,0.0,0.9111255534302865,0.8301497741136458,0.0,0.4555627767151432,0.20753744352841144,0.0
9,402,b0238,1.5,3.5,1.0,3.0,2.0,0,True,0.0,0.5139037128885245,0.6162263942814262,0.5934048939474759,0.2569518564442623,0.15405659857035664,0.29670244697373804
9,403,b0238,1.5,3.5,1.0,3.0,3.0,0,True,0.0,1.199108663406558,1.437861586656662,0.0,0.5995543317032791,0.3594653966641656,0.0
9,404,b0238,1.5,3.5,1.0,3.0,4.0,0,True,0.0,0.6852049505180333,0.8216351923752356,0.5934048939474759,0.34260247525901677,0.20540879809380905,0.2967024469737381
9,405,b0239,1.5,3.5,1.5,2.5,2.0,0,True,0.0,0.6388600208488968,0.833290174404734,0.6520337783931758,0.31943001042444863,0.20832254360118366,0.32601688919658794
9,406,b0239,1.5,3.5,1.5,2.5,3.0,0,True,0.0,1.304339209233166,1.701300772743001,0.0,0.6521696046165834,0.4253251931857507,0.0
9,407,b0239,1.5,3.5,1.5,2.5,4.0,0,True,0.0,0.6654791883842689,0.8680105983382663,0.6520337783931758,0.33273959419213445,0.2170026495845666,0.32601688919658794
9,408,b0240,1.5,3.5,2.0,2.0,2.0,0,True,0.0,0.6713157366201116,0.8957658732795343,0.6671589428657396,0.3356578683100564,0.22394146831988415,0.3335794714328701
9,409,b0240,1.5,3.5,2.0,2.0,3.0,0,True,0.0,1.334343624639975,1.7804729086173463,0.0,0.6671718123199877,0.44511822715433685,0.0
9,410,b0240,1.5,3.5,2.0,2.0,4.0,0,True,0.0,0.6630278880198633,0.8847070353378117,0.6671589428657396,0.33151394400993145,0.22117675883445295,0.3335794714328701
9,411,b0241,1.5,3.5,2.5,1.5,2.0,0,True,0.0,0.6388600208488967,0.8332901744047336,0.6520337783931757,0.3194300104244484,0.20832254360118352,0.32601688919658794
9,412,b0241,1.5,3.5,2.5,1.5,3.0,0,True,0.0,1.3043392092331656,1.7013007727429998,0.0,0.6521696046165831,0.42532519318575035,0.0
9,413,b0241,1.5,3.5,2.5,1.5,4.0,0,True,0.0,0.6654791883842689,0.8680105983382662,0.6520337783931757,0.33273959419213467,0.21700264958456675,0.32601688919658794
9,414,b0242,1.5,3.5,3.0,1.0,2.0,0,True,0.0,0.5139037128885244,0.6162263942814261,0.5934048939474759,0.2569518564442623,0.15405659857035664,0.29670244697373804
9,415,b0242,1.5,3.5,3.0,1.0,3.0,0,True,0.0,1.199108663406558,1.437861586656662,0.0,0.5995543317032791,0.3594653966641656,0.0
9,416,b0242,1.5,3.5,3.0,1.0,4.0,0,True,0.0,0.6852049505180334,0.8216351923752357,0.5934048939474759,0.34260247525901677,0.20540879809380905,0.2967024469737381
9,417,b0243,1.5,3.5,3.5,0.5,3.0,0,True,0.0,0.9111255534302865,0.8301497741136458,0.0,0.4555627767151432,0.20753744352841144,0.0
9,418,b0243,1.5,3.5,3.5,0.5,4.0,0,True,-0.0,0.9111255534302865,0.8301497741136458,0.0,0.4555627767151432,0.20753744352841144,0.0
9,419,b0244,1.5,3.5,4.0,0.0,4.0,0,False,0.0,0.0,0.0,0.0,0.0,0.0,0.0
9,420,b0245,1.5,4.0,0.0,3.5,3.5,0,False,0.0,0.0,0.0,0.0,0.0,0.0,0.0
9,421,b0246,1.5,4.0,0.5,3.0,2.5,0,True,0.0,0.8478978672743142,0.7189307933283304,0.0,0.423948933637157,0.17973269833208258,0.0
9,422,b0246,1.5,4.0,0.5,3.0,3.5,0,True,0.0,0.8478978672743142,0.7189307933283304,0.0,0.423948933637157,0.17973269833208258,0.0
9,423,b0247,1.5,4.0,1.0,2.5,2.5,0,True,0.0,0.9633979775835652,0.9281356632121035,0.0,0.4816989887917826,0.23203391580302588,0.0
9,424,b0247,1.5,4.0,1.0,2.5,3.5,0,True,0.0,0.9633979775835652,0.9281356632121035,0.0,0.4816989887917826,0.23203391580302588,0.0
9,425,b0248,1.5,4.0,1.5,2.0,2.5,0,True,0.0,1.0083261765582479,1.0167216783325748,0.0,0.5041630882791238,0.2541804195831436,0.0
9,426,b0248,1.5,4.0,1.5,2.0,3.5,0,True,0.0,1.0083261765582479,1.0167216783325748,0.0,0.5041630882791238,0.2541804195831436,0.0
9,427,b0249,1.5,4.0,2.0,1.5,2.5,0,True,0.0,1.0083261765582479,1.0167216783325748,0.0,0.5041630882791239,0.2541804195831437,0.0
9,428,b0249,1.5,4.0,2.0,1.5,3.5,0,True,0.0,1.0083261765582479,1.0167216783325748,0.0,0.5041630882791239,0.2541804195831437,0.0
9,429,b0250,1.5,4.0,2.5,1.0,2.5,0,True,0.0,0.9633979775835652,0.9281356632121035,0.0,0.4816989887917826,0.23203391580302588,0.0
9,430,b0250,1.5,4.0,2.5,1.0,3.5,0,True,0.0,0.9633979775835652,0.9281356632121035,0.0,0.4816989887917826,0.23203391580302588,0.0
9,431,b0251,1.5,4.0,3.0,0.5,2.5,0,True,0.0,0.8478978672743142,0.7189307933283304,0.0,0.42394893363715713,0.17973269833208266,0.0
9,432,b0251,1.5,4.0,3.0,0.5,3.5,0,True,0.0,0.8478978672743142,0.7189307933283304,0.0,0.42394893363715713,0.17973269833208266,0.0
9,433,b0252,1.5,4.0,3.5,0.0,3.5,0,False,0.0,0.0,0.0,0.0,0.0,0.0,0.0
9,434,b0253,1.5,4.5,0.0,3.0,3.0,0,False,0.0,0.0,0.0,0.0,0.0,0.0,0.0
9,435,b0254,1.5,4.5,0.5,2.5,3.0,0,True,0.0,0.0,0.0,0.0,0.0,0.0,0.0
9,436,b0255,1.5,4.5,1.0,2.0,3.0,0,True,0.0,0.0,0.0,0.0,0.0,0.0,0.0
9,437,b0256,1.5,4.5,1.5,1.5,3.0,0,True,0.0,0.0,0.0,0.0,0.0,0.0,0.0
9,438,b0257,1.5,4.5,2.0,1.0,3.0,0,True,0.0,0.0,0.0,0.0,0.0,0.0,0.0
9,439,b0258,1.5,4.5,2.5,0.5,3.0,0,True,0.0,0.0,0.0,0.0,0.0,0.0,0.0
9,440,b0259,1.5,4.5,3.0,0.0,3.0,0,False,0.0,0.0,0.0,0.0,0.0,0.0,0.0
9,441,b0260,2.0,0.0,2.5,4.5,2.0,0,False,0.0,0.0,0.0,0.0,0.0,0.0,0.0
9,442,b0261,2.0,0.0,3.0,4.0,2.0,0,False,0.0,0.0,0.0,0.0,0.0,0.0,0.0
9,443,b0262,2.0,0.0,3.5,3.5,2.0,0,False,0.0,0.0,0.0,0.0,0.0,0.0,0.0
9,444,b0263,2.0,0.0,4.0,3.0,2.0,0,False,0.0,0.0,0.0,0.0,0.0,0.0,0.0
9,445,b0264,2.0,0.0,4.5,2.5,2.0,0,False,0.0,0.0,0.0,0.0,0.0,0.0,0.0
9,446,b0265,2.0,0.5,2.0,4.5,2.5,0,True,0.0,0.0,0.0,0.0,0.0,0.0,0.0
9,447,b0266,2.0,0.5,2.5,4.0,1.5,0,True,0.0,0.8705283428181823,0.7578195956497706,0.0,0.4352641714090912,0.18945489891244272,0.0
9,448,b0266,2.0,0.5,2.5,4.0,2.5,0,True,0.0,0.8705283428181823,0.7578195956497706,0.0,0.4352641714090912,0.18945489891244272,0.0
9,449,b0267,2.0,0.5,3.0,3.5,1.5,0,True,0.0,0.9633979775835644,0.9281356632121021,0.0,0.4816989887917823,0.2320339158030256,0.0
9,450,b0267,2.0,0.5,3.0,3.5,2.5,0,True,0.0,0.9633979775835644,0.9281356632121021,0.0,0.4816989887917823,0.2320339158030256,0.0
9,451,b0268,2.0,0.5,3.5,3.0,1.5,0,True,0.0,0.9633979775835646,0.9281356632121024,0.0,0.4816989887917823,0.2320339158030256,0.0
9,452,b0268,2.0,0.5,3.5,3.0,2.5,0,True,0.0,0.9633979775835646,0.9281356632121024,0.0,0.4816989887917823,0.2320339158030256,0.0
9,453,b0269,2.0,0.5,4.0,2.5,1.5,0,True,0.0,0.8705283428181821,0.7578195956497704,0.0,0.43526417140909107,0.1894548989124426,0.0
9,454,b0269,2.0,0.5,4.0,2.5,2.5,0,True,0.0,0.8705283428181821,0.7578195956497704,0.0,0.43526417140909107,0.1894548989124426,0.0
9,455,b0270,2.0,0.5,4.5,2.0,2.5,0,True,0.0,0.0,0.0,0.0,0.0,0.0,0.0
9,456,b0271,2.0,1.0,1.5,4.5,3.0,0,True,0.0,0.0,0.0,0.0,0.0,0.0,0.0
9,457,b0272,2.0,1.0,2.0,4.0,2.0,0,True,0.0,0.9790681238322699,0.9585743911044411,0.0,0.48953406191613497,0.23964359777611027,0.0
9,458,b0272,2.0,1.0,2.0,4.0,3.0,0,True,0.0,0.9790681238322699,0.9585743911044411,0.0,0.48953406191613497,0.23964359777611027,0.0
9,459,b0273,2.0,1.0,2.5,3.5,1.0,0,True,0.0,0.4824093523055269,0.6004719220628904,0.6064265321298635,0.2412046761527634,0.15011798051572256,0.30321326606493176
9,460,b0273,2.0,1.0,2.5,3.5,2.0,0,True,0.0,1.2447352423685816,1.5493658235943715,0.0,0.6223676211842907,0.38734145589859276,0.0
9,461,b0273,2.0,1.0,2.5,3.5,3.0,0,True,0.0,0.7623258900630545,0.9488939015314807,0.6064265321298635,0.3811629450315273,0.2372234753828702,0.3032132660649317
9,462,b0274,2.0,1.0,3.0,3.0,1.0,0,True,0.0,0.5590025182427854,0.7291289026041434,0.6454805087703019,0.27950125912139234,0.1822822256510356,0.32274025438515086
9,463,b0274,2.0,1.0,3.0,3.0,2.0,0,True,-0.0,1.3043392092331667,1.7013007727430027,0.0,0.6521696046165832,0.4253251931857505,0.0
9,464,b0274,2.0,1.0,3.0,3.0,3.0,0,True,0.0,0.7453366909903811,0.9721718701388588,0.6454805087703019,0.37266834549519073,0.24304296753471474,0.32274025438515086
9,465,b0275,2.0,1.0,3.5,2.5,1.0,0,True,0.0,0.48240935230552695,0.6004719220628905,0.6064265321298635,0.24120467615276334,0.15011798051572245,0.3032132660649316
9,466,b0275,2.0,1.0,3.5,2.5,2.0,0,True,0.0,1.2447352423685811,1.5493658235943704,0.0,0.6223676211842906,0.3873414558985926,0.0
9,467,b0275,2.0,1.0,3.5,2.5,3.0,0,True,0.0,0.7623258900630543,0.9488939015314803,0.6064265321298635,0.38116294503152703,0.2372234753828699,0.3032132660649316
9,468,b0276,2.0,1.0,4.0,2.0,2.0,0,True,0.0,0.9790681238322699,0.9585743911044411,0.0,0.489534061916135,0.23964359777611033,0.0
9,469,b0276,2.0,1.0,4.0,2.0,3.0,0,True,0.0,0.9790681238322699,0.9585743911044411,0.0,0.489534061916135,0.23964359777611033,0.0
9,470,b0277,2.0,1.0,4.5,1.5,3.0,0,True,0.0,0.0,0.0,0.0,0.0,0.0,0.0
9,471,b0278,2.0,1.5,1.0,4.5,3.5,0,True,0.0,0.0,0.0,0.0,0.0,0.0,0.0
9,472,b0279,2.0,1.5,1.5,4.0,2.5,0,True,0.0,1.0083261765582476,1.0167216783325743,0.0,0.5041630882791238,0.2541804195831436,0.0
9,473,b0279,2.0,1.5,1.5,4.0,3.5,0,True,-0.0,1.0083261765582476,1.0167216783325743,0.0,0.5041630882791238,0.2541804195831436,0.0
9,474,b0280,2.0,1.5,2.0,3.5,1.5,0,True,0.0,0.6091568721182501,0.8128245887166156,0.6646446372820031,0.3045784360591249,0.20320614717915378,0.33232231864100154
9,475,b0280,2.0,1.5,2.0,3.5,2.5,0,True,-0.0,1.3343436246399756,1.780472908617348,0.0,0.6671718123199876,0.4451182271543367,0.0
9,476,b0280,2.0,1.5,2.0,3.5,3.5,0,True,0.0,0.725186752521725,0.9676483199007311,0.6646446372820031,0.36259337626086263,0.24191207997518285,0.33232231864100154
9,477,b0281,2.0,1.5,2.5,3.0,0.5,0,True,0.0,0.9054767182552165,0.8717345311462653,0.22769814194241592,0.4527383591276084,0.21793363278656644,0.11384907097120783
9,478,b0281,2.0,1.5,2.5,3.0,1.5,0,True,0.0,1.2354426741847042,1.6300114888847106,0.322013800462119,0.6177213370923522,0.40750287222117776,0.16100690023105935
9,479,b0281,2.0,1.5,2.5,3.0,2.5,0,True,-0.0,1.3925693198654123,1.9910957544744456,0.22769814194241567,0.6962846599327066,0.497773938618612,0.11384907097120783
9,480,b0281,2.0,1.5,2.5,3.0,3.5,0,True,0.0,1.062603363935925,1.2328187967360011,0.322013800462119,0.5313016819679627,0.3082046991840005,0.1610069002310595
9,481,b0282,2.0,1.5,3.0,2.5,0.5,0,True,0.0,0.9054767182552166,0.8717345311462654,0.22769814194241592,0.4527383591276084,0.21793363278656644,0.11384907097120783
9,482,b0282,2.0,1.5,3.0,2.5,1.5,0,True,-0.0,1.235442674184704,1.63001148888471,0.3220138004621187,0.6177213370923522,0.40750287222117776,0.16100690023105935
9,483,b0282,2.0,1.5,3.0,2.5,2.5,0,True,0.0,1.392569319865412,1.991095754474445,0.22769814194241567,0.6962846599327066,0.497773938618612,0.11384907097120783
9,484,b0282,2.0,1.5,3.0,2.5,3.5,0,True,0.0,1.062603363935925,1.232818796736001,0.3220138004621187,0.5313016819679627,0.3082046991840005,0.1610069002310595
9,485,b0283,2.0,1.5,3.5,2.0,1.5,0,True,0.0,0.6091568721182501,0.8128245887166153,0.664644637282003,0.30457843605912494,0.2032061471791537,0.33232231864100137
9,486,b0283,2.0,1.5,3.5,2.0,2.5,0,True,0.0,1.3343436246399754,1.7804729086173474,0.0,0.6671718123199872,0.44511822715433624,0.0
9,487,b0283,2.0,1.5,3.5,2.0,3.5,0,True,0.0,0.7251867525217248,0.9676483199007306,0.664644637282003,0.3625933762608622,0.2419120799751824,0.33232231864100137
9,488,b0284,2.0,1.5,4.0,1.5,2.5,0,True,0.0,1.0083261765582476,1.0167216783325743,0.0,0.5041630882791238,0.2541804195831436,0.0
9,489,b0284,2.0,1.5,4.0,1.5,3.5,0,True,0.0,1.0083261765582476,1.0167216783325743,0.0,0.5041630882791238,0.2541804195831436,0.0
9,490,b0285,2.0,1.5,4.5,1.0,3.5,0,True,0.0,0.0,0.0,0.0,0.0,0.0,0.0
9,491,b0286,2.0,2.0,0.5,4.5,4.0,0,True,0.0,0.0,0.0,0.0,0.0,0.0,0.0
9,492,b0287,2.0,2.0,1.0,4.0,3.0,0,True,-0.0,0.9790681238322695,0.9585743911044402,0.0,0.48953406191613485,0.23964359777611016,0.0
9,493,b0287,2.0,2.0,1.0,4.0,4.0,0,True,0.0,0.9790681238322695,0.9585743911044402,0.0,0.48953406191613485,0.23964359777611016,0.0
9,494,b0288,2.0,2.0,1.5,3.5,2.0,0,True,0.0,0.6713157366201121,0.8957658732795355,0.66715894286574,0.33565786831005595,0.22394146831988374,0.3335794714328699
9,495,b0288,2.0,2.0,1.5,3.5,3.0,0,True,0.0,1.334343624639975,1.7804729086173463,0.0,0.6671718123199875,0.4451182271543366,0.0
9,496,b0288,2.0,2.0,1.5,3.5,4.0,0,True,0.0,0.6630278880198632,0.8847070353378119,0.66715894286574,0.3315139440099316,0.22117675883445295,0.3335794714328699
9,497,b0289,2.0,2.0,2.0,3.0,1.0,0,True,0.0,0.9958163622142884,1.063610452196738,0.2682540306184405,0.4979081811071441,0.2659026130491843,0.13412701530921983
9,498,b0289,2.0,2.0,2.0,3.0,2.0,0,True,-0.0,1.340714401580855,1.8893011078091662,0.30296204581243535,0.6703572007904274,0.4723252769522914,0.1514810229062175
9,499,b0289,2.0,2.0,2.0,3.0,3.0,0,True,-0.0,1.3981974081419488,2.0269162170779027,0.2682540306184407,0.6990987040709743,0.5067290542694755,0.13412701530922017
9,500,b0289,2.0,2.0,2.0,3.0,4.0,0,True,0.0,1.0532993687753824,1.2012255614654752,0.30296204581243535,0.5266496843876913,0.3003063903663689,0.15148102290621768
9,501,b0290,2.0,2.0,2.5,2.5,0.0,0,True,0.0,0.5295801085771313,0.593710896509365,0.559692598761855,0.2647900542885659,0.14842772412734145,0.27984629938092764
9,502,b0290,2.0,2.0,2.5,2.5,1.0,0,True,0.0,1.2234553031046602,1.5581582739117468,0.24761945645855624,0.6117276515523303,0.3895395684779369,0.1238097282292779
9,503,b0290,2.0,2.0,2.5,2.5,2.0,0,True,0.0,1.2448498696197896,1.959815396017306,0.6404406281029481,0.6224249348098949,0.48995384900432676,0.32022031405147433
9,504,b0290,2.0,2.0,2.5,2.5,3.0,0,True,-0.0,1.438272020147354,2.1299417991555814,0.24761945645855624,0.7191360100736768,0.532485449788895,0.12380972822927812
9,505,b0290,2.0,2.0,2.5,2.5,4.0,0,True,0.0,0.8872973450550928,1.1345737805406553,0.5893023010296488,0.4436486725275464,0.2836434451351638,0.2946511505148244
9,506,b0291,2.0,2.0,3.0,2.0,1.0,0,True,0.0,0.9958163622142884,1.0636104521967378,0.2682540306184401,0.4979081811071441,0.2659026130491843,0.13412701530921983
9,507,b0291,2.0,2.0,3.0,2.0,2.0,0,True,0.0,1.3407144015808545,1.889301107809165,0.30296204581243535,0.6703572007904274,0.4723252769522914,0.1514810229062175
9,508,b0291,2.0,2.0,3.0,2.0,3.0,0,True,0.0,1.3981974081419484,2.0269162170779014,0.26825403061844033,0.6990987040709743,0.5067290542694755,0.13412701530922017
9,509,b0291,2.0,2.0,3.0,2.0,4.0,0,True,0.0,1.0532993687753824,1.2012255614654752,0.30296204581243535,0.5266496843876913,0.3003063903663689,0.15148102290621768
9,510,b0292,2.0,2.0,3.5,1.5,2.0,0,True,0.0,0.671315736620112,0.8957658732795352,0.6671589428657398,0.33565786831005584,0.22394146831988368,0.3335794714328699
9,511,b0292,2.0,2.0,3.5,1.5,3.0,0,True,-0.0,1.3343436246399751,1.7804729086173468,0.0,0.6671718123199876,0.4451182271543367,0.0
9,512,b0292,2.0,2.0,3.5,1.5,4.0,0,True,0.0,0.6630278880198632,0.8847070353378118,0.6671589428657398,0.3315139440099318,0.2211767588344531,0.33357947143287
9,513,b0293,2.0,2.0,4.0,1.0,3.0,0,True,0.0,0.9790681238322695,0.9585743911044402,0.0,0.48953406191613474,0.23964359777611005,0.0
9,514,b0293,2.0,2.0,4.0,1.0,4.0,0,True,0.0,0.9790681238322695,0.9585743911044402,0.0,0.48953406191613474,0.23964359777611005,0.0
9,515,b0294,2.0,2.0,4.5,0.5,4.0,0,True,0.0,0.0,0.0,0.0,0.0,0.0,0.0
9,516,b0295,2.0,2.5,0.0,4.5,4.5,0,False,0.0,0.0,0.0,0.0,0.0,0.0,0.0
9,517,b0296,2.0,2.5,0.5,4.0,3.5,0,True,0.0,0.8705283428181817,0.7578195956497696,0.0,0.43526417140909085,0.1894548989124424,0.0
9,518,b0296,2.0,2.5,0.5,4.0,4.5,0,True,0.0,0.8705283428181817,0.7578195956497696,0.0,0.43526417140909085,0.1894548989124424,0.0
9,519,b0297,2.0,2.5,1.0,3.5,2.5,0,True,0.0,0.7236140284582906,0.9007078830943361,0.6140770480263046,0.3618070142291453,0.225176970773584,0.30703852401315224
9,520,b0297,2.0,2.5,1.0,3.5,3.5,0,True,-0.0,1.2447352423685814,1.549365823594371,0.0,0.6223676211842906,0.3873414558985926,0.0
9,521,b0297,2.0,2.5,1.0,3.5,4.5,0,True,0.0,0.5211212139102912,0.6486579405000359,0.6140770480263046,0.2605606069551455,0.16216448512500886,0.3070385240131522
9,522,b0298,2.0,2.5,1.5,3.0,1.5,0,True,0.0,0.9997527056636423,1.0883850905001082,0.29812684887197743,0.49987635283182125,0.27209627262502717,0.14906342443598872
9,523,b0298,2.0,2.5,1.5,3.0,2.5,0,True,0.0,1.3532876584452351,1.9008246880770114,0.26350939561394027,0.6766438292226177,0.475206172019253,0.13175469780697013
9,524,b0298,2.0,2.5,1.5,3.0,3.5,0,True,-0.0,1.2982933324569874,1.7744451951206046,0.29812684887197743,0.6491466662284936,0.44361129878015104,0.1490634244359889
9,525,b0298,2.0,2.5,1.5,3.0,4.5,0,True,0.0,0.9447583796753943,0.9620055975437006,0.26350939561394027,0.47237918983769706,0.24050139938592505,0.13175469780697013
9,526,b0299,2.0,2.5,2.0,2.5,0.5,0,True,0.0,0.647573482192972,0.7524418599585387,0.577139883493601,0.32378674109648603,0.1881104649896347,0.2885699417468005
9,527,b0299,2.0,2.5,2.0,2.5,1.5,0,True,0.0,1.2992729679432575,1.759964223997805,0.268055924705506,0.6496364839716287,0.4399910559994511,0.134027962352753
9,528,b0299,2.0,2.5,2.0,2.5,2.5,0,True,0.0,1.287910740701297,2.0596199086916016,0.6331712506722316,0.6439553703506486,0.5149049771729005,0.3165856253361158
9,529,b0299,2.0,2.5,2.0,2.5,3.5,0,True,0.0,1.3624543553087554,1.92813584906952,0.26805592470550554,0.6812271776543778,0.48203396226738016,0.134027962352753
9,530,b0299,2.0,2.5,2.0,2.5,4.5,0,True,0.0,0.726243100357744,0.8760383044171857,0.5904314215892964,0.36312155017887204,0.21900957610429647,0.29521571079464826
9,531,b0300,2.0,2.5,2.5,2.0,0.5,0,True,0.0,0.6475734821929718,0.7524418599585385,0.577139883493601,0.32378674109648603,0.1881104649896347,0.2885699417468005
9,532,b0300,2.0,2.5,2.5,2.0,1.5,0,True,0.0,1.2992729679432578,1.7599642239978055,0.268055924705506,0.6496364839716287,0.43999105599945115,0.1340279623527532
9,533,b0300,2.0,2.5,2.5,2.0,2.5,0,True,0.0,1.2879107407012973,2.059619908691602,0.6331712506722316,0.6439553703506488,0.5149049771729008,0.316585625336116
9,534,b0300,2.0,2.5,2.5,2.0,3.5,0,True,0.0,1.3624543553087554,1.92813584906952,0.26805592470550554,0.6812271776543781,0.48203396226738066,0.1340279623527532
9,535,b0300,2.0,2.5,2.5,2.0,4.5,0,True,0.0,0.7262431003577442,0.8760383044171859,0.5904314215892963,0.36312155017887215,0.21900957610429655,0.29521571079464826
9,536,b0301,2.0,2.5,3.0,1.5,1.5,0,True,0.0,0.999752705663642,1.0883850905001078,0.29812684887197743,0.49987635283182125,0.27209627262502717,0.14906342443598872
9,537,b0301,2.0,2.5,3.0,1.5,2.5,0,True,0.0,1.3532876584452347,1.9008246880770103,0.26350939561394027,0.6766438292226179,0.4752061720192533,0.13175469780697013
9,538,b0301,2.0,2.5,3.0,1.5,3.5,0,True,0.0,1.2982933324569874,1.7744451951206044,0.2981268488719771,0.6491466662284937,0.4436112987801511,0.14906342443598855
9,539,b0301,2.0,2.5,3.0,1.5,4.5,0,True,0.0,0.9447583796753941,0.9620055975437002,0.26350939561394027,0.4723791898376973,0.2405013993859253,0.13175469780697024
9,540,b0302,2.0,2.5,3.5,1.0,2.5,0,True,0.0,0.7236140284582907,0.9007078830943365,0.6140770480263047,0.3618070142291453,0.225176970773584,0.30703852401315224
9,541,b0302,2.0,2.5,3.5,1.0,3.5,0,True,0.0,1.2447352423685816,1.5493658235943715,0.0,0.6223676211842906,0.3873414558985926,0.0
9,542,b0302,2.0,2.5,3.5,1.0,4.5,0,True,0.0,0.5211212139102913,0.6486579405000361,0.6140770480263047,0.2605606069551455,0.16216448512500886,0.3070385240131522
9,543,b0303,2.0,2.5,4.0,0.5,3.5,0,True,0.0,0.8705283428181817,0.7578195956497696,0.0,0.43526417140909085,0.1894548989124424,0.0
9,544,b0303,2.0,2.5,4.0,0.5,4.5,0,True,0.0,0.8705283428181817,0.7578195956497696,0.0,0.43526417140909085,0.1894548989124424,0.0
9,545,b0304,2.0,2.5,4.5,0.0,4.5,0,False,0.0,0.0,0.0,0.0,0.0,0.0,0.0
9,546,b0305,2.0,3.0,0.0,4.0,4.0,0,False,0.0,0.0,0.0,0.0,0.0,0.0,0.0
9,547,b0306,2.0,3.0,0.5,3.5,3.0,0,True,0.0,0.9633979775835652,0.9281356632121035,0.0,0.4816989887917826,0.23203391580302588,0.0
9,548,b0306,2.0,3.0,0.5,3.5,4.0,0,True,0.0,0.9633979775835652,0.9281356632121035,0.0,0.4816989887917826,0.23203391580302588,0.0
9,549,b0307,2.0,3.0,1.0,3.0,2.0,0,True,0.0,0.638860020848897,0.8332901744047342,0.6520337783931758,0.3194300104244486,0.20832254360118363,0.32601688919658794
9,550,b0307,2.0,3.0,1.0,3.0,3.0,0,True,0.0,1.3043392092331663,1.7013007727430014,0.0,0.652169604616583,0.42532519318575024,0.0
9,551,b0307,2.0,3.0,1.0,3.0,4.0,0,True,0.0,0.6654791883842687,0.868010598338266,0.6520337783931758,0.3327395941921344,0.21700264958456658,0.32601688919658794
9,552,b0308,2.0,3.0,1.5,2.5,1.0,0,True,0.0,0.9243319157369024,0.9150646430170353,0.2463232684242054,0.46216595786845144,0.22876616075425896,0.12316163421210247
9,553,b0308,2.0,3.0,1.5,2.5,2.0,0,True,-0.0,1.2691126696877129,1.7073866886539386,0.31103009547641014,0.6345563348438559,0.4268466721634838,0.1555150477382047
9,554,b0308,2.0,3.0,1.5,2.5,3.0,0,True,0.0,1.3737141223837261,1.947765642603674,0.2463232684242054,0.6868570611918628,0.48694141065091817,0.12316163421210247
9,555,b0308,2.0,3.0,1.5,2.5,4.0,0,True,0.0,1.0289333684329163,1.1554435969667722,0.31103009547641014,0.5144666842164581,0.28886089924169295,0.1555150477382047
9,556,b0309,2.0,3.0,2.0,2.0,1.0,0,True,0.0,0.9958163622142879,1.063610452196737,0.2682540306184405,0.4979081811071442,0.2659026130491845,0.13412701530922025
9,557,b0309,2.0,3.0,2.0,2.0,2.0,0,True,0.0,1.3407144015808548,1.8893011078091657,0.30296204581243535,0.6703572007904275,0.4723252769522915,0.1514810229062175
9,558,b0309,2.0,3.0,2.0,2.0,3.0,0,True,0.0,1.3981974081419486,2.026916217077902,0.26825403061844033,0.6990987040709742,0.5067290542694753,0.13412701530922017
9,559,b0309,2.0,3.0,2.0,2.0,4.0,0,True,0.0,1.0532993687753822,1.2012255614654748,0.30296204581243535,0.5266496843876909,0.3003063903663684,0.1514810229062175
9,560,b0310,2.0,3.0,2.5,1.5,1.0,0,True,0.0,0.9243319157369027,0.9150646430170356,0.2463232684242054,0.46216595786845144,0.228766160754259,0.1231616342121027
9,561,b0310,2.0,3.0,2.5,1.5,2.0,0,True,0.0,1.269112669687713,1.707386688653939,0.31103009547641014,0.6345563348438567,0.4268466721634849,0.15551504773820488
9,562,b0310,2.0,3.0,2.5,1.5,3.0,0,True,0.0,1.3737141223837261,1.947765642603674,0.2463232684242054,0.6868570611918634,0.48694141065091895,0.1231616342121027
9,563,b0310,2.0,3.0,2.5,1.5,4.0,0,True,0.0,1.0289333684329163,1.1554435969667722,0.31103009547641014,0.5144666842164584,0.2888608992416932,0.15551504773820488
9,564,b0311,2.0,3.0,3.0,1.0,2.0,0,True,0.0,0.638860020848897,0.8332901744047342,0.6520337783931758,0.31943001042444863,0.20832254360118369,0.326016889196588
9,565,b0311,2.0,3.0,3.0,1.0,3.0,0,True,0.0,1.3043392092331663,1.7013007727430014,0.0,0.6521696046165832,0.4253251931857505,0.0
9,566,b0311,2.0,3.0,3.0,1.0,4.0,0,True,0.0,0.6654791883842688,0.8680105983382662,0.6520337783931759,0.33273959419213445,0.21700264958456666,0.326016889196588
9,567,b0312,2.0,3.0,3.5,0.5,3.0,0,True,0.0,0.9633979775835652,0.9281356632121035,0.0,0.4816989887917826,0.23203391580302588,0.0
9,568,b0312,2.0,3.0,3.5,0.5,4.0,0,True,0.0,0.9633979775835652,0.9281356632121035,0.0,0.4816989887917826,0.23203391580302588,0.0
9,569,b0313,2.0,3.0,4.0,0.0,4.0,0,False,0.0,0.0,0.0,0.0,0.0,0.0,0.0
9,570,b0314,2.0,3.5,0.0,3.5,3.5,0,False,0.0,0.0,0.0,0.0,0.0,0.0,0.0
9,571,b0315,2.0,3.5,0.5,3.0,2.5,0,True,0.0,0.9633979775835652,0.9281356632121035,0.0,0.4816989887917826,0.23203391580302588,0.0
9,572,b0315,2.0,3.5,0.5,3.0,3.5,0,True,0.0,0.9633979775835652,0.9281356632121035,0.0,0.4816989887917826,0.23203391580302588,0.0
9,573,b0316,2.0,3.5,1.0,2.5,1.5,0,True,0.0,0.5002763653538806,0.6227116228800359,0.6102746768040982,0.25013818267694043,0.155677905720009,0.30513733840204904
9,574,b0316,2.0,3.5,1.0,2.5,2.5,0,True,-0.0,1.244735242368582,1.5493658235943726,0.0,0.6223676211842909,0.38734145589859303,0.0
9,575,b0316,2.0,3.5,1.0,2.5,3.5,0,True,0.0,0.7444588770147013,0.9266542007143366,0.6102746768040982,0.37222943850735046,0.231663550178584,0.30513733840204904
9,576,b0317,2.0,3.5,1.5,2.0,1.5,0,True,0.0,0.6091568721182504,0.812824588716616,0.6646446372820032,0.30457843605912527,0.20320614717915406,0.3323223186410016
9,577,b0317,2.0,3.5,1.5,2.0,2.5,0,True,-0.0,1.3343436246399754,1.7804729086173474,0.0,0.6671718123199878,0.445118227154337,0.0
9,578,b0317,2.0,3.5,1.5,2.0,3.5,0,True,0.0,0.7251867525217246,0.9676483199007306,0.6646446372820032,0.36259337626086224,0.2419120799751826,0.3323223186410016
9,579,b0318,2.0,3.5,2.0,1.5,1.5,0,True,0.0,0.6091568721182502,0.8128245887166157,0.6646446372820031,0.3045784360591249,0.20320614717915367,0.33232231864100137
9,580,b0318,2.0,3.5,2.0,1.5,2.5,0,True,0.0,1.3343436246399754,1.7804729086173474,0.0,0.6671718123199876,0.4451182271543367,0.0
9,581,b0318,2.0,3.5,2.0,1.5,3.5,0,True,0.0,0.7251867525217247,0.9676483199007306,0.6646446372820031,0.3625933762608623,0.2419120799751825,0.33232231864100137
9,582,b0319,2.0,3.5,2.5,1.0,1.5,0,True,0.0,0.5002763653538808,0.6227116228800362,0.6102746768040983,0.2501381826769402,0.15567790572000892,0.3051373384020491
9,583,b0319,2.0,3.5,2.5,1.0,2.5,0,True,0.0,1.2447352423685822,1.5493658235943732,0.0,0.6223676211842911,0.3873414558985933,0.0
9,584,b0319,2.0,3.5,2.5,1.0,3.5,0,True,0.0,0.7444588770147013,0.9266542007143367,0.6102746768040983,0.37222943850735085,0.2316635501785843,0.3051373384020491
9,585,b0320,2.0,3.5,3.0,0.5,2.5,0,True,0.0,0.9633979775835652,0.9281356632121035,0.0,0.4816989887917826,0.23203391580302588,0.0
9,586,b0320,2.0,3.5,3.0,0.5,3.5,0,True,-0.0,0.9633979775835652,0.9281356632121035,0.0,0.4816989887917826,0.23203391580302588,0.0
9,587,b0321,2.0,3.5,3.5,0.0,3.5,0,False,0.0,0.0,0.0,0.0,0.0,0.0,0.0
9,588,b0322,2.0,4.0,0.0,3.0,3.0,0,False,0.0,0.0,0.0,0.0,0.0,0.0,0.0
9,589,b0323,2.0,4.0,0.5,2.5,2.0,0,True,0.0,0.8705283428181819,0.7578195956497701,0.0,0.4352641714090909,0.18945489891244247,0.0
9,590,b0323,2.0,4.0,0.5,2.5,3.0,0,True,0.0,0.8705283428181819,0.7578195956497701,0.0,0.4352641714090909,0.18945489891244247,0.0
9,591,b0324,2.0,4.0,1.0,2.0,2.0,0,True,0.0,0.97906812383227,0.9585743911044413,0.0,0.48953406191613497,0.23964359777611027,0.0
9,592,b0324,2.0,4.0,1.0,2.0,3.0,0,True,-0.0,0.97906812383227,0.9585743911044413,0.0,0.48953406191613497,0.23964359777611027,0.0
9,593,b0325,2.0,4.0,1.5,1.5,2.0,0,True,0.0,1.008326176558247,1.016721678332573,0.0,0.5041630882791235,0.25418041958314325,0.0
9,594,b0325,2.0,4.0,1.5,1.5,3.0,0,True,0.0,1.008326176558247,1.016721678332573,0.0,0.5041630882791235,0.25418041958314325,0.0
9,595,b0326,2.0,4.0,2.0,1.0,2.0,0,True,0.0,0.9790681238322699,0.9585743911044411,0.0,0.48953406191613497,0.23964359777611027,0.0
9,596,b0326,2.0,4.0,2.0,1.0,3.0,0,True,0.0,0.9790681238322699,0.9585743911044411,0.0,0.48953406191613497,0.23964359777611027,0.0
9,597,b0327,2.0,4.0,2.5,0.5,2.0,0,True,0.0,0.8705283428181817,0.7578195956497696,0.0,0.43526417140909085,0.1894548989124424,0.0
9,598,b0327,2.0,4.0,2.5,0.5,3.0,0,True,0.0,0.8705283428181817,0.7578195956497696,0.0,0.43526417140909085,0.1894548989124424,0.0
9,599,b0328,2.0,4.0,3.0,0.0,3.0,0,False,0.0,0.0,0.0,0.0,0.0,0.0,0.0
9,600,b0329,2.0,4.5,0.0,2.5,2.5,0,False,0.0,0.0,0.0,0.0,0.0,0.0,0.0
9,601,b0330,2.0,4.5,0.5,2.0,2.5,0,True,0.0,0.0,0.0,0.0,0.0,0.0,0.0
9,602,b0331,2.0,4.5,1.0,1.5,2.5,0,True,0.0,0.0,0.0,0.0,0.0,0.0,0.0
9,603,b0332,2.0,4.5,1.5,1.0,2.5,0,True,0.0,0.0,0.0,0.0,0.0,0.0,0.0
9,604,b0333,2.0,4.5,2.0,0.5,2.5,0,True,0.0,0.0,0.0,0.0,0.0,0.0,0.0
9,605,b0334,2.0,4.5,2.5,0.0,2.5,0,False,0.0,0.0,0.0,0.0,0.0,0.0,0.0
9,606,b0335,2.5,0.0,2.0,4.5,2.5,0,False,0.0,0.0,0.0,0.0,0.0,0.0,0.0
9,607,b0336,2.5,0.0,2.5,4.0,2.5,0,False,0.0,0.0,0.0,0.0,0.0,0.0,0.0
9,608,b0337,2.5,0.0,3.0,3.5,2.5,0,False,0.0,0.0,0.0,0.0,0.0,0.0,0.0
9,609,b0338,2.5,0.0,3.5,3.0,2.5,0,False,0.0,0.0,0.0,0.0,0.0,0.0,0.0
9,610,b0339,2.5,0.0,4.0,2.5,2.5,0,False,0.0,0.0,0.0,0.0,0.0,0.0,0.0
9,611,b0340,2.5,0.0,4.5,2.0,2.5,0,False,0.0,0.0,0.0,0.0,0.0,0.0,0.0
9,612,b0341,2.5,0.5,1.5,4.5,3.0,0,True,0.0,0.0,0.0,0.0,0.0,0.0,0.0
9,613,b0342,2.5,0.5,2.0,4.0,2.0,0,True,0.0,0.8705283428181819,0.7578195956497701,0.0,0.435264171409091,0.18945489891244258,0.0
9,614,b0342,2.5,0.5,2.0,4.0,3.0,0,True,-0.0,0.8705283428181819,0.7578195956497701,0.0,0.435264171409091,0.18945489891244258,0.0
9,615,b0343,2.5,0.5,2.5,3.5,2.0,0,True,-0.0,0.9790681238322699,0.9585743911044411,0.0,0.48953406191613485,0.23964359777611016,0.0
9,616,b0343,2.5,0.5,2.5,3.5,3.0,0,True,0.0,0.9790681238322699,0.9585743911044411,0.0,0.48953406191613485,0.23964359777611016,0.0
9,617,b0344,2.5,0.5,3.0,3.0,2.0,0,True,0.0,1.0083261765582474,1.0167216783325739,0.0,0.5041630882791237,0.25418041958314347,0.0
9,618,b0344,2.5,0.5,3.0,3.0,3.0,0,True,0.0,1.0083261765582474,1.0167216783325739,0.0,0.5041630882791237,0.25418041958314347,0.0
9,619,b0345,2.5,0.5,3.5,2.5,2.0,0,True,0.0,0.9790681238322697,0.9585743911044406,0.0,0.48953406191613485,0.23964359777611016,0.0
9,620,b0345,2.5,0.5,3.5,2.5,3.0,0,True,0.0,0.9790681238322697,0.9585743911044406,0.0,0.48953406191613485,0.23964359777611016,0.0
9,621,b0346,2.5,0.5,4.0,2.0,2.0,0,True,0.0,0.8705283428181819,0.7578195956497701,0.0,0.435264171409091,0.18945489891244258,0.0
9,622,b0346,2.5,0.5,4.0,2.0,3.0,0,True,0.0,0.8705283428181819,0.7578195956497701,0.0,0.435264171409091,0.18945489891244258,0.0
9,623,b0347,2.5,0.5,4.5,1.5,3.0,0,True,0.0,0.0,0.0,0.0,0.0,0.0,0.0
9,624,b0348,2.5,1.0,1.0,4.5,3.5,0,True,0.0,0.0,0.0,0.0,0.0,0.0,0.0
9,625,b0349,2.5,1.0,1.5,4.0,2.5,0,True,0.0,0.9633979775835652,0.9281356632121035,0.0,0.4816989887917826,0.23203391580302588,0.0
9,626,b0349,2.5,1.0,1.5,4.0,3.5,0,True,-0.0,0.9633979775835652,0.9281356632121035,0.0,0.4816989887917826,0.23203391580302588,0.0
9,627,b0350,2.5,1.0,2.0,3.5,1.5,0,True,0.0,0.5002763653538805,0.6227116228800357,0.6102746768040981,0.2501381826769405,0.15567790572000917,0.30513733840204926
9,628,b0350,2.5,1.0,2.0,3.5,2.5,0,True,0.0,1.2447352423685818,1.5493658235943721,0.0,0.6223676211842912,0.3873414558985934,0.0
9,629,b0350,2.5,1.0,2.0,3.5,3.5,0,True,0.0,0.744458877014701,0.9266542007143361,0.6102746768040981,0.3722294385073508,0.23166355017858437,0.3051373384020492
9,630,b0351,2.5,1.0,2.5,3.0,1.5,0,True,-0.0,0.609156872118249,0.8128245887166138,0.6646446372820027,0.3045784360591244,0.20320614717915336,0.33232231864100137
9,631,b0351,2.5,1.0,2.5,3.0,2.5,0,True,0.0,1.334343624639975,1.7804729086173463,0.0,0.6671718123199873,0.4451182271543364,0.0
9,632,b0351,2.5,1.0,2.5,3.0,3.5,0,True,0.0,0.7251867525217256,0.9676483199007314,0.6646446372820027,0.36259337626086285,0.2419120799751829,0.33232231864100137
9,633,b0352,2.5,1.0,3.0,2.5,1.5,0,True,0.0,0.609156872118249,0.8128245887166138,0.6646446372820027,0.3045784360591244,0.20320614717915336,0.33232231864100137
9,634,b0352,2.5,1.0,3.0,2.5,2.5,0,True,-0.0,1.334343624639975,1.7804729086173463,0.0,0.6671718123199873,0.4451182271543364,0.0
9,635,b0352,2.5,1.0,3.0,2.5,3.5,0,True,0.0,0.7251867525217255,0.9676483199007313,0.6646446372820027,0.36259337626086285,0.2419120799751829,0.33232231864100137
9,636,b0353,2.5,1.0,3.5,2.0,1.5,0,True,0.0,0.5002763653538806,0.6227116228800359,0.6102746768040982,0.2501381826769402,0.15567790572000892,0.3051373384020491
9,637,b0353,2.5,1.0,3.5,2.0,2.5,0,True,-0.0,1.244735242368582,1.5493658235943726,0.0,0.6223676211842911,0.3873414558985933,0.0
9,638,b0353,2.5,1.0,3.5,2.0,3.5,0,True,0.0,0.7444588770147011,0.9266542007143365,0.6102746768040982,0.37222943850735085,0.2316635501785843,0.3051373384020491
9,639,b0354,2.5,1.0,4.0,1.5,2.5,0,True,0.0,0.9633979775835652,0.9281356632121035,0.0,0.4816989887917826,0.23203391580302588,0.0
9,640,b0354,2.5,1.0,4.0,1.5,3.5,0,True,0.0,0.9633979775835652,0.9281356632121035,0.0,0.4816989887917826,0.23203391580302588,0.0
9,641,b0355,2.5,1.0,4.5,1.0,3.5,0,True,0.0,0.0,0.0,0.0,0.0,0.0,0.0
9,642,b0356,2.5,1.5,0.5,4.5,4.0,0,True,0.0,0.0,0.0,0.0,0.0,0.0,0.0
9,643,b0357,2.5,1.5,1.0,4.0,3.0,0,True,0.0,0.9633979775835652,0.9281356632121035,0.0,0.4816989887917826,0.23203391580302588,0.0
9,644,b0357,2.5,1.5,1.0,4.0,4.0,0,True,0.0,0.9633979775835652,0.9281356632121035,0.0,0.4816989887917826,0.23203391580302588,0.0
9,645,b0358,2.5,1.5,1.5,3.5,2.0,0,True,-0.0,0.638860020848897,0.8332901744047341,0.6520337783931757,0.3194300104244485,0.20832254360118352,0.32601688919658783
9,646,b0358,2.5,1.5,1.5,3.5,3.0,0,True,0.0,1.3043392092331658,1.7013007727430003,0.0,0.6521696046165827,0.4253251931857498,0.0
9,647,b0358,2.5,1.5,1.5,3.5,4.0,0,True,0.0,0.6654791883842688,0.868010598338266,0.6520337783931757,0.33273959419213434,0.21700264958456647,0.32601688919658783
9,648,b0359,2.5,1.5,2.0,3.0,1.0,0,True,0.0,0.9243319157369027,0.9150646430170357,0.24632326842420563,0.462165957868451,0.22876616075425854,0.12316163421210247
9,649,b0359,2.5,1.5,2.0,3.0,2.0,0,True,0.0,1.2691126696877133,1.7073866886539397,0.31103009547641014,0.6345563348438562,0.4268466721634844,0.15551504773820507
9,650,b0359,2.5,1.5,2.0,3.0,3.0,0,True,-0.0,1.3737141223837266,1.9477656426036754,0.2463232684242054,0.6868570611918627,0.486941410650918,0.12316163421210247
9,651,b0359,2.5,1.5,2.0,3.0,4.0,0,True,0.0,1.0289333684329165,1.1554435969667727,0.31103009547641014,0.5144666842164581,0.28886089924169306,0.15551504773820507
9,652,b0360,2.5,1.5,2.5,2.5,1.0,0,True,0.0,0.9958163622142892,1.0636104521967396,0.2682540306184405,0.4979081811071447,0.265902613049185,0.13412701530922025
9,653,b0360,2.5,1.5,2.5,2.5,2.0,0,True,0.0,1.3407144015808554,1.8893011078091673,0.302962045812435,0.670357200790428,0.47232527695229226,0.1514810229062175
9,654,b0360,2.5,1.5,2.5,2.5,3.0,0,True,0.0,1.398197408141949,2.026916217077903,0.26825403061844033,0.6990987040709747,0.5067290542694761,0.13412701530922017
9,655,b0360,2.5,1.5,2.5,2.5,4.0,0,True,0.0,1.0532993687753827,1.2012255614654754,0.302962045812435,0.5266496843876916,0.3003063903663691,0.15148102290621732
9,656,b0361,2.5,1.5,3.0,2.0,1.0,0,True,0.0,0.9243319157369024,0.9150646430170353,0.2463232684242054,0.46216595786845144,0.22876616075425898,0.12316163421210259
9,657,b0361,2.5,1.5,3.0,2.0,2.0,0,True,-0.0,1.269112669687713,1.707386688653939,0.31103009547641014,0.6345563348438559,0.4268466721634838,0.1555150477382047
9,658,b0361,2.5,1.5,3.0,2.0,3.0,0,True,0.0,1.373714122383726,1.9477656426036734,0.2463232684242054,0.6868570611918626,0.4869414106509179,0.1231616342121027
9,659,b0361,2.5,1.5,3.0,2.0,4.0,0,True,0.0,1.0289333684329163,1.1554435969667722,0.31103009547641014,0.5144666842164581,0.28886089924169295,0.1555150477382047
9,660,b0362,2.5,1.5,3.5,1.5,2.0,0,True,0.0,0.6388600208488971,0.8332901744047342,0.6520337783931757,0.3194300104244486,0.20832254360118363,0.32601688919658794
9,661,b0362,2.5,1.5,3.5,1.5,3.0,0,True,0.0,1.3043392092331656,1.7013007727429998,0.0,0.652169604616583,0.42532519318575024,0.0
9,662,b0362,2.5,1.5,3.5,1.5,4.0,0,True,0.0,0.6654791883842687,0.8680105983382659,0.6520337783931757,0.3327395941921344,0.21700264958456658,0.32601688919658794
9,663,b0363,2.5,1.5,4.0,1.0,3.0,0,True,0.0,0.9633979775835652,0.9281356632121035,0.0,0.4816989887917826,0.23203391580302588,0.0
9,664,b0363,2.5,1.5,4.0,1.0,4.0,0,True,0.0,0.9633979775835652,0.9281356632121035,0.0,0.4816989887917826,0.23203391580302588,0.0
9,665,b0364,2.5,1.5,4.5,0.5,4.0,0,True,0.0,0.0,0.0,0.0,0.0,0.0,0.0
9,666,b0365,2.5,2.0,0.0,4.5,4.5,0,False,0.0,0.0,0.0,0.0,0.0,0.0,0.0
9,667,b0366,2.5,2.0,0.5,4.0,3.5,0,True,-0.0,0.8705283428181816,0.7578195956497695,0.0,0.4352641714090908,0.18945489891244238,0.0
9,668,b0366,2.5,2.0,0.5,4.0,4.5,0,True,0.0,0.8705283428181816,0.7578195956497695,0.0,0.4352641714090908,0.18945489891244238,0.0
9,669,b0367,2.5,2.0,1.0,3.5,2.5,0,True,0.0,0.7236140284582905,0.900707883094336,0.6140770480263046,0.36180701422914524,0.225176970773584,0.3070385240131523
9,670,b0367,2.5,2.0,1.0,3.5,3.5,0,True,0.0,1.2447352423685814,1.549365823594371,0.0,0.6223676211842906,0.3873414558985926,0.0
9,671,b0367,2.5,2.0,1.0,3.5,4.5,0,True,0.0,0.5211212139102912,0.6486579405000359,0.6140770480263046,0.2605606069551456,0.16216448512500897,0.3070385240131523
9,672,b0368,2.5,2.0,1.5,3.0,1.5,0,True,0.0,0.9997527056636427,1.0883850905001091,0.29812684887197743,0.49987635283182075,0.27209627262502667,0.14906342443598872
9,673,b0368,2.5,2.0,1.5,3.0,2.5,0,True,-0.0,1.3532876584452356,1.9008246880770128,0.26350939561394027,0.6766438292226171,0.47520617201925225,0.13175469780697013
9,674,b0368,2.5,2.0,1.5,3.0,3.5,0,True,0.0,1.2982933324569876,1.7744451951206053,0.2981268488719778,0.649146666228493,0.44361129878015026,0.14906342443598872
9,675,b0368,2.5,2.0,1.5,3.0,4.5,0,True,0.0,0.9447583796753946,0.9620055975437011,0.26350939561394027,0.47237918983769683,0.24050139938592485,0.13175469780697013
9,676,b0369,2.5,2.0,2.0,2.5,0.5,0,True,0.0,0.647573482192972,0.7524418599585386,0.5771398834936009,0.32378674109648625,0.18811046498963493,0.2885699417468006
9,677,b0369,2.5,2.0,2.0,2.5,1.5,0,True,-0.0,1.299272967943257,1.7599642239978037,0.268055924705506,0.6496364839716291,0.43999105599945165,0.134027962352753
9,678,b0369,2.5,2.0,2.0,2.5,2.5,0,True,0.0,1.2879107407012969,2.059619908691601,0.6331712506722317,0.6439553703506489,0.5149049771729008,0.31658562533611584
9,679,b0369,2.5,2.0,2.0,2.5,3.5,0,True,0.0,1.3624543553087554,1.92813584906952,0.26805592470550554,0.6812271776543781,0.48203396226738066,0.1340279623527532
9,680,b0369,2.5,2.0,2.0,2.5,4.5,0,True,0.0,0.726243100357744,0.8760383044171856,0.5904314215892963,0.3631215501788722,0.2190095761042967,0.29521571079464837
9,681,b0370,2.5,2.0,2.5,2.0,0.5,0,True,0.0,0.6475734821929717,0.7524418599585383,0.5771398834936009,0.32378674109648625,0.1881104649896349,0.28856994174680056
9,682,b0370,2.5,2.0,2.5,2.0,1.5,0,True,0.0,1.2992729679432575,1.759964223997805,0.268055924705506,0.6496364839716291,0.43999105599945165,0.134027962352753
9,683,b0370,2.5,2.0,2.5,2.0,2.5,0,True,0.0,1.287910740701297,2.0596199086916016,0.6331712506722316,0.6439553703506489,0.5149049771729008,0.31658562533611584
9,684,b0370,2.5,2.0,2.5,2.0,3.5,0,True,0.0,1.3624543553087554,1.92813584906952,0.26805592470550554,0.6812271776543781,0.48203396226738066,0.1340279623527532
9,685,b0370,2.5,2.0,2.5,2.0,4.5,0,True,0.0,0.7262431003577442,0.876038304417186,0.5904314215892964,0.3631215501788722,0.21900957610429667,0.29521571079464837
9,686,b0371,2.5,2.0,3.0,1.5,1.5,0,True,-0.0,0.9997527056636425,1.0883850905001087,0.29812684887197743,0.499876352831821,0.27209627262502695,0.14906342443598872
9,687,b0371,2.5,2.0,3.0,1.5,2.5,0,True,0.0,1.3532876584452354,1.900824688077012,0.26350939561394027,0.6766438292226176,0.4752061720192528,0.13175469780696994
9,688,b0371,2.5,2.0,3.0,1.5,3.5,0,True,-0.0,1.2982933324569874,1.7744451951206046,0.29812684887197743,0.6491466662284934,0.4436112987801507,0.14906342443598872
9,689,b0371,2.5,2.0,3.0,1.5,4.5,0,True,0.0,0.9447583796753946,0.9620055975437011,0.26350939561394027,0.47237918983769694,0.24050139938592494,0.13175469780697005
9,690,b0372,2.5,2.0,3.5,1.0,2.5,0,True,0.0,0.7236140284582906,0.9007078830943362,0.6140770480263047,0.36180701422914546,0.22517697077358423,0.3070385240131524
9,691,b0372,2.5,2.0,3.5,1.0,3.5,0,True,-0.0,1.2447352423685816,1.5493658235943715,0.0,0.6223676211842911,0.3873414558985933,0.0
9,692,b0372,2.5,2.0,3.5,1.0,4.5,0,True,0.0,0.5211212139102913,0.6486579405000361,0.6140770480263047,0.2605606069551457,0.1621644851250091,0.30703852401315246
9,693,b0373,2.5,2.0,4.0,0.5,3.5,0,True,0.0,0.8705283428181816,0.7578195956497695,0.0,0.4352641714090908,0.18945489891244238,0.0
9,694,b0373,2.5,2.0,4.0,0.5,4.5,0,True,0.0,0.8705283428181816,0.7578195956497695,0.0,0.4352641714090908,0.18945489891244238,0.0
9,695,b0374,2.5,2.0,4.5,0.0,4.5,0,False,0.0,0.0,0.0,0.0,0.0,0.0,0.0
9,696,b0375,2.5,2.5,0.0,4.0,4.0,0,False,0.0,0.0,0.0,0.0,0.0,0.0,0.0
9,697,b0376,2.5,2.5,0.5,3.5,3.0,0,True,0.0,0.9790681238322697,0.9585743911044406,0.0,0.48953406191613485,0.23964359777611016,0.0
9,698,b0376,2.5,2.5,0.5,3.5,4.0,0,True,0.0,0.9790681238322697,0.9585743911044406,0.0,0.48953406191613485,0.23964359777611016,0.0
9,699,b0377,2.5,2.5,1.0,3.0,2.0,0,True,0.0,0.6713157366201115,0.8957658732795344,0.6671589428657398,0.3356578683100557,0.2239414683198835,0.33357947143286987
9,700,b0377,2.5,2.5,1.0,3.0,3.0,0,True,0.0,1.334343624639975,1.7804729086173463,0.0,0.6671718123199873,0.4451182271543364,0.0
9,701,b0377,2.5,2.5,1.0,3.0,4.0,0,True,0.0,0.6630278880198636,0.8847070353378123,0.6671589428657398,0.3315139440099318,0.22117675883445304,0.33357947143286987
9,702,b0378,2.5,2.5,1.5,2.5,1.0,0,True,0.0,0.9958163622142884,1.063610452196738,0.2682540306184405,0.4979081811071443,0.2659026130491846,0.13412701530922025
9,703,b0378,2.5,2.5,1.5,2.5,2.0,0,True,0.0,1.3407144015808548,1.8893011078091657,0.30296204581243535,0.6703572007904274,0.47232527695229143,0.15148102290621768
9,704,b0378,2.5,2.5,1.5,2.5,3.0,0,True,0.0,1.3981974081419488,2.0269162170779027,0.2682540306184407,0.6990987040709742,0.5067290542694753,0.13412701530922017
9,705,b0378,2.5,2.5,1.5,2.5,4.0,0,True,0.0,1.0532993687753822,1.2012255614654748,0.30296204581243535,0.5266496843876911,0.3003063903663687,0.15148102290621768
9,706,b0379,2.5,2.5,2.0,2.0,0.0,0,True,-0.0,0.5295801085771316,0.5937108965093656,0.5596925987618553,0.2647900542885659,0.14842772412734145,0.27984629938092764
9,707,b0379,2.5,2.5,2.0,2.0,1.0,0,True,0.0,1.2234553031046609,1.5581582739117483,0.2476194564585558,0.6117276515523303,0.3895395684779369,0.1238097282292779
9,708,b0379,2.5,2.5,2.0,2.0,2.0,0,True,0.0,1.2448498696197894,1.9598153960173055,0.6404406281029483,0.6224249348098949,0.48995384900432676,0.32022031405147433
9,709,b0379,2.5,2.5,2.0,2.0,3.0,0,True,0.0,1.4382720201473536,2.12994179915558,0.24761945645855624,0.7191360100736768,0.532485449788895,0.12380972822927812
9,710,b0379,2.5,2.5,2.0,2.0,4.0,0,True,0.0,0.8872973450550932,1.134573780540656,0.5893023010296488,0.4436486725275464,0.2836434451351638,0.2946511505148244
9,711,b0380,2.5,2.5,2.5,1.5,1.0,0,True,0.0,0.9958163622142884,1.063610452196738,0.2682540306184405,0.4979081811071442,0.2659026130491845,0.13412701530922025
9,712,b0380,2.5,2.5,2.5,1.5,2.0,0,True,0.0,1.3407144015808554,1.8893011078091675,0.30296204581243535,0.6703572007904274,0.4723252769522914,0.1514810229062175
9,713,b0380,2.5,2.5,2.5,1.5,3.0,0,True,0.0,1.3981974081419488,2.0269162170779027,0.2682540306184407,0.6990987040709744,0.5067290542694757,0.13412701530922036
9,714,b0380,2.5,2.5,2.5,1.5,4.0,0,True,0.0,1.0532993687753822,1.2012255614654748,0.30296204581243535,0.5266496843876912,0.3003063903663688,0.15148102290621768
9,715,b0381,2.5,2.5,3.0,1.0,2.0,0,True,0.0,0.6713157366201115,0.8957658732795342,0.6671589428657397,0.33565786831005573,0.22394146831988365,0.33357947143287003
9,716,b0381,2.5,2.5,3.0,1.0,3.0,0,True,0.0,1.334343624639975,1.7804729086173463,0.0,0.6671718123199876,0.4451182271543367,0.0
9,717,b0381,2.5,2.5,3.0,1.0,4.0,0,True,0.0,0.6630278880198636,0.8847070353378121,0.6671589428657397,0.331513944009932,0.22117675883445329,0.33357947143287003
9,718,b0382,2.5,2.5,3.5,0.5,3.0,0,True,0.0,0.9790681238322697,0.9585743911044406,0.0,0.48953406191613485,0.23964359777611016,0.0
9,719,b0382,2.5,2.5,3.5,0.5,4.0,0,True,0.0,0.9790681238322697,0.9585743911044406,0.0,0.48953406191613485,0.23964359777611016,0.0
9,720,b0383,2.5,2.5,4.0,0.0,4.0,0,False,0.0,0.0,0.0,0.0,0.0,0.0,0.0
9,721,b0384,2.5,3.0,0.0,3.5,3.5,0,False,0.0,0.0,0.0,0.0,0.0,0.0,0.0
9,722,b0385,2.5,3.0,0.5,3.0,2.5,0,True,0.0,1.0083261765582474,1.0167216783325739,0.0,0.5041630882791237,0.25418041958314347,0.0
9,723,b0385,2.5,3.0,0.5,3.0,3.5,0,True,-0.0,1.0083261765582474,1.0167216783325739,0.0,0.5041630882791237,0.25418041958314347,0.0
9,724,b0386,2.5,3.0,1.0,2.5,1.5,0,True,0.0,0.6091568721182494,0.8128245887166143,0.6646446372820027,0.30457843605912444,0.20320614717915336,0.3323223186410013
9,725,b0386,2.5,3.0,1.0,2.5,2.5,0,True,0.0,1.3343436246399751,1.7804729086173468,0.0,0.6671718123199872,0.44511822715433624,0.0
9,726,b0386,2.5,3.0,1.0,2.5,3.5,0,True,0.0,0.725186752521725,0.9676483199007306,0.6646446372820027,0.36259337626086274,0.2419120799751828,0.3323223186410013
9,727,b0387,2.5,3.0,1.5,2.0,0.5,0,True,0.0,0.9054767182552166,0.8717345311462654,0.22769814194241592,0.4527383591276086,0.21793363278656666,0.11384907097120796
9,728,b0387,2.5,3.0,1.5,2.0,1.5,0,True,0.0,1.235442674184704,1.63001148888471,0.3220138004621187,0.6177213370923519,0.4075028722211773,0.16100690023105935
9,729,b0387,2.5,3.0,1.5,2.0,2.5,0,True,0.0,1.392569319865412,1.991095754474445,0.22769814194241567,0.6962846599327068,0.49777393861861235,0.11384907097120808
9,730,b0387,2.5,3.0,1.5,2.0,3.5,0,True,0.0,1.062603363935925,1.232818796736001,0.3220138004621187,0.5313016819679626,0.30820469918400034,0.16100690023105935
9,731,b0388,2.5,3.0,2.0,1.5,0.5,0,True,0.0,0.9054767182552166,0.8717345311462654,0.22769814194241592,0.4527383591276087,0.21793363278656672,0.11384907097120796
9,732,b0388,2.5,3.0,2.0,1.5,1.5,0,True,0.0,1.2354426741847035,1.6300114888847088,0.3220138004621187,0.6177213370923522,0.4075028722211778,0.1610069002310595
9,733,b0388,2.5,3.0,2.0,1.5,2.5,0,True,0.0,1.3925693198654119,1.9910957544744445,0.22769814194241617,0.6962846599327062,0.4977739386186114,0.11384907097120783
9,734,b0388,2.5,3.0,2.0,1.5,3.5,0,True,0.0,1.0626033639359245,1.232818796736,0.3220138004621187,0.5313016819679626,0.3082046991840004,0.1610069002310595
9,735,b0389,2.5,3.0,2.5,1.0,1.5,0,True,0.0,0.6091568721182495,0.8128245887166146,0.6646446372820028,0.30457843605912444,0.20320614717915336,0.3323223186410013
9,736,b0389,2.5,3.0,2.5,1.0,2.5,0,True,0.0,1.3343436246399751,1.7804729086173468,0.0,0.6671718123199872,0.44511822715433624,0.0
9,737,b0389,2.5,3.0,2.5,1.0,3.5,0,True,0.0,0.7251867525217252,0.967648319900731,0.6646446372820028,0.36259337626086274,0.2419120799751828,0.3323223186410013
9,738,b0390,2.5,3.0,3.0,0.5,2.5,0,True,0.0,1.0083261765582472,1.0167216783325734,0.0,0.5041630882791237,0.25418041958314347,0.0
9,739,b0390,2.5,3.0,3.0,0.5,3.5,0,True,0.0,1.0083261765582472,1.0167216783325734,0.0,0.5041630882791237,0.25418041958314347,0.0
9,740,b0391,2.5,3.0,3.5,0.0,3.5,0,False,0.0,0.0,0.0,0.0,0.0,0.0,0.0
9,741,b0392,2.5,3.5,0.0,3.0,3.0,0,False,0.0,0.0,0.0,0.0,0.0,0.0,0.0
9,742,b0393,2.5,3.5,0.5,2.5,2.0,0,True,0.0,0.9790681238322695,0.9585743911044402,0.0,0.48953406191613474,0.23964359777611005,0.0
9,743,b0393,2.5,3.5,0.5,2.5,3.0,0,True,0.0,0.9790681238322695,0.9585743911044402,0.0,0.48953406191613474,0.23964359777611005,0.0
9,744,b0394,2.5,3.5,1.0,2.0,1.0,0,True,0.0,0.48240935230552695,0.6004719220628904,0.6064265321298634,0.24120467615276334,0.15011798051572245,0.3032132660649316
9,745,b0394,2.5,3.5,1.0,2.0,2.0,0,True,0.0,1.2447352423685811,1.5493658235943704,0.0,0.6223676211842906,0.3873414558985926,0.0
9,746,b0394,2.5,3.5,1.0,2.0,3.0,0,True,0.0,0.7623258900630544,0.9488939015314805,0.6064265321298634,0.38116294503152703,0.2372234753828699,0.3032132660649316
9,747,b0395,2.5,3.5,1.5,1.5,1.0,0,True,0.0,0.5590025182427872,0.7291289026041462,0.6454805087703025,0.27950125912139373,0.18228222565103663,0.32274025438515125
9,748,b0395,2.5,3.5,1.5,1.5,2.0,0,True,0.0,1.3043392092331672,1.7013007727430038,0.0,0.6521696046165837,0.42532519318575107,0.0
9,749,b0395,2.5,3.5,1.5,1.5,3.0,0,True,0.0,0.7453366909903799,0.9721718701388576,0.6454805087703025,0.3726683454951899,0.24304296753471435,0.3227402543851512
9,750,b0396,2.5,3.5,2.0,1.0,1.0,0,True,0.0,0.48240935230552695,0.6004719220628905,0.6064265321298635,0.24120467615276353,0.1501179805157227,0.3032132660649319
9,751,b0396,2.5,3.5,2.0,1.0,2.0,0,True,0.0,1.2447352423685811,1.5493658235943704,0.0,0.622367621184291,0.38734145589859315,0.0
9,752,b0396,2.5,3.5,2.0,1.0,3.0,0,True,0.0,0.7623258900630543,0.9488939015314803,0.6064265321298635,0.3811629450315273,0.23722347538287028,0.3032132660649319
9,753,b0397,2.5,3.5,2.5,0.5,2.0,0,True,0.0,0.9790681238322693,0.9585743911044398,0.0,0.48953406191613474,0.23964359777611005,0.0
9,754,b0397,2.5,3.5,2.5,0.5,3.0,0,True,0.0,0.9790681238322693,0.9585743911044398,0.0,0.48953406191613474,0.23964359777611005,0.0
9,755,b0398,2.5,3.5,3.0,0.0,3.0,0,False,0.0,0.0,0.0,0.0,0.0,0.0,0.0
9,756,b0399,2.5,4.0,0.0,2.5,2.5,0,False,0.0,0.0,0.0,0.0,0.0,0.0,0.0
9,757,b0400,2.5,4.0,0.5,2.0,1.5,0,True,0.0,0.8705283428181821,0.7578195956497704,0.0,0.43526417140909107,0.1894548989124426,0.0
9,758,b0400,2.5,4.0,0.5,2.0,2.5,0,True,0.0,0.8705283428181821,0.7578195956497704,0.0,0.43526417140909107,0.1894548989124426,0.0
9,759,b0401,2.5,4.0,1.0,1.5,1.5,0,True,0.0,0.9633979775835656,0.9281356632121044,0.0,0.4816989887917827,0.232033915803026,0.0
9,760,b0401,2.5,4.0,1.0,1.5,2.5,0,True,0.0,0.9633979775835656,0.9281356632121044,0.0,0.4816989887917827,0.232033915803026,0.0
9,761,b0402,2.5,4.0,1.5,1.0,1.5,0,True,0.0,0.9633979775835656,0.9281356632121044,0.0,0.4816989887917828,0.2320339158030261,0.0
9,762,b0402,2.5,4.0,1.5,1.0,2.5,0,True,0.0,0.9633979775835656,0.9281356632121044,0.0,0.4816989887917828,0.2320339158030261,0.0
9,763,b0403,2.5,4.0,2.0,0.5,1.5,0,True,0.0,0.8705283428181821,0.7578195956497704,0.0,0.43526417140909107,0.1894548989124426,0.0
9,764,b0403,2.5,4.0,2.0,0.5,2.5,0,True,0.0,0.8705283428181821,0.7578195956497704,0.0,0.43526417140909107,0.1894548989124426,0.0
9,765,b0404,2.5,4.0,2.5,0.0,2.5,0,False,0.0,0.0,0.0,0.0,0.0,0.0,0.0
9,766,b0405,2.5,4.5,0.0,2.0,2.0,0,False,0.0,0.0,0.0,0.0,0.0,0.0,0.0
9,767,b0406,2.5,4.5,0.5,1.5,2.0,0,True,0.0,0.0,0.0,0.0,0.0,0.0,0.0
9,768,b0407,2.5,4.5,1.0,1.0,2.0,0,True,0.0,0.0,0.0,0.0,0.0,0.0,0.0
9,769,b0408,2.5,4.5,1.5,0.5,2.0,0,True,0.0,0.0,0.0,0.0,0.0,0.0,0.0
9,770,b0409,2.5,4.5,2.0,0.0,2.0,0,False,0.0,0.0,0.0,0.0,0.0,0.0,0.0
9,771,b0410,3.0,0.0,1.5,4.5,3.0,0,False,0.0,0.0,0.0,0.0,0.0,0.0,0.0
9,772,b0411,3.0,0.0,2.0,4.0,3.0,0,False,0.0,0.0,0.0,0.0,0.0,0.0,0.0
9,773,b0412,3.0,0.0,2.5,3.5,3.0,0,False,0.0,0.0,0.0,0.0,0.0,0.0,0.0
9,774,b0413,3.0,0.0,3.0,3.0,3.0,0,False,0.0,0.0,0.0,0.0,0.0,0.0,0.0
9,775,b0414,3.0,0.0,3.5,2.5,3.0,0,False,0.0,0.0,0.0,0.0,0.0,0.0,0.0
9,776,b0415,3.0,0.0,4.0,2.0,3.0,0,False,0.0,0.0,0.0,0.0,0.0,0.0,0.0
9,777,b0416,3.0,0.0,4.5,1.5,3.0,0,False,0.0,0.0,0.0,0.0,0.0,0.0,0.0
9,778,b0417,3.0,0.5,1.0,4.5,3.5,0,True,0.0,0.0,0.0,0.0,0.0,0.0,0.0
9,779,b0418,3.0,0.5,1.5,4.0,2.5,0,True,0.0,0.847897867274314,0.7189307933283303,0.0,0.423948933637157,0.17973269833208258,0.0
9,780,b0418,3.0,0.5,1.5,4.0,3.5,0,True,-0.0,0.847897867274314,0.7189307933283303,0.0,0.423948933637157,0.17973269833208258,0.0
9,781,b0419,3.0,0.5,2.0,3.5,2.5,0,True,-0.0,0.9633979775835652,0.9281356632121035,0.0,0.4816989887917826,0.23203391580302588,0.0
9,782,b0419,3.0,0.5,2.0,3.5,3.5,0,True,0.0,0.9633979775835652,0.9281356632121035,0.0,0.4816989887917826,0.23203391580302588,0.0
9,783,b0420,3.0,0.5,2.5,3.0,2.5,0,True,0.0,1.0083261765582474,1.0167216783325739,0.0,0.5041630882791237,0.25418041958314347,0.0
9,784,b0420,3.0,0.5,2.5,3.0,3.5,0,True,0.0,1.0083261765582474,1.0167216783325739,0.0,0.5041630882791237,0.25418041958314347,0.0
9,785,b0421,3.0,0.5,3.0,2.5,2.5,0,True,0.0,1.0083261765582474,1.0167216783325739,0.0,0.5041630882791237,0.25418041958314347,0.0
9,786,b0421,3.0,0.5,3.0,2.5,3.5,0,True,0.0,1.0083261765582474,1.0167216783325739,0.0,0.5041630882791237,0.25418041958314347,0.0
9,787,b0422,3.0,0.5,3.5,2.0,2.5,0,True,0.0,0.9633979775835652,0.9281356632121035,0.0,0.4816989887917826,0.23203391580302588,0.0
9,788,b0422,3.0,0.5,3.5,2.0,3.5,0,True,0.0,0.9633979775835652,0.9281356632121035,0.0,0.4816989887917826,0.23203391580302588,0.0
9,789,b0423,3.0,0.5,4.0,1.5,2.5,0,True,0.0,0.8478978672743142,0.7189307933283304,0.0,0.423948933637157,0.17973269833208258,0.0
9,790,b0423,3.0,0.5,4.0,1.5,3.5,0,True,0.0,0.8478978672743142,0.7189307933283304,0.0,0.423948933637157,0.17973269833208258,0.0
9,791,b0424,3.0,0.5,4.5,1.0,3.5,0,True,0.0,0.0,0.0,0.0,0.0,0.0,0.0
9,792,b0425,3.0,1.0,0.5,4.5,4.0,0,True,0.0,0.0,0.0,0.0,0.0,0.0,0.0
9,793,b0426,3.0,1.0,1.0,4.0,3.0,0,True,-0.0,0.9111255534302863,0.8301497741136455,0.0,0.4555627767151431,0.20753744352841133,0.0
9,794,b0426,3.0,1.0,1.0,4.0,4.0,0,True,0.0,0.9111255534302863,0.8301497741136455,0.0,0.4555627767151431,0.20753744352841133,0.0
9,795,b0427,3.0,1.0,1.5,3.5,2.0,0,True,0.0,0.5139037128885247,0.6162263942814264,0.593404893947476,0.2569518564442621,0.15405659857035645,0.29670244697373793
9,796,b0427,3.0,1.0,1.5,3.5,3.0,0,True,-0.0,1.199108663406558,1.437861586656662,0.0,0.5995543317032791,0.3594653966641656,0.0
9,797,b0427,3.0,1.0,1.5,3.5,4.0,0,True,0.0,0.6852049505180333,0.8216351923752356,0.5934048939474759,0.3426024752590169,0.20540879809380905,0.29670244697373793
9,798,b0428,3.0,1.0,2.0,3.0,2.0,0,True,-0.0,0.6388600208488969,0.8332901744047342,0.6520337783931759,0.3194300104244484,0.20832254360118352,0.32601688919658794
9,799,b0428,3.0,1.0,2.0,3.0,3.0,0,True,-0.0,1.304339209233166,1.701300772743001,0.0,0.6521696046165831,0.42532519318575035,0.0
9,800,b0428,3.0,1.0,2.0,3.0,4.0,0,True,0.0,0.6654791883842689,0.8680105983382664,0.6520337783931759,0.33273959419213467,0.21700264958456675,0.32601688919658794
9,801,b0429,3.0,1.0,2.5,2.5,2.0,0,True,-0.0,0.6713157366201117,0.8957658732795349,0.6671589428657401,0.33565786831005573,0.22394146831988365,0.33357947143287003
9,802,b0429,3.0,1.0,2.5,2.5,3.0,0,True,0.0,1.3343436246399751,1.7804729086173468,0.0,0.6671718123199876,0.4451182271543367,0.0
9,803,b0429,3.0,1.0,2.5,2.5,4.0,0,True,0.0,0.6630278880198639,0.884707035337813,0.6671589428657401,0.331513944009932,0.22117675883445329,0.33357947143287003
9,804,b0430,3.0,1.0,3.0,2.0,2.0,0,True,0.0,0.6388600208488968,0.8332901744047339,0.6520337783931757,0.3194300104244484,0.20832254360118352,0.32601688919658794
9,805,b0430,3.0,1.0,3.0,2.0,3.0,0,True,0.0,1.3043392092331658,1.7013007727430003,0.0,0.6521696046165831,0.42532519318575035,0.0
9,806,b0430,3.0,1.0,3.0,2.0,4.0,0,True,0.0,0.6654791883842689,0.8680105983382662,0.6520337783931757,0.33273959419213467,0.21700264958456675,0.32601688919658794
9,807,b0431,3.0,1.0,3.5,1.5,2.0,0,True,0.0,0.5139037128885245,0.6162263942814262,0.5934048939474759,0.2569518564442623,0.15405659857035664,0.29670244697373804
9,808,b0431,3.0,1.0,3.5,1.5,3.0,0,True,0.0,1.199108663406558,1.437861586656662,0.0,0.5995543317032791,0.3594653966641656,0.0
9,809,b0431,3.0,1.0,3.5,1.5,4.0,0,True,0.0,0.6852049505180333,0.8216351923752356,0.5934048939474759,0.34260247525901677,0.20540879809380905,0.2967024469737381
9,810,b0432,3.0,1.0,4.0,1.0,3.0,0,True,0.0,0.9111255534302865,0.8301497741136458,0.0,0.4555627767151432,0.20753744352841144,0.0
9,811,b0432,3.0,1.0,4.0,1.0,4.0,0,True,0.0,0.9111255534302865,0.8301497741136458,0.0,0.4555627767151432,0.20753744352841144,0.0
9,812,b0433,3.0,1.0,4.5,0.5,4.0,0,True,0.0,0.0,0.0,0.0,0.0,0.0,0.0
9,813,b0434,3.0,1.5,0.0,4.5,4.5,0,False,0.0,0.0,0.0,0.0,0.0,0.0,0.0
9,814,b0435,3.0,1.5,0.5,4.0,3.5,0,True,0.0,0.8478978672743144,0.7189307933283309,0.0,0.42394893363715713,0.17973269833208266,0.0
9,815,b0435,3.0,1.5,0.5,4.0,4.5,0,True,0.0,0.8478978672743144,0.7189307933283309,0.0,0.42394893363715713,0.17973269833208266,0.0
9,816,b0436,3.0,1.5,1.0,3.5,2.5,0,True,0.0,0.674498623166189,0.8087971424943726,0.5948518721844018,0.3372493115830947,0.20219928562359332,0.297425936092201
9,817,b0436,3.0,1.5,1.0,3.5,3.5,0,True,0.0,1.1991086634065578,1.4378615866566613,0.0,0.5995543317032791,0.3594653966641656,0.0
9,818,b0436,3.0,1.5,1.0,3.5,4.5,0,True,0.0,0.524610040240369,0.6290644441622895,0.5948518721844018,0.2623050201201845,0.15726611104057242,0.297425936092201
9,819,b0437,3.0,1.5,1.5,3.0,1.5,0,True,0.0,0.8989171131086656,0.8787752631453208,0.2659385021122426,0.44945855655433337,0.21969381578633077,0.13296925105612153
9,820,b0437,3.0,1.5,1.5,3.0,2.5,0,True,-0.0,1.251505084775216,1.6408559438765795,0.27311346846751966,0.625752542387608,0.41021398596914493,0.13655673423376002
9,821,b0437,3.0,1.5,1.5,3.0,3.5,0,True,-0.0,1.2624744883381749,1.6645651206104397,0.2659385021122426,0.6312372441690876,0.41614128015261015,0.13296925105612153
9,822,b0437,3.0,1.5,1.5,3.0,4.5,0,True,0.0,0.9098865166716252,0.9024844398791827,0.2731134684675198,0.45494325833581256,0.22562110996979562,0.1365567342337599
9,823,b0438,3.0,1.5,2.0,2.5,1.5,0,True,0.0,0.9997527056636427,1.0883850905001091,0.29812684887197743,0.49987635283182075,0.27209627262502667,0.14906342443598872
9,824,b0438,3.0,1.5,2.0,2.5,2.5,0,True,-0.0,1.3532876584452356,1.9008246880770128,0.26350939561394027,0.6766438292226171,0.47520617201925225,0.13175469780697013
9,825,b0438,3.0,1.5,2.0,2.5,3.5,0,True,0.0,1.2982933324569876,1.7744451951206053,0.2981268488719778,0.649146666228493,0.44361129878015026,0.14906342443598872
9,826,b0438,3.0,1.5,2.0,2.5,4.5,0,True,0.0,0.9447583796753946,0.9620055975437011,0.26350939561394027,0.47237918983769683,0.24050139938592485,0.13175469780697013
9,827,b0439,3.0,1.5,2.5,2.0,1.5,0,True,0.0,0.9997527056636423,1.0883850905001082,0.29812684887197743,0.49987635283182125,0.27209627262502717,0.14906342443598872
9,828,b0439,3.0,1.5,2.5,2.0,2.5,0,True,0.0,1.3532876584452351,1.9008246880770114,0.26350939561394027,0.6766438292226179,0.4752061720192533,0.13175469780697013
9,829,b0439,3.0,1.5,2.5,2.0,3.5,0,True,-0.0,1.2982933324569872,1.774445195120604,0.29812684887197743,0.6491466662284937,0.4436112987801511,0.14906342443598855
9,830,b0439,3.0,1.5,2.5,2.0,4.5,0,True,0.0,0.9447583796753943,0.9620055975437006,0.26350939561394027,0.4723791898376973,0.2405013993859253,0.13175469780697024
9,831,b0440,3.0,1.5,3.0,1.5,1.5,0,True,0.0,0.8989171131086656,0.8787752631453208,0.2659385021122426,0.44945855655433276,0.21969381578633015,0.1329692510561213
9,832,b0440,3.0,1.5,3.0,1.5,2.5,0,True,0.0,1.2515050847752158,1.640855943876579,0.27311346846751966,0.6257525423876078,0.41021398596914466,0.13655673423376002
9,833,b0440,3.0,1.5,3.0,1.5,3.5,0,True,0.0,1.2624744883381742,1.6645651206104382,0.2659385021122426,0.6312372441690873,0.4161412801526098,0.1329692510561213
9,834,b0440,3.0,1.5,3.0,1.5,4.5,0,True,0.0,0.9098865166716251,0.9024844398791824,0.27311346846751966,0.45494325833581234,0.22562110996979542,0.1365567342337599
9,835,b0441,3.0,1.5,3.5,1.0,2.5,0,True,0.0,0.6744986231661891,0.808797142494373,0.5948518721844019,0.3372493115830946,0.2021992856235933,0.297425936092201
9,836,b0441,3.0,1.5,3.5,1.0,3.5,0,True,-0.0,1.199108663406558,1.437861586656662,0.0,0.599554331703279,0.3594653966641655,0.0
9,837,b0441,3.0,1.5,3.5,1.0,4.5,0,True,0.0,0.5246100402403691,0.6290644441622897,0.5948518721844019,0.26230502012018453,0.15726611104057248,0.2974259360922011
9,838,b0442,3.0,1.5,4.0,0.5,3.5,0,True,-0.0,0.8478978672743143,0.7189307933283307,0.0,0.423948933637157,0.17973269833208258,0.0
9,839,b0442,3.0,1.5,4.0,0.5,4.5,0,True,0.0,0.8478978672743143,0.7189307933283307,0.0,0.423948933637157,0.17973269833208258,0.0
9,840,b0443,3.0,1.5,4.5,0.0,4.5,0,False,0.0,0.0,0.0,0.0,0.0,0.0,0.0
9,841,b0444,3.0,2.0,0.0,4.0,4.0,0,False,0.0,0.0,0.0,0.0,0.0,0.0,0.0
9,842,b0445,3.0,2.0,0.5,3.5,3.0,0,True,-0.0,0.9633979775835652,0.9281356632121035,0.0,0.4816989887917826,0.23203391580302588,0.0
9,843,b0445,3.0,2.0,0.5,3.5,4.0,0,True,0.0,0.9633979775835652,0.9281356632121035,0.0,0.4816989887917826,0.23203391580302588,0.0
9,844,b0446,3.0,2.0,1.0,3.0,2.0,0,True,0.0,0.638860020848897,0.8332901744047342,0.6520337783931758,0.3194300104244484,0.20832254360118352,0.32601688919658794
9,845,b0446,3.0,2.0,1.0,3.0,3.0,0,True,-0.0,1.304339209233166,1.701300772743001,0.0,0.6521696046165831,0.42532519318575035,0.0
9,846,b0446,3.0,2.0,1.0,3.0,4.0,0,True,0.0,0.6654791883842687,0.8680105983382659,0.6520337783931757,0.33273959419213467,0.21700264958456675,0.32601688919658794
9,847,b0447,3.0,2.0,1.5,2.5,1.0,0,True,0.0,0.9243319157369027,0.9150646430170357,0.24632326842420563,0.462165957868451,0.22876616075425854,0.12316163421210247
9,848,b0447,3.0,2.0,1.5,2.5,2.0,0,True,0.0,1.2691126696877133,1.7073866886539397,0.31103009547641014,0.6345563348438562,0.4268466721634844,0.15551504773820507
9,849,b0447,3.0,2.0,1.5,2.5,3.0,0,True,0.0,1.3737141223837266,1.9477656426036754,0.2463232684242054,0.6868570611918627,0.486941410650918,0.12316163421210247
9,850,b0447,3.0,2.0,1.5,2.5,4.0,0,True,0.0,1.0289333684329165,1.1554435969667727,0.31103009547641014,0.5144666842164581,0.28886089924169306,0.15551504773820507
9,851,b0448,3.0,2.0,2.0,2.0,1.0,0,True,0.0,0.9958163622142882,1.0636104521967376,0.2682540306184405,0.4979081811071436,0.2659026130491838,0.13412701530921983
9,852,b0448,3.0,2.0,2.0,2.0,2.0,0,True,0.0,1.3407144015808545,1.889301107809165,0.30296204581243535,0.6703572007904274,0.4723252769522914,0.1514810229062175
9,853,b0448,3.0,2.0,2.0,2.0,3.0,0,True,0.0,1.3981974081419484,2.0269162170779014,0.26825403061844033,0.6990987040709741,0.5067290542694751,0.13412701530921994
9,854,b0448,3.0,2.0,2.0,2.0,4.0,0,True,-0.0,1.0532993687753822,1.2012255614654748,0.30296204581243535,0.5266496843876907,0.3003063903663682,0.1514810229062175
9,855,b0449,3.0,2.0,2.5,1.5,1.0,0,True,0.0,0.9243319157369029,0.9150646430170362,0.24632326842420563,0.46216595786845144,0.228766160754259,0.1231616342121027
9,856,b0449,3.0,2.0,2.5,1.5,2.0,0,True,-0.0,1.2691126696877135,1.7073866886539402,0.31103009547641014,0.6345563348438567,0.4268466721634849,0.15551504773820488
9,857,b0449,3.0,2.0,2.5,1.5,3.0,0,True,0.0,1.3737141223837266,1.9477656426036754,0.2463232684242054,0.6868570611918634,0.48694141065091895,0.1231616342121027
9,858,b0449,3.0,2.0,2.5,1.5,4.0,0,True,0.0,1.0289333684329167,1.1554435969667731,0.31103009547641014,0.5144666842164584,0.2888608992416932,0.15551504773820488
9,859,b0450,3.0,2.0,3.0,1.0,2.0,0,True,-0.0,0.6388600208488969,0.8332901744047339,0.6520337783931757,0.3194300104244485,0.20832254360118363,0.326016889196588
9,860,b0450,3.0,2.0,3.0,1.0,3.0,0,True,0.0,1.304339209233166,1.701300772743001,0.0,0.6521696046165834,0.4253251931857507,0.0
9,861,b0450,3.0,2.0,3.0,1.0,4.0,0,True,0.0,0.6654791883842688,0.868010598338266,0.6520337783931757,0.3327395941921346,0.21700264958456678,0.326016889196588
9,862,b0451,3.0,2.0,3.5,0.5,3.0,0,True,0.0,0.9633979775835652,0.9281356632121035,0.0,0.4816989887917826,0.23203391580302588,0.0
9,863,b0451,3.0,2.0,3.5,0.5,4.0,0,True,0.0,0.9633979775835652,0.9281356632121035,0.0,0.4816989887917826,0.23203391580302588,0.0
9,864,b0452,3.0,2.0,4.0,0.0,4.0,0,False,0.0,0.0,0.0,0.0,0.0,0.0,0.0
9,865,b0453,3.0,2.5,0.0,3.5,3.5,0,False,0.0,0.0,0.0,0.0,0.0,0.0,0.0
9,866,b0454,3.0,2.5,0.5,3.0,2.5,0,True,0.0,1.0083261765582474,1.0167216783325739,0.0,0.5041630882791237,0.25418041958314347,0.0
9,867,b0454,3.0,2.5,0.5,3.0,3.5,0,True,0.0,1.0083261765582474,1.0167216783325739,0.0,0.5041630882791237,0.25418041958314347,0.0
9,868,b0455,3.0,2.5,1.0,2.5,1.5,0,True,0.0,0.6091568721182492,0.8128245887166141,0.6646446372820028,0.3045784360591249,0.2032061471791537,0.3323223186410014
9,869,b0455,3.0,2.5,1.0,2.5,2.5,0,True,-0.0,1.3343436246399751,1.7804729086173468,0.0,0.6671718123199873,0.4451182271543364,0.0
9,870,b0455,3.0,2.5,1.0,2.5,3.5,0,True,-0.0,0.7251867525217256,0.9676483199007316,0.6646446372820028,0.36259337626086247,0.24191207997518266,0.3323223186410014
9,871,b0456,3.0,2.5,1.5,2.0,0.5,0,True,0.0,0.9054767182552165,0.8717345311462653,0.22769814194241592,0.4527383591276084,0.21793363278656644,0.11384907097120783
9,872,b0456,3.0,2.5,1.5,2.0,1.5,0,True,0.0,1.2354426741847042,1.6300114888847106,0.322013800462119,0.6177213370923522,0.40750287222117776,0.16100690023105935
9,873,b0456,3.0,2.5,1.5,2.0,2.5,0,True,0.0,1.3925693198654123,1.9910957544744456,0.22769814194241567,0.6962846599327066,0.497773938618612,0.11384907097120783
9,874,b0456,3.0,2.5,1.5,2.0,3.5,0,True,0.0,1.062603363935925,1.2328187967360011,0.322013800462119,0.5313016819679627,0.3082046991840005,0.1610069002310595
9,875,b0457,3.0,2.5,2.0,1.5,0.5,0,True,0.0,0.9054767182552166,0.8717345311462654,0.22769814194241592,0.45273835912760835,0.21793363278656644,0.11384907097120808
9,876,b0457,3.0,2.5,2.0,1.5,1.5,0,True,-0.0,1.2354426741847038,1.6300114888847095,0.322013800462119,0.6177213370923519,0.4075028722211773,0.16100690023105935
9,877,b0457,3.0,2.5,2.0,1.5,2.5,0,True,0.0,1.392569319865412,1.991095754474445,0.22769814194241567,0.6962846599327062,0.4977739386186114,0.11384907097120783
9,878,b0457,3.0,2.5,2.0,1.5,3.5,0,True,0.0,1.0626033639359245,1.232818796736,0.3220138004621187,0.5313016819679622,0.30820469918399995,0.16100690023105915
9,879,b0458,3.0,2.5,2.5,1.0,1.5,0,True,-0.0,0.6091568721182493,0.8128245887166142,0.6646446372820028,0.3045784360591244,0.20320614717915336,0.33232231864100137
9,880,b0458,3.0,2.5,2.5,1.0,2.5,0,True,0.0,1.3343436246399751,1.7804729086173468,0.0,0.6671718123199872,0.44511822715433624,0.0
9,881,b0458,3.0,2.5,2.5,1.0,3.5,0,True,0.0,0.7251867525217255,0.9676483199007314,0.6646446372820028,0.36259337626086274,0.24191207997518283,0.33232231864100137
9,882,b0459,3.0,2.5,3.0,0.5,2.5,0,True,0.0,1.0083261765582474,1.0167216783325739,0.0,0.5041630882791237,0.25418041958314347,0.0
9,883,b0459,3.0,2.5,3.0,0.5,3.5,0,True,0.0,1.0083261765582474,1.0167216783325739,0.0,0.5041630882791237,0.25418041958314347,0.0
9,884,b0460,3.0,2.5,3.5,0.0,3.5,0,False,0.0,0.0,0.0,0.0,0.0,0.0,0.0
9,885,b0461,3.0,3.0,0.0,3.0,3.0,0,False,0.0,0.0,0.0,0.0,0.0,0.0,0.0
9,886,b0462,3.0,3.0,0.5,2.5,2.0,0,True,0.0,1.0083261765582474,1.0167216783325739,0.0,0.5041630882791237,0.25418041958314347,0.0
9,887,b0462,3.0,3.0,0.5,2.5,3.0,0,True,0.0,1.0083261765582474,1.0167216783325739,0.0,0.5041630882791237,0.25418041958314347,0.0
9,888,b0463,3.0,3.0,1.0,2.0,1.0,0,True,0.0,0.5590025182427856,0.7291289026041436,0.6454805087703019,0.2795012591213924,0.18228222565103558,0.3227402543851508
9,889,b0463,3.0,3.0,1.0,2.0,2.0,0,True,0.0,1.3043392092331667,1.7013007727430027,0.0,0.652169604616583,0.42532519318575024,0.0
9,890,b0463,3.0,3.0,1.0,2.0,3.0,0,True,0.0,0.745336690990381,0.9721718701388585,0.6454805087703019,0.3726683454951906,0.24304296753471463,0.3227402543851508
9,891,b0464,3.0,3.0,1.5,1.5,0.0,0,True,-0.0,0.8236983458198047,0.7161980512559911,0.19421402202134777,0.41184917290990236,0.17904951281399775,0.09710701101067373
9,892,b0464,3.0,3.0,1.5,1.5,1.0,0,True,0.0,1.1245734149752589,1.3665068988133278,0.31912620253469,0.5622867074876295,0.341626724703332,0.1595631012673448
9,893,b0464,3.0,3.0,1.5,1.5,2.0,0,True,0.0,1.3376932556270378,1.827142332499772,0.19421402202134777,0.6688466278135186,0.45678558312494255,0.09710701101067389
9,894,b0464,3.0,3.0,1.5,1.5,3.0,0,True,0.0,1.0368181864715835,1.1768334849424353,0.31912620253469,0.5184090932357915,0.29420837123560856,0.1595631012673448
9,895,b0465,3.0,3.0,2.0,1.0,1.0,0,True,0.0,0.5590025182427856,0.7291289026041436,0.6454805087703019,0.27950125912139256,0.18228222565103575,0.3227402543851509
9,896,b0465,3.0,3.0,2.0,1.0,2.0,0,True,0.0,1.3043392092331665,1.701300772743002,0.0,0.652169604616583,0.42532519318575024,0.0
9,897,b0465,3.0,3.0,2.0,1.0,3.0,0,True,0.0,0.7453366909903811,0.9721718701388588,0.6454805087703019,0.37266834549519057,0.24304296753471466,0.3227402543851509
9,898,b0466,3.0,3.0,2.5,0.5,2.0,0,True,0.0,1.0083261765582476,1.0167216783325743,0.0,0.5041630882791237,0.25418041958314347,0.0
9,899,b0466,3.0,3.0,2.5,0.5,3.0,0,True,0.0,1.0083261765582476,1.0167216783325743,0.0,0.5041630882791237,0.25418041958314347,0.0
9,900,b0467,3.0,3.0,3.0,0.0,3.0,0,False,0.0,0.0,0.0,0.0,0.0,0.0,0.0
9,901,b0468,3.0,3.5,0.0,2.5,2.5,0,False,0.0,0.0,0.0,0.0,0.0,0.0,0.0
9,902,b0469,3.0,3.5,0.5,2.0,1.5,0,True,0.0,0.9633979775835646,0.9281356632121024,0.0,0.4816989887917823,0.2320339158030256,0.0
9,903,b0469,3.0,3.5,0.5,2.0,2.5,0,True,0.0,0.9633979775835646,0.9281356632121024,0.0,0.4816989887917823,0.2320339158030256,0.0
9,904,b0470,3.0,3.5,1.0,1.5,0.5,0,True,0.0,0.4496657487774608,0.5391980949962496,0.5805159854583293,0.2248328743887304,0.1347995237490624,0.29025799272916464
9,905,b0470,3.0,3.5,1.0,1.5,1.5,0,True,0.0,1.1991086634065575,1.4378615866566609,0.0,0.5995543317032788,0.3594653966641652,0.0
9,906,b0470,3.0,3.5,1.0,1.5,2.5,0,True,0.0,0.7494429146290964,0.8986634916604103,0.5805159854583293,0.37472145731454815,0.2246658729151025,0.29025799272916464
9,907,b0471,3.0,3.5,1.5,1.0,0.5,0,True,0.0,0.4496657487774607,0.5391980949962495,0.5805159854583293,0.2248328743887302,0.13479952374906226,0.2902579927291645
9,908,b0471,3.0,3.5,1.5,1.0,1.5,0,True,0.0,1.1991086634065573,1.4378615866566604,0.0,0.5995543317032784,0.3594653966641648,0.0
9,909,b0471,3.0,3.5,1.5,1.0,2.5,0,True,0.0,0.7494429146290963,0.89866349166041,0.5805159854583293,0.37472145731454815,0.22466587291510245,0.2902579927291645
9,910,b0472,3.0,3.5,2.0,0.5,1.5,0,True,0.0,0.9633979775835648,0.9281356632121028,0.0,0.4816989887917823,0.2320339158030256,0.0
9,911,b0472,3.0,3.5,2.0,0.5,2.5,0,True,0.0,0.9633979775835648,0.9281356632121028,0.0,0.4816989887917823,0.2320339158030256,0.0
9,912,b0473,3.0,3.5,2.5,0.0,2.5,0,False,0.0,0.0,0.0,0.0,0.0,0.0,0.0
9,913,b0474,3.0,4.0,0.0,2.0,2.0,0,False,0.0,0.0,0.0,0.0,0.0,0.0,0.0
9,914,b0475,3.0,4.0,0.5,1.5,1.0,0,True,0.0,0.8478978672743146,0.7189307933283312,0.0,0.4239489336371573,0.1797326983320828,0.0
9,915,b0475,3.0,4.0,0.5,1.5,2.0,0,True,0.0,0.8478978672743146,0.7189307933283312,0.0,0.4239489336371573,0.1797326983320828,0.0
9,916,b0476,3.0,4.0,1.0,1.0,1.0,0,True,0.0,0.911125553430287,0.8301497741136468,0.0,0.45556277671514356,0.20753744352841175,0.0
9,917,b0476,3.0,4.0,1.0,1.0,2.0,0,True,0.0,0.911125553430287,0.8301497741136468,0.0,0.45556277671514356,0.20753744352841175,0.0
9,918,b0477,3.0,4.0,1.5,0.5,1.0,0,True,0.0,0.8478978672743146,0.7189307933283312,0.0,0.4239489336371573,0.1797326983320828,0.0
9,919,b0477,3.0,4.0,1.5,0.5,2.0,0,True,0.0,0.8478978672743146,0.7189307933283312,0.0,0.4239489336371573,0.1797326983320828,0.0
9,920,b0478,3.0,4.0,2.0,0.0,2.0,0,False,0.0,0.0,0.0,0.0,0.0,0.0,0.0
9,921,b0479,3.0,4.5,0.0,1.5,1.5,0,False,0.0,0.0,0.0,0.0,0.0,0.0,0.0
9,922,b0480,3.0,4.5,0.5,1.0,1.5,0,True,0.0,0.0,0.0,0.0,0.0,0.0,0.0
9,923,b0481,3.0,4.5,1.0,0.5,1.5,0,True,0.0,0.0,0.0,0.0,0.0,0.0,0.0
9,924,b0482,3.0,4.5,1.5,0.0,1.5,0,False,0.0,0.0,0.0,0.0,0.0,0.0,0.0
9,925,b0483,3.5,0.0,1.0,4.5,3.5,0,False,0.0,0.0,0.0,0.0,0.0,0.0,0.0
9,926,b0484,3.5,0.0,1.5,4.0,3.5,0,False,0.0,0.0,0.0,0.0,0.0,0.0,0.0
9,927,b0485,3.5,0.0,2.0,3.5,3.5,0,False,0.0,0.0,0.0,0.0,0.0,0.0,0.0
9,928,b0486,3.5,0.0,2.5,3.0,3.5,0,False,0.0,0.0,0.0,0.0,0.0,0.0,0.0
9,929,b0487,3.5,0.0,3.0,2.5,3.5,0,False,0.0,0.0,0.0,0.0,0.0,0.0,0.0
9,930,b0488,3.5,0.0,3.5,2.0,3.5,0,False,0.0,0.0,0.0,0.0,0.0,0.0,0.0
9,931,b0489,3.5,0.0,4.0,1.5,3.5,0,False,0.0,0.0,0.0,0.0,0.0,0.0,0.0
9,932,b0490,3.5,0.0,4.5,1.0,3.5,0,False,0.0,0.0,0.0,0.0,0.0,0.0,0.0
9,933,b0491,3.5,0.5,0.5,4.5,4.0,0,True,0.0,0.0,0.0,0.0,0.0,0.0,0.0
9,934,b0492,3.5,0.5,1.0,4.0,3.0,0,True,0.0,0.7962646312654976,0.6340373630043789,0.0,0.3981323156327488,0.1585093407510947,0.0
9,935,b0492,3.5,0.5,1.0,4.0,4.0,0,True,-0.0,0.7962646312654976,0.6340373630043789,0.0,0.3981323156327488,0.1585093407510947,0.0
9,936,b0493,3.5,0.5,1.5,3.5,3.0,0,True,0.0,0.9111255534302865,0.8301497741136458,0.0,0.4555627767151432,0.20753744352841144,0.0
9,937,b0493,3.5,0.5,1.5,3.5,4.0,0,True,0.0,0.9111255534302865,0.8301497741136458,0.0,0.4555627767151432,0.20753744352841144,0.0
9,938,b0494,3.5,0.5,2.0,3.0,3.0,0,True,-0.0,0.9633979775835652,0.9281356632121035,0.0,0.4816989887917826,0.23203391580302588,0.0
9,939,b0494,3.5,0.5,2.0,3.0,4.0,0,True,0.0,0.9633979775835652,0.9281356632121035,0.0,0.4816989887917826,0.23203391580302588,0.0
9,940,b0495,3.5,0.5,2.5,2.5,3.0,0,True,0.0,0.9790681238322697,0.9585743911044406,0.0,0.48953406191613485,0.23964359777611016,0.0
9,941,b0495,3.5,0.5,2.5,2.5,4.0,0,True,-0.0,0.9790681238322697,0.9585743911044406,0.0,0.48953406191613485,0.23964359777611016,0.0
9,942,b0496,3.5,0.5,3.0,2.0,3.0,0,True,0.0,0.9633979775835652,0.9281356632121035,0.0,0.4816989887917826,0.23203391580302588,0.0
9,943,b0496,3.5,0.5,3.0,2.0,4.0,0,True,0.0,0.9633979775835652,0.9281356632121035,0.0,0.4816989887917826,0.23203391580302588,0.0
9,944,b0497,3.5,0.5,3.5,1.5,3.0,0,True,0.0,0.9111255534302865,0.8301497741136458,0.0,0.4555627767151432,0.20753744352841144,0.0
9,945,b0497,3.5,0.5,3.5,1.5,4.0,0,True,0.0,0.9111255534302865,0.8301497741136458,0.0,0.4555627767151432,0.20753744352841144,0.0
9,946,b0498,3.5,0.5,4.0,1.0,3.0,0,True,0.0,0.7962646312654975,0.6340373630043787,0.0,0.3981323156327488,0.1585093407510947,0.0
9,947,b0498,3.5,0.5,4.0,1.0,4.0,0,True,0.0,0.7962646312654975,0.6340373630043787,0.0,0.3981323156327488,0.1585093407510947,0.0
9,948,b0499,3.5,0.5,4.5,0.5,4.0,0,True,0.0,0.0,0.0,0.0,0.0,0.0,0.0
9,949,b0500,3.5,1.0,0.0,4.5,4.5,0,False,0.0,0.0,0.0,0.0,0.0,0.0,0.0
9,950,b0501,3.5,1.0,0.5,4.0,3.5,0,True,-0.0,0.7962646312654975,0.6340373630043787,0.0,0.3981323156327488,0.1585093407510947,0.0
9,951,b0501,3.5,1.0,0.5,4.0,4.5,0,True,0.0,0.7962646312654975,0.6340373630043787,0.0,0.3981323156327488,0.1585093407510947,0.0
9,952,b0502,3.5,1.0,1.0,3.5,2.5,0,True,-0.0,0.5417723340039565,0.5894503037174575,0.5439972810826934,0.27088616700197804,0.14736257592936425,0.27199864054134665
9,953,b0502,3.5,1.0,1.0,3.5,3.5,0,True,0.0,1.0880036995635012,1.1837520502638654,0.0,0.5440018497817506,0.29593801256596636,0.0
9,954,b0502,3.5,1.0,1.0,3.5,4.5,0,True,0.0,0.5462313655595448,0.594301746546408,0.5439972810826934,0.2731156827797725,0.14857543663660203,0.27199864054134665
9,955,b0503,3.5,1.0,1.5,3.0,2.5,0,True,0.0,0.6744986231661891,0.808797142494373,0.5948518721844019,0.3372493115830946,0.2021992856235933,0.297425936092201
9,956,b0503,3.5,1.0,1.5,3.0,3.5,0,True,-0.0,1.1991086634065578,1.4378615866566613,0.0,0.599554331703279,0.3594653966641655,0.0
9,957,b0503,3.5,1.0,1.5,3.0,4.5,0,True,0.0,0.524610040240369,0.6290644441622896,0.5948518721844019,0.26230502012018453,0.15726611104057248,0.2974259360922011
9,958,b0504,3.5,1.0,2.0,2.5,2.5,0,True,-0.0,0.7236140284582905,0.900707883094336,0.6140770480263046,0.3618070142291453,0.22517697077358403,0.3070385240131523
9,959,b0504,3.5,1.0,2.0,2.5,3.5,0,True,0.0,1.2447352423685814,1.549365823594371,0.0,0.6223676211842906,0.3873414558985926,0.0
9,960,b0504,3.5,1.0,2.0,2.5,4.5,0,True,0.0,0.5211212139102912,0.6486579405000359,0.6140770480263046,0.2605606069551455,0.16216448512500892,0.3070385240131523
9,961,b0505,3.5,1.0,2.5,2.0,2.5,0,True,0.0,0.7236140284582905,0.900707883094336,0.6140770480263046,0.3618070142291453,0.225176970773584,0.30703852401315224
9,962,b0505,3.5,1.0,2.5,2.0,3.5,0,True,-0.0,1.2447352423685814,1.549365823594371,0.0,0.6223676211842906,0.3873414558985926,0.0
9,963,b0505,3.5,1.0,2.5,2.0,4.5,0,True,0.0,0.5211212139102912,0.6486579405000359,0.6140770480263046,0.2605606069551455,0.16216448512500886,0.3070385240131522
9,964,b0506,3.5,1.0,3.0,1.5,2.5,0,True,0.0,0.674498623166189,0.8087971424943725,0.5948518721844017,0.3372493115830942,0.20219928562359285,0.2974259360922008
9,965,b0506,3.5,1.0,3.0,1.5,3.5,0,True,0.0,1.1991086634065578,1.4378615866566613,0.0,0.5995543317032788,0.3594653966641652,0.0
9,966,b0506,3.5,1.0,3.0,1.5,4.5,0,True,0.0,0.524610040240369,0.6290644441622893,0.5948518721844017,0.26230502012018453,0.15726611104057234,0.2974259360922008
9,967,b0507,3.5,1.0,3.5,1.0,2.5,0,True,0.0,0.5417723340039563,0.5894503037174572,0.5439972810826933,0.27088616700197793,0.1473625759293642,0.27199864054134665
9,968,b0507,3.5,1.0,3.5,1.0,3.5,0,True,-0.0,1.0880036995635012,1.1837520502638654,0.0,0.5440018497817507,0.29593801256596647,0.0
9,969,b0507,3.5,1.0,3.5,1.0,4.5,0,True,0.0,0.5462313655595448,0.5943017465464079,0.5439972810826933,0.2731156827797726,0.14857543663660208,0.27199864054134665
9,970,b0508,3.5,1.0,4.0,0.5,3.5,0,True,0.0,0.7962646312654975,0.6340373630043787,0.0,0.39813231563274876,0.15850934075109469,0.0
9,971,b0508,3.5,1.0,4.0,0.5,4.5,0,True,0.0,0.7962646312654975,0.6340373630043787,0.0,0.39813231563274876,0.15850934075109469,0.0
9,972,b0509,3.5,1.0,4.5,0.0,4.5,0,False,0.0,0.0,0.0,0.0,0.0,0.0,0.0
9,973,b0510,3.5,1.5,0.0,4.0,4.0,0,False,0.0,0.0,0.0,0.0,0.0,0.0,0.0
9,974,b0511,3.5,1.5,0.5,3.5,3.0,0,True,0.0,0.9111255534302865,0.8301497741136458,0.0,0.4555627767151432,0.20753744352841144,0.0
9,975,b0511,3.5,1.5,0.5,3.5,4.0,0,True,-0.0,0.9111255534302865,0.8301497741136458,0.0,0.4555627767151432,0.20753744352841144,0.0
9,976,b0512,3.5,1.5,1.0,3.0,2.0,0,True,0.0,0.5139037128885247,0.6162263942814264,0.593404893947476,0.2569518564442623,0.15405659857035656,0.29670244697373793
9,977,b0512,3.5,1.5,1.0,3.0,3.0,0,True,0.0,1.199108663406558,1.437861586656662,0.0,0.5995543317032789,0.3594653966641653,0.0
9,978,b0512,3.5,1.5,1.0,3.0,4.0,0,True,-0.0,0.6852049505180333,0.8216351923752356,0.5934048939474759,0.34260247525901655,0.2054087980938088,0.29670244697373793
9,979,b0513,3.5,1.5,1.5,2.5,2.0,0,True,0.0,0.6388600208488973,0.8332901744047347,0.652033778393176,0.3194300104244488,0.2083225436011838,0.326016889196588
9,980,b0513,3.5,1.5,1.5,2.5,3.0,0,True,-0.0,1.3043392092331665,1.701300772743002,0.0,0.6521696046165831,0.42532519318575035,0.0
9,981,b0513,3.5,1.5,1.5,2.5,4.0,0,True,0.0,0.6654791883842688,0.8680105983382664,0.652033778393176,0.3327395941921344,0.2170026495845666,0.326016889196588
9,982,b0514,3.5,1.5,2.0,2.0,2.0,0,True,0.0,0.6713157366201116,0.8957658732795344,0.6671589428657397,0.33565786831005595,0.22394146831988374,0.3335794714328699
9,983,b0514,3.5,1.5,2.0,2.0,3.0,0,True,0.0,1.334343624639975,1.7804729086173463,0.0,0.6671718123199876,0.4451182271543367,0.0
9,984,b0514,3.5,1.5,2.0,2.0,4.0,0,True,0.0,0.6630278880198633,0.8847070353378118,0.6671589428657397,0.33151394400993167,0.22117675883445298,0.3335794714328699
9,985,b0515,3.5,1.5,2.5,1.5,2.0,0,True,0.0,0.6388600208488971,0.8332901744047343,0.6520337783931758,0.3194300104244488,0.2083225436011838,0.326016889196588
9,986,b0515,3.5,1.5,2.5,1.5,3.0,0,True,0.0,1.304339209233166,1.701300772743001,0.0,0.6521696046165831,0.42532519318575035,0.0
9,987,b0515,3.5,1.5,2.5,1.5,4.0,0,True,0.0,0.6654791883842688,0.8680105983382662,0.6520337783931759,0.3327395941921344,0.2170026495845666,0.326016889196588
9,988,b0516,3.5,1.5,3.0,1.0,2.0,0,True,0.0,0.5139037128885245,0.6162263942814263,0.593404893947476,0.2569518564442621,0.15405659857035645,0.29670244697373793
9,989,b0516,3.5,1.5,3.0,1.0,3.0,0,True,-0.0,1.199108663406558,1.437861586656662,0.0,0.5995543317032791,0.3594653966641656,0.0
9,990,b0516,3.5,1.5,3.0,1.0,4.0,0,True,0.0,0.6852049505180333,0.8216351923752356,0.5934048939474759,0.3426024752590169,0.20540879809380905,0.29670244697373793
9,991,b0517,3.5,1.5,3.5,0.5,3.0,0,True,-0.0,0.9111255534302865,0.8301497741136458,0.0,0.4555627767151432,0.20753744352841144,0.0
9,992,b0517,3.5,1.5,3.5,0.5,4.0,0,True,0.0,0.9111255534302865,0.8301497741136458,0.0,0.4555627767151432,0.20753744352841144,0.0
9,993,b0518,3.5,1.5,4.0,0.0,4.0,0,False,0.0,0.0,0.0,0.0,0.0,0.0,0.0
9,994,b0519,3.5,2.0,0.0,3.5,3.5,0,False,0.0,0.0,0.0,0.0,0.0,0.0,0.0
9,995,b0520,3.5,2.0,0.5,3.0,2.5,0,True,0.0,0.9633979775835652,0.9281356632121035,0.0,0.4816989887917826,0.23203391580302588,0.0
9,996,b0520,3.5,2.0,0.5,3.0,3.5,0,True,-0.0,0.9633979775835652,0.9281356632121035,0.0,0.4816989887917826,0.23203391580302588,0.0
9,997,b0521,3.5,2.0,1.0,2.5,1.5,0,True,0.0,0.5002763653538805,0.6227116228800356,0.610274676804098,0.2501381826769405,0.15567790572000917,0.30513733840204926
9,998,b0521,3.5,2.0,1.0,2.5,2.5,0,True,0.0,1.2447352423685818,1.5493658235943721,0.0,0.6223676211842912,0.3873414558985934,0.0
9,999,b0521,3.5,2.0,1.0,2.5,3.5,0,True,0.0,0.7444588770147011,0.9266542007143361,0.610274676804098,0.3722294385073508,0.23166355017858437,0.3051373384020492
9,1000,b0522,3.5,2.0,1.5,2.0,1.5,0,True,-0.0,0.6091568721182502,0.8128245887166158,0.6646446372820032,0.30457843605912494,0.20320614717915372,0.3323223186410014
9,1001,b0522,3.5,2.0,1.5,2.0,2.5,0,True,0.0,1.3343436246399754,1.7804729086173474,0.0,0.6671718123199877,0.44511822715433685,0.0
9,1002,b0522,3.5,2.0,1.5,2.0,3.5,0,True,0.0,0.725186752521725,0.9676483199007313,0.6646446372820032,0.3625933762608624,0.24191207997518263,0.3323223186410014
9,1003,b0523,3.5,2.0,2.0,1.5,1.5,0,True,0.0,0.60915687211825,0.8128245887166152,0.664644637282003,0.30457843605912494,0.20320614717915372,0.3323223186410014
9,1004,b0523,3.5,2.0,2.0,1.5,2.5,0,True,0.0,1.3343436246399754,1.7804729086173474,0.0,0.6671718123199877,0.44511822715433685,0.0
9,1005,b0523,3.5,2.0,2.0,1.5,3.5,0,True,0.0,0.725186752521725,0.967648319900731,0.664644637282003,0.3625933762608624,0.24191207997518263,0.3323223186410014
9,1006,b0524,3.5,2.0,2.5,1.0,1.5,0,True,0.0,0.5002763653538806,0.6227116228800358,0.6102746768040981,0.2501381826769402,0.15567790572000892,0.3051373384020491
9,1007,b0524,3.5,2.0,2.5,1.0,2.5,0,True,-0.0,1.244735242368582,1.5493658235943726,0.0,0.6223676211842911,0.3873414558985933,0.0
9,1008,b0524,3.5,2.0,2.5,1.0,3.5,0,True,-0.0,0.7444588770147011,0.9266542007143364,0.6102746768040981,0.37222943850735085,0.2316635501785843,0.3051373384020491
9,1009,b0525,3.5,2.0,3.0,0.5,2.5,0,True,0.0,0.9633979775835652,0.9281356632121035,0.0,0.4816989887917826,0.23203391580302588,0.0
9,1010,b0525,3.5,2.0,3.0,0.5,3.5,0,True,0.0,0.9633979775835652,0.9281356632121035,0.0,0.4816989887917826,0.23203391580302588,0.0
9,1011,b0526,3.5,2.0,3.5,0.0,3.5,0,False,0.0,0.0,0.0,0.0,0.0,0.0,0.0
9,1012,b0527,3.5,2.5,0.0,3.0,3.0,0,False,0.0,0.0,0.0,0.0,0.0,0.0,0.0
9,1013,b0528,3.5,2.5,0.5,2.5,2.0,0,True,0.0,0.9790681238322697,0.9585743911044406,0.0,0.48953406191613474,0.23964359777611005,0.0
9,1014,b0528,3.5,2.5,0.5,2.5,3.0,0,True,0.0,0.9790681238322697,0.9585743911044406,0.0,0.48953406191613474,0.23964359777611005,0.0
9,1015,b0529,3.5,2.5,1.0,2.0,1.0,0,True,0.0,0.4824093523055269,0.6004719220628904,0.6064265321298635,0.2412046761527634,0.15011798051572256,0.30321326606493176
9,1016,b0529,3.5,2.5,1.0,2.0,2.0,0,True,0.0,1.2447352423685816,1.5493658235943715,0.0,0.6223676211842907,0.38734145589859276,0.0
9,1017,b0529,3.5,2.5,1.0,2.0,3.0,0,True,0.0,0.7623258900630545,0.9488939015314807,0.6064265321298635,0.3811629450315273,0.2372234753828702,0.3032132660649317
9,1018,b0530,3.5,2.5,1.5,1.5,1.0,0,True,0.0,0.5590025182427871,0.729128902604146,0.6454805087703024,0.27950125912139373,0.18228222565103663,0.32274025438515125
9,1019,b0530,3.5,2.5,1.5,1.5,2.0,0,True,0.0,1.3043392092331672,1.7013007727430038,0.0,0.6521696046165837,0.42532519318575107,0.0
9,1020,b0530,3.5,2.5,1.5,1.5,3.0,0,True,0.0,0.7453366909903799,0.9721718701388575,0.6454805087703024,0.3726683454951899,0.24304296753471435,0.3227402543851512
9,1021,b0531,3.5,2.5,2.0,1.0,1.0,0,True,0.0,0.48240935230552695,0.6004719220628905,0.6064265321298635,0.24120467615276334,0.15011798051572248,0.30321326606493165
9,1022,b0531,3.5,2.5,2.0,1.0,2.0,0,True,0.0,1.2447352423685814,1.549365823594371,0.0,0.6223676211842906,0.3873414558985926,0.0
9,1023,b0531,3.5,2.5,2.0,1.0,3.0,0,True,0.0,0.7623258900630545,0.9488939015314807,0.6064265321298635,0.3811629450315272,0.23722347538287009,0.3032132660649317
9,1024,b0532,3.5,2.5,2.5,0.5,2.0,0,True,0.0,0.9790681238322695,0.9585743911044402,0.0,0.48953406191613474,0.23964359777611005,0.0
9,1025,b0532,3.5,2.5,2.5,0.5,3.0,0,True,0.0,0.9790681238322695,0.9585743911044402,0.0,0.48953406191613474,0.23964359777611005,0.0
9,1026,b0533,3.5,2.5,3.0,0.0,3.0,0,False,0.0,0.0,0.0,0.0,0.0,0.0,0.0
9,1027,b0534,3.5,3.0,0.0,2.5,2.5,0,False,0.0,0.0,0.0,0.0,0.0,0.0,0.0
9,1028,b0535,3.5,3.0,0.5,2.0,1.5,0,True,0.0,0.9633979775835644,0.9281356632121021,0.0,0.4816989887917823,0.2320339158030256,0.0
9,1029,b0535,3.5,3.0,0.5,2.0,2.5,0,True,-0.0,0.9633979775835644,0.9281356632121021,0.0,0.4816989887917823,0.2320339158030256,0.0
9,1030,b0536,3.5,3.0,1.0,1.5,0.5,0,True,0.0,0.4496657487774608,0.5391980949962498,0.5805159854583295,0.2248328743887302,0.13479952374906226,0.2902579927291645
9,1031,b0536,3.5,3.0,1.0,1.5,1.5,0,True,-0.0,1.1991086634065578,1.4378615866566613,0.0,0.5995543317032784,0.3594653966641648,0.0
9,1032,b0536,3.5,3.0,1.0,1.5,2.5,0,True,0.0,0.7494429146290966,0.8986634916604107,0.5805159854583294,0.37472145731454815,0.22466587291510245,0.2902579927291645
9,1033,b0537,3.5,3.0,1.5,1.0,0.5,0,True,0.0,0.4496657487774608,0.5391980949962497,0.5805159854583294,0.22483287438873029,0.13479952374906234,0.2902579927291646
9,1034,b0537,3.5,3.0,1.5,1.0,1.5,0,True,0.0,1.1991086634065573,1.4378615866566604,0.0,0.5995543317032787,0.3594653966641651,0.0
9,1035,b0537,3.5,3.0,1.5,1.0,2.5,0,True,0.0,0.7494429146290965,0.8986634916604105,0.5805159854583294,0.3747214573145481,0.22466587291510245,0.2902579927291646
9,1036,b0538,3.5,3.0,2.0,0.5,1.5,0,True,-0.0,0.9633979775835646,0.9281356632121024,0.0,0.4816989887917823,0.2320339158030256,0.0
9,1037,b0538,3.5,3.0,2.0,0.5,2.5,0,True,0.0,0.9633979775835646,0.9281356632121024,0.0,0.4816989887917823,0.2320339158030256,0.0
9,1038,b0539,3.5,3.0,2.5,0.0,2.5,0,False,0.0,0.0,0.0,0.0,0.0,0.0,0.0
9,1039,b0540,3.5,3.5,0.0,2.0,2.0,0,False,0.0,0.0,0.0,0.0,0.0,0.0,0.0
9,1040,b0541,3.5,3.5,0.5,1.5,1.0,0,True,0.0,0.9111255534302863,0.8301497741136455,0.0,0.4555627767151431,0.20753744352841133,0.0
9,1041,b0541,3.5,3.5,0.5,1.5,2.0,0,True,0.0,0.9111255534302863,0.8301497741136455,0.0,0.4555627767151431,0.20753744352841133,0.0
9,1042,b0542,3.5,3.5,1.0,1.0,0.0,0,True,0.0,0.37455865066940086,0.40752119763182126,0.5169400495613965,0.18727932533470046,0.10188029940795534,0.25847002478069825
9,1043,b0542,3.5,3.5,1.0,1.0,1.0,0,True,0.0,1.0880036995635014,1.1837520502638659,0.0,0.5440018497817508,0.2959380125659666,0.0
9,1044,b0542,3.5,3.5,1.0,1.0,2.0,0,True,0.0,0.7134450488941004,0.7762308526320444,0.5169400495613965,0.3567225244470503,0.19405771315801118,0.25847002478069825
9,1045,b0543,3.5,3.5,1.5,0.5,1.0,0,True,0.0,0.9111255534302863,0.8301497741136455,0.0,0.4555627767151431,0.20753744352841133,0.0
9,1046,b0543,3.5,3.5,1.5,0.5,2.0,0,True,0.0,0.9111255534302863,0.8301497741136455,0.0,0.4555627767151431,0.20753744352841133,0.0
9,1047,b0544,3.5,3.5,2.0,0.0,2.0,0,False,0.0,0.0,0.0,0.0,0.0,0.0,0.0
9,1048,b0545,3.5,4.0,0.0,1.5,1.5,0,False,0.0,0.0,0.0,0.0,0.0,0.0,0.0
9,1049,b0546,3.5,4.0,0.5,1.0,0.5,0,True,0.0,0.7962646312654966,0.6340373630043773,0.0,0.39813231563274826,0.15850934075109427,0.0
9,1050,b0546,3.5,4.0,0.5,1.0,1.5,0,True,0.0,0.7962646312654966,0.6340373630043773,0.0,0.39813231563274826,0.15850934075109427,0.0
9,1051,b0547,3.5,4.0,1.0,0.5,0.5,0,True,0.0,0.7962646312654966,0.6340373630043773,0.0,0.39813231563274826,0.15850934075109427,0.0
9,1052,b0547,3.5,4.0,1.0,0.5,1.5,0,True,0.0,0.7962646312654966,0.6340373630043773,0.0,0.39813231563274826,0.15850934075109427,0.0
9,1053,b0548,3.5,4.0,1.5,0.0,1.5,0,False,0.0,0.0,0.0,0.0,0.0,0.0,0.0
9,1054,b0549,3.5,4.5,0.0,1.0,1.0,0,False,0.0,0.0,0.0,0.0,0.0,0.0,0.0
9,1055,b0550,3.5,4.5,0.5,0.5,1.0,0,True,0.0,0.0,0.0,0.0,0.0,0.0,0.0
9,1056,b0551,3.5,4.5,1.0,0.0,1.0,0,False,0.0,0.0,0.0,0.0,0.0,0.0,0.0
9,1057,b0552,4.0,0.0,0.5,4.5,4.0,0,False,0.0,0.0,0.0,0.0,0.0,0.0,0.0
9,1058,b0553,4.0,0.0,1.0,4.0,4.0,0,False,0.0,0.0,0.0,0.0,0.0,0.0,0.0
9,1059,b0554,4.0,0.0,1.5,3.5,4.0,0,False,0.0,0.0,0.0,0.0,0.0,0.0,0.0
9,1060,b0555,4.0,0.0,2.0,3.0,4.0,0,False,0.0,0.0,0.0,0.0,0.0,0.0,0.0
9,1061,b0556,4.0,0.0,2.5,2.5,4.0,0,False,0.0,0.0,0.0,0.0,0.0,0.0,0.0
9,1062,b0557,4.0,0.0,3.0,2.0,4.0,0,False,0.0,0.0,0.0,0.0,0.0,0.0,0.0
9,1063,b0558,4.0,0.0,3.5,1.5,4.0,0,False,0.0,0.0,0.0,0.0,0.0,0.0,0.0
9,1064,b0559,4.0,0.0,4.0,1.0,4.0,0,False,0.0,0.0,0.0,0.0,0.0,0.0,0.0
9,1065,b0560,4.0,0.0,4.5,0.5,4.0,0,False,0.0,0.0,0.0,0.0,0.0,0.0,0.0
9,1066,b0561,4.0,0.5,0.0,4.5,4.5,0,False,0.0,0.0,0.0,0.0,0.0,0.0,0.0
9,1067,b0562,4.0,0.5,0.5,4.0,3.5,0,True,0.0,0.6923057096053883,0.4792871955522202,0.0,0.3461528548026942,0.1198217988880551,0.0
9,1068,b0562,4.0,0.5,0.5,4.0,4.5,0,True,0.0,0.6923057096053883,0.4792871955522202,0.0,0.3461528548026942,0.1198217988880551,0.0
9,1069,b0563,4.0,0.5,1.0,3.5,3.5,0,True,0.0,0.7962646312654976,0.6340373630043789,0.0,0.3981323156327488,0.1585093407510947,0.0
9,1070,b0563,4.0,0.5,1.0,3.5,4.5,0,True,0.0,0.7962646312654976,0.6340373630043789,0.0,0.3981323156327488,0.1585093407510947,0.0
9,1071,b0564,4.0,0.5,1.5,3.0,3.5,0,True,0.0,0.8478978672743144,0.7189307933283309,0.0,0.42394893363715713,0.17973269833208266,0.0
9,1072,b0564,4.0,0.5,1.5,3.0,4.5,0,True,0.0,0.8478978672743144,0.7189307933283309,0.0,0.42394893363715713,0.17973269833208266,0.0
9,1073,b0565,4.0,0.5,2.0,2.5,3.5,0,True,0.0,0.8705283428181816,0.7578195956497695,0.0,0.43526417140909085,0.1894548989124424,0.0
9,1074,b0565,4.0,0.5,2.0,2.5,4.5,0,True,0.0,0.8705283428181816,0.7578195956497695,0.0,0.43526417140909085,0.1894548989124424,0.0
9,1075,b0566,4.0,0.5,2.5,2.0,3.5,0,True,0.0,0.8705283428181817,0.7578195956497696,0.0,0.43526417140909085,0.1894548989124424,0.0
9,1076,b0566,4.0,0.5,2.5,2.0,4.5,0,True,0.0,0.8705283428181817,0.7578195956497696,0.0,0.43526417140909085,0.1894548989124424,0.0
9,1077,b0567,4.0,0.5,3.0,1.5,3.5,0,True,0.0,0.847897867274314,0.7189307933283303,0.0,0.423948933637157,0.17973269833208258,0.0
9,1078,b0567,4.0,0.5,3.0,1.5,4.5,0,True,0.0,0.847897867274314,0.7189307933283303,0.0,0.423948933637157,0.17973269833208258,0.0
9,1079,b0568,4.0,0.5,3.5,1.0,3.5,0,True,0.0,0.7962646312654975,0.6340373630043787,0.0,0.3981323156327488,0.1585093407510947,0.0
9,1080,b0568,4.0,0.5,3.5,1.0,4.5,0,True,0.0,0.7962646312654975,0.6340373630043787,0.0,0.3981323156327488,0.1585093407510947,0.0
9,1081,b0569,4.0,0.5,4.0,0.5,3.5,0,True,0.0,0.6923057096053883,0.4792871955522202,0.0,0.34615285480269414,0.11982179888805505,0.0
9,1082,b0569,4.0,0.5,4.0,0.5,4.5,0,True,0.0,0.6923057096053883,0.4792871955522202,0.0,0.34615285480269414,0.11982179888805505,0.0
9,1083,b0570,4.0,0.5,4.5,0.0,4.5,0,False,0.0,0.0,0.0,0.0,0.0,0.0,0.0
9,1084,b0571,4.0,1.0,0.0,4.0,4.0,0,False,0.0,0.0,0.0,0.0,0.0,0.0,0.0
9,1085,b0572,4.0,1.0,0.5,3.5,3.0,0,True,0.0,0.7962646312654976,0.6340373630043789,0.0,0.3981323156327488,0.1585093407510947,0.0
9,1086,b0572,4.0,1.0,0.5,3.5,4.0,0,True,-0.0,0.7962646312654976,0.6340373630043789,0.0,0.3981323156327488,0.1585093407510947,0.0
9,1087,b0573,4.0,1.0,1.0,3.0,3.0,0,True,0.0,0.9111255534302863,0.8301497741136455,0.0,0.4555627767151431,0.20753744352841133,0.0
9,1088,b0573,4.0,1.0,1.0,3.0,4.0,0,True,0.0,0.9111255534302863,0.8301497741136455,0.0,0.4555627767151431,0.20753744352841133,0.0
9,1089,b0574,4.0,1.0,1.5,2.5,3.0,0,True,0.0,0.9633979775835652,0.9281356632121035,0.0,0.4816989887917826,0.23203391580302588,0.0
9,1090,b0574,4.0,1.0,1.5,2.5,4.0,0,True,0.0,0.9633979775835652,0.9281356632121035,0.0,0.4816989887917826,0.23203391580302588,0.0
9,1091,b0575,4.0,1.0,2.0,2.0,3.0,0,True,0.0,0.9790681238322697,0.9585743911044406,0.0,0.48953406191613485,0.23964359777611016,0.0
9,1092,b0575,4.0,1.0,2.0,2.0,4.0,0,True,-0.0,0.9790681238322697,0.9585743911044406,0.0,0.48953406191613485,0.23964359777611016,0.0
9,1093,b0576,4.0,1.0,2.5,1.5,3.0,0,True,0.0,0.9633979775835652,0.9281356632121035,0.0,0.4816989887917826,0.23203391580302588,0.0
9,1094,b0576,4.0,1.0,2.5,1.5,4.0,0,True,0.0,0.9633979775835652,0.9281356632121035,0.0,0.4816989887917826,0.23203391580302588,0.0
9,1095,b0577,4.0,1.0,3.0,1.0,3.0,0,True,0.0,0.9111255534302862,0.8301497741136453,0.0,0.4555627767151431,0.20753744352841133,0.0
9,1096,b0577,4.0,1.0,3.0,1.0,4.0,0,True,0.0,0.9111255534302862,0.8301497741136453,0.0,0.4555627767151431,0.20753744352841133,0.0
9,1097,b0578,4.0,1.0,3.5,0.5,3.0,0,True,0.0,0.7962646312654976,0.6340373630043789,0.0,0.3981323156327488,0.1585093407510947,0.0
9,1098,b0578,4.0,1.0,3.5,0.5,4.0,0,True,0.0,0.7962646312654976,0.6340373630043789,0.0,0.3981323156327488,0.1585093407510947,0.0
9,1099,b0579,4.0,1.0,4.0,0.0,4.0,0,False,0.0,0.0,0.0,0.0,0.0,0.0,0.0
9,1100,b0580,4.0,1.5,0.0,3.5,3.5,0,False,0.0,0.0,0.0,0.0,0.0,0.0,0.0
9,1101,b0581,4.0,1.5,0.5,3.0,2.5,0,True,0.0,0.847897867274314,0.7189307933283303,0.0,0.423948933637157,0.17973269833208258,0.0
9,1102,b0581,4.0,1.5,0.5,3.0,3.5,0,True,0.0,0.847897867274314,0.7189307933283303,0.0,0.423948933637157,0.17973269833208258,0.0
9,1103,b0582,4.0,1.5,1.0,2.5,2.5,0,True,-0.0,0.9633979775835652,0.9281356632121035,0.0,0.4816989887917826,0.23203391580302588,0.0
9,1104,b0582,4.0,1.5,1.0,2.5,3.5,0,True,0.0,0.9633979775835652,0.9281356632121035,0.0,0.4816989887917826,0.23203391580302588,0.0
9,1105,b0583,4.0,1.5,1.5,2.0,2.5,0,True,0.0,1.0083261765582476,1.0167216783325743,0.0,0.5041630882791238,0.2541804195831436,0.0
9,1106,b0583,4.0,1.5,1.5,2.0,3.5,0,True,-0.0,1.0083261765582476,1.0167216783325743,0.0,0.5041630882791238,0.2541804195831436,0.0
9,1107,b0584,4.0,1.5,2.0,1.5,2.5,0,True,0.0,1.0083261765582476,1.0167216783325743,0.0,0.5041630882791238,0.2541804195831436,0.0
9,1108,b0584,4.0,1.5,2.0,1.5,3.5,0,True,0.0,1.0083261765582476,1.0167216783325743,0.0,0.5041630882791238,0.2541804195831436,0.0
9,1109,b0585,4.0,1.5,2.5,1.0,2.5,0,True,0.0,0.9633979775835652,0.9281356632121035,0.0,0.4816989887917826,0.23203391580302588,0.0
9,1110,b0585,4.0,1.5,2.5,1.0,3.5,0,True,-0.0,0.9633979775835652,0.9281356632121035,0.0,0.4816989887917826,0.23203391580302588,0.0
9,1111,b0586,4.0,1.5,3.0,0.5,2.5,0,True,0.0,0.847897867274314,0.7189307933283303,0.0,0.42394893363715713,0.17973269833208266,0.0
9,1112,b0586,4.0,1.5,3.0,0.5,3.5,0,True,-0.0,0.847897867274314,0.7189307933283303,0.0,0.42394893363715713,0.17973269833208266,0.0
9,1113,b0587,4.0,1.5,3.5,0.0,3.5,0,False,0.0,0.0,0.0,0.0,0.0,0.0,0.0
9,1114,b0588,4.0,2.0,0.0,3.0,3.0,0,False,0.0,0.0,0.0,0.0,0.0,0.0,0.0
9,1115,b0589,4.0,2.0,0.5,2.5,2.0,0,True,0.0,0.8705283428181819,0.7578195956497701,0.0,0.4352641714090909,0.18945489891244247,0.0
9,1116,b0589,4.0,2.0,0.5,2.5,3.0,0,True,0.0,0.8705283428181819,0.7578195956497701,0.0,0.4352641714090909,0.18945489891244247,0.0
9,1117,b0590,4.0,2.0,1.0,2.0,2.0,0,True,0.0,0.9790681238322699,0.9585743911044411,0.0,0.48953406191613497,0.23964359777611027,0.0
9,1118,b0590,4.0,2.0,1.0,2.0,3.0,0,True,0.0,0.9790681238322699,0.9585743911044411,0.0,0.48953406191613497,0.23964359777611027,0.0
9,1119,b0591,4.0,2.0,1.5,1.5,2.0,0,True,0.0,1.008326176558247,1.016721678332573,0.0,0.5041630882791235,0.25418041958314325,0.0
9,1120,b0591,4.0,2.0,1.5,1.5,3.0,0,True,0.0,1.008326176558247,1.016721678332573,0.0,0.5041630882791235,0.25418041958314325,0.0
9,1121,b0592,4.0,2.0,2.0,1.0,2.0,0,True,0.0,0.9790681238322697,0.9585743911044406,0.0,0.48953406191613497,0.23964359777611027,0.0
9,1122,b0592,4.0,2.0,2.0,1.0,3.0,0,True,0.0,0.9790681238322697,0.9585743911044406,0.0,0.48953406191613497,0.23964359777611027,0.0
9,1123,b0593,4.0,2.0,2.5,0.5,2.0,0,True,0.0,0.8705283428181817,0.7578195956497696,0.0,0.4352641714090909,0.18945489891244247,0.0
9,1124,b0593,4.0,2.0,2.5,0.5,3.0,0,True,0.0,0.8705283428181817,0.7578195956497696,0.0,0.4352641714090909,0.18945489891244247,0.0
9,1125,b0594,4.0,2.0,3.0,0.0,3.0,0,False,0.0,0.0,0.0,0.0,0.0,0.0,0.0
9,1126,b0595,4.0,2.5,0.0,2.5,2.5,0,False,0.0,0.0,0.0,0.0,0.0,0.0,0.0
9,1127,b0596,4.0,2.5,0.5,2.0,1.5,0,True,0.0,0.8705283428181824,0.7578195956497709,0.0,0.4352641714090912,0.18945489891244272,0.0
9,1128,b0596,4.0,2.5,0.5,2.0,2.5,0,True,0.0,0.8705283428181824,0.7578195956497709,0.0,0.4352641714090912,0.18945489891244272,0.0
9,1129,b0597,4.0,2.5,1.0,1.5,1.5,0,True,0.0,0.9633979775835656,0.9281356632121044,0.0,0.4816989887917827,0.232033915803026,0.0
9,1130,b0597,4.0,2.5,1.0,1.5,2.5,0,True,0.0,0.9633979775835656,0.9281356632121044,0.0,0.4816989887917827,0.232033915803026,0.0
9,1131,b0598,4.0,2.5,1.5,1.0,1.5,0,True,0.0,0.9633979775835656,0.9281356632121044,0.0,0.4816989887917828,0.2320339158030261,0.0
9,1132,b0598,4.0,2.5,1.5,1.0,2.5,0,True,0.0,0.9633979775835656,0.9281356632121044,0.0,0.4816989887917828,0.2320339158030261,0.0
9,1133,b0599,4.0,2.5,2.0,0.5,1.5,0,True,0.0,0.8705283428181823,0.7578195956497706,0.0,0.43526417140909107,0.1894548989124426,0.0
9,1134,b0599,4.0,2.5,2.0,0.5,2.5,0,True,0.0,0.8705283428181823,0.7578195956497706,0.0,0.43526417140909107,0.1894548989124426,0.0
9,1135,b0600,4.0,2.5,2.5,0.0,2.5,0,False,0.0,0.0,0.0,0.0,0.0,0.0,0.0
9,1136,b0601,4.0,3.0,0.0,2.0,2.0,0,False,0.0,0.0,0.0,0.0,0.0,0.0,0.0
9,1137,b0602,4.0,3.0,0.5,1.5,1.0,0,True,0.0,0.8478978672743146,0.7189307933283312,0.0,0.4239489336371573,0.1797326983320828,0.0
9,1138,b0602,4.0,3.0,0.5,1.5,2.0,0,True,0.0,0.8478978672743146,0.7189307933283312,0.0,0.4239489336371573,0.1797326983320828,0.0
9,1139,b0603,4.0,3.0,1.0,1.0,1.0,0,True,0.0,0.911125553430287,0.8301497741136468,0.0,0.45556277671514356,0.20753744352841175,0.0
9,1140,b0603,4.0,3.0,1.0,1.0,2.0,0,True,0.0,0.911125553430287,0.8301497741136468,0.0,0.45556277671514356,0.20753744352841175,0.0
9,1141,b0604,4.0,3.0,1.5,0.5,1.0,0,True,0.0,0.8478978672743146,0.7189307933283312,0.0,0.4239489336371573,0.1797326983320828,0.0
9,1142,b0604,4.0,3.0,1.5,0.5,2.0,0,True,0.0,0.8478978672743146,0.7189307933283312,0.0,0.4239489336371573,0.1797326983320828,0.0
9,1143,b0605,4.0,3.0,2.0,0.0,2.0,0,False,0.0,0.0,0.0,0.0,0.0,0.0,0.0
9,1144,b0606,4.0,3.5,0.0,1.5,1.5,0,False,0.0,0.0,0.0,0.0,0.0,0.0,0.0
9,1145,b0607,4.0,3.5,0.5,1.0,0.5,0,True,0.0,0.7962646312654966,0.6340373630043773,0.0,0.39813231563274826,0.15850934075109427,0.0
9,1146,b0607,4.0,3.5,0.5,1.0,1.5,0,True,0.0,0.7962646312654966,0.6340373630043773,0.0,0.39813231563274826,0.15850934075109427,0.0
9,1147,b0608,4.0,3.5,1.0,0.5,0.5,0,True,0.0,0.7962646312654966,0.6340373630043773,0.0,0.39813231563274826,0.15850934075109427,0.0
9,1148,b0608,4.0,3.5,1.0,0.5,1.5,0,True,-0.0,0.7962646312654966,0.6340373630043773,0.0,0.39813231563274826,0.15850934075109427,0.0
9,1149,b0609,4.0,3.5,1.5,0.0,1.5,0,False,0.0,0.0,0.0,0.0,0.0,0.0,0.0
9,1150,b0610,4.0,4.0,0.0,1.0,1.0,0,False,0.0,0.0,0.0,0.0,0.0,0.0,0.0
9,1151,b0611,4.0,4.0,0.5,0.5,0.0,0,True,-0.0,0.6923057096053876,0.47928719555221927,0.0,0.3461528548026938,0.11982179888805482,0.0
9,1152,b0611,4.0,4.0,0.5,0.5,1.0,0,True,0.0,0.6923057096053876,0.47928719555221927,0.0,0.3461528548026938,0.11982179888805482,0.0
9,1153,b0612,4.0,4.0,1.0,0.0,1.0,0,False,0.0,0.0,0.0,0.0,0.0,0.0,0.0
9,1154,b0613,4.0,4.5,0.0,0.5,0.5,0,False,0.0,0.0,0.0,0.0,0.0,0.0,0.0
9,1155,b0614,4.0,4.5,0.5,0.0,0.5,0,False,0.0,0.0,0.0,0.0,0.0,0.0,0.0
9,1156,b0615,4.5,0.0,0.0,4.5,4.5,0,False,0.0,0.0,0.0,0.0,0.0,0.0,0.0
9,1157,b0616,4.5,0.0,0.5,4.0,4.5,0,False,0.0,0.0,0.0,0.0,0.0,0.0,0.0
9,1158,b0617,4.5,0.0,1.0,3.5,4.5,0,False,0.0,0.0,0.0,0.0,0.0,0.0,0.0
9,1159,b0618,4.5,0.0,1.5,3.0,4.5,0,False,0.0,0.0,0.0,0.0,0.0,0.0,0.0
9,1160,b0619,4.5,0.0,2.0,2.5,4.5,0,False,0.0,0.0,0.0,0.0,0.0,0.0,0.0
9,1161,b0620,4.5,0.0,2.5,2.0,4.5,0,False,0.0,0.0,0.0,0.0,0.0,0.0,0.0
9,1162,b0621,4.5,0.0,3.0,1.5,4.5,0,False,0.0,0.0,0.0,0.0,0.0,0.0,0.0
9,1163,b0622,4.5,0.0,3.5,1.0,4.5,0,False,0.0,0.0,0.0,0.0,0.0,0.0,0.0
9,1164,b0623,4.5,0.0,4.0,0.5,4.5,0,False,0.0,0.0,0.0,0.0,0.0,0.0,0.0
9,1165,b0624,4.5,0.0,4.5,0.0,4.5,0,False,0.0,0.0,0.0,0.0,0.0,0.0,0.0
9,1166,b0625,4.5,0.5,0.0,4.0,4.0,0,False,0.0,0.0,0.0,0.0,0.0,0.0,0.0
9,1167,b0626,4.5,0.5,0.5,3.5,4.0,0,True,0.0,0.0,0.0,0.0,0.0,0.0,0.0
9,1168,b0627,4.5,0.5,1.0,3.0,4.0,0,True,0.0,0.0,0.0,0.0,0.0,0.0,0.0
9,1169,b0628,4.5,0.5,1.5,2.5,4.0,0,True,0.0,0.0,0.0,0.0,0.0,0.0,0.0
9,1170,b0629,4.5,0.5,2.0,2.0,4.0,0,True,0.0,0.0,0.0,0.0,0.0,0.0,0.0
9,1171,b0630,4.5,0.5,2.5,1.5,4.0,0,True,0.0,0.0,0.0,0.0,0.0,0.0,0.0
9,1172,b0631,4.5,0.5,3.0,1.0,4.0,0,True,0.0,0.0,0.0,0.0,0.0,0.0,0.0
9,1173,b0632,4.5,0.5,3.5,0.5,4.0,0,True,0.0,0.0,0.0,0.0,0.0,0.0,0.0
9,1174,b0633,4.5,0.5,4.0,0.0,4.0,0,False,0.0,0.0,0.0,0.0,0.0,0.0,0.0
9,1175,b0634,4.5,1.0,0.0,3.5,3.5,0,False,0.0,0.0,0.0,0.0,0.0,0.0,0.0
9,1176,b0635,4.5,1.0,0.5,3.0,3.5,0,True,0.0,0.0,0.0,0.0,0.0,0.0,0.0
9,1177,b0636,4.5,1.0,1.0,2.5,3.5,0,True,0.0,0.0,0.0,0.0,0.0,0.0,0.0
9,1178,b0637,4.5,1.0,1.5,2.0,3.5,0,True,0.0,0.0,0.0,0.0,0.0,0.0,0.0
9,1179,b0638,4.5,1.0,2.0,1.5,3.5,0,True,0.0,0.0,0.0,0.0,0.0,0.0,0.0
9,1180,b0639,4.5,1.0,2.5,1.0,3.5,0,True,0.0,0.0,0.0,0.0,0.0,0.0,0.0
9,1181,b0640,4.5,1.0,3.0,0.5,3.5,0,True,0.0,0.0,0.0,0.0,0.0,0.0,0.0
9,1182,b0641,4.5,1.0,3.5,0.0,3.5,0,False,0.0,0.0,0.0,0.0,0.0,0.0,0.0
9,1183,b0642,4.5,1.5,0.0,3.0,3.0,0,False,0.0,0.0,0.0,0.0,0.0,0.0,0.0
9,1184,b0643,4.5,1.5,0.5,2.5,3.0,0,True,0.0,0.0,0.0,0.0,0.0,0.0,0.0
9,1185,b0644,4.5,1.5,1.0,2.0,3.0,0,True,0.0,0.0,0.0,0.0,0.0,0.0,0.0
9,1186,b0645,4.5,1.5,1.5,1.5,3.0,0,True,0.0,0.0,0.0,0.0,0.0,0.0,0.0
9,1187,b0646,4.5,1.5,2.0,1.0,3.0,0,True,0.0,0.0,0.0,0.0,0.0,0.0,0.0
9,1188,b0647,4.5,1.5,2.5,0.5,3.0,0,True,0.0,0.0,0.0,0.0,0.0,0.0,0.0
9,1189,b0648,4.5,1.5,3.0,0.0,3.0,0,False,0.0,0.0,0.0,0.0,0.0,0.0,0.0
9,1190,b0649,4.5,2.0,0.0,2.5,2.5,0,False,0.0,0.0,0.0,0.0,0.0,0.0,0.0
9,1191,b0650,4.5,2.0,0.5,2.0,2.5,0,True,0.0,0.0,0.0,0.0,0.0,0.0,0.0
9,1192,b0651,4.5,2.0,1.0,1.5,2.5,0,True,0.0,0.0,0.0,0.0,0.0,0.0,0.0
9,1193,b0652,4.5,2.0,1.5,1.0,2.5,0,True,0.0,0.0,0.0,0.0,0.0,0.0,0.0
9,1194,b0653,4.5,2.0,2.0,0.5,2.5,0,True,0.0,0.0,0.0,0.0,0.0,0.0,0.0
9,1195,b0654,4.5,2.0,2.5,0.0,2.5,0,False,0.0,0.0,0.0,0.0,0.0,0.0,0.0
9,1196,b0655,4.5,2.5,0.0,2.0,2.0,0,False,0.0,0.0,0.0,0.0,0.0,0.0,0.0
9,1197,b0656,4.5,2.5,0.5,1.5,2.0,0,True,0.0,0.0,0.0,0.0,0.0,0.0,0.0
9,1198,b0657,4.5,2.5,1.0,1.0,2.0,0,True,0.0,0.0,0.0,0.0,0.0,0.0,0.0
9,1199,b0658,4.5,2.5,1.5,0.5,2.0,0,True,0.0,0.0,0.0,0.0,0.0,0.0,0.0
9,1200,b0659,4.5,2.5,2.0,0.0,2.0,0,False,0.0,0.0,0.0,0.0,0.0,0.0,0.0
9,1201,b0660,4.5,3.0,0.0,1.5,1.5,0,False,0.0,0.0,0.0,0.0,0.0,0.0,0.0
9,1202,b0661,4.5,3.0,0.5,1.0,1.5,0,True,0.0,0.0,0.0,0.0,0.0,0.0,0.0
9,1203,b0662,4.5,3.0,1.0,0.5,1.5,0,True,0.0,0.0,0.0,0.0,0.0,0.0,0.0
9,1204,b0663,4.5,3.0,1.5,0.0,1.5,0,False,0.0,0.0,0.0,0.0,0.0,0.0,0.0
9,1205,b0664,4.5,3.5,0.0,1.0,1.0,0,False,0.0,0.0,0.0,0.0,0.0,0.0,0.0
9,1206,b0665,4.5,3.5,0.5,0.5,1.0,0,True,0.0,0.0,0.0,0.0,0.0,0.0,0.0
9,1207,b0666,4.5,3.5,1.0,0.0,1.0,0,False,0.0,0.0,0.0,0.0,0.0,0.0,0.0
9,1208,b0667,4.5,4.0,0.0,0.5,0.5,0,False,0.0,0.0,0.0,0.0,0.0,0.0,0.0
9,1209,b0668,4.5,4.0,0.5,0.0,0.5,0,False,0.0,0.0,0.0,0.0,0.0,0.0,0.0
9,1210,b0669,4.5,4.5,0.0,0.0,0.0,0,False,0.0,0.0,0.0,0.0,0.0,0.0,0.0
